start_s,end_s,aircraft_id,activity,charging,location,flight_id,operation
-10476.269339413662,-8994.300230493682,EVTOL_001,idle,False,LYBE,,
-10476.269339413662,-7867.877857624137,EVTOL_002,idle,False,LYBE,,
-10476.269339413662,-6796.814578951901,EVTOL_003,idle,False,LYBE,,
-10476.269339413662,-9576.269339413662,EVTOL_004,idle,False,BW,,
-9576.269339413662,-9381.269339413662,EVTOL_004,boarding,False,BW,F000001,passenger
-9381.269339413662,-9321.269339413662,EVTOL_004,departure_finalization,False,BW,F000001,passenger
-9321.269339413662,-9281.269339413662,EVTOL_004,takeoff,False,,F000001,passenger
-9281.269339413662,-9056.433517413661,EVTOL_004,cruise,False,,F000001,passenger
-9056.433517413661,-8996.433517413661,EVTOL_004,landing,False,,F000001,passenger
-8996.433517413661,-8936.433517413661,EVTOL_004,disembarking,False,LYBE,F000001,passenger
-8994.300230493682,-8934.300230493682,EVTOL_001,departure_finalization,False,LYBE,F000002,repositioning
-8936.433517413661,-8870.433517413661,EVTOL_004,disembarking,True,LYBE,F000001,passenger
-8934.300230493682,-8894.300230493682,EVTOL_001,takeoff,False,,F000002,repositioning
-8894.300230493682,-8669.46440849368,EVTOL_001,cruise,False,,F000002,repositioning
-8870.433517413661,-5642.319736715014,EVTOL_004,idle,True,LYBE,,
-8669.46440849368,-8609.46440849368,EVTOL_001,landing,False,,F000002,repositioning
-8609.46440849368,-8549.46440849368,EVTOL_001,idle,False,BW,,
-8549.46440849368,-8094.300230493682,EVTOL_001,idle,True,BW,,
-8094.300230493682,-7899.300230493682,EVTOL_001,boarding,True,BW,F000003,passenger
-7899.300230493682,-7839.300230493682,EVTOL_001,departure_finalization,False,BW,F000003,passenger
-7867.877857624137,-7807.877857624137,EVTOL_002,departure_finalization,False,LYBE,F000004,repositioning
-7839.300230493682,-7799.300230493682,EVTOL_001,takeoff,False,,F000003,passenger
-7807.877857624137,-7767.877857624137,EVTOL_002,takeoff,False,,F000004,repositioning
-7799.300230493682,-7574.464408493682,EVTOL_001,cruise,False,,F000003,passenger
-7767.877857624137,-7431.429669624136,EVTOL_002,cruise,False,,F000004,repositioning
-7574.464408493682,-7514.464408493682,EVTOL_001,landing,False,,F000003,passenger
-7514.464408493682,-7454.464408493682,EVTOL_001,disembarking,False,LYBE,F000003,passenger
-7454.464408493682,-7388.464408493682,EVTOL_001,disembarking,True,LYBE,F000003,passenger
-7431.429669624136,-7371.429669624136,EVTOL_002,landing,False,,F000004,repositioning
-7388.464408493682,-6847.079570779751,EVTOL_001,idle,True,LYBE,,
-7371.429669624136,-7311.429669624136,EVTOL_002,idle,False,LYBV,,
-7311.429669624136,-6967.877857624137,EVTOL_002,idle,True,LYBV,,
-6967.877857624137,-6772.877857624137,EVTOL_002,boarding,True,LYBV,F000005,passenger
-6847.079570779751,-6787.079570779751,EVTOL_001,departure_finalization,False,LYBE,F000006,repositioning
-6796.814578951901,-6736.814578951901,EVTOL_003,departure_finalization,False,LYBE,F000007,repositioning
-6787.079570779751,-6747.079570779751,EVTOL_001,takeoff,False,,F000006,repositioning
-6772.877857624137,-6712.877857624137,EVTOL_002,departure_finalization,False,LYBV,F000005,passenger
-6747.079570779751,-6522.243748779751,EVTOL_001,cruise,False,,F000006,repositioning
-6736.814578951901,-6696.814578951901,EVTOL_003,takeoff,False,,F000007,repositioning
-6712.877857624137,-6672.877857624137,EVTOL_002,takeoff,False,,F000005,passenger
-6696.814578951901,-6596.052180951901,EVTOL_003,cruise,False,,F000007,repositioning
-6672.877857624137,-6336.429669624136,EVTOL_002,cruise,False,,F000005,passenger
-6596.052180951901,-6536.052180951901,EVTOL_003,landing,False,,F000007,repositioning
-6536.052180951901,-6476.052180951901,EVTOL_003,idle,False,EXPO,,
-6522.243748779751,-6462.243748779751,EVTOL_001,landing,False,,F000006,repositioning
-6476.052180951901,-5896.814578951901,EVTOL_003,idle,True,EXPO,,
-6462.243748779751,-6402.243748779751,EVTOL_001,idle,False,BW,,
-6402.243748779751,-5947.079570779751,EVTOL_001,idle,True,BW,,
-6336.429669624136,-6276.429669624136,EVTOL_002,landing,False,,F000005,passenger
-6276.429669624136,-6216.429669624136,EVTOL_002,disembarking,False,LYBE,F000005,passenger
-6216.429669624136,-6150.429669624136,EVTOL_002,disembarking,True,LYBE,F000005,passenger
-6150.429669624136,-5697.356146532356,EVTOL_002,idle,True,LYBE,,
-5947.079570779751,-5602.079570779751,EVTOL_001,boarding,True,BW,F000008,passenger
-5896.814578951901,-5701.814578951901,EVTOL_003,boarding,True,EXPO,F000009,passenger
-5701.814578951901,-5641.814578951901,EVTOL_003,departure_finalization,False,EXPO,F000009,passenger
-5697.356146532356,-5637.356146532356,EVTOL_002,departure_finalization,False,LYBE,F000010,repositioning
-5642.319736715014,9121.381132289149,EVTOL_004,idle,False,LYBE,,
-5641.814578951901,-5601.814578951901,EVTOL_003,takeoff,False,,F000009,passenger
-5637.356146532356,-5597.356146532356,EVTOL_002,takeoff,False,,F000010,repositioning
-5602.079570779751,-5542.079570779751,EVTOL_001,departure_finalization,False,BW,F000008,passenger
-5601.814578951901,-5501.052180951901,EVTOL_003,cruise,False,,F000009,passenger
-5597.356146532356,-5372.520324532356,EVTOL_002,cruise,False,,F000010,repositioning
-5542.079570779751,-5502.079570779751,EVTOL_001,takeoff,False,,F000008,passenger
-5502.079570779751,-5277.243748779751,EVTOL_001,cruise,False,,F000008,passenger
-5501.052180951901,-5441.052180951901,EVTOL_003,landing,False,,F000009,passenger
-5441.052180951901,-5381.052180951901,EVTOL_003,disembarking,False,LYBE,F000009,passenger
-5381.052180951901,-5315.052180951901,EVTOL_003,disembarking,True,LYBE,F000009,passenger
-5372.520324532356,-5312.520324532356,EVTOL_002,landing,False,,F000010,repositioning
-5315.052180951901,-4566.181744557622,EVTOL_003,idle,True,LYBE,,
-5312.520324532356,-5252.520324532356,EVTOL_002,idle,False,BW,,
-5277.243748779751,-5217.243748779751,EVTOL_001,landing,False,,F000008,passenger
-5252.520324532356,-4797.356146532356,EVTOL_002,idle,True,BW,,
-5217.243748779751,-5157.243748779751,EVTOL_001,disembarking,False,LYBE,F000008,passenger
-5157.243748779751,-4959.243748779751,EVTOL_001,disembarking,True,LYBE,F000008,passenger
-4959.243748779751,-4755.330940561123,EVTOL_001,idle,True,LYBE,,
-4797.356146532356,-4527.356146532356,EVTOL_002,boarding,True,BW,F000011,passenger
-4755.330940561123,-4695.330940561123,EVTOL_001,departure_finalization,False,LYBE,F000012,repositioning
-4695.330940561123,-4655.330940561123,EVTOL_001,takeoff,False,,F000012,repositioning
-4655.330940561123,-4554.568542561123,EVTOL_001,cruise,False,,F000012,repositioning
-4566.181744557622,-4506.181744557622,EVTOL_003,departure_finalization,False,LYBE,F000013,repositioning
-4554.568542561123,-4494.568542561123,EVTOL_001,landing,False,,F000012,repositioning
-4527.356146532356,-4467.356146532356,EVTOL_002,departure_finalization,False,BW,F000011,passenger
-4506.181744557622,-4466.181744557622,EVTOL_003,takeoff,False,,F000013,repositioning
-4494.568542561123,-4434.568542561123,EVTOL_001,idle,False,EXPO,,
-4467.356146532356,-4427.356146532356,EVTOL_002,takeoff,False,,F000011,passenger
-4466.181744557622,-4148.379432557622,EVTOL_003,cruise,False,,F000013,repositioning
-4434.568542561123,-3855.3309405611226,EVTOL_001,idle,True,EXPO,,
-4427.356146532356,-4202.520324532356,EVTOL_002,cruise,False,,F000011,passenger
-4202.520324532356,-4142.520324532356,EVTOL_002,landing,False,,F000011,passenger
-4148.379432557622,-4088.379432557622,EVTOL_003,landing,False,,F000013,repositioning
-4142.520324532356,-4082.5203245323564,EVTOL_002,disembarking,False,LYBE,F000011,passenger
-4088.379432557622,-4028.379432557622,EVTOL_003,idle,False,JUG,,
-4082.5203245323564,-3950.5203245323564,EVTOL_002,disembarking,True,LYBE,F000011,passenger
-4028.379432557622,-3666.1817445576216,EVTOL_003,idle,True,JUG,,
-3950.5203245323564,183.24347307388143,EVTOL_002,idle,True,LYBE,,
-3855.3309405611226,-3660.3309405611226,EVTOL_001,boarding,True,EXPO,F000014,passenger
-3666.1817445576216,-3471.1817445576216,EVTOL_003,boarding,True,JUG,F000015,passenger
-3660.3309405611226,-3600.3309405611226,EVTOL_001,departure_finalization,False,EXPO,F000014,passenger
-3600.3309405611226,-3560.3309405611226,EVTOL_001,takeoff,False,,F000014,passenger
-3560.3309405611226,-3459.5685425611227,EVTOL_001,cruise,False,,F000014,passenger
-3471.1817445576216,-3411.1817445576216,EVTOL_003,departure_finalization,False,JUG,F000015,passenger
-3459.5685425611227,-3399.5685425611227,EVTOL_001,landing,False,,F000014,passenger
-3411.1817445576216,-3371.1817445576216,EVTOL_003,takeoff,False,,F000015,passenger
-3399.5685425611227,-3339.5685425611227,EVTOL_001,disembarking,False,LYBE,F000014,passenger
-3371.1817445576216,-3053.379432557622,EVTOL_003,cruise,False,,F000015,passenger
-3339.5685425611227,-3273.5685425611227,EVTOL_001,disembarking,True,LYBE,F000014,passenger
-3273.5685425611227,770.6667277027736,EVTOL_001,idle,True,LYBE,,
-3053.379432557622,-2993.379432557622,EVTOL_003,landing,False,,F000015,passenger
-2993.379432557622,-2933.379432557622,EVTOL_003,disembarking,False,LYBE,F000015,passenger
-2933.379432557622,-2867.379432557622,EVTOL_003,disembarking,True,LYBE,F000015,passenger
-2867.379432557622,1409.655305046882,EVTOL_003,idle,True,LYBE,,
183.24347307388143,7177.665323532941,EVTOL_002,idle,False,LYBE,,
770.6667277027736,6995.428099285272,EVTOL_001,idle,False,LYBE,,
1409.655305046882,7876.813593248996,EVTOL_003,idle,False,LYBE,,
6995.428099285272,7190.428099285272,EVTOL_001,boarding,False,LYBE,F000016,passenger
7177.665323532941,7372.665323532941,EVTOL_002,boarding,False,LYBE,F000017,passenger
7190.428099285272,7250.428099285272,EVTOL_001,departure_finalization,False,LYBE,F000016,passenger
7250.428099285272,7290.428099285272,EVTOL_001,takeoff,False,,F000016,passenger
7290.428099285272,7391.190497285272,EVTOL_001,cruise,False,,F000016,passenger
7372.665323532941,7432.665323532941,EVTOL_002,departure_finalization,False,LYBE,F000017,passenger
7391.190497285272,7451.190497285272,EVTOL_001,landing,False,,F000016,passenger
7432.665323532941,7472.665323532941,EVTOL_002,takeoff,False,,F000017,passenger
7451.190497285272,7511.190497285272,EVTOL_001,disembarking,False,EXPO,F000016,passenger
7472.665323532941,7697.501145532941,EVTOL_002,cruise,False,,F000017,passenger
7511.190497285272,7577.190497285272,EVTOL_001,disembarking,True,EXPO,F000016,passenger
7577.190497285272,8089.2097747251555,EVTOL_001,idle,True,EXPO,,
7697.501145532941,7757.501145532941,EVTOL_002,landing,False,,F000017,passenger
7757.501145532941,7817.501145532941,EVTOL_002,disembarking,False,BW,F000017,passenger
7817.501145532941,7883.501145532941,EVTOL_002,disembarking,True,BW,F000017,passenger
7876.813593248996,8071.813593248996,EVTOL_003,boarding,False,LYBE,F000018,passenger
7883.501145532941,7943.501145532941,EVTOL_002,departure_finalization,False,BW,F000019,repositioning
7943.501145532941,7983.501145532941,EVTOL_002,takeoff,False,,F000019,repositioning
7983.501145532941,8077.113511532942,EVTOL_002,cruise,False,,F000019,repositioning
8071.813593248996,8131.813593248996,EVTOL_003,departure_finalization,False,LYBE,F000018,passenger
8077.113511532942,8137.113511532942,EVTOL_002,landing,False,,F000019,repositioning
8089.2097747251555,8149.2097747251555,EVTOL_001,departure_finalization,False,EXPO,F000020,repositioning
8131.813593248996,8171.813593248996,EVTOL_003,takeoff,False,,F000018,passenger
8137.113511532942,8197.113511532942,EVTOL_002,idle,False,LYBV,,
8149.2097747251555,8189.2097747251555,EVTOL_001,takeoff,False,,F000020,repositioning
8171.813593248996,8508.261781248995,EVTOL_003,cruise,False,,F000018,passenger
8189.2097747251555,8511.197806725155,EVTOL_001,cruise,False,,F000020,repositioning
8197.113511532942,8489.932944289149,EVTOL_002,idle,True,LYBV,,
8489.932944289149,8684.932944289149,EVTOL_002,boarding,True,LYBV,F000021,passenger
8508.261781248995,8568.261781248995,EVTOL_003,landing,False,,F000018,passenger
8511.197806725155,8571.197806725155,EVTOL_001,landing,False,,F000020,repositioning
8568.261781248995,8628.261781248995,EVTOL_003,disembarking,False,LYBV,F000018,passenger
8571.197806725155,8631.197806725155,EVTOL_001,idle,False,DOR,,
8628.261781248995,8694.261781248995,EVTOL_003,disembarking,True,LYBV,F000018,passenger
8631.197806725155,8989.209774725156,EVTOL_001,idle,True,DOR,,
8684.932944289149,8744.932944289149,EVTOL_002,departure_finalization,False,LYBV,F000021,passenger
8694.261781248995,8724.932944289149,EVTOL_003,idle,True,LYBV,,
8724.932944289149,8784.932944289149,EVTOL_003,departure_finalization,False,LYBV,F000022,repositioning
8744.932944289149,8784.932944289149,EVTOL_002,takeoff,False,,F000021,passenger
8784.932944289149,9121.381132289149,EVTOL_002,cruise,False,,F000021,passenger
8784.932944289149,8824.932944289149,EVTOL_003,takeoff,False,,F000022,repositioning
8824.932944289149,9011.511800289149,EVTOL_003,cruise,False,,F000022,repositioning
8989.209774725156,9184.209774725156,EVTOL_001,boarding,True,DOR,F000023,passenger
9011.511800289149,9071.511800289149,EVTOL_003,landing,False,,F000022,repositioning
9071.511800289149,9131.511800289149,EVTOL_003,idle,False,JUG,,
9121.381132289149,9181.381132289149,EVTOL_002,landing,False,,F000021,passenger
9121.381132289149,9181.381132289149,EVTOL_004,departure_finalization,False,LYBE,F000024,repositioning
9131.511800289149,9318.268381141666,EVTOL_003,idle,True,JUG,,
9181.381132289149,9241.381132289149,EVTOL_002,disembarking,False,LYBE,F000021,passenger
9181.381132289149,9221.381132289149,EVTOL_004,takeoff,False,,F000024,repositioning
9184.209774725156,9244.209774725156,EVTOL_001,departure_finalization,False,DOR,F000023,passenger
9221.381132289149,9557.82932028915,EVTOL_004,cruise,False,,F000024,repositioning
9241.381132289149,9307.381132289149,EVTOL_002,disembarking,True,LYBE,F000021,passenger
9244.209774725156,9284.209774725156,EVTOL_001,takeoff,False,,F000023,passenger
9284.209774725156,9612.009988725156,EVTOL_001,cruise,False,,F000023,passenger
9307.381132289149,9731.77902909776,EVTOL_002,idle,True,LYBE,,
9318.268381141666,9513.268381141666,EVTOL_003,boarding,True,JUG,F000025,passenger
9513.268381141666,9573.268381141666,EVTOL_003,departure_finalization,False,JUG,F000025,passenger
9557.82932028915,9617.82932028915,EVTOL_004,landing,False,,F000024,repositioning
9573.268381141666,9613.268381141666,EVTOL_003,takeoff,False,,F000025,passenger
9612.009988725156,9672.009988725156,EVTOL_001,landing,False,,F000023,passenger
9613.268381141666,9931.070693141666,EVTOL_003,cruise,False,,F000025,passenger
9617.82932028915,9677.82932028915,EVTOL_004,idle,False,LYBV,,
9672.009988725156,9732.009988725156,EVTOL_001,disembarking,False,LYBE,F000023,passenger
9677.82932028915,9995.093146521776,EVTOL_004,idle,True,LYBV,,
9731.77902909776,9926.77902909776,EVTOL_002,boarding,True,LYBE,F000026,passenger
9732.009988725156,9798.009988725156,EVTOL_001,disembarking,True,LYBE,F000023,passenger
9798.009988725156,10177.39325766277,EVTOL_001,idle,True,LYBE,,
9926.77902909776,9931.070693141666,EVTOL_002,waiting_for_departure,True,LYBE,F000026,passenger
9931.070693141666,9991.070693141666,EVTOL_002,departure_finalization,False,LYBE,F000026,passenger
9931.070693141666,9991.070693141666,EVTOL_003,landing,False,,F000025,passenger
9991.070693141666,10031.070693141666,EVTOL_002,takeoff,False,,F000026,passenger
9991.070693141666,10051.070693141666,EVTOL_003,disembarking,False,LYBE,F000025,passenger
9995.093146521776,10265.093146521776,EVTOL_004,boarding,True,LYBV,F000027,passenger
10031.070693141666,10255.906515141665,EVTOL_002,cruise,False,,F000026,passenger
10051.070693141666,10117.070693141666,EVTOL_003,disembarking,True,LYBE,F000025,passenger
10117.070693141666,10217.39325766277,EVTOL_003,idle,True,LYBE,,
10177.39325766277,10237.39325766277,EVTOL_001,departure_finalization,False,LYBE,F000028,repositioning
10217.39325766277,10277.39325766277,EVTOL_003,departure_finalization,False,LYBE,F000029,repositioning
10237.39325766277,10277.39325766277,EVTOL_001,takeoff,False,,F000028,repositioning
10255.906515141665,10315.906515141665,EVTOL_002,landing,False,,F000026,passenger
10265.093146521776,10325.093146521776,EVTOL_004,departure_finalization,False,LYBV,F000027,passenger
10277.39325766277,10595.19556966277,EVTOL_001,cruise,False,,F000028,repositioning
10277.39325766277,10317.39325766277,EVTOL_003,takeoff,False,,F000029,repositioning
10315.906515141665,10375.906515141665,EVTOL_002,disembarking,False,BW,F000026,passenger
10317.39325766277,10645.193471662771,EVTOL_003,cruise,False,,F000029,repositioning
10325.093146521776,10365.093146521776,EVTOL_004,takeoff,False,,F000027,passenger
10365.093146521776,10701.541334521777,EVTOL_004,cruise,False,,F000027,passenger
10375.906515141665,10441.906515141665,EVTOL_002,disembarking,True,BW,F000026,passenger
10441.906515141665,10711.906515141665,EVTOL_002,boarding,True,BW,F000030,passenger
10595.19556966277,10655.19556966277,EVTOL_001,landing,False,,F000028,repositioning
10645.193471662771,10705.193471662771,EVTOL_003,landing,False,,F000029,repositioning
10655.19556966277,10715.19556966277,EVTOL_001,cleaning,False,JUG,F000028,repositioning
10701.541334521777,10761.541334521777,EVTOL_004,landing,False,,F000027,passenger
10705.193471662771,10765.193471662771,EVTOL_003,boarding,False,DOR,F000031,passenger
10711.906515141665,10771.906515141665,EVTOL_002,departure_finalization,False,BW,F000030,passenger
10715.19556966277,11255.19556966277,EVTOL_001,cleaning,True,JUG,F000028,repositioning
10761.541334521777,10821.541334521777,EVTOL_004,disembarking,False,LYBE,F000027,passenger
10765.193471662771,10900.193471662771,EVTOL_003,boarding,True,DOR,F000031,passenger
10771.906515141665,10811.906515141665,EVTOL_002,takeoff,False,,F000030,passenger
10811.906515141665,11036.742337141666,EVTOL_002,cruise,False,,F000030,passenger
10821.541334521777,10953.541334521777,EVTOL_004,disembarking,True,LYBE,F000027,passenger
10900.193471662771,11237.18929436647,EVTOL_003,waiting_for_departure,True,DOR,F000031,passenger
10953.541334521777,11036.742337141666,EVTOL_004,idle,True,LYBE,,
11036.742337141666,11096.742337141666,EVTOL_002,landing,False,,F000030,passenger
11036.742337141666,11096.742337141666,EVTOL_004,departure_finalization,False,LYBE,F000032,repositioning
11096.742337141666,11156.742337141666,EVTOL_002,disembarking,False,LYBE,F000030,passenger
11096.742337141666,11136.742337141666,EVTOL_004,takeoff,False,,F000032,repositioning
11136.742337141666,11361.578159141667,EVTOL_004,cruise,False,,F000032,repositioning
11156.742337141666,11288.742337141666,EVTOL_002,disembarking,True,LYBE,F000030,passenger
11237.18929436647,11297.18929436647,EVTOL_003,departure_finalization,False,DOR,F000031,passenger
11255.19556966277,11450.19556966277,EVTOL_001,boarding,True,JUG,F000033,passenger
11288.742337141666,11305.928581046866,EVTOL_002,idle,True,LYBE,,
11297.18929436647,11337.18929436647,EVTOL_003,takeoff,False,,F000031,passenger
11305.928581046866,11365.928581046866,EVTOL_002,departure_finalization,False,LYBE,F000034,repositioning
11337.18929436647,11664.98950836647,EVTOL_003,cruise,False,,F000031,passenger
11361.578159141667,11421.578159141667,EVTOL_004,landing,False,,F000032,repositioning
11365.928581046866,11405.928581046866,EVTOL_002,takeoff,False,,F000034,repositioning
11405.928581046866,11742.376769046867,EVTOL_002,cruise,False,,F000034,repositioning
11421.578159141667,11481.578159141667,EVTOL_004,idle,False,BW,,
11450.19556966277,11510.19556966277,EVTOL_001,departure_finalization,False,JUG,F000033,passenger
11481.578159141667,11820.566175545653,EVTOL_004,idle,True,BW,,
11510.19556966277,11550.19556966277,EVTOL_001,takeoff,False,,F000033,passenger
11550.19556966277,11867.99788166277,EVTOL_001,cruise,False,,F000033,passenger
11664.98950836647,11724.98950836647,EVTOL_003,landing,False,,F000031,passenger
11724.98950836647,11784.98950836647,EVTOL_003,disembarking,False,LYBE,F000031,passenger
11742.376769046867,11802.376769046867,EVTOL_002,landing,False,,F000034,repositioning
11784.98950836647,11850.98950836647,EVTOL_003,disembarking,True,LYBE,F000031,passenger
11802.376769046867,11862.376769046867,EVTOL_002,cleaning,False,LYBV,F000034,repositioning
11820.566175545653,12090.566175545653,EVTOL_004,boarding,True,BW,F000035,passenger
11850.98950836647,14973.006634478768,EVTOL_003,idle,True,LYBE,,
11862.376769046867,12402.376769046867,EVTOL_002,cleaning,True,LYBV,F000034,repositioning
11867.99788166277,11927.99788166277,EVTOL_001,landing,False,,F000033,passenger
11927.99788166277,11987.99788166277,EVTOL_001,disembarking,False,LYBE,F000033,passenger
11987.99788166277,12053.99788166277,EVTOL_001,disembarking,True,LYBE,F000033,passenger
12053.99788166277,12192.99541038633,EVTOL_001,idle,True,LYBE,,
12090.566175545653,12150.566175545653,EVTOL_004,departure_finalization,False,BW,F000035,passenger
12150.566175545653,12190.566175545653,EVTOL_004,takeoff,False,,F000035,passenger
12190.566175545653,12415.401997545654,EVTOL_004,cruise,False,,F000035,passenger
12192.99541038633,12252.99541038633,EVTOL_001,departure_finalization,False,LYBE,F000036,repositioning
12252.99541038633,12292.99541038633,EVTOL_001,takeoff,False,,F000036,repositioning
12292.99541038633,12620.79562438633,EVTOL_001,cruise,False,,F000036,repositioning
12402.376769046867,12597.376769046867,EVTOL_002,boarding,True,LYBV,F000037,passenger
12415.401997545654,12475.401997545654,EVTOL_004,landing,False,,F000035,passenger
12475.401997545654,12535.401997545654,EVTOL_004,disembarking,False,LYBE,F000035,passenger
12535.401997545654,12667.401997545654,EVTOL_004,disembarking,True,LYBE,F000035,passenger
12597.376769046867,12657.376769046867,EVTOL_002,departure_finalization,False,LYBV,F000037,passenger
12620.79562438633,12680.79562438633,EVTOL_001,landing,False,,F000036,repositioning
12657.376769046867,12697.376769046867,EVTOL_002,takeoff,False,,F000037,passenger
12667.401997545654,12727.401997545654,EVTOL_004,departure_finalization,False,LYBE,F000038,repositioning
12680.79562438633,12740.79562438633,EVTOL_001,idle,False,DOR,,
12697.376769046867,13033.824957046867,EVTOL_002,cruise,False,,F000037,passenger
12727.401997545654,12767.401997545654,EVTOL_004,takeoff,False,,F000038,repositioning
12740.79562438633,13092.99541038633,EVTOL_001,idle,True,DOR,,
12767.401997545654,13085.204309545654,EVTOL_004,cruise,False,,F000038,repositioning
13033.824957046867,13093.824957046867,EVTOL_002,landing,False,,F000037,passenger
13085.204309545654,13145.204309545654,EVTOL_004,landing,False,,F000038,repositioning
13092.99541038633,13362.99541038633,EVTOL_001,boarding,True,DOR,F000039,passenger
13093.824957046867,13153.824957046867,EVTOL_002,disembarking,False,LYBE,F000037,passenger
13145.204309545654,13205.204309545654,EVTOL_004,idle,False,JUG,,
13153.824957046867,13219.824957046867,EVTOL_002,disembarking,True,LYBE,F000037,passenger
13205.204309545654,13394.406691386523,EVTOL_004,idle,True,JUG,,
13219.824957046867,13462.486161121451,EVTOL_002,idle,True,LYBE,,
13362.99541038633,13422.99541038633,EVTOL_001,departure_finalization,False,DOR,F000039,passenger
13394.406691386523,13589.406691386523,EVTOL_004,boarding,True,JUG,F000040,passenger
13422.99541038633,13462.99541038633,EVTOL_001,takeoff,False,,F000039,passenger
13462.486161121451,13522.486161121451,EVTOL_002,departure_finalization,False,LYBE,F000041,repositioning
13462.99541038633,13790.79562438633,EVTOL_001,cruise,False,,F000039,passenger
13522.486161121451,13562.486161121451,EVTOL_002,takeoff,False,,F000041,repositioning
13562.486161121451,13898.934349121451,EVTOL_002,cruise,False,,F000041,repositioning
13589.406691386523,13641.331171803813,EVTOL_004,waiting_for_departure,True,JUG,F000040,passenger
13641.331171803813,13701.331171803813,EVTOL_004,departure_finalization,False,JUG,F000040,passenger
13701.331171803813,13741.331171803813,EVTOL_004,takeoff,False,,F000040,passenger
13741.331171803813,14059.133483803813,EVTOL_004,cruise,False,,F000040,passenger
13790.79562438633,13850.79562438633,EVTOL_001,landing,False,,F000039,passenger
13850.79562438633,13910.79562438633,EVTOL_001,disembarking,False,LYBE,F000039,passenger
13898.934349121451,13958.934349121451,EVTOL_002,landing,False,,F000041,repositioning
13910.79562438633,14042.79562438633,EVTOL_001,disembarking,True,LYBE,F000039,passenger
13958.934349121451,14018.934349121451,EVTOL_002,idle,False,LYBV,,
14018.934349121451,14340.641101028112,EVTOL_002,idle,True,LYBV,,
14042.79562438633,14125.841970319329,EVTOL_001,idle,True,LYBE,,
14059.133483803813,14119.133483803813,EVTOL_004,landing,False,,F000040,passenger
14119.133483803813,14179.133483803813,EVTOL_004,disembarking,False,LYBE,F000040,passenger
14125.841970319329,14185.841970319329,EVTOL_001,departure_finalization,False,LYBE,F000042,repositioning
14179.133483803813,14245.133483803813,EVTOL_004,disembarking,True,LYBE,F000040,passenger
14185.841970319329,14225.841970319329,EVTOL_001,takeoff,False,,F000042,repositioning
14225.841970319329,14450.67779231933,EVTOL_001,cruise,False,,F000042,repositioning
14245.133483803813,14913.918401359026,EVTOL_004,idle,True,LYBE,,
14340.641101028112,14685.641101028112,EVTOL_002,boarding,True,LYBV,F000043,passenger
14450.67779231933,14510.67779231933,EVTOL_001,landing,False,,F000042,repositioning
14510.67779231933,14570.67779231933,EVTOL_001,idle,False,BW,,
14570.67779231933,14809.071346268516,EVTOL_001,idle,True,BW,,
14685.641101028112,14745.641101028112,EVTOL_002,departure_finalization,False,LYBV,F000043,passenger
14745.641101028112,14785.641101028112,EVTOL_002,takeoff,False,,F000043,passenger
14785.641101028112,15122.089289028112,EVTOL_002,cruise,False,,F000043,passenger
14809.071346268516,15004.071346268516,EVTOL_001,boarding,True,BW,F000044,passenger
14913.918401359026,14973.918401359026,EVTOL_004,departure_finalization,False,LYBE,F000045,repositioning
14973.006634478768,15033.006634478768,EVTOL_003,departure_finalization,False,LYBE,F000046,repositioning
14973.918401359026,15013.918401359026,EVTOL_004,takeoff,False,,F000045,repositioning
15004.071346268516,15064.071346268516,EVTOL_001,departure_finalization,False,BW,F000044,passenger
15013.918401359026,15350.366589359026,EVTOL_004,cruise,False,,F000045,repositioning
15033.006634478768,15073.006634478768,EVTOL_003,takeoff,False,,F000046,repositioning
15064.071346268516,15104.071346268516,EVTOL_001,takeoff,False,,F000044,passenger
15073.006634478768,15400.80684847877,EVTOL_003,cruise,False,,F000046,repositioning
15104.071346268516,15328.907168268517,EVTOL_001,cruise,False,,F000044,passenger
15122.089289028112,15182.089289028112,EVTOL_002,landing,False,,F000043,passenger
15182.089289028112,15242.089289028112,EVTOL_002,disembarking,False,LYBE,F000043,passenger
15242.089289028112,15440.089289028112,EVTOL_002,disembarking,True,LYBE,F000043,passenger
15328.907168268517,15388.907168268517,EVTOL_001,landing,False,,F000044,passenger
15350.366589359026,15410.366589359026,EVTOL_004,landing,False,,F000045,repositioning
15388.907168268517,15448.907168268517,EVTOL_001,disembarking,False,LYBE,F000044,passenger
15400.80684847877,15460.80684847877,EVTOL_003,landing,False,,F000046,repositioning
15410.366589359026,15470.366589359026,EVTOL_004,idle,False,LYBV,,
15440.089289028112,15503.896104303276,EVTOL_002,idle,True,LYBE,,
15448.907168268517,15514.907168268517,EVTOL_001,disembarking,True,LYBE,F000044,passenger
15460.80684847877,15520.80684847877,EVTOL_003,cleaning,False,DOR,F000046,repositioning
15470.366589359026,15813.918401359026,EVTOL_004,idle,True,LYBV,,
15503.896104303276,15563.896104303276,EVTOL_002,departure_finalization,False,LYBE,F000047,repositioning
15514.907168268517,15926.243163745257,EVTOL_001,idle,True,LYBE,,
15520.80684847877,16060.80684847877,EVTOL_003,cleaning,True,DOR,F000046,repositioning
15563.896104303276,15603.896104303276,EVTOL_002,takeoff,False,,F000047,repositioning
15603.896104303276,15828.731926303277,EVTOL_002,cruise,False,,F000047,repositioning
15813.918401359026,16008.918401359026,EVTOL_004,boarding,True,LYBV,F000048,passenger
15828.731926303277,15888.731926303277,EVTOL_002,landing,False,,F000047,repositioning
15888.731926303277,15903.522600469383,EVTOL_002,idle,False,BW,,
15903.522600469383,15948.731926303277,EVTOL_002,boarding,False,BW,F000049,passenger
15926.243163745257,15986.243163745257,EVTOL_001,departure_finalization,False,LYBE,F000050,repositioning
15948.731926303277,16173.522600469383,EVTOL_002,boarding,True,BW,F000049,passenger
15986.243163745257,16026.243163745257,EVTOL_001,takeoff,False,,F000050,repositioning
16008.918401359026,16068.918401359026,EVTOL_004,departure_finalization,False,LYBV,F000048,passenger
16026.243163745257,16344.045475745257,EVTOL_001,cruise,False,,F000050,repositioning
16060.80684847877,16255.80684847877,EVTOL_003,boarding,True,DOR,F000051,passenger
16068.918401359026,16108.918401359026,EVTOL_004,takeoff,False,,F000048,passenger
16108.918401359026,16445.366589359026,EVTOL_004,cruise,False,,F000048,passenger
16173.522600469383,16363.380821599574,EVTOL_002,waiting_for_departure,True,BW,F000049,passenger
16255.80684847877,16320.416429599574,EVTOL_003,waiting_for_departure,True,DOR,F000051,passenger
16320.416429599574,16380.416429599574,EVTOL_003,departure_finalization,False,DOR,F000051,passenger
16344.045475745257,16404.045475745257,EVTOL_001,landing,False,,F000050,repositioning
16363.380821599574,16423.380821599574,EVTOL_002,departure_finalization,False,BW,F000049,passenger
16380.416429599574,16420.416429599572,EVTOL_003,takeoff,False,,F000051,passenger
16404.045475745257,16464.045475745257,EVTOL_001,idle,False,JUG,,
16420.416429599572,16748.216643599575,EVTOL_003,cruise,False,,F000051,passenger
16423.380821599574,16463.380821599574,EVTOL_002,takeoff,False,,F000049,passenger
16445.366589359026,16505.366589359026,EVTOL_004,landing,False,,F000048,passenger
16463.380821599574,16688.216643599575,EVTOL_002,cruise,False,,F000049,passenger
16464.045475745257,16553.48940284651,EVTOL_001,idle,True,JUG,,
16505.366589359026,16565.366589359026,EVTOL_004,disembarking,False,LYBE,F000048,passenger
16553.48940284651,16898.48940284651,EVTOL_001,boarding,True,JUG,F000052,passenger
16565.366589359026,16631.366589359026,EVTOL_004,disembarking,True,LYBE,F000048,passenger
16631.366589359026,21167.031161257095,EVTOL_004,idle,True,LYBE,,
16688.216643599575,16748.216643599575,EVTOL_002,landing,False,,F000049,passenger
16748.216643599575,16808.216643599575,EVTOL_002,disembarking,False,LYBE,F000049,passenger
16748.216643599575,16808.216643599575,EVTOL_003,landing,False,,F000051,passenger
16808.216643599575,16940.216643599575,EVTOL_002,disembarking,True,LYBE,F000049,passenger
16808.216643599575,16868.216643599575,EVTOL_003,disembarking,False,LYBE,F000051,passenger
16868.216643599575,16934.216643599575,EVTOL_003,disembarking,True,LYBE,F000051,passenger
16898.48940284651,16952.72324270822,EVTOL_001,waiting_for_departure,True,JUG,F000052,passenger
16934.216643599575,16994.216643599575,EVTOL_003,departure_finalization,False,LYBE,F000053,repositioning
16940.216643599575,21454.437456960703,EVTOL_002,idle,True,LYBE,,
16952.72324270822,17012.72324270822,EVTOL_001,departure_finalization,False,JUG,F000052,passenger
16994.216643599575,17034.216643599575,EVTOL_003,takeoff,False,,F000053,repositioning
17012.72324270822,17052.72324270822,EVTOL_001,takeoff,False,,F000052,passenger
17034.216643599575,17352.018955599575,EVTOL_003,cruise,False,,F000053,repositioning
17052.72324270822,17370.52555470822,EVTOL_001,cruise,False,,F000052,passenger
17352.018955599575,17412.018955599575,EVTOL_003,landing,False,,F000053,repositioning
17370.52555470822,17430.52555470822,EVTOL_001,landing,False,,F000052,passenger
17412.018955599575,17472.018955599575,EVTOL_003,idle,False,JUG,,
17430.52555470822,17490.52555470822,EVTOL_001,disembarking,False,LYBE,F000052,passenger
17472.018955599575,17541.53511457393,EVTOL_003,idle,True,JUG,,
17490.52555470822,17688.52555470822,EVTOL_001,disembarking,True,LYBE,F000052,passenger
17541.53511457393,17736.53511457393,EVTOL_003,boarding,True,JUG,F000054,passenger
17688.52555470822,17979.203321671182,EVTOL_001,idle,True,LYBE,,
17736.53511457393,17821.560210849682,EVTOL_003,waiting_for_departure,True,JUG,F000054,passenger
17821.560210849682,17881.560210849682,EVTOL_003,departure_finalization,False,JUG,F000054,passenger
17881.560210849682,17921.560210849682,EVTOL_003,takeoff,False,,F000054,passenger
17921.560210849682,18239.362522849682,EVTOL_003,cruise,False,,F000054,passenger
17979.203321671182,18039.203321671182,EVTOL_001,departure_finalization,False,LYBE,F000055,repositioning
18039.203321671182,18079.203321671182,EVTOL_001,takeoff,False,,F000055,repositioning
18079.203321671182,18397.005633671182,EVTOL_001,cruise,False,,F000055,repositioning
18239.362522849682,18299.362522849682,EVTOL_003,landing,False,,F000054,passenger
18299.362522849682,18359.362522849682,EVTOL_003,disembarking,False,LYBE,F000054,passenger
18359.362522849682,18425.362522849682,EVTOL_003,disembarking,True,LYBE,F000054,passenger
18397.005633671182,18457.005633671182,EVTOL_001,landing,False,,F000055,repositioning
18425.362522849682,21462.003095445805,EVTOL_003,idle,True,LYBE,,
18457.005633671182,18517.005633671182,EVTOL_001,idle,False,JUG,,
18517.005633671182,18520.824249839374,EVTOL_001,idle,True,JUG,,
18520.824249839374,18715.824249839374,EVTOL_001,boarding,True,JUG,F000056,passenger
18715.824249839374,19005.683400634145,EVTOL_001,waiting_for_departure,True,JUG,F000056,passenger
19005.683400634145,19065.683400634145,EVTOL_001,departure_finalization,False,JUG,F000056,passenger
19065.683400634145,19105.683400634145,EVTOL_001,takeoff,False,,F000056,passenger
19105.683400634145,19423.485712634145,EVTOL_001,cruise,False,,F000056,passenger
19423.485712634145,19483.485712634145,EVTOL_001,landing,False,,F000056,passenger
19483.485712634145,19543.485712634145,EVTOL_001,disembarking,False,LYBE,F000056,passenger
19543.485712634145,19609.485712634145,EVTOL_001,disembarking,True,LYBE,F000056,passenger
19609.485712634145,21177.80321043103,EVTOL_001,idle,True,LYBE,,
21167.031161257095,21550.408268370757,EVTOL_004,idle,False,LYBE,,
21177.80321043103,21447.80321043103,EVTOL_001,boarding,True,LYBE,F000057,passenger
21447.80321043103,21507.80321043103,EVTOL_001,departure_finalization,False,LYBE,F000057,passenger
21454.437456960703,21611.710614597956,EVTOL_002,boarding,True,LYBE,F000058,passenger
21462.003095445805,21611.710614597956,EVTOL_003,boarding,True,LYBE,F000059,passenger
21507.80321043103,21547.80321043103,EVTOL_001,takeoff,False,,F000057,passenger
21547.80321043103,21611.710614597956,EVTOL_001,cruise,False,,F000057,passenger
21550.408268370757,21611.710614597956,EVTOL_004,boarding,False,LYBE,F000060,passenger
21611.71061459796,21884.251398431028,EVTOL_001,cruise,False,,F000057,passenger
21611.71061459796,21649.437456960703,EVTOL_002,boarding,False,LYBE,F000058,passenger
21611.71061459796,21657.003095445805,EVTOL_003,boarding,True,LYBE,F000059,passenger
21611.71061459796,21895.408268370757,EVTOL_004,boarding,False,LYBE,F000060,passenger
21649.437456960703,21709.437456960703,EVTOL_002,departure_finalization,False,LYBE,F000058,passenger
21657.003095445805,21689.437456960703,EVTOL_003,waiting_for_departure,True,LYBE,F000059,passenger
21689.437456960703,21749.437456960703,EVTOL_003,departure_finalization,False,LYBE,F000059,passenger
21709.437456960703,21749.437456960703,EVTOL_002,takeoff,False,,F000058,passenger
21749.437456960703,21974.273278960703,EVTOL_002,cruise,False,,F000058,passenger
21749.437456960703,21789.437456960703,EVTOL_003,takeoff,False,,F000059,passenger
21789.437456960703,21890.1998549607,EVTOL_003,cruise,False,,F000059,passenger
21884.251398431028,21944.251398431028,EVTOL_001,landing,False,,F000057,passenger
21890.1998549607,21950.1998549607,EVTOL_003,landing,False,,F000059,passenger
21895.408268370757,21955.408268370757,EVTOL_004,departure_finalization,False,LYBE,F000060,passenger
21944.251398431028,22004.251398431028,EVTOL_001,disembarking,False,LYBV,F000057,passenger
21950.1998549607,22010.1998549607,EVTOL_003,disembarking,False,EXPO,F000059,passenger
21955.408268370757,21995.408268370757,EVTOL_004,takeoff,False,,F000060,passenger
21974.273278960703,22034.273278960703,EVTOL_002,landing,False,,F000058,passenger
21995.408268370757,22323.208482370756,EVTOL_004,cruise,False,,F000060,passenger
22004.251398431028,22136.251398431028,EVTOL_001,disembarking,True,LYBV,F000057,passenger
22010.1998549607,22076.1998549607,EVTOL_003,disembarking,True,EXPO,F000059,passenger
22034.273278960703,22094.273278960703,EVTOL_002,disembarking,False,BW,F000058,passenger
22076.1998549607,22136.1998549607,EVTOL_003,departure_finalization,False,EXPO,F000061,repositioning
22094.273278960703,22160.273278960703,EVTOL_002,disembarking,True,BW,F000058,passenger
22136.1998549607,22176.1998549607,EVTOL_003,takeoff,False,,F000061,repositioning
22136.251398431028,22736.251398431028,EVTOL_001,cleaning,True,LYBV,F000057,passenger
22160.273278960703,22220.273278960703,EVTOL_002,departure_finalization,False,BW,F000062,repositioning
22176.1998549607,22276.9622529607,EVTOL_003,cruise,False,,F000061,repositioning
22220.273278960703,22260.273278960703,EVTOL_002,takeoff,False,,F000062,repositioning
22260.273278960703,22485.109100960704,EVTOL_002,cruise,False,,F000062,repositioning
22276.9622529607,22336.9622529607,EVTOL_003,landing,False,,F000061,repositioning
22323.208482370756,22383.208482370756,EVTOL_004,landing,False,,F000060,passenger
22336.9622529607,22396.9622529607,EVTOL_003,idle,False,LYBE,,
22383.208482370756,22443.208482370756,EVTOL_004,disembarking,False,DOR,F000060,passenger
22396.9622529607,22633.705321996273,EVTOL_003,idle,True,LYBE,,
22443.208482370756,22641.208482370756,EVTOL_004,disembarking,True,DOR,F000060,passenger
22485.109100960704,22545.109100960704,EVTOL_002,landing,False,,F000062,repositioning
22545.109100960704,22605.109100960704,EVTOL_002,idle,False,LYBE,,
22605.109100960704,22773.83092331889,EVTOL_002,idle,True,LYBE,,
22633.705321996273,22828.705321996273,EVTOL_003,boarding,True,LYBE,F000063,passenger
22641.208482370756,23241.208482370756,EVTOL_004,cleaning,True,DOR,F000060,passenger
22736.251398431028,22796.251398431028,EVTOL_001,departure_finalization,False,LYBV,F000064,repositioning
22773.83092331889,22968.83092331889,EVTOL_002,boarding,True,LYBE,F000065,passenger
22796.251398431028,22836.251398431028,EVTOL_001,takeoff,False,,F000064,repositioning
22828.705321996273,22888.705321996273,EVTOL_003,departure_finalization,False,LYBE,F000063,passenger
22836.251398431028,22929.86376443103,EVTOL_001,cruise,False,,F000064,repositioning
22888.705321996273,22928.705321996273,EVTOL_003,takeoff,False,,F000063,passenger
22928.705321996273,23265.15350999627,EVTOL_003,cruise,False,,F000063,passenger
22929.86376443103,22989.86376443103,EVTOL_001,landing,False,,F000064,repositioning
22968.83092331889,23028.83092331889,EVTOL_002,departure_finalization,False,LYBE,F000065,passenger
22989.86376443103,23049.86376443103,EVTOL_001,boarding,False,BW,F000066,passenger
23028.83092331889,23068.83092331889,EVTOL_002,takeoff,False,,F000065,passenger
23049.86376443103,23259.86376443103,EVTOL_001,boarding,True,BW,F000066,passenger
23068.83092331889,23386.63323531889,EVTOL_002,cruise,False,,F000065,passenger
23241.208482370756,23296.156249318887,EVTOL_004,idle,True,DOR,,
23259.86376443103,23319.86376443103,EVTOL_001,departure_finalization,False,BW,F000066,passenger
23265.15350999627,23325.15350999627,EVTOL_003,landing,False,,F000063,passenger
23296.156249318887,23356.156249318887,EVTOL_004,departure_finalization,False,DOR,F000067,repositioning
23319.86376443103,23359.86376443103,EVTOL_001,takeoff,False,,F000066,passenger
23325.15350999627,23385.15350999627,EVTOL_003,disembarking,False,LYBV,F000063,passenger
23356.156249318887,23396.156249318887,EVTOL_004,takeoff,False,,F000067,repositioning
23359.86376443103,23584.69958643103,EVTOL_001,cruise,False,,F000066,passenger
23385.15350999627,23451.15350999627,EVTOL_003,disembarking,True,LYBV,F000063,passenger
23386.63323531889,23446.63323531889,EVTOL_002,landing,False,,F000065,passenger
23396.156249318887,23446.63323531889,EVTOL_004,cruise,False,,F000067,repositioning
23446.63323531889,23506.63323531889,EVTOL_002,disembarking,False,JUG,F000065,passenger
23446.63323531889,23506.63323531889,EVTOL_004,landing,False,,F000067,repositioning
23451.15350999627,24993.442179245856,EVTOL_003,idle,True,LYBV,,
23506.63323531889,23572.63323531889,EVTOL_002,disembarking,True,JUG,F000065,passenger
23506.63323531889,23566.63323531889,EVTOL_004,boarding,False,JUG,F000068,passenger
23566.63323531889,23701.63323531889,EVTOL_004,boarding,True,JUG,F000068,passenger
23572.63323531889,24993.442179245856,EVTOL_002,idle,True,JUG,,
23584.69958643103,23644.69958643103,EVTOL_001,landing,False,,F000066,passenger
23644.69958643103,23704.69958643103,EVTOL_001,disembarking,False,LYBE,F000066,passenger
23701.63323531889,23761.63323531889,EVTOL_004,departure_finalization,False,JUG,F000068,passenger
23704.69958643103,23836.69958643103,EVTOL_001,disembarking,True,LYBE,F000066,passenger
23761.63323531889,23801.63323531889,EVTOL_004,takeoff,False,,F000068,passenger
23801.63323531889,24119.435547318888,EVTOL_004,cruise,False,,F000068,passenger
23836.69958643103,26413.278001245857,EVTOL_001,idle,True,LYBE,,
24119.435547318888,24179.435547318888,EVTOL_004,landing,False,,F000068,passenger
24179.435547318888,24239.435547318888,EVTOL_004,disembarking,False,LYBE,F000068,passenger
24239.435547318888,24305.435547318888,EVTOL_004,disembarking,True,LYBE,F000068,passenger
24305.435547318888,28605.27786866214,EVTOL_004,idle,True,LYBE,,
24993.442179245856,25053.442179245856,EVTOL_002,departure_finalization,False,JUG,F000069,repositioning
24993.442179245856,25053.442179245856,EVTOL_003,departure_finalization,False,LYBV,F000070,repositioning
25053.442179245856,25093.442179245856,EVTOL_002,takeoff,False,,F000069,repositioning
25053.442179245856,25093.442179245856,EVTOL_003,takeoff,False,,F000070,repositioning
25093.442179245856,25168.408669245855,EVTOL_002,cruise,False,,F000069,repositioning
25093.442179245856,25280.021035245856,EVTOL_003,cruise,False,,F000070,repositioning
25168.408669245855,25228.408669245855,EVTOL_002,landing,False,,F000069,repositioning
25228.408669245855,25288.408669245855,EVTOL_002,idle,False,BW,,
25280.021035245856,25340.021035245856,EVTOL_003,landing,False,,F000070,repositioning
25288.408669245855,25893.442179245856,EVTOL_002,idle,True,BW,,
25340.021035245856,25400.021035245856,EVTOL_003,idle,False,JUG,,
25400.021035245856,25675.239550854796,EVTOL_003,idle,True,JUG,,
25675.239550854796,25870.239550854796,EVTOL_003,boarding,True,JUG,F000071,passenger
25870.239550854796,25930.239550854796,EVTOL_003,departure_finalization,False,JUG,F000071,passenger
25893.442179245856,26088.442179245856,EVTOL_002,boarding,True,BW,F000072,passenger
25930.239550854796,25970.239550854796,EVTOL_003,takeoff,False,,F000071,passenger
25970.239550854796,26288.041862854796,EVTOL_003,cruise,False,,F000071,passenger
26088.442179245856,26148.442179245856,EVTOL_002,departure_finalization,False,BW,F000072,passenger
26148.442179245856,26188.442179245856,EVTOL_002,takeoff,False,,F000072,passenger
26188.442179245856,26413.278001245857,EVTOL_002,cruise,False,,F000072,passenger
26288.041862854796,26348.041862854796,EVTOL_003,landing,False,,F000071,passenger
26348.041862854796,26408.041862854796,EVTOL_003,disembarking,False,LYBE,F000071,passenger
26408.041862854796,26474.041862854796,EVTOL_003,disembarking,True,LYBE,F000071,passenger
26413.278001245857,26473.278001245857,EVTOL_001,departure_finalization,False,LYBE,F000073,repositioning
26413.278001245857,26473.278001245857,EVTOL_002,landing,False,,F000072,passenger
26473.278001245857,26513.278001245857,EVTOL_001,takeoff,False,,F000073,repositioning
26473.278001245857,26533.278001245857,EVTOL_002,disembarking,False,LYBE,F000072,passenger
26474.041862854796,30727.374515152886,EVTOL_003,idle,True,LYBE,,
26513.278001245857,26849.726189245855,EVTOL_001,cruise,False,,F000073,repositioning
26533.278001245857,26599.278001245857,EVTOL_002,disembarking,True,LYBE,F000072,passenger
26599.278001245857,27199.278001245857,EVTOL_002,cleaning,True,LYBE,F000072,passenger
26849.726189245855,26909.726189245855,EVTOL_001,landing,False,,F000073,repositioning
26909.726189245855,26969.726189245855,EVTOL_001,idle,False,LYBV,,
26969.726189245855,27274.713834224855,EVTOL_001,idle,True,LYBV,,
27199.278001245857,27259.278001245857,EVTOL_002,departure_finalization,False,LYBE,F000074,repositioning
27259.278001245857,27299.278001245857,EVTOL_002,takeoff,False,,F000074,repositioning
27274.713834224855,27544.713834224855,EVTOL_001,boarding,True,LYBV,F000075,passenger
27299.278001245857,27524.113823245858,EVTOL_002,cruise,False,,F000074,repositioning
27524.113823245858,27584.113823245858,EVTOL_002,landing,False,,F000074,repositioning
27544.713834224855,27604.713834224855,EVTOL_001,departure_finalization,False,LYBV,F000075,passenger
27584.113823245858,27644.113823245858,EVTOL_002,idle,False,BW,,
27604.713834224855,27644.713834224855,EVTOL_001,takeoff,False,,F000075,passenger
27644.113823245858,27719.626134787482,EVTOL_002,idle,True,BW,,
27644.713834224855,27981.162022224853,EVTOL_001,cruise,False,,F000075,passenger
27719.626134787482,27914.626134787482,EVTOL_002,boarding,True,BW,F000076,passenger
27914.626134787482,27974.626134787482,EVTOL_002,departure_finalization,False,BW,F000076,passenger
27974.626134787482,28014.626134787482,EVTOL_002,takeoff,False,,F000076,passenger
27981.162022224853,28041.162022224853,EVTOL_001,landing,False,,F000075,passenger
28014.626134787482,28239.461956787483,EVTOL_002,cruise,False,,F000076,passenger
28041.162022224853,28101.162022224853,EVTOL_001,disembarking,False,LYBE,F000075,passenger
28101.162022224853,28233.162022224853,EVTOL_001,disembarking,True,LYBE,F000075,passenger
28233.162022224853,28734.3212764861,EVTOL_001,idle,True,LYBE,,
28239.461956787483,28299.461956787483,EVTOL_002,landing,False,,F000076,passenger
28299.461956787483,28359.461956787483,EVTOL_002,disembarking,False,LYBE,F000076,passenger
28359.461956787483,28425.461956787483,EVTOL_002,disembarking,True,LYBE,F000076,passenger
28425.461956787483,29169.18586788682,EVTOL_002,idle,True,LYBE,,
28605.27786866214,32933.0018437256,EVTOL_004,idle,False,LYBE,,
28734.3212764861,28794.3212764861,EVTOL_001,departure_finalization,False,LYBE,F000077,repositioning
28794.3212764861,28834.3212764861,EVTOL_001,takeoff,False,,F000077,repositioning
28834.3212764861,29059.1570984861,EVTOL_001,cruise,False,,F000077,repositioning
29059.1570984861,29119.1570984861,EVTOL_001,landing,False,,F000077,repositioning
29119.1570984861,29179.1570984861,EVTOL_001,idle,False,BW,,
29169.18586788682,29229.18586788682,EVTOL_002,departure_finalization,False,LYBE,F000078,repositioning
29179.1570984861,29634.3212764861,EVTOL_001,idle,True,BW,,
29229.18586788682,29269.18586788682,EVTOL_002,takeoff,False,,F000078,repositioning
29269.18586788682,29605.634055886818,EVTOL_002,cruise,False,,F000078,repositioning
29605.634055886818,29665.634055886818,EVTOL_002,landing,False,,F000078,repositioning
29634.3212764861,29829.3212764861,EVTOL_001,boarding,True,BW,F000079,passenger
29665.634055886818,29725.634055886818,EVTOL_002,idle,False,LYBV,,
29725.634055886818,30069.18586788682,EVTOL_002,idle,True,LYBV,,
29829.3212764861,29889.3212764861,EVTOL_001,departure_finalization,False,BW,F000079,passenger
29889.3212764861,29929.3212764861,EVTOL_001,takeoff,False,,F000079,passenger
29929.3212764861,30154.1570984861,EVTOL_001,cruise,False,,F000079,passenger
30069.18586788682,30264.18586788682,EVTOL_002,boarding,True,LYBV,F000080,passenger
30154.1570984861,30214.1570984861,EVTOL_001,landing,False,,F000079,passenger
30214.1570984861,30274.1570984861,EVTOL_001,disembarking,False,LYBE,F000079,passenger
30264.18586788682,30324.18586788682,EVTOL_002,departure_finalization,False,LYBV,F000080,passenger
30274.1570984861,30340.1570984861,EVTOL_001,disembarking,True,LYBE,F000079,passenger
30324.18586788682,30364.18586788682,EVTOL_002,takeoff,False,,F000080,passenger
30340.1570984861,30429.657255408452,EVTOL_001,idle,True,LYBE,,
30364.18586788682,30700.634055886818,EVTOL_002,cruise,False,,F000080,passenger
30429.657255408452,30489.657255408452,EVTOL_001,departure_finalization,False,LYBE,F000081,repositioning
30489.657255408452,30529.657255408452,EVTOL_001,takeoff,False,,F000081,repositioning
30529.657255408452,30866.10544340845,EVTOL_001,cruise,False,,F000081,repositioning
30700.634055886818,30760.634055886818,EVTOL_002,landing,False,,F000080,passenger
30727.374515152886,31822.94433290555,EVTOL_003,idle,False,LYBE,,
30760.634055886818,30820.634055886818,EVTOL_002,disembarking,False,LYBE,F000080,passenger
30820.634055886818,30886.634055886818,EVTOL_002,disembarking,True,LYBE,F000080,passenger
30866.10544340845,30926.10544340845,EVTOL_001,landing,False,,F000081,repositioning
30886.634055886818,31063.12534593749,EVTOL_002,idle,True,LYBE,,
30926.10544340845,30986.10544340845,EVTOL_001,idle,False,LYBV,,
30986.10544340845,31329.657255408452,EVTOL_001,idle,True,LYBV,,
31063.12534593749,31123.12534593749,EVTOL_002,departure_finalization,False,LYBE,F000082,repositioning
31123.12534593749,31163.12534593749,EVTOL_002,takeoff,False,,F000082,repositioning
31163.12534593749,31490.92555993749,EVTOL_002,cruise,False,,F000082,repositioning
31329.657255408452,31599.657255408452,EVTOL_001,boarding,True,LYBV,F000083,passenger
31490.92555993749,31550.92555993749,EVTOL_002,landing,False,,F000082,repositioning
31550.92555993749,31610.92555993749,EVTOL_002,idle,False,DOR,,
31599.657255408452,31659.657255408452,EVTOL_001,departure_finalization,False,LYBV,F000083,passenger
31610.92555993749,31963.12534593749,EVTOL_002,idle,True,DOR,,
31659.657255408452,31699.657255408452,EVTOL_001,takeoff,False,,F000083,passenger
31699.657255408452,32036.10544340845,EVTOL_001,cruise,False,,F000083,passenger
31822.94433290555,31882.94433290555,EVTOL_003,departure_finalization,False,LYBE,F000084,repositioning
31882.94433290555,31922.94433290555,EVTOL_003,takeoff,False,,F000084,repositioning
31922.94433290555,32147.78015490555,EVTOL_003,cruise,False,,F000084,repositioning
31963.12534593749,32158.12534593749,EVTOL_002,boarding,True,DOR,F000085,passenger
32036.10544340845,32096.10544340845,EVTOL_001,landing,False,,F000083,passenger
32096.10544340845,32156.10544340845,EVTOL_001,disembarking,False,LYBE,F000083,passenger
32147.78015490555,32207.78015490555,EVTOL_003,landing,False,,F000084,repositioning
32156.10544340845,32288.10544340845,EVTOL_001,disembarking,True,LYBE,F000083,passenger
32158.12534593749,32218.12534593749,EVTOL_002,departure_finalization,False,DOR,F000085,passenger
32207.78015490555,32267.78015490555,EVTOL_003,idle,False,BW,,
32218.12534593749,32258.12534593749,EVTOL_002,takeoff,False,,F000085,passenger
32258.12534593749,32585.92555993749,EVTOL_002,cruise,False,,F000085,passenger
32267.78015490555,32722.94433290555,EVTOL_003,idle,True,BW,,
32288.10544340845,32826.81901284181,EVTOL_001,idle,True,LYBE,,
32585.92555993749,32645.92555993749,EVTOL_002,landing,False,,F000085,passenger
32645.92555993749,32705.92555993749,EVTOL_002,disembarking,False,LYBE,F000085,passenger
32705.92555993749,32771.92555993749,EVTOL_002,disembarking,True,LYBE,F000085,passenger
32722.94433290555,32917.94433290555,EVTOL_003,boarding,True,BW,F000086,passenger
32771.92555993749,32853.8223478915,EVTOL_002,idle,True,LYBE,,
32826.81901284181,33096.81901284181,EVTOL_001,boarding,True,LYBE,F000087,passenger
32853.8223478915,33123.8223478915,EVTOL_002,boarding,True,LYBE,F000088,passenger
32917.94433290555,32977.94433290555,EVTOL_003,departure_finalization,False,BW,F000086,passenger
32933.0018437256,33128.0018437256,EVTOL_004,boarding,False,LYBE,F000089,passenger
32977.94433290555,33017.94433290555,EVTOL_003,takeoff,False,,F000086,passenger
33017.94433290555,33242.78015490555,EVTOL_003,cruise,False,,F000086,passenger
33096.81901284181,33156.81901284181,EVTOL_001,departure_finalization,False,LYBE,F000087,passenger
33123.8223478915,33136.81901284181,EVTOL_002,waiting_for_departure,True,LYBE,F000088,passenger
33128.0018437256,33242.78015490555,EVTOL_004,waiting_for_departure,False,LYBE,F000089,passenger
33136.81901284181,33196.81901284181,EVTOL_002,departure_finalization,False,LYBE,F000088,passenger
33156.81901284181,33196.81901284181,EVTOL_001,takeoff,False,,F000087,passenger
33196.81901284181,33421.65483484181,EVTOL_001,cruise,False,,F000087,passenger
33196.81901284181,33236.81901284181,EVTOL_002,takeoff,False,,F000088,passenger
33236.81901284181,33564.61922684181,EVTOL_002,cruise,False,,F000088,passenger
33242.78015490555,33302.78015490555,EVTOL_003,landing,False,,F000086,passenger
33242.78015490555,33302.78015490555,EVTOL_004,departure_finalization,False,LYBE,F000089,passenger
33302.78015490555,33362.78015490555,EVTOL_003,disembarking,False,LYBE,F000086,passenger
33302.78015490555,33342.78015490555,EVTOL_004,takeoff,False,,F000089,passenger
33342.78015490555,33679.22834290555,EVTOL_004,cruise,False,,F000089,passenger
33362.78015490555,33428.78015490555,EVTOL_003,disembarking,True,LYBE,F000086,passenger
33421.65483484181,33481.65483484181,EVTOL_001,landing,False,,F000087,passenger
33428.78015490555,34028.78015490555,EVTOL_003,cleaning,True,LYBE,F000086,passenger
33481.65483484181,33541.65483484181,EVTOL_001,disembarking,False,BW,F000087,passenger
33541.65483484181,33673.65483484181,EVTOL_001,disembarking,True,BW,F000087,passenger
33564.61922684181,33624.61922684181,EVTOL_002,landing,False,,F000088,passenger
33624.61922684181,33684.61922684181,EVTOL_002,disembarking,False,DOR,F000088,passenger
33673.65483484181,33674.27742442932,EVTOL_001,idle,True,BW,,
33674.27742442932,33944.27742442932,EVTOL_001,boarding,True,BW,F000090,passenger
33679.22834290555,33739.22834290555,EVTOL_004,landing,False,,F000089,passenger
33684.61922684181,33816.61922684181,EVTOL_002,disembarking,True,DOR,F000088,passenger
33739.22834290555,33799.22834290555,EVTOL_004,disembarking,False,LYBV,F000089,passenger
33799.22834290555,33865.22834290555,EVTOL_004,disembarking,True,LYBV,F000089,passenger
33816.61922684181,34011.61922684181,EVTOL_002,boarding,True,DOR,F000091,passenger
33865.22834290555,34060.22834290555,EVTOL_004,boarding,True,LYBV,F000092,passenger
33944.27742442932,34004.27742442932,EVTOL_001,departure_finalization,False,BW,F000090,passenger
34004.27742442932,34044.27742442932,EVTOL_001,takeoff,False,,F000090,passenger
34011.61922684181,34133.93869111634,EVTOL_002,waiting_for_departure,True,DOR,F000091,passenger
34028.78015490555,34373.78015490555,EVTOL_003,boarding,True,LYBE,F000093,passenger
34044.27742442932,34269.11324642932,EVTOL_001,cruise,False,,F000090,passenger
34060.22834290555,34120.22834290555,EVTOL_004,departure_finalization,False,LYBV,F000092,passenger
34120.22834290555,34160.22834290555,EVTOL_004,takeoff,False,,F000092,passenger
34133.93869111634,34193.93869111634,EVTOL_002,departure_finalization,False,DOR,F000091,passenger
34160.22834290555,34496.676530905555,EVTOL_004,cruise,False,,F000092,passenger
34193.93869111634,34233.93869111634,EVTOL_002,takeoff,False,,F000091,passenger
34233.93869111634,34561.73890511634,EVTOL_002,cruise,False,,F000091,passenger
34269.11324642932,34329.11324642932,EVTOL_001,landing,False,,F000090,passenger
34329.11324642932,34389.11324642932,EVTOL_001,disembarking,False,LYBE,F000090,passenger
34373.78015490555,34433.78015490555,EVTOL_003,departure_finalization,False,LYBE,F000093,passenger
34389.11324642932,34521.11324642932,EVTOL_001,disembarking,True,LYBE,F000090,passenger
34433.78015490555,34473.78015490555,EVTOL_003,takeoff,False,,F000093,passenger
34473.78015490555,34698.61597690555,EVTOL_003,cruise,False,,F000093,passenger
34496.676530905555,34556.676530905555,EVTOL_004,landing,False,,F000092,passenger
34521.11324642932,35121.11324642932,EVTOL_001,cleaning,True,LYBE,F000090,passenger
34556.676530905555,34616.676530905555,EVTOL_004,disembarking,False,LYBE,F000092,passenger
34561.73890511634,34621.73890511634,EVTOL_002,landing,False,,F000091,passenger
34616.676530905555,34682.676530905555,EVTOL_004,disembarking,True,LYBE,F000092,passenger
34621.73890511634,34681.73890511634,EVTOL_002,disembarking,False,LYBE,F000091,passenger
34681.73890511634,34747.73890511634,EVTOL_002,disembarking,True,LYBE,F000091,passenger
34682.676530905555,38336.92003205215,EVTOL_004,idle,True,LYBE,,
34698.61597690555,34758.61597690555,EVTOL_003,landing,False,,F000093,passenger
34747.73890511634,35340.64000022498,EVTOL_002,idle,True,LYBE,,
34758.61597690555,34818.61597690555,EVTOL_003,disembarking,False,BW,F000093,passenger
34818.61597690555,35016.61597690555,EVTOL_003,disembarking,True,BW,F000093,passenger
35016.61597690555,35361.61597690555,EVTOL_003,boarding,True,BW,F000094,passenger
35121.11324642932,35181.11324642932,EVTOL_001,departure_finalization,False,LYBE,F000095,repositioning
35181.11324642932,35221.11324642932,EVTOL_001,takeoff,False,,F000095,repositioning
35221.11324642932,35557.56143442932,EVTOL_001,cruise,False,,F000095,repositioning
35340.64000022498,35400.64000022498,EVTOL_002,departure_finalization,False,LYBE,F000096,repositioning
35361.61597690555,35421.61597690555,EVTOL_003,departure_finalization,False,BW,F000094,passenger
35400.64000022498,35440.64000022498,EVTOL_002,takeoff,False,,F000096,repositioning
35421.61597690555,35461.61597690555,EVTOL_003,takeoff,False,,F000094,passenger
35440.64000022498,35541.40239822498,EVTOL_002,cruise,False,,F000096,repositioning
35461.61597690555,35686.45179890555,EVTOL_003,cruise,False,,F000094,passenger
35541.40239822498,35601.40239822498,EVTOL_002,landing,False,,F000096,repositioning
35557.56143442932,35617.56143442932,EVTOL_001,landing,False,,F000095,repositioning
35601.40239822498,35661.40239822498,EVTOL_002,idle,False,EXPO,,
35617.56143442932,35677.56143442932,EVTOL_001,idle,False,LYBV,,
35661.40239822498,36240.64000022498,EVTOL_002,idle,True,EXPO,,
35677.56143442932,35735.488713797036,EVTOL_001,idle,True,LYBV,,
35686.45179890555,35746.45179890555,EVTOL_003,landing,False,,F000094,passenger
35735.488713797036,35930.488713797036,EVTOL_001,boarding,True,LYBV,F000097,passenger
35746.45179890555,35806.45179890555,EVTOL_003,disembarking,False,LYBE,F000094,passenger
35806.45179890555,36004.45179890555,EVTOL_003,disembarking,True,LYBE,F000094,passenger
35930.488713797036,35990.488713797036,EVTOL_001,departure_finalization,False,LYBV,F000097,passenger
35990.488713797036,36030.488713797036,EVTOL_001,takeoff,False,,F000097,passenger
36004.45179890555,36064.45179890555,EVTOL_003,departure_finalization,False,LYBE,F000098,repositioning
36030.488713797036,36366.93690179704,EVTOL_001,cruise,False,,F000097,passenger
36064.45179890555,36104.45179890555,EVTOL_003,takeoff,False,,F000098,repositioning
36104.45179890555,36432.252012905556,EVTOL_003,cruise,False,,F000098,repositioning
36240.64000022498,36435.64000022498,EVTOL_002,boarding,True,EXPO,F000099,passenger
36366.93690179704,36426.93690179704,EVTOL_001,landing,False,,F000097,passenger
36426.93690179704,36486.93690179704,EVTOL_001,disembarking,False,LYBE,F000097,passenger
36432.252012905556,36492.252012905556,EVTOL_003,landing,False,,F000098,repositioning
36435.64000022498,36495.64000022498,EVTOL_002,departure_finalization,False,EXPO,F000099,passenger
36486.93690179704,36552.93690179704,EVTOL_001,disembarking,True,LYBE,F000097,passenger
36492.252012905556,36552.252012905556,EVTOL_003,idle,False,DOR,,
36495.64000022498,36535.64000022498,EVTOL_002,takeoff,False,,F000099,passenger
36535.64000022498,36636.40239822498,EVTOL_002,cruise,False,,F000099,passenger
36552.252012905556,36869.56084663348,EVTOL_003,idle,True,DOR,,
36552.93690179704,37221.31907235825,EVTOL_001,idle,True,LYBE,,
36636.40239822498,36696.40239822498,EVTOL_002,landing,False,,F000099,passenger
36696.40239822498,36756.40239822498,EVTOL_002,disembarking,False,LYBE,F000099,passenger
36756.40239822498,36822.40239822498,EVTOL_002,disembarking,True,LYBE,F000099,passenger
36822.40239822498,37422.40239822498,EVTOL_002,cleaning,True,LYBE,F000099,passenger
36869.56084663348,37139.56084663348,EVTOL_003,boarding,True,DOR,F000100,passenger
37139.56084663348,37199.56084663348,EVTOL_003,departure_finalization,False,DOR,F000100,passenger
37199.56084663348,37239.56084663348,EVTOL_003,takeoff,False,,F000100,passenger
37221.31907235825,37416.31907235825,EVTOL_001,boarding,True,LYBE,F000101,passenger
37239.56084663348,37567.361060633484,EVTOL_003,cruise,False,,F000100,passenger
37416.31907235825,37476.31907235825,EVTOL_001,departure_finalization,False,LYBE,F000101,passenger
37422.40239822498,38976.48485751364,EVTOL_002,idle,True,LYBE,,
37476.31907235825,37516.31907235825,EVTOL_001,takeoff,False,,F000101,passenger
37516.31907235825,37834.12138435825,EVTOL_001,cruise,False,,F000101,passenger
37567.361060633484,37627.361060633484,EVTOL_003,landing,False,,F000100,passenger
37627.361060633484,37687.361060633484,EVTOL_003,disembarking,False,LYBE,F000100,passenger
37687.361060633484,37819.361060633484,EVTOL_003,disembarking,True,LYBE,F000100,passenger
37819.361060633484,39158.0190516311,EVTOL_003,idle,True,LYBE,,
37834.12138435825,37894.12138435825,EVTOL_001,landing,False,,F000101,passenger
37894.12138435825,37954.12138435825,EVTOL_001,disembarking,False,JUG,F000101,passenger
37954.12138435825,38020.12138435825,EVTOL_001,disembarking,True,JUG,F000101,passenger
38020.12138435825,38336.92003205215,EVTOL_001,idle,True,JUG,,
38336.92003205215,38396.92003205215,EVTOL_001,departure_finalization,False,JUG,F000102,repositioning
38336.92003205215,38396.92003205215,EVTOL_004,departure_finalization,False,LYBE,F000103,repositioning
38396.92003205215,38436.92003205215,EVTOL_001,takeoff,False,,F000102,repositioning
38396.92003205215,38436.92003205215,EVTOL_004,takeoff,False,,F000103,repositioning
38436.92003205215,38511.88652205215,EVTOL_001,cruise,False,,F000102,repositioning
38436.92003205215,38754.72234405215,EVTOL_004,cruise,False,,F000103,repositioning
38511.88652205215,38571.88652205215,EVTOL_001,landing,False,,F000102,repositioning
38571.88652205215,38631.88652205215,EVTOL_001,idle,False,BW,,
38631.88652205215,39236.92003205215,EVTOL_001,idle,True,BW,,
38754.72234405215,38814.72234405215,EVTOL_004,landing,False,,F000103,repositioning
38814.72234405215,38874.72234405215,EVTOL_004,boarding,False,JUG,F000104,passenger
38874.72234405215,39159.72234405215,EVTOL_004,boarding,True,JUG,F000104,passenger
38976.48485751364,39171.48485751364,EVTOL_002,boarding,True,LYBE,F000105,passenger
39158.0190516311,39353.0190516311,EVTOL_003,boarding,True,LYBE,F000106,passenger
39159.72234405215,39219.72234405215,EVTOL_004,departure_finalization,False,JUG,F000104,passenger
39171.48485751364,39231.48485751364,EVTOL_002,departure_finalization,False,LYBE,F000105,passenger
39219.72234405215,39259.72234405215,EVTOL_004,takeoff,False,,F000104,passenger
39231.48485751364,39271.48485751364,EVTOL_002,takeoff,False,,F000105,passenger
39236.92003205215,39581.92003205215,EVTOL_001,boarding,True,BW,F000107,passenger
39259.72234405215,39577.52465605215,EVTOL_004,cruise,False,,F000104,passenger
39271.48485751364,39599.285071513645,EVTOL_002,cruise,False,,F000105,passenger
39353.0190516311,39413.0190516311,EVTOL_003,departure_finalization,False,LYBE,F000106,passenger
39413.0190516311,39453.0190516311,EVTOL_003,takeoff,False,,F000106,passenger
39453.0190516311,39553.7814496311,EVTOL_003,cruise,False,,F000106,passenger
39553.7814496311,39613.7814496311,EVTOL_003,landing,False,,F000106,passenger
39577.52465605215,39637.52465605215,EVTOL_004,landing,False,,F000104,passenger
39581.92003205215,39641.92003205215,EVTOL_001,departure_finalization,False,BW,F000107,passenger
39599.285071513645,39659.285071513645,EVTOL_002,landing,False,,F000105,passenger
39613.7814496311,39673.7814496311,EVTOL_003,disembarking,False,EXPO,F000106,passenger
39637.52465605215,39697.52465605215,EVTOL_004,disembarking,False,LYBE,F000104,passenger
39641.92003205215,39681.92003205215,EVTOL_001,takeoff,False,,F000107,passenger
39659.285071513645,39719.285071513645,EVTOL_002,disembarking,False,DOR,F000105,passenger
39673.7814496311,39739.7814496311,EVTOL_003,disembarking,True,EXPO,F000106,passenger
39681.92003205215,39906.75585405215,EVTOL_001,cruise,False,,F000107,passenger
39697.52465605215,39895.52465605215,EVTOL_004,disembarking,True,LYBE,F000104,passenger
39719.285071513645,39785.285071513645,EVTOL_002,disembarking,True,DOR,F000105,passenger
39739.7814496311,39765.99345605215,EVTOL_003,idle,True,EXPO,,
39765.99345605215,39825.99345605215,EVTOL_003,departure_finalization,False,EXPO,F000108,repositioning
39785.285071513645,39845.285071513645,EVTOL_002,departure_finalization,False,DOR,F000109,repositioning
39825.99345605215,39865.99345605215,EVTOL_003,takeoff,False,,F000108,repositioning
39845.285071513645,39885.285071513645,EVTOL_002,takeoff,False,,F000109,repositioning
39865.99345605215,39966.75585405215,EVTOL_003,cruise,False,,F000108,repositioning
39885.285071513645,39970.249463513646,EVTOL_002,cruise,False,,F000109,repositioning
39895.52465605215,40165.52465605215,EVTOL_004,boarding,True,LYBE,F000110,passenger
39906.75585405215,39966.75585405215,EVTOL_001,landing,False,,F000107,passenger
39966.75585405215,40026.75585405215,EVTOL_001,disembarking,False,LYBE,F000107,passenger
39966.75585405215,40026.75585405215,EVTOL_003,landing,False,,F000108,repositioning
39970.249463513646,40030.249463513646,EVTOL_002,landing,False,,F000109,repositioning
40026.75585405215,40224.75585405215,EVTOL_001,disembarking,True,LYBE,F000107,passenger
40026.75585405215,40086.75585405215,EVTOL_003,boarding,False,LYBE,F000111,passenger
40030.249463513646,40090.249463513646,EVTOL_002,idle,False,BW,,
40086.75585405215,40296.75585405215,EVTOL_003,boarding,True,LYBE,F000111,passenger
40090.249463513646,40622.290228247635,EVTOL_002,idle,True,BW,,
40165.52465605215,40225.52465605215,EVTOL_004,departure_finalization,False,LYBE,F000110,passenger
40224.75585405215,40494.75585405215,EVTOL_001,boarding,True,LYBE,F000112,passenger
40225.52465605215,40265.52465605215,EVTOL_004,takeoff,False,,F000110,passenger
40265.52465605215,40601.97284405215,EVTOL_004,cruise,False,,F000110,passenger
40296.75585405215,40356.75585405215,EVTOL_003,departure_finalization,False,LYBE,F000111,passenger
40356.75585405215,40396.75585405215,EVTOL_003,takeoff,False,,F000111,passenger
40396.75585405215,40621.59167605215,EVTOL_003,cruise,False,,F000111,passenger
40494.75585405215,40554.75585405215,EVTOL_001,departure_finalization,False,LYBE,F000112,passenger
40554.75585405215,40594.75585405215,EVTOL_001,takeoff,False,,F000112,passenger
40594.75585405215,40912.55816605215,EVTOL_001,cruise,False,,F000112,passenger
40601.97284405215,40661.97284405215,EVTOL_004,landing,False,,F000110,passenger
40621.59167605215,40681.59167605215,EVTOL_003,landing,False,,F000111,passenger
40622.290228247635,40892.290228247635,EVTOL_002,boarding,True,BW,F000113,passenger
40661.97284405215,40721.97284405215,EVTOL_004,disembarking,False,LYBV,F000110,passenger
40681.59167605215,40741.59167605215,EVTOL_003,disembarking,False,BW,F000111,passenger
40721.97284405215,40853.97284405215,EVTOL_004,disembarking,True,LYBV,F000110,passenger
40741.59167605215,40873.59167605215,EVTOL_003,disembarking,True,BW,F000111,passenger
40853.97284405215,40881.83153202309,EVTOL_004,idle,True,LYBV,,
40873.59167605215,41053.44389802309,EVTOL_003,idle,True,BW,,
40881.83153202309,40941.83153202309,EVTOL_004,departure_finalization,False,LYBV,F000114,repositioning
40892.290228247635,40952.290228247635,EVTOL_002,departure_finalization,False,BW,F000113,passenger
40912.55816605215,40972.55816605215,EVTOL_001,landing,False,,F000112,passenger
40941.83153202309,40981.83153202309,EVTOL_004,takeoff,False,,F000114,repositioning
40952.290228247635,40992.290228247635,EVTOL_002,takeoff,False,,F000113,passenger
40972.55816605215,41032.55816605215,EVTOL_001,disembarking,False,JUG,F000112,passenger
40981.83153202309,41318.27972002309,EVTOL_004,cruise,False,,F000114,repositioning
40992.290228247635,41217.126050247636,EVTOL_002,cruise,False,,F000113,passenger
41032.55816605215,41164.55816605215,EVTOL_001,disembarking,True,JUG,F000112,passenger
41053.44389802309,41113.44389802309,EVTOL_003,departure_finalization,False,BW,F000115,repositioning
41113.44389802309,41153.44389802309,EVTOL_003,takeoff,False,,F000115,repositioning
41153.44389802309,41378.27972002309,EVTOL_003,cruise,False,,F000115,repositioning
41164.55816605215,41224.55816605215,EVTOL_001,departure_finalization,False,JUG,F000116,repositioning
41217.126050247636,41277.126050247636,EVTOL_002,landing,False,,F000113,passenger
41224.55816605215,41264.55816605215,EVTOL_001,takeoff,False,,F000116,repositioning
41264.55816605215,41582.36047805215,EVTOL_001,cruise,False,,F000116,repositioning
41277.126050247636,41337.126050247636,EVTOL_002,disembarking,False,LYBE,F000113,passenger
41318.27972002309,41378.27972002309,EVTOL_004,landing,False,,F000114,repositioning
41337.126050247636,41469.126050247636,EVTOL_002,disembarking,True,LYBE,F000113,passenger
41378.27972002309,41438.27972002309,EVTOL_003,landing,False,,F000115,repositioning
41378.27972002309,41438.27972002309,EVTOL_004,boarding,False,LYBE,F000117,passenger
41438.27972002309,41498.27972002309,EVTOL_003,boarding,False,LYBE,F000118,passenger
41438.27972002309,41648.27972002309,EVTOL_004,boarding,True,LYBE,F000117,passenger
41469.126050247636,41638.526887961714,EVTOL_002,idle,True,LYBE,,
41498.27972002309,41708.27972002309,EVTOL_003,boarding,True,LYBE,F000118,passenger
41582.36047805215,41642.36047805215,EVTOL_001,landing,False,,F000116,repositioning
41638.526887961714,42058.526887961714,EVTOL_002,boarding,True,LYBE,F000119,passenger
41642.36047805215,41702.36047805215,EVTOL_001,idle,False,LYBE,,
41648.27972002309,41941.84268796791,EVTOL_004,waiting_for_departure,True,LYBE,F000117,passenger
41702.36047805215,42041.85296639672,EVTOL_001,idle,True,LYBE,,
41708.27972002309,41819.95317393082,EVTOL_003,waiting_for_departure,True,LYBE,F000118,passenger
41819.95317393082,41879.95317393082,EVTOL_003,departure_finalization,False,LYBE,F000118,passenger
41879.95317393082,41919.95317393082,EVTOL_003,takeoff,False,,F000118,passenger
41919.95317393082,42247.753387930825,EVTOL_003,cruise,False,,F000118,passenger
41941.84268796791,42001.84268796791,EVTOL_004,departure_finalization,False,LYBE,F000117,passenger
42001.84268796791,42041.84268796791,EVTOL_004,takeoff,False,,F000117,passenger
42041.84268796791,42378.29087596791,EVTOL_004,cruise,False,,F000117,passenger
42041.85296639672,42236.85296639672,EVTOL_001,boarding,True,LYBE,F000120,passenger
42058.526887961714,42118.526887961714,EVTOL_002,departure_finalization,False,LYBE,F000119,passenger
42118.526887961714,42158.526887961714,EVTOL_002,takeoff,False,,F000119,passenger
42158.526887961714,42383.362709961715,EVTOL_002,cruise,False,,F000119,passenger
42236.85296639672,42296.85296639672,EVTOL_001,departure_finalization,False,LYBE,F000120,passenger
42247.753387930825,42307.753387930825,EVTOL_003,landing,False,,F000118,passenger
42296.85296639672,42336.85296639672,EVTOL_001,takeoff,False,,F000120,passenger
42307.753387930825,42367.753387930825,EVTOL_003,disembarking,False,DOR,F000118,passenger
42336.85296639672,42437.61536439672,EVTOL_001,cruise,False,,F000120,passenger
42367.753387930825,42499.753387930825,EVTOL_003,disembarking,True,DOR,F000118,passenger
42378.29087596791,42438.29087596791,EVTOL_004,landing,False,,F000117,passenger
42383.362709961715,42443.362709961715,EVTOL_002,landing,False,,F000119,passenger
42437.61536439672,42497.61536439672,EVTOL_001,landing,False,,F000120,passenger
42438.29087596791,42498.29087596791,EVTOL_004,disembarking,False,LYBV,F000117,passenger
42443.362709961715,42503.362709961715,EVTOL_002,disembarking,False,BW,F000119,passenger
42497.61536439672,42557.61536439672,EVTOL_001,disembarking,False,EXPO,F000120,passenger
42498.29087596791,42630.29087596791,EVTOL_004,disembarking,True,LYBV,F000117,passenger
42499.753387930825,42694.753387930825,EVTOL_003,boarding,True,DOR,F000121,passenger
42503.362709961715,42767.362709961715,EVTOL_002,disembarking,True,BW,F000119,passenger
42557.61536439672,42623.61536439672,EVTOL_001,disembarking,True,EXPO,F000120,passenger
42623.61536439672,42683.61536439672,EVTOL_001,departure_finalization,False,EXPO,F000122,repositioning
42630.29087596791,42834.388271489464,EVTOL_004,idle,True,LYBV,,
42683.61536439672,42723.61536439672,EVTOL_001,takeoff,False,,F000122,repositioning
42694.753387930825,42864.39244722712,EVTOL_003,waiting_for_departure,True,DOR,F000121,passenger
42723.61536439672,42824.37776239672,EVTOL_001,cruise,False,,F000122,repositioning
42767.362709961715,42827.362709961715,EVTOL_002,departure_finalization,False,BW,F000123,repositioning
42824.37776239672,42884.37776239672,EVTOL_001,landing,False,,F000122,repositioning
42827.362709961715,42867.362709961715,EVTOL_002,takeoff,False,,F000123,repositioning
42834.388271489464,42894.388271489464,EVTOL_004,departure_finalization,False,LYBV,F000124,repositioning
42864.39244722712,42924.39244722712,EVTOL_003,departure_finalization,False,DOR,F000121,passenger
42867.362709961715,43092.198531961716,EVTOL_002,cruise,False,,F000123,repositioning
42884.37776239672,42944.37776239672,EVTOL_001,boarding,False,LYBE,F000125,passenger
42894.388271489464,42934.388271489464,EVTOL_004,takeoff,False,,F000124,repositioning
42924.39244722712,42964.39244722712,EVTOL_003,takeoff,False,,F000121,passenger
42934.388271489464,43028.000637489466,EVTOL_004,cruise,False,,F000124,repositioning
42944.37776239672,43154.37776239672,EVTOL_001,boarding,True,LYBE,F000125,passenger
42964.39244722712,43292.19266122712,EVTOL_003,cruise,False,,F000121,passenger
43028.000637489466,43088.000637489466,EVTOL_004,landing,False,,F000124,repositioning
43088.000637489466,43148.000637489466,EVTOL_004,cleaning,False,BW,F000124,repositioning
43092.198531961716,43152.198531961716,EVTOL_002,landing,False,,F000123,repositioning
43148.000637489466,43688.000637489466,EVTOL_004,cleaning,True,BW,F000124,repositioning
43152.198531961716,43212.198531961716,EVTOL_002,idle,False,LYBE,,
43154.37776239672,43447.020306026694,EVTOL_001,waiting_for_departure,True,LYBE,F000125,passenger
43212.198531961716,43390.57616076573,EVTOL_002,idle,True,LYBE,,
43292.19266122712,43352.19266122712,EVTOL_003,landing,False,,F000121,passenger
43352.19266122712,43412.19266122712,EVTOL_003,disembarking,False,LYBE,F000121,passenger
43390.57616076573,43660.57616076573,EVTOL_002,boarding,True,LYBE,F000126,passenger
43412.19266122712,43478.19266122712,EVTOL_003,disembarking,True,LYBE,F000121,passenger
43447.020306026694,43507.020306026694,EVTOL_001,departure_finalization,False,LYBE,F000125,passenger
43478.19266122712,44078.19266122712,EVTOL_003,cleaning,True,LYBE,F000121,passenger
43507.020306026694,43547.020306026694,EVTOL_001,takeoff,False,,F000125,passenger
43547.020306026694,43883.468494026696,EVTOL_001,cruise,False,,F000125,passenger
43660.57616076573,43720.57616076573,EVTOL_002,departure_finalization,False,LYBE,F000126,passenger
43688.000637489466,43734.388271489464,EVTOL_004,idle,True,BW,,
43720.57616076573,43760.57616076573,EVTOL_002,takeoff,False,,F000126,passenger
43734.388271489464,43929.388271489464,EVTOL_004,boarding,True,BW,F000127,passenger
43760.57616076573,44088.376374765736,EVTOL_002,cruise,False,,F000126,passenger
43883.468494026696,43943.468494026696,EVTOL_001,landing,False,,F000125,passenger
43929.388271489464,43989.388271489464,EVTOL_004,departure_finalization,False,BW,F000127,passenger
43943.468494026696,44003.468494026696,EVTOL_001,disembarking,False,LYBV,F000125,passenger
43989.388271489464,44029.388271489464,EVTOL_004,takeoff,False,,F000127,passenger
44003.468494026696,44135.468494026696,EVTOL_001,disembarking,True,LYBV,F000125,passenger
44029.388271489464,44254.224093489465,EVTOL_004,cruise,False,,F000127,passenger
44078.19266122712,44498.19266122712,EVTOL_003,boarding,True,LYBE,F000128,passenger
44088.376374765736,44148.376374765736,EVTOL_002,landing,False,,F000126,passenger
44135.468494026696,44735.468494026696,EVTOL_001,cleaning,True,LYBV,F000125,passenger
44148.376374765736,44208.376374765736,EVTOL_002,disembarking,False,DOR,F000126,passenger
44208.376374765736,44340.376374765736,EVTOL_002,disembarking,True,DOR,F000126,passenger
44254.224093489465,44314.224093489465,EVTOL_004,landing,False,,F000127,passenger
44314.224093489465,44374.224093489465,EVTOL_004,disembarking,False,LYBE,F000127,passenger
44340.376374765736,44465.328900501176,EVTOL_002,idle,True,DOR,,
44374.224093489465,44440.224093489465,EVTOL_004,disembarking,True,LYBE,F000127,passenger
44440.224093489465,44635.224093489465,EVTOL_004,boarding,True,LYBE,F000129,passenger
44465.328900501176,44525.328900501176,EVTOL_002,departure_finalization,False,DOR,F000130,repositioning
44498.19266122712,44558.19266122712,EVTOL_003,departure_finalization,False,LYBE,F000128,passenger
44525.328900501176,44565.328900501176,EVTOL_002,takeoff,False,,F000130,repositioning
44558.19266122712,44598.19266122712,EVTOL_003,takeoff,False,,F000128,passenger
44565.328900501176,44893.12911450118,EVTOL_002,cruise,False,,F000130,repositioning
44598.19266122712,44823.02848322712,EVTOL_003,cruise,False,,F000128,passenger
44635.224093489465,44695.224093489465,EVTOL_004,departure_finalization,False,LYBE,F000129,passenger
44695.224093489465,44735.224093489465,EVTOL_004,takeoff,False,,F000129,passenger
44735.224093489465,45053.026405489465,EVTOL_004,cruise,False,,F000129,passenger
44735.468494026696,44795.468494026696,EVTOL_001,departure_finalization,False,LYBV,F000131,repositioning
44795.468494026696,44835.468494026696,EVTOL_001,takeoff,False,,F000131,repositioning
44823.02848322712,44883.02848322712,EVTOL_003,landing,False,,F000128,passenger
44835.468494026696,45171.9166820267,EVTOL_001,cruise,False,,F000131,repositioning
44883.02848322712,44943.02848322712,EVTOL_003,disembarking,False,BW,F000128,passenger
44893.12911450118,44953.12911450118,EVTOL_002,landing,False,,F000130,repositioning
44943.02848322712,45207.02848322712,EVTOL_003,disembarking,True,BW,F000128,passenger
44953.12911450118,45013.12911450118,EVTOL_002,boarding,False,LYBE,F000132,passenger
45013.12911450118,45223.12911450118,EVTOL_002,boarding,True,LYBE,F000132,passenger
45053.026405489465,45113.026405489465,EVTOL_004,landing,False,,F000129,passenger
45113.026405489465,45173.026405489465,EVTOL_004,disembarking,False,JUG,F000129,passenger
45171.9166820267,45231.9166820267,EVTOL_001,landing,False,,F000131,repositioning
45173.026405489465,45239.026405489465,EVTOL_004,disembarking,True,JUG,F000129,passenger
45207.02848322712,45332.544895412655,EVTOL_003,idle,True,BW,,
45223.12911450118,45517.380717412656,EVTOL_002,waiting_for_departure,True,LYBE,F000132,passenger
45231.9166820267,45291.9166820267,EVTOL_001,boarding,False,LYBE,F000133,passenger
45239.026405489465,45327.65682884097,EVTOL_004,idle,True,JUG,,
45291.9166820267,45426.9166820267,EVTOL_001,boarding,True,LYBE,F000133,passenger
45327.65682884097,45387.65682884097,EVTOL_004,departure_finalization,False,JUG,F000134,repositioning
45332.544895412655,45392.544895412655,EVTOL_003,departure_finalization,False,BW,F000135,repositioning
45387.65682884097,45427.65682884097,EVTOL_004,takeoff,False,,F000134,repositioning
45392.544895412655,45432.544895412655,EVTOL_003,takeoff,False,,F000135,repositioning
45426.9166820267,45557.380717412656,EVTOL_001,waiting_for_departure,True,LYBE,F000133,passenger
45427.65682884097,45478.13381484097,EVTOL_004,cruise,False,,F000134,repositioning
45432.544895412655,45657.380717412656,EVTOL_003,cruise,False,,F000135,repositioning
45478.13381484097,45538.13381484097,EVTOL_004,landing,False,,F000134,repositioning
45517.380717412656,45577.380717412656,EVTOL_002,departure_finalization,False,LYBE,F000132,passenger
45538.13381484097,45598.13381484097,EVTOL_004,idle,False,DOR,,
45557.380717412656,45617.380717412656,EVTOL_001,departure_finalization,False,LYBE,F000133,passenger
45577.380717412656,45617.380717412656,EVTOL_002,takeoff,False,,F000132,passenger
45598.13381484097,45780.681598155716,EVTOL_004,idle,True,DOR,,
45617.380717412656,45657.380717412656,EVTOL_001,takeoff,False,,F000133,passenger
45617.380717412656,45953.82890541266,EVTOL_002,cruise,False,,F000132,passenger
45657.380717412656,45882.21653941266,EVTOL_001,cruise,False,,F000133,passenger
45657.380717412656,45717.380717412656,EVTOL_003,landing,False,,F000135,repositioning
45717.380717412656,45777.380717412656,EVTOL_003,idle,False,LYBE,,
45777.380717412656,46090.06674125814,EVTOL_003,idle,True,LYBE,,
45780.681598155716,45975.681598155716,EVTOL_004,boarding,True,DOR,F000136,passenger
45882.21653941266,45942.21653941266,EVTOL_001,landing,False,,F000133,passenger
45942.21653941266,46002.21653941266,EVTOL_001,disembarking,False,BW,F000133,passenger
45953.82890541266,46013.82890541266,EVTOL_002,landing,False,,F000132,passenger
45975.681598155716,46116.8560200706,EVTOL_004,waiting_for_departure,True,DOR,F000136,passenger
46002.21653941266,46068.21653941266,EVTOL_001,disembarking,True,BW,F000133,passenger
46013.82890541266,46073.82890541266,EVTOL_002,disembarking,False,LYBV,F000132,passenger
46068.21653941266,46452.398941044055,EVTOL_001,idle,True,BW,,
46073.82890541266,46205.82890541266,EVTOL_002,disembarking,True,LYBV,F000132,passenger
46090.06674125814,46285.06674125814,EVTOL_003,boarding,True,LYBE,F000137,passenger
46116.8560200706,46176.8560200706,EVTOL_004,departure_finalization,False,DOR,F000136,passenger
46176.8560200706,46216.8560200706,EVTOL_004,takeoff,False,,F000136,passenger
46205.82890541266,46452.398941044055,EVTOL_002,idle,True,LYBV,,
46216.8560200706,46544.6562340706,EVTOL_004,cruise,False,,F000136,passenger
46285.06674125814,46345.06674125814,EVTOL_003,departure_finalization,False,LYBE,F000137,passenger
46345.06674125814,46385.06674125814,EVTOL_003,takeoff,False,,F000137,passenger
46385.06674125814,46721.51492925814,EVTOL_003,cruise,False,,F000137,passenger
46452.398941044055,46512.398941044055,EVTOL_001,departure_finalization,False,BW,F000138,repositioning
46452.398941044055,46512.398941044055,EVTOL_002,departure_finalization,False,LYBV,F000139,repositioning
46512.398941044055,46552.398941044055,EVTOL_001,takeoff,False,,F000138,repositioning
46512.398941044055,46552.398941044055,EVTOL_002,takeoff,False,,F000139,repositioning
46544.6562340706,46604.6562340706,EVTOL_004,landing,False,,F000136,passenger
46552.398941044055,46777.234763044056,EVTOL_001,cruise,False,,F000138,repositioning
46552.398941044055,46646.01130704406,EVTOL_002,cruise,False,,F000139,repositioning
46604.6562340706,46664.6562340706,EVTOL_004,disembarking,False,LYBE,F000136,passenger
46646.01130704406,46706.01130704406,EVTOL_002,landing,False,,F000139,repositioning
46664.6562340706,46730.6562340706,EVTOL_004,disembarking,True,LYBE,F000136,passenger
46706.01130704406,46766.01130704406,EVTOL_002,boarding,False,BW,F000140,passenger
46721.51492925814,46781.51492925814,EVTOL_003,landing,False,,F000137,passenger
46730.6562340706,46925.6562340706,EVTOL_004,boarding,True,LYBE,F000141,passenger
46766.01130704406,46976.01130704406,EVTOL_002,boarding,True,BW,F000140,passenger
46777.234763044056,46837.234763044056,EVTOL_001,landing,False,,F000138,repositioning
46781.51492925814,46841.51492925814,EVTOL_003,disembarking,False,LYBV,F000137,passenger
46837.234763044056,46897.234763044056,EVTOL_001,idle,False,LYBE,,
46841.51492925814,46907.51492925814,EVTOL_003,disembarking,True,LYBV,F000137,passenger
46897.234763044056,47352.398941044055,EVTOL_001,idle,True,LYBE,,
46907.51492925814,47102.51492925814,EVTOL_003,boarding,True,LYBV,F000142,passenger
46925.6562340706,47071.106112966896,EVTOL_004,waiting_for_departure,True,LYBE,F000141,passenger
46976.01130704406,47103.358658638586,EVTOL_002,waiting_for_departure,True,BW,F000140,passenger
47071.106112966896,47131.106112966896,EVTOL_004,departure_finalization,False,LYBE,F000141,passenger
47102.51492925814,47162.51492925814,EVTOL_003,departure_finalization,False,LYBV,F000142,passenger
47103.358658638586,47163.358658638586,EVTOL_002,departure_finalization,False,BW,F000140,passenger
47131.106112966896,47171.106112966896,EVTOL_004,takeoff,False,,F000141,passenger
47162.51492925814,47202.51492925814,EVTOL_003,takeoff,False,,F000142,passenger
47163.358658638586,47203.358658638586,EVTOL_002,takeoff,False,,F000140,passenger
47171.106112966896,47395.9419349669,EVTOL_004,cruise,False,,F000141,passenger
47202.51492925814,47538.96311725814,EVTOL_003,cruise,False,,F000142,passenger
47203.358658638586,47428.19448063859,EVTOL_002,cruise,False,,F000140,passenger
47352.398941044055,47697.398941044055,EVTOL_001,boarding,True,LYBE,F000143,passenger
47395.9419349669,47455.9419349669,EVTOL_004,landing,False,,F000141,passenger
47428.19448063859,47488.19448063859,EVTOL_002,landing,False,,F000140,passenger
47455.9419349669,47515.9419349669,EVTOL_004,disembarking,False,BW,F000141,passenger
47488.19448063859,47548.19448063859,EVTOL_002,disembarking,False,LYBE,F000140,passenger
47515.9419349669,47581.9419349669,EVTOL_004,disembarking,True,BW,F000141,passenger
47538.96311725814,47598.96311725814,EVTOL_003,landing,False,,F000142,passenger
47548.19448063859,47680.19448063859,EVTOL_002,disembarking,True,LYBE,F000140,passenger
47581.9419349669,47815.648803063195,EVTOL_004,idle,True,BW,,
47598.96311725814,47658.96311725814,EVTOL_003,disembarking,False,LYBE,F000142,passenger
47658.96311725814,47724.96311725814,EVTOL_003,disembarking,True,LYBE,F000142,passenger
47680.19448063859,48280.19448063859,EVTOL_002,cleaning,True,LYBE,F000140,passenger
47697.398941044055,47757.398941044055,EVTOL_001,departure_finalization,False,LYBE,F000143,passenger
47724.96311725814,47985.949399729936,EVTOL_003,idle,True,LYBE,,
47757.398941044055,47797.398941044055,EVTOL_001,takeoff,False,,F000143,passenger
47797.398941044055,48115.201253044055,EVTOL_001,cruise,False,,F000143,passenger
47815.648803063195,47875.648803063195,EVTOL_004,departure_finalization,False,BW,F000144,repositioning
47875.648803063195,47915.648803063195,EVTOL_004,takeoff,False,,F000144,repositioning
47915.648803063195,48009.2611690632,EVTOL_004,cruise,False,,F000144,repositioning
47985.949399729936,48180.949399729936,EVTOL_003,boarding,True,LYBE,F000145,passenger
48009.2611690632,48069.2611690632,EVTOL_004,landing,False,,F000144,repositioning
48069.2611690632,48075.83128931378,EVTOL_004,idle,False,LYBV,,
48075.83128931378,48129.2611690632,EVTOL_004,boarding,False,LYBV,F000146,passenger
48115.201253044055,48175.201253044055,EVTOL_001,landing,False,,F000143,passenger
48129.2611690632,48345.83128931378,EVTOL_004,boarding,True,LYBV,F000146,passenger
48175.201253044055,48235.201253044055,EVTOL_001,disembarking,False,JUG,F000143,passenger
48180.949399729936,48240.949399729936,EVTOL_003,departure_finalization,False,LYBE,F000145,passenger
48235.201253044055,48433.201253044055,EVTOL_001,disembarking,True,JUG,F000143,passenger
48240.949399729936,48280.949399729936,EVTOL_003,takeoff,False,,F000145,passenger
48280.19448063859,48550.19448063859,EVTOL_002,boarding,True,LYBE,F000147,passenger
48280.949399729936,48381.711797729935,EVTOL_003,cruise,False,,F000145,passenger
48345.83128931378,48652.16106357468,EVTOL_004,waiting_for_departure,True,LYBV,F000146,passenger
48381.711797729935,48441.711797729935,EVTOL_003,landing,False,,F000145,passenger
48433.201253044055,48628.201253044055,EVTOL_001,boarding,True,JUG,F000148,passenger
48441.711797729935,48501.711797729935,EVTOL_003,disembarking,False,EXPO,F000145,passenger
48501.711797729935,48567.711797729935,EVTOL_003,disembarking,True,EXPO,F000145,passenger
48550.19448063859,48610.19448063859,EVTOL_002,departure_finalization,False,LYBE,F000147,passenger
48567.711797729935,48762.711797729935,EVTOL_003,boarding,True,EXPO,F000149,passenger
48610.19448063859,48650.19448063859,EVTOL_002,takeoff,False,,F000147,passenger
48628.201253044055,48730.80693957468,EVTOL_001,waiting_for_departure,True,JUG,F000148,passenger
48650.19448063859,48977.99469463859,EVTOL_002,cruise,False,,F000147,passenger
48652.16106357468,48712.16106357468,EVTOL_004,departure_finalization,False,LYBV,F000146,passenger
48712.16106357468,48752.16106357468,EVTOL_004,takeoff,False,,F000146,passenger
48730.80693957468,48790.80693957468,EVTOL_001,departure_finalization,False,JUG,F000148,passenger
48752.16106357468,49088.60925157468,EVTOL_004,cruise,False,,F000146,passenger
48762.711797729935,48822.711797729935,EVTOL_003,departure_finalization,False,EXPO,F000149,passenger
48790.80693957468,48830.80693957468,EVTOL_001,takeoff,False,,F000148,passenger
48822.711797729935,48862.711797729935,EVTOL_003,takeoff,False,,F000149,passenger
48830.80693957468,49148.60925157468,EVTOL_001,cruise,False,,F000148,passenger
48862.711797729935,48963.474195729934,EVTOL_003,cruise,False,,F000149,passenger
48963.474195729934,49023.474195729934,EVTOL_003,landing,False,,F000149,passenger
48977.99469463859,49037.99469463859,EVTOL_002,landing,False,,F000147,passenger
49023.474195729934,49083.474195729934,EVTOL_003,disembarking,False,LYBE,F000149,passenger
49037.99469463859,49097.99469463859,EVTOL_002,disembarking,False,DOR,F000147,passenger
49083.474195729934,49149.474195729934,EVTOL_003,disembarking,True,LYBE,F000149,passenger
49088.60925157468,49148.60925157468,EVTOL_004,landing,False,,F000146,passenger
49097.99469463859,49229.99469463859,EVTOL_002,disembarking,True,DOR,F000147,passenger
49148.60925157468,49208.60925157468,EVTOL_001,landing,False,,F000148,passenger
49148.60925157468,49208.60925157468,EVTOL_004,disembarking,False,LYBE,F000146,passenger
49149.474195729934,49929.717631258754,EVTOL_003,idle,True,LYBE,,
49208.60925157468,49268.60925157468,EVTOL_001,disembarking,False,LYBE,F000148,passenger
49208.60925157468,49340.60925157468,EVTOL_004,disembarking,True,LYBE,F000146,passenger
49229.99469463859,49413.103388764095,EVTOL_002,idle,True,DOR,,
49268.60925157468,49334.60925157468,EVTOL_001,disembarking,True,LYBE,F000148,passenger
49334.60925157468,49467.73378520848,EVTOL_001,idle,True,LYBE,,
49340.60925157468,50556.829556245764,EVTOL_004,idle,True,LYBE,,
49413.103388764095,49473.103388764095,EVTOL_002,departure_finalization,False,DOR,F000150,repositioning
49467.73378520848,49662.73378520848,EVTOL_001,boarding,True,LYBE,F000151,passenger
49473.103388764095,49513.103388764095,EVTOL_002,takeoff,False,,F000150,repositioning
49513.103388764095,49563.5803747641,EVTOL_002,cruise,False,,F000150,repositioning
49563.5803747641,49623.5803747641,EVTOL_002,landing,False,,F000150,repositioning
49623.5803747641,49683.5803747641,EVTOL_002,idle,False,JUG,,
49662.73378520848,49722.73378520848,EVTOL_001,departure_finalization,False,LYBE,F000151,passenger
49683.5803747641,50313.103388764095,EVTOL_002,idle,True,JUG,,
49722.73378520848,49762.73378520848,EVTOL_001,takeoff,False,,F000151,passenger
49762.73378520848,50080.53609720848,EVTOL_001,cruise,False,,F000151,passenger
49929.717631258754,50274.717631258754,EVTOL_003,boarding,True,LYBE,F000152,passenger
50080.53609720848,50140.53609720848,EVTOL_001,landing,False,,F000151,passenger
50140.53609720848,50200.53609720848,EVTOL_001,disembarking,False,JUG,F000151,passenger
50200.53609720848,50266.53609720848,EVTOL_001,disembarking,True,JUG,F000151,passenger
50266.53609720848,52332.95032084935,EVTOL_001,idle,True,JUG,,
50274.717631258754,50334.717631258754,EVTOL_003,departure_finalization,False,LYBE,F000152,passenger
50313.103388764095,50583.103388764095,EVTOL_002,boarding,True,JUG,F000153,passenger
50334.717631258754,50374.717631258754,EVTOL_003,takeoff,False,,F000152,passenger
50374.717631258754,50599.553453258755,EVTOL_003,cruise,False,,F000152,passenger
50556.829556245764,50751.829556245764,EVTOL_004,boarding,True,LYBE,F000154,passenger
50583.103388764095,50643.103388764095,EVTOL_002,departure_finalization,False,JUG,F000153,passenger
50599.553453258755,50659.553453258755,EVTOL_003,landing,False,,F000152,passenger
50643.103388764095,50683.103388764095,EVTOL_002,takeoff,False,,F000153,passenger
50659.553453258755,50719.553453258755,EVTOL_003,disembarking,False,BW,F000152,passenger
50683.103388764095,51000.905700764095,EVTOL_002,cruise,False,,F000153,passenger
50719.553453258755,50917.553453258755,EVTOL_003,disembarking,True,BW,F000152,passenger
50751.829556245764,50811.829556245764,EVTOL_004,departure_finalization,False,LYBE,F000154,passenger
50811.829556245764,50851.829556245764,EVTOL_004,takeoff,False,,F000154,passenger
50851.829556245764,50952.59195424576,EVTOL_004,cruise,False,,F000154,passenger
50917.553453258755,50939.19857277814,EVTOL_003,idle,True,BW,,
50939.19857277814,50999.19857277814,EVTOL_003,departure_finalization,False,BW,F000155,repositioning
50952.59195424576,51012.59195424576,EVTOL_004,landing,False,,F000154,passenger
50999.19857277814,51039.19857277814,EVTOL_003,takeoff,False,,F000155,repositioning
51000.905700764095,51060.905700764095,EVTOL_002,landing,False,,F000153,passenger
51012.59195424576,51072.59195424576,EVTOL_004,disembarking,False,EXPO,F000154,passenger
51039.19857277814,51258.22221277814,EVTOL_003,cruise,False,,F000155,repositioning
51060.905700764095,51120.905700764095,EVTOL_002,disembarking,False,LYBE,F000153,passenger
51072.59195424576,51138.59195424576,EVTOL_004,disembarking,True,EXPO,F000154,passenger
51120.905700764095,51252.905700764095,EVTOL_002,disembarking,True,LYBE,F000153,passenger
51138.59195424576,51198.59195424576,EVTOL_004,departure_finalization,False,EXPO,F000156,repositioning
51198.59195424576,51238.59195424576,EVTOL_004,takeoff,False,,F000156,repositioning
51238.59195424576,51339.35435224576,EVTOL_004,cruise,False,,F000156,repositioning
51252.905700764095,51569.393226538516,EVTOL_002,idle,True,LYBE,,
51258.22221277814,51318.22221277814,EVTOL_003,landing,False,,F000155,repositioning
51318.22221277814,51342.1975900576,EVTOL_003,idle,False,EXPO,,
51339.35435224576,51399.35435224576,EVTOL_004,landing,False,,F000156,repositioning
51342.1975900576,51378.22221277814,EVTOL_003,boarding,False,EXPO,F000157,passenger
51378.22221277814,51537.1975900576,EVTOL_003,boarding,True,EXPO,F000157,passenger
51399.35435224576,51459.35435224576,EVTOL_004,idle,False,LYBE,,
51459.35435224576,51839.19857277814,EVTOL_004,idle,True,LYBE,,
51537.1975900576,51597.1975900576,EVTOL_003,departure_finalization,False,EXPO,F000157,passenger
51569.393226538516,51764.393226538516,EVTOL_002,boarding,True,LYBE,F000158,passenger
51597.1975900576,51637.1975900576,EVTOL_003,takeoff,False,,F000157,passenger
51637.1975900576,51737.9599880576,EVTOL_003,cruise,False,,F000157,passenger
51737.9599880576,51797.9599880576,EVTOL_003,landing,False,,F000157,passenger
51764.393226538516,51824.393226538516,EVTOL_002,departure_finalization,False,LYBE,F000158,passenger
51797.9599880576,51857.9599880576,EVTOL_003,disembarking,False,LYBE,F000157,passenger
51824.393226538516,51864.393226538516,EVTOL_002,takeoff,False,,F000158,passenger
51839.19857277814,52034.19857277814,EVTOL_004,boarding,True,LYBE,F000159,passenger
51857.9599880576,51923.9599880576,EVTOL_003,disembarking,True,LYBE,F000157,passenger
51864.393226538516,52089.22904853852,EVTOL_002,cruise,False,,F000158,passenger
51923.9599880576,55656.94886362265,EVTOL_003,idle,True,LYBE,,
52034.19857277814,52094.19857277814,EVTOL_004,departure_finalization,False,LYBE,F000159,passenger
52089.22904853852,52149.22904853852,EVTOL_002,landing,False,,F000158,passenger
52094.19857277814,52134.19857277814,EVTOL_004,takeoff,False,,F000159,passenger
52134.19857277814,52461.998786778146,EVTOL_004,cruise,False,,F000159,passenger
52149.22904853852,52209.22904853852,EVTOL_002,disembarking,False,BW,F000158,passenger
52209.22904853852,52275.22904853852,EVTOL_002,disembarking,True,BW,F000158,passenger
52275.22904853852,52668.31080431563,EVTOL_002,idle,True,BW,,
52332.95032084935,52392.95032084935,EVTOL_001,departure_finalization,False,JUG,F000160,repositioning
52392.95032084935,52432.95032084935,EVTOL_001,takeoff,False,,F000160,repositioning
52432.95032084935,52619.52917684935,EVTOL_001,cruise,False,,F000160,repositioning
52461.998786778146,52521.998786778146,EVTOL_004,landing,False,,F000159,passenger
52521.998786778146,52581.998786778146,EVTOL_004,disembarking,False,DOR,F000159,passenger
52581.998786778146,52647.998786778146,EVTOL_004,disembarking,True,DOR,F000159,passenger
52619.52917684935,52679.52917684935,EVTOL_001,landing,False,,F000160,repositioning
52647.998786778146,53247.998786778146,EVTOL_004,cleaning,True,DOR,F000159,passenger
52668.31080431563,52863.31080431563,EVTOL_002,boarding,True,BW,F000161,passenger
52679.52917684935,52739.52917684935,EVTOL_001,idle,False,LYBV,,
52739.52917684935,53232.95032084935,EVTOL_001,idle,True,LYBV,,
52863.31080431563,52923.31080431563,EVTOL_002,departure_finalization,False,BW,F000161,passenger
52923.31080431563,52963.31080431563,EVTOL_002,takeoff,False,,F000161,passenger
52963.31080431563,53188.14662631563,EVTOL_002,cruise,False,,F000161,passenger
53188.14662631563,53248.14662631563,EVTOL_002,landing,False,,F000161,passenger
53232.95032084935,53502.95032084935,EVTOL_001,boarding,True,LYBV,F000162,passenger
53247.998786778146,53329.450670075785,EVTOL_004,idle,True,DOR,,
53248.14662631563,53308.14662631563,EVTOL_002,disembarking,False,LYBE,F000161,passenger
53308.14662631563,53374.14662631563,EVTOL_002,disembarking,True,LYBE,F000161,passenger
53329.450670075785,53524.450670075785,EVTOL_004,boarding,True,DOR,F000163,passenger
53374.14662631563,53534.60767194917,EVTOL_002,idle,True,LYBE,,
53502.95032084935,53562.95032084935,EVTOL_001,departure_finalization,False,LYBV,F000162,passenger
53524.450670075785,53571.59829484935,EVTOL_004,waiting_for_departure,True,DOR,F000163,passenger
53534.60767194917,53594.60767194917,EVTOL_002,departure_finalization,False,LYBE,F000164,repositioning
53562.95032084935,53602.95032084935,EVTOL_001,takeoff,False,,F000162,passenger
53571.59829484935,53631.59829484935,EVTOL_004,departure_finalization,False,DOR,F000163,passenger
53594.60767194917,53634.60767194917,EVTOL_002,takeoff,False,,F000164,repositioning
53602.95032084935,53939.39850884935,EVTOL_001,cruise,False,,F000162,passenger
53631.59829484935,53671.59829484935,EVTOL_004,takeoff,False,,F000163,passenger
53634.60767194917,53859.44349394917,EVTOL_002,cruise,False,,F000164,repositioning
53671.59829484935,53999.39850884935,EVTOL_004,cruise,False,,F000163,passenger
53859.44349394917,53919.44349394917,EVTOL_002,landing,False,,F000164,repositioning
53919.44349394917,53979.44349394917,EVTOL_002,idle,False,BW,,
53939.39850884935,53999.39850884935,EVTOL_001,landing,False,,F000162,passenger
53979.44349394917,54434.60767194917,EVTOL_002,idle,True,BW,,
53999.39850884935,54059.39850884935,EVTOL_001,disembarking,False,LYBE,F000162,passenger
53999.39850884935,54059.39850884935,EVTOL_004,landing,False,,F000163,passenger
54059.39850884935,54191.39850884935,EVTOL_001,disembarking,True,LYBE,F000162,passenger
54059.39850884935,54119.39850884935,EVTOL_004,disembarking,False,LYBE,F000163,passenger
54119.39850884935,54185.39850884935,EVTOL_004,disembarking,True,LYBE,F000163,passenger
54185.39850884935,55137.16277842079,EVTOL_004,idle,True,LYBE,,
54191.39850884935,54570.54520991195,EVTOL_001,idle,True,LYBE,,
54434.60767194917,54704.60767194917,EVTOL_002,boarding,True,BW,F000165,passenger
54570.54520991195,54630.54520991195,EVTOL_001,departure_finalization,False,LYBE,F000166,repositioning
54630.54520991195,54670.54520991195,EVTOL_001,takeoff,False,,F000166,repositioning
54670.54520991195,54998.34542391195,EVTOL_001,cruise,False,,F000166,repositioning
54704.60767194917,54764.60767194917,EVTOL_002,departure_finalization,False,BW,F000165,passenger
54764.60767194917,54804.60767194917,EVTOL_002,takeoff,False,,F000165,passenger
54804.60767194917,55029.44349394917,EVTOL_002,cruise,False,,F000165,passenger
54998.34542391195,55058.34542391195,EVTOL_001,landing,False,,F000166,repositioning
55029.44349394917,55089.44349394917,EVTOL_002,landing,False,,F000165,passenger
55058.34542391195,55118.34542391195,EVTOL_001,idle,False,DOR,,
55089.44349394917,55149.44349394917,EVTOL_002,disembarking,False,LYBE,F000165,passenger
55118.34542391195,55470.54520991195,EVTOL_001,idle,True,DOR,,
55137.16277842079,55197.16277842079,EVTOL_004,departure_finalization,False,LYBE,F000167,repositioning
55149.44349394917,55281.44349394917,EVTOL_002,disembarking,True,LYBE,F000165,passenger
55197.16277842079,55237.16277842079,EVTOL_004,takeoff,False,,F000167,repositioning
55237.16277842079,55554.96509042079,EVTOL_004,cruise,False,,F000167,repositioning
55281.44349394917,56037.16277842079,EVTOL_002,idle,True,LYBE,,
55470.54520991195,55665.54520991195,EVTOL_001,boarding,True,DOR,F000168,passenger
55554.96509042079,55614.96509042079,EVTOL_004,landing,False,,F000167,repositioning
55614.96509042079,55674.96509042079,EVTOL_004,idle,False,JUG,,
55656.94886362265,55716.94886362265,EVTOL_003,departure_finalization,False,LYBE,F000169,repositioning
55665.54520991195,55725.54520991195,EVTOL_001,departure_finalization,False,DOR,F000168,passenger
55674.96509042079,55810.06865164083,EVTOL_004,idle,True,JUG,,
55716.94886362265,55756.94886362265,EVTOL_003,takeoff,False,,F000169,repositioning
55725.54520991195,55765.54520991195,EVTOL_001,takeoff,False,,F000168,passenger
55756.94886362265,55981.78468562265,EVTOL_003,cruise,False,,F000169,repositioning
55765.54520991195,56093.34542391195,EVTOL_001,cruise,False,,F000168,passenger
55810.06865164083,56005.06865164083,EVTOL_004,boarding,True,JUG,F000170,passenger
55981.78468562265,56041.78468562265,EVTOL_003,landing,False,,F000169,repositioning
56005.06865164083,56065.06865164083,EVTOL_004,departure_finalization,False,JUG,F000170,passenger
56037.16277842079,56232.16277842079,EVTOL_002,boarding,True,LYBE,F000171,passenger
56041.78468562265,56101.78468562265,EVTOL_003,cleaning,False,BW,F000169,repositioning
56065.06865164083,56105.06865164083,EVTOL_004,takeoff,False,,F000170,passenger
56093.34542391195,56153.34542391195,EVTOL_001,landing,False,,F000168,passenger
56101.78468562265,56641.78468562265,EVTOL_003,cleaning,True,BW,F000169,repositioning
56105.06865164083,56422.87096364083,EVTOL_004,cruise,False,,F000170,passenger
56153.34542391195,56213.34542391195,EVTOL_001,disembarking,False,LYBE,F000168,passenger
56213.34542391195,56279.34542391195,EVTOL_001,disembarking,True,LYBE,F000168,passenger
56232.16277842079,56292.16277842079,EVTOL_002,departure_finalization,False,LYBE,F000171,passenger
56279.34542391195,56879.34542391195,EVTOL_001,cleaning,True,LYBE,F000168,passenger
56292.16277842079,56332.16277842079,EVTOL_002,takeoff,False,,F000171,passenger
56332.16277842079,56668.61096642079,EVTOL_002,cruise,False,,F000171,passenger
56422.87096364083,56482.87096364083,EVTOL_004,landing,False,,F000170,passenger
56482.87096364083,56542.87096364083,EVTOL_004,disembarking,False,LYBE,F000170,passenger
56542.87096364083,56608.87096364083,EVTOL_004,disembarking,True,LYBE,F000170,passenger
56608.87096364083,58279.685620665274,EVTOL_004,idle,True,LYBE,,
56641.78468562265,56836.78468562265,EVTOL_003,boarding,True,BW,F000172,passenger
56668.61096642079,56728.61096642079,EVTOL_002,landing,False,,F000171,passenger
56728.61096642079,56788.61096642079,EVTOL_002,disembarking,False,LYBV,F000171,passenger
56788.61096642079,56854.61096642079,EVTOL_002,disembarking,True,LYBV,F000171,passenger
56836.78468562265,56896.78468562265,EVTOL_003,departure_finalization,False,BW,F000172,passenger
56854.61096642079,56914.61096642079,EVTOL_002,departure_finalization,False,LYBV,F000173,repositioning
56879.34542391195,56939.34542391195,EVTOL_001,departure_finalization,False,LYBE,F000174,repositioning
56896.78468562265,56936.78468562265,EVTOL_003,takeoff,False,,F000172,passenger
56914.61096642079,56954.61096642079,EVTOL_002,takeoff,False,,F000173,repositioning
56936.78468562265,57161.620507622654,EVTOL_003,cruise,False,,F000172,passenger
56939.34542391195,56979.34542391195,EVTOL_001,takeoff,False,,F000174,repositioning
56954.61096642079,57141.18982242079,EVTOL_002,cruise,False,,F000173,repositioning
56979.34542391195,57307.145637911955,EVTOL_001,cruise,False,,F000174,repositioning
57141.18982242079,57201.18982242079,EVTOL_002,landing,False,,F000173,repositioning
57161.620507622654,57221.620507622654,EVTOL_003,landing,False,,F000172,passenger
57201.18982242079,57261.18982242079,EVTOL_002,boarding,False,JUG,F000175,passenger
57221.620507622654,57281.620507622654,EVTOL_003,disembarking,False,LYBE,F000172,passenger
57261.18982242079,57396.18982242079,EVTOL_002,boarding,True,JUG,F000175,passenger
57281.620507622654,57347.620507622654,EVTOL_003,disembarking,True,LYBE,F000172,passenger
57307.145637911955,57367.145637911955,EVTOL_001,landing,False,,F000174,repositioning
57347.620507622654,58085.535821232574,EVTOL_003,idle,True,LYBE,,
57367.145637911955,57427.145637911955,EVTOL_001,idle,False,DOR,,
57396.18982242079,57541.938265830555,EVTOL_002,waiting_for_departure,True,JUG,F000175,passenger
57427.145637911955,57601.83566003866,EVTOL_001,idle,True,DOR,,
57541.938265830555,57601.938265830555,EVTOL_002,departure_finalization,False,JUG,F000175,passenger
57601.83566003866,57796.83566003866,EVTOL_001,boarding,True,DOR,F000176,passenger
57601.938265830555,57641.938265830555,EVTOL_002,takeoff,False,,F000175,passenger
57641.938265830555,57959.740577830555,EVTOL_002,cruise,False,,F000175,passenger
57796.83566003866,57856.83566003866,EVTOL_001,departure_finalization,False,DOR,F000176,passenger
57856.83566003866,57896.83566003866,EVTOL_001,takeoff,False,,F000176,passenger
57896.83566003866,58224.635874038664,EVTOL_001,cruise,False,,F000176,passenger
57959.740577830555,58019.740577830555,EVTOL_002,landing,False,,F000175,passenger
58019.740577830555,58079.740577830555,EVTOL_002,disembarking,False,LYBE,F000175,passenger
58079.740577830555,58145.740577830555,EVTOL_002,disembarking,True,LYBE,F000175,passenger
58085.535821232574,58280.535821232574,EVTOL_003,boarding,True,LYBE,F000177,passenger
58145.740577830555,58745.740577830555,EVTOL_002,cleaning,True,LYBE,F000175,passenger
58224.635874038664,58284.635874038664,EVTOL_001,landing,False,,F000176,passenger
58279.685620665274,58474.685620665274,EVTOL_004,boarding,True,LYBE,F000178,passenger
58280.535821232574,58340.535821232574,EVTOL_003,departure_finalization,False,LYBE,F000177,passenger
58284.635874038664,58344.635874038664,EVTOL_001,disembarking,False,LYBE,F000176,passenger
58340.535821232574,58380.535821232574,EVTOL_003,takeoff,False,,F000177,passenger
58344.635874038664,58410.635874038664,EVTOL_001,disembarking,True,LYBE,F000176,passenger
58380.535821232574,58698.33813323257,EVTOL_003,cruise,False,,F000177,passenger
58410.635874038664,58590.476823897545,EVTOL_001,idle,True,LYBE,,
58474.685620665274,58534.685620665274,EVTOL_004,departure_finalization,False,LYBE,F000178,passenger
58534.685620665274,58574.685620665274,EVTOL_004,takeoff,False,,F000178,passenger
58574.685620665274,58675.44801866527,EVTOL_004,cruise,False,,F000178,passenger
58590.476823897545,58785.476823897545,EVTOL_001,boarding,True,LYBE,F000179,passenger
58675.44801866527,58735.44801866527,EVTOL_004,landing,False,,F000178,passenger
58698.33813323257,58758.33813323257,EVTOL_003,landing,False,,F000177,passenger
58735.44801866527,58795.44801866527,EVTOL_004,disembarking,False,EXPO,F000178,passenger
58745.740577830555,60573.2126213696,EVTOL_002,idle,True,LYBE,,
58758.33813323257,58818.33813323257,EVTOL_003,disembarking,False,JUG,F000177,passenger
58785.476823897545,58845.476823897545,EVTOL_001,departure_finalization,False,LYBE,F000179,passenger
58795.44801866527,58861.44801866527,EVTOL_004,disembarking,True,EXPO,F000178,passenger
58818.33813323257,58884.33813323257,EVTOL_003,disembarking,True,JUG,F000177,passenger
58845.476823897545,58885.476823897545,EVTOL_001,takeoff,False,,F000179,passenger
58861.44801866527,59595.20508892976,EVTOL_004,idle,True,EXPO,,
58884.33813323257,59079.33813323257,EVTOL_003,boarding,True,JUG,F000180,passenger
58885.476823897545,59213.27703789755,EVTOL_001,cruise,False,,F000179,passenger
59079.33813323257,59139.33813323257,EVTOL_003,departure_finalization,False,JUG,F000180,passenger
59139.33813323257,59179.33813323257,EVTOL_003,takeoff,False,,F000180,passenger
59179.33813323257,59497.14044523257,EVTOL_003,cruise,False,,F000180,passenger
59213.27703789755,59273.27703789755,EVTOL_001,landing,False,,F000179,passenger
59273.27703789755,59333.27703789755,EVTOL_001,disembarking,False,DOR,F000179,passenger
59333.27703789755,59399.27703789755,EVTOL_001,disembarking,True,DOR,F000179,passenger
59399.27703789755,59704.84153021605,EVTOL_001,idle,True,DOR,,
59497.14044523257,59557.14044523257,EVTOL_003,landing,False,,F000180,passenger
59557.14044523257,59617.14044523257,EVTOL_003,disembarking,False,LYBE,F000180,passenger
59595.20508892976,59790.20508892976,EVTOL_004,boarding,True,EXPO,F000181,passenger
59617.14044523257,59683.14044523257,EVTOL_003,disembarking,True,LYBE,F000180,passenger
59683.14044523257,60600.128498326376,EVTOL_003,idle,True,LYBE,,
59704.84153021605,59764.84153021605,EVTOL_001,departure_finalization,False,DOR,F000182,repositioning
59764.84153021605,59804.84153021605,EVTOL_001,takeoff,False,,F000182,repositioning
59790.20508892976,59850.20508892976,EVTOL_004,departure_finalization,False,EXPO,F000181,passenger
59804.84153021605,59889.80592221605,EVTOL_001,cruise,False,,F000182,repositioning
59850.20508892976,59890.20508892976,EVTOL_004,takeoff,False,,F000181,passenger
59889.80592221605,59949.80592221605,EVTOL_001,landing,False,,F000182,repositioning
59890.20508892976,59990.96748692976,EVTOL_004,cruise,False,,F000181,passenger
59949.80592221605,60009.80592221605,EVTOL_001,idle,False,BW,,
59990.96748692976,60050.96748692976,EVTOL_004,landing,False,,F000181,passenger
60009.80592221605,60604.84153021605,EVTOL_001,idle,True,BW,,
60050.96748692976,60110.96748692976,EVTOL_004,disembarking,False,LYBE,F000181,passenger
60110.96748692976,60176.96748692976,EVTOL_004,disembarking,True,LYBE,F000181,passenger
60176.96748692976,60236.96748692976,EVTOL_004,departure_finalization,False,LYBE,F000183,repositioning
60236.96748692976,60276.96748692976,EVTOL_004,takeoff,False,,F000183,repositioning
60276.96748692976,60594.76979892976,EVTOL_004,cruise,False,,F000183,repositioning
60573.2126213696,60918.2126213696,EVTOL_002,boarding,True,LYBE,F000184,passenger
60594.76979892976,60654.76979892976,EVTOL_004,landing,False,,F000183,repositioning
60600.128498326376,60795.128498326376,EVTOL_003,boarding,True,LYBE,F000185,passenger
60604.84153021605,60874.84153021605,EVTOL_001,boarding,True,BW,F000186,passenger
60654.76979892976,60714.76979892976,EVTOL_004,idle,False,JUG,,
60714.76979892976,61074.16953541504,EVTOL_004,idle,True,JUG,,
60795.128498326376,60855.128498326376,EVTOL_003,departure_finalization,False,LYBE,F000185,passenger
60855.128498326376,60895.128498326376,EVTOL_003,takeoff,False,,F000185,passenger
60874.84153021605,60934.84153021605,EVTOL_001,departure_finalization,False,BW,F000186,passenger
60895.128498326376,61212.930810326376,EVTOL_003,cruise,False,,F000185,passenger
60918.2126213696,60978.2126213696,EVTOL_002,departure_finalization,False,LYBE,F000184,passenger
60934.84153021605,60974.84153021605,EVTOL_001,takeoff,False,,F000186,passenger
60974.84153021605,61199.67735221605,EVTOL_001,cruise,False,,F000186,passenger
60978.2126213696,61018.2126213696,EVTOL_002,takeoff,False,,F000184,passenger
61018.2126213696,61243.048443369604,EVTOL_002,cruise,False,,F000184,passenger
61074.16953541504,61269.16953541504,EVTOL_004,boarding,True,JUG,F000187,passenger
61199.67735221605,61259.67735221605,EVTOL_001,landing,False,,F000186,passenger
61212.930810326376,61272.930810326376,EVTOL_003,landing,False,,F000185,passenger
61243.048443369604,61303.048443369604,EVTOL_002,landing,False,,F000184,passenger
61259.67735221605,61319.67735221605,EVTOL_001,disembarking,False,LYBE,F000186,passenger
61269.16953541504,61329.16953541504,EVTOL_004,departure_finalization,False,JUG,F000187,passenger
61272.930810326376,61332.930810326376,EVTOL_003,disembarking,False,JUG,F000185,passenger
61303.048443369604,61363.048443369604,EVTOL_002,disembarking,False,BW,F000184,passenger
61319.67735221605,61451.67735221605,EVTOL_001,disembarking,True,LYBE,F000186,passenger
61329.16953541504,61369.16953541504,EVTOL_004,takeoff,False,,F000187,passenger
61332.930810326376,61398.930810326376,EVTOL_003,disembarking,True,JUG,F000185,passenger
61363.048443369604,61561.048443369604,EVTOL_002,disembarking,True,BW,F000184,passenger
61369.16953541504,61686.97184741504,EVTOL_004,cruise,False,,F000187,passenger
61398.930810326376,61458.930810326376,EVTOL_003,departure_finalization,False,JUG,F000188,repositioning
61451.67735221605,61721.67735221605,EVTOL_001,boarding,True,LYBE,F000189,passenger
61458.930810326376,61498.930810326376,EVTOL_003,takeoff,False,,F000188,repositioning
61498.930810326376,61816.733122326375,EVTOL_003,cruise,False,,F000188,repositioning
61561.048443369604,61591.897300326375,EVTOL_002,idle,True,BW,,
61591.897300326375,61651.897300326375,EVTOL_002,departure_finalization,False,BW,F000190,repositioning
61651.897300326375,61691.897300326375,EVTOL_002,takeoff,False,,F000190,repositioning
61686.97184741504,61746.97184741504,EVTOL_004,landing,False,,F000187,passenger
61691.897300326375,61916.733122326375,EVTOL_002,cruise,False,,F000190,repositioning
61721.67735221605,61816.733122326375,EVTOL_001,waiting_for_departure,True,LYBE,F000189,passenger
61746.97184741504,61806.97184741504,EVTOL_004,disembarking,False,LYBE,F000187,passenger
61806.97184741504,61872.97184741504,EVTOL_004,disembarking,True,LYBE,F000187,passenger
61816.733122326375,61876.733122326375,EVTOL_001,departure_finalization,False,LYBE,F000189,passenger
61816.733122326375,61876.733122326375,EVTOL_003,landing,False,,F000188,repositioning
61872.97184741504,62217.97184741504,EVTOL_004,boarding,True,LYBE,F000191,passenger
61876.733122326375,61916.733122326375,EVTOL_001,takeoff,False,,F000189,passenger
61876.733122326375,61936.733122326375,EVTOL_003,boarding,False,LYBE,F000192,passenger
61916.733122326375,62017.495520326374,EVTOL_001,cruise,False,,F000189,passenger
61916.733122326375,61976.733122326375,EVTOL_002,landing,False,,F000190,repositioning
61936.733122326375,62296.733122326375,EVTOL_003,boarding,True,LYBE,F000192,passenger
61976.733122326375,62036.733122326375,EVTOL_002,boarding,False,LYBE,F000193,passenger
62017.495520326374,62077.495520326374,EVTOL_001,landing,False,,F000189,passenger
62036.733122326375,62246.733122326375,EVTOL_002,boarding,True,LYBE,F000193,passenger
62077.495520326374,62137.495520326374,EVTOL_001,disembarking,False,EXPO,F000189,passenger
62137.495520326374,62269.495520326374,EVTOL_001,disembarking,True,EXPO,F000189,passenger
62217.97184741504,62277.97184741504,EVTOL_004,departure_finalization,False,LYBE,F000191,passenger
62246.733122326375,62257.97184741504,EVTOL_002,waiting_for_departure,True,LYBE,F000193,passenger
62257.97184741504,62317.97184741504,EVTOL_002,departure_finalization,False,LYBE,F000193,passenger
62269.495520326374,62329.495520326374,EVTOL_001,departure_finalization,False,EXPO,F000194,repositioning
62277.97184741504,62317.97184741504,EVTOL_004,takeoff,False,,F000191,passenger
62296.733122326375,62321.245257583614,EVTOL_003,waiting_for_departure,True,LYBE,F000192,passenger
62317.97184741504,62357.97184741504,EVTOL_002,takeoff,False,,F000193,passenger
62317.97184741504,62542.807669415044,EVTOL_004,cruise,False,,F000191,passenger
62321.245257583614,62381.245257583614,EVTOL_003,departure_finalization,False,LYBE,F000192,passenger
62329.495520326374,62369.495520326374,EVTOL_001,takeoff,False,,F000194,repositioning
62357.97184741504,62685.772061415046,EVTOL_002,cruise,False,,F000193,passenger
62369.495520326374,62470.25791832637,EVTOL_001,cruise,False,,F000194,repositioning
62381.245257583614,62421.245257583614,EVTOL_003,takeoff,False,,F000192,passenger
62421.245257583614,62739.047569583614,EVTOL_003,cruise,False,,F000192,passenger
62470.25791832637,62530.25791832637,EVTOL_001,landing,False,,F000194,repositioning
62530.25791832637,62590.25791832637,EVTOL_001,idle,False,LYBE,,
62542.807669415044,62602.807669415044,EVTOL_004,landing,False,,F000191,passenger
62590.25791832637,62909.42043246459,EVTOL_001,idle,True,LYBE,,
62602.807669415044,62662.807669415044,EVTOL_004,disembarking,False,BW,F000191,passenger
62662.807669415044,62860.807669415044,EVTOL_004,disembarking,True,BW,F000191,passenger
62685.772061415046,62745.772061415046,EVTOL_002,landing,False,,F000193,passenger
62739.047569583614,62799.047569583614,EVTOL_003,landing,False,,F000192,passenger
62745.772061415046,62805.772061415046,EVTOL_002,disembarking,False,DOR,F000193,passenger
62799.047569583614,62859.047569583614,EVTOL_003,disembarking,False,JUG,F000192,passenger
62805.772061415046,62937.772061415046,EVTOL_002,disembarking,True,DOR,F000193,passenger
62859.047569583614,63123.047569583614,EVTOL_003,disembarking,True,JUG,F000192,passenger
62860.807669415044,62920.807669415044,EVTOL_004,departure_finalization,False,BW,F000195,repositioning
62909.42043246459,63104.42043246459,EVTOL_001,boarding,True,LYBE,F000196,passenger
62920.807669415044,62960.807669415044,EVTOL_004,takeoff,False,,F000195,repositioning
62937.772061415046,63096.11943904931,EVTOL_002,idle,True,DOR,,
62960.807669415044,63185.643491415045,EVTOL_004,cruise,False,,F000195,repositioning
63096.11943904931,63156.11943904931,EVTOL_002,departure_finalization,False,DOR,F000197,repositioning
63104.42043246459,63185.643491415045,EVTOL_001,waiting_for_departure,True,LYBE,F000196,passenger
63123.047569583614,63396.82939581135,EVTOL_003,idle,True,JUG,,
63156.11943904931,63196.11943904931,EVTOL_002,takeoff,False,,F000197,repositioning
63185.643491415045,63245.643491415045,EVTOL_001,departure_finalization,False,LYBE,F000196,passenger
63185.643491415045,63245.643491415045,EVTOL_004,landing,False,,F000195,repositioning
63196.11943904931,63523.91965304931,EVTOL_002,cruise,False,,F000197,repositioning
63245.643491415045,63285.643491415045,EVTOL_001,takeoff,False,,F000196,passenger
63245.643491415045,63305.643491415045,EVTOL_004,boarding,False,LYBE,F000198,passenger
63285.643491415045,63603.445803415045,EVTOL_001,cruise,False,,F000196,passenger
63305.643491415045,63440.643491415045,EVTOL_004,boarding,True,LYBE,F000198,passenger
63396.82939581135,63456.82939581135,EVTOL_003,departure_finalization,False,JUG,F000199,repositioning
63440.643491415045,63541.546356522565,EVTOL_004,waiting_for_departure,True,LYBE,F000198,passenger
63456.82939581135,63496.82939581135,EVTOL_003,takeoff,False,,F000199,repositioning
63496.82939581135,63814.63170781135,EVTOL_003,cruise,False,,F000199,repositioning
63523.91965304931,63583.91965304931,EVTOL_002,landing,False,,F000197,repositioning
63541.546356522565,63601.546356522565,EVTOL_004,departure_finalization,False,LYBE,F000198,passenger
63583.91965304931,63643.91965304931,EVTOL_002,boarding,False,LYBE,F000200,passenger
63601.546356522565,63641.546356522565,EVTOL_004,takeoff,False,,F000198,passenger
63603.445803415045,63663.445803415045,EVTOL_001,landing,False,,F000196,passenger
63641.546356522565,63742.308754522564,EVTOL_004,cruise,False,,F000198,passenger
63643.91965304931,63778.91965304931,EVTOL_002,boarding,True,LYBE,F000200,passenger
63663.445803415045,63723.445803415045,EVTOL_001,disembarking,False,JUG,F000196,passenger
63723.445803415045,63789.445803415045,EVTOL_001,disembarking,True,JUG,F000196,passenger
63742.308754522564,63802.308754522564,EVTOL_004,landing,False,,F000198,passenger
63778.91965304931,64148.17125596079,EVTOL_002,waiting_for_departure,True,LYBE,F000200,passenger
63789.445803415045,63840.597772732996,EVTOL_001,idle,True,JUG,,
63802.308754522564,63862.308754522564,EVTOL_004,disembarking,False,EXPO,F000198,passenger
63814.63170781135,63874.63170781135,EVTOL_003,landing,False,,F000199,repositioning
63840.597772732996,63900.597772732996,EVTOL_001,departure_finalization,False,JUG,F000201,repositioning
63862.308754522564,63928.308754522564,EVTOL_004,disembarking,True,EXPO,F000198,passenger
63874.63170781135,63934.63170781135,EVTOL_003,idle,False,LYBE,,
63900.597772732996,63940.597772732996,EVTOL_001,takeoff,False,,F000201,repositioning
63928.308754522564,64528.308754522564,EVTOL_004,cleaning,True,EXPO,F000198,passenger
63934.63170781135,64296.82939581135,EVTOL_003,idle,True,LYBE,,
63940.597772732996,64015.564262732994,EVTOL_001,cruise,False,,F000201,repositioning
64015.564262732994,64075.564262732994,EVTOL_001,landing,False,,F000201,repositioning
64075.564262732994,64135.564262732994,EVTOL_001,idle,False,BW,,
64135.564262732994,64740.597772732996,EVTOL_001,idle,True,BW,,
64148.17125596079,64208.17125596079,EVTOL_002,departure_finalization,False,LYBE,F000200,passenger
64208.17125596079,64248.17125596079,EVTOL_002,takeoff,False,,F000200,passenger
64248.17125596079,64584.61944396079,EVTOL_002,cruise,False,,F000200,passenger
64296.82939581135,64491.82939581135,EVTOL_003,boarding,True,LYBE,F000202,passenger
64491.82939581135,64551.82939581135,EVTOL_003,departure_finalization,False,LYBE,F000202,passenger
64528.308754522564,64588.308754522564,EVTOL_004,departure_finalization,False,EXPO,F000203,repositioning
64551.82939581135,64591.82939581135,EVTOL_003,takeoff,False,,F000202,passenger
64584.61944396079,64644.61944396079,EVTOL_002,landing,False,,F000200,passenger
64588.308754522564,64628.308754522564,EVTOL_004,takeoff,False,,F000203,repositioning
64591.82939581135,64909.63170781135,EVTOL_003,cruise,False,,F000202,passenger
64628.308754522564,64729.07115252256,EVTOL_004,cruise,False,,F000203,repositioning
64644.61944396079,64704.61944396079,EVTOL_002,disembarking,False,LYBV,F000200,passenger
64704.61944396079,64770.61944396079,EVTOL_002,disembarking,True,LYBV,F000200,passenger
64729.07115252256,64789.07115252256,EVTOL_004,landing,False,,F000203,repositioning
64740.597772732996,65085.597772732996,EVTOL_001,boarding,True,BW,F000204,passenger
64770.61944396079,65077.44055487143,EVTOL_002,idle,True,LYBV,,
64789.07115252256,64800.42907591023,EVTOL_004,idle,False,LYBE,,
64800.42907591023,64849.07115252256,EVTOL_004,boarding,False,LYBE,F000205,passenger
64849.07115252256,64995.42907591023,EVTOL_004,boarding,True,LYBE,F000205,passenger
64909.63170781135,64969.63170781135,EVTOL_003,landing,False,,F000202,passenger
64969.63170781135,65029.63170781135,EVTOL_003,disembarking,False,JUG,F000202,passenger
64995.42907591023,65028.85773200702,EVTOL_004,waiting_for_departure,True,LYBE,F000205,passenger
65028.85773200702,65088.85773200702,EVTOL_004,departure_finalization,False,LYBE,F000205,passenger
65029.63170781135,65095.63170781135,EVTOL_003,disembarking,True,JUG,F000202,passenger
65077.44055487143,65137.44055487143,EVTOL_002,departure_finalization,False,LYBV,F000206,repositioning
65085.597772732996,65145.597772732996,EVTOL_001,departure_finalization,False,BW,F000204,passenger
65088.85773200702,65128.85773200702,EVTOL_004,takeoff,False,,F000205,passenger
65095.63170781135,65196.96564714833,EVTOL_003,idle,True,JUG,,
65128.85773200702,65456.65794600702,EVTOL_004,cruise,False,,F000205,passenger
65137.44055487143,65177.44055487143,EVTOL_002,takeoff,False,,F000206,repositioning
65145.597772732996,65185.597772732996,EVTOL_001,takeoff,False,,F000204,passenger
65177.44055487143,65364.01941087143,EVTOL_002,cruise,False,,F000206,repositioning
65185.597772732996,65410.433594733,EVTOL_001,cruise,False,,F000204,passenger
65196.96564714833,65256.96564714833,EVTOL_003,departure_finalization,False,JUG,F000207,repositioning
65256.96564714833,65296.96564714833,EVTOL_003,takeoff,False,,F000207,repositioning
65296.96564714833,65371.93213714833,EVTOL_003,cruise,False,,F000207,repositioning
65364.01941087143,65424.01941087143,EVTOL_002,landing,False,,F000206,repositioning
65371.93213714833,65431.93213714833,EVTOL_003,landing,False,,F000207,repositioning
65410.433594733,65470.433594733,EVTOL_001,landing,False,,F000204,passenger
65424.01941087143,65484.01941087143,EVTOL_002,idle,False,JUG,,
65431.93213714833,65491.93213714833,EVTOL_003,idle,False,BW,,
65456.65794600702,65516.65794600702,EVTOL_004,landing,False,,F000205,passenger
65470.433594733,65530.433594733,EVTOL_001,disembarking,False,LYBE,F000204,passenger
65484.01941087143,65977.44055487143,EVTOL_002,idle,True,JUG,,
65491.93213714833,65886.25333283003,EVTOL_003,idle,True,BW,,
65516.65794600702,65576.65794600702,EVTOL_004,disembarking,False,DOR,F000205,passenger
65530.433594733,65728.433594733,EVTOL_001,disembarking,True,LYBE,F000204,passenger
65576.65794600702,65642.65794600702,EVTOL_004,disembarking,True,DOR,F000205,passenger
65642.65794600702,66068.20596440331,EVTOL_004,idle,True,DOR,,
65728.433594733,66328.433594733,EVTOL_001,cleaning,True,LYBE,F000204,passenger
65886.25333283003,66156.25333283003,EVTOL_003,boarding,True,BW,F000208,passenger
65977.44055487143,66172.44055487143,EVTOL_002,boarding,True,JUG,F000209,passenger
66068.20596440331,66128.20596440331,EVTOL_004,departure_finalization,False,DOR,F000210,repositioning
66128.20596440331,66168.20596440331,EVTOL_004,takeoff,False,,F000210,repositioning
66156.25333283003,66216.25333283003,EVTOL_003,departure_finalization,False,BW,F000208,passenger
66168.20596440331,66490.19399640331,EVTOL_004,cruise,False,,F000210,repositioning
66172.44055487143,66232.44055487143,EVTOL_002,departure_finalization,False,JUG,F000209,passenger
66216.25333283003,66256.25333283003,EVTOL_003,takeoff,False,,F000208,passenger
66232.44055487143,66272.44055487143,EVTOL_002,takeoff,False,,F000209,passenger
66256.25333283003,66481.08915483003,EVTOL_003,cruise,False,,F000208,passenger
66272.44055487143,66590.24286687143,EVTOL_002,cruise,False,,F000209,passenger
66328.433594733,66671.8891485285,EVTOL_001,idle,True,LYBE,,
66481.08915483003,66541.08915483003,EVTOL_003,landing,False,,F000208,passenger
66490.19399640331,66550.19399640331,EVTOL_004,landing,False,,F000210,repositioning
66541.08915483003,66601.08915483003,EVTOL_003,disembarking,False,LYBE,F000208,passenger
66550.19399640331,66610.19399640331,EVTOL_004,idle,False,EXPO,,
66590.24286687143,66650.24286687143,EVTOL_002,landing,False,,F000209,passenger
66601.08915483003,66733.08915483003,EVTOL_003,disembarking,True,LYBE,F000208,passenger
66610.19399640331,66850.63750773614,EVTOL_004,idle,True,EXPO,,
66650.24286687143,66710.24286687143,EVTOL_002,disembarking,False,LYBE,F000209,passenger
66671.8891485285,66866.8891485285,EVTOL_001,boarding,True,LYBE,F000211,passenger
66710.24286687143,66776.24286687143,EVTOL_002,disembarking,True,LYBE,F000209,passenger
66733.08915483003,67333.08915483003,EVTOL_003,cleaning,True,LYBE,F000208,passenger
66776.24286687143,67030.58771964986,EVTOL_002,idle,True,LYBE,,
66850.63750773614,67045.63750773614,EVTOL_004,boarding,True,EXPO,F000212,passenger
66866.8891485285,66926.8891485285,EVTOL_001,departure_finalization,False,LYBE,F000211,passenger
66926.8891485285,66966.8891485285,EVTOL_001,takeoff,False,,F000211,passenger
66966.8891485285,67303.3373365285,EVTOL_001,cruise,False,,F000211,passenger
67030.58771964986,67090.58771964986,EVTOL_002,departure_finalization,False,LYBE,F000213,repositioning
67045.63750773614,67105.63750773614,EVTOL_004,departure_finalization,False,EXPO,F000212,passenger
67090.58771964986,67130.58771964986,EVTOL_002,takeoff,False,,F000213,repositioning
67105.63750773614,67145.63750773614,EVTOL_004,takeoff,False,,F000212,passenger
67130.58771964986,67448.39003164986,EVTOL_002,cruise,False,,F000213,repositioning
67145.63750773614,67246.39990573615,EVTOL_004,cruise,False,,F000212,passenger
67246.39990573615,67306.39990573615,EVTOL_004,landing,False,,F000212,passenger
67303.3373365285,67363.3373365285,EVTOL_001,landing,False,,F000211,passenger
67306.39990573615,67366.39990573615,EVTOL_004,disembarking,False,LYBE,F000212,passenger
67333.08915483003,68004.55546005254,EVTOL_003,idle,True,LYBE,,
67363.3373365285,67423.3373365285,EVTOL_001,disembarking,False,LYBV,F000211,passenger
67366.39990573615,67432.39990573615,EVTOL_004,disembarking,True,LYBE,F000212,passenger
67423.3373365285,67489.3373365285,EVTOL_001,disembarking,True,LYBV,F000211,passenger
67432.39990573615,68279.63169645432,EVTOL_004,idle,True,LYBE,,
67448.39003164986,67508.39003164986,EVTOL_002,landing,False,,F000213,repositioning
67489.3373365285,67670.04203947812,EVTOL_001,idle,True,LYBV,,
67508.39003164986,67568.39003164986,EVTOL_002,boarding,False,JUG,F000214,passenger
67568.39003164986,67778.39003164986,EVTOL_002,boarding,True,JUG,F000214,passenger
67670.04203947812,67730.04203947812,EVTOL_001,departure_finalization,False,LYBV,F000215,repositioning
67730.04203947812,67770.04203947812,EVTOL_001,takeoff,False,,F000215,repositioning
67770.04203947812,68106.49022747812,EVTOL_001,cruise,False,,F000215,repositioning
67778.39003164986,68057.06779861283,EVTOL_002,waiting_for_departure,True,JUG,F000214,passenger
68004.55546005254,68199.55546005254,EVTOL_003,boarding,True,LYBE,F000216,passenger
68057.06779861283,68117.06779861283,EVTOL_002,departure_finalization,False,JUG,F000214,passenger
68106.49022747812,68166.49022747812,EVTOL_001,landing,False,,F000215,repositioning
68117.06779861283,68157.06779861283,EVTOL_002,takeoff,False,,F000214,passenger
68157.06779861283,68474.87011061283,EVTOL_002,cruise,False,,F000214,passenger
68166.49022747812,68226.49022747812,EVTOL_001,idle,False,LYBE,,
68199.55546005254,68259.55546005254,EVTOL_003,departure_finalization,False,LYBE,F000216,passenger
68226.49022747812,68570.04203947812,EVTOL_001,idle,True,LYBE,,
68259.55546005254,68299.55546005254,EVTOL_003,takeoff,False,,F000216,passenger
68279.63169645432,68474.63169645432,EVTOL_004,boarding,True,LYBE,F000217,passenger
68299.55546005254,68617.35777205254,EVTOL_003,cruise,False,,F000216,passenger
68474.63169645432,68474.87011061283,EVTOL_004,waiting_for_departure,True,LYBE,F000217,passenger
68474.87011061283,68534.87011061283,EVTOL_002,landing,False,,F000214,passenger
68474.87011061283,68534.87011061283,EVTOL_004,departure_finalization,False,LYBE,F000217,passenger
68534.87011061283,68594.87011061283,EVTOL_002,disembarking,False,LYBE,F000214,passenger
68534.87011061283,68574.87011061283,EVTOL_004,takeoff,False,,F000217,passenger
68570.04203947812,68765.04203947812,EVTOL_001,boarding,True,LYBE,F000218,passenger
68574.87011061283,68799.70593261282,EVTOL_004,cruise,False,,F000217,passenger
68594.87011061283,68726.87011061283,EVTOL_002,disembarking,True,LYBE,F000214,passenger
68617.35777205254,68677.35777205254,EVTOL_003,landing,False,,F000216,passenger
68677.35777205254,68737.35777205254,EVTOL_003,disembarking,False,JUG,F000216,passenger
68726.87011061283,72204.6394808475,EVTOL_002,idle,True,LYBE,,
68737.35777205254,68803.35777205254,EVTOL_003,disembarking,True,JUG,F000216,passenger
68765.04203947812,68825.04203947812,EVTOL_001,departure_finalization,False,LYBE,F000218,passenger
68799.70593261282,68859.70593261282,EVTOL_004,landing,False,,F000217,passenger
68803.35777205254,70160.67728270302,EVTOL_003,idle,True,JUG,,
68825.04203947812,68865.04203947812,EVTOL_001,takeoff,False,,F000218,passenger
68859.70593261282,68919.70593261282,EVTOL_004,disembarking,False,BW,F000217,passenger
68865.04203947812,68965.80443747813,EVTOL_001,cruise,False,,F000218,passenger
68919.70593261282,68985.70593261282,EVTOL_004,disembarking,True,BW,F000217,passenger
68965.80443747813,69025.80443747813,EVTOL_001,landing,False,,F000218,passenger
68985.70593261282,73178.88954663588,EVTOL_004,idle,True,BW,,
69025.80443747813,69085.80443747813,EVTOL_001,disembarking,False,EXPO,F000218,passenger
69085.80443747813,69151.80443747813,EVTOL_001,disembarking,True,EXPO,F000218,passenger
69151.80443747813,73451.69006410669,EVTOL_001,idle,True,EXPO,,
70160.67728270302,70355.67728270302,EVTOL_003,boarding,True,JUG,F000219,passenger
70355.67728270302,70415.67728270302,EVTOL_003,departure_finalization,False,JUG,F000219,passenger
70415.67728270302,70455.67728270302,EVTOL_003,takeoff,False,,F000219,passenger
70455.67728270302,70773.47959470302,EVTOL_003,cruise,False,,F000219,passenger
70773.47959470302,70833.47959470302,EVTOL_003,landing,False,,F000219,passenger
70833.47959470302,70893.47959470302,EVTOL_003,disembarking,False,LYBE,F000219,passenger
70893.47959470302,70959.47959470302,EVTOL_003,disembarking,True,LYBE,F000219,passenger
70959.47959470302,74174.43603007599,EVTOL_003,idle,True,LYBE,,
72204.6394808475,72399.6394808475,EVTOL_002,boarding,True,LYBE,F000220,passenger
72399.6394808475,72459.6394808475,EVTOL_002,departure_finalization,False,LYBE,F000220,passenger
72459.6394808475,72499.6394808475,EVTOL_002,takeoff,False,,F000220,passenger
72499.6394808475,72724.4753028475,EVTOL_002,cruise,False,,F000220,passenger
72724.4753028475,72784.4753028475,EVTOL_002,landing,False,,F000220,passenger
72784.4753028475,72844.4753028475,EVTOL_002,disembarking,False,BW,F000220,passenger
72844.4753028475,72910.4753028475,EVTOL_002,disembarking,True,BW,F000220,passenger
72910.4753028475,73510.4753028475,EVTOL_002,cleaning,True,BW,F000220,passenger
73178.88954663588,77425.55008378945,EVTOL_004,idle,False,BW,,
73451.69006410669,77189.21813117022,EVTOL_001,idle,False,EXPO,,
73510.4753028475,74854.73146226152,EVTOL_002,idle,True,BW,,
74174.43603007599,74369.43603007599,EVTOL_003,boarding,True,LYBE,F000221,passenger
74369.43603007599,74429.43603007599,EVTOL_003,departure_finalization,False,LYBE,F000221,passenger
74429.43603007599,74469.43603007599,EVTOL_003,takeoff,False,,F000221,passenger
74469.43603007599,74805.88421807598,EVTOL_003,cruise,False,,F000221,passenger
74805.88421807598,74865.88421807598,EVTOL_003,landing,False,,F000221,passenger
74854.73146226152,74914.73146226152,EVTOL_002,departure_finalization,False,BW,F000222,repositioning
74865.88421807598,74925.88421807598,EVTOL_003,disembarking,False,LYBV,F000221,passenger
74914.73146226152,74954.73146226152,EVTOL_002,takeoff,False,,F000222,repositioning
74925.88421807598,74991.88421807598,EVTOL_003,disembarking,True,LYBV,F000221,passenger
74954.73146226152,75039.69585426152,EVTOL_002,cruise,False,,F000222,repositioning
74991.88421807598,78646.73202321971,EVTOL_003,idle,True,LYBV,,
75039.69585426152,75099.69585426152,EVTOL_002,landing,False,,F000222,repositioning
75099.69585426152,75159.69585426152,EVTOL_002,idle,False,DOR,,
75159.69585426152,75754.73146226152,EVTOL_002,idle,True,DOR,,
75754.73146226152,76024.73146226152,EVTOL_002,boarding,True,DOR,F000223,passenger
76024.73146226152,76084.73146226152,EVTOL_002,departure_finalization,False,DOR,F000223,passenger
76084.73146226152,76124.73146226152,EVTOL_002,takeoff,False,,F000223,passenger
76124.73146226152,76452.53167626153,EVTOL_002,cruise,False,,F000223,passenger
76452.53167626153,76512.53167626153,EVTOL_002,landing,False,,F000223,passenger
76512.53167626153,76572.53167626153,EVTOL_002,disembarking,False,LYBE,F000223,passenger
76572.53167626153,76704.53167626153,EVTOL_002,disembarking,True,LYBE,F000223,passenger
76704.53167626153,77149.57152745148,EVTOL_002,idle,True,LYBE,,
77149.57152745148,77419.57152745148,EVTOL_002,boarding,True,LYBE,F000224,passenger
77189.21813117022,77249.21813117022,EVTOL_001,departure_finalization,False,EXPO,F000225,repositioning
77249.21813117022,77289.21813117022,EVTOL_001,takeoff,False,,F000225,repositioning
77289.21813117022,77389.98052917022,EVTOL_001,cruise,False,,F000225,repositioning
77389.98052917022,77449.98052917022,EVTOL_001,landing,False,,F000225,repositioning
77419.57152745148,77479.57152745148,EVTOL_002,departure_finalization,False,LYBE,F000224,passenger
77425.55008378945,77485.55008378945,EVTOL_004,departure_finalization,False,BW,F000226,repositioning
77449.98052917022,77509.98052917022,EVTOL_001,idle,False,LYBE,,
77479.57152745148,77519.57152745148,EVTOL_002,takeoff,False,,F000224,passenger
77485.55008378945,77525.55008378945,EVTOL_004,takeoff,False,,F000226,repositioning
77509.98052917022,78089.21813117022,EVTOL_001,idle,True,LYBE,,
77519.57152745148,77744.40734945147,EVTOL_002,cruise,False,,F000224,passenger
77525.55008378945,77750.38590578944,EVTOL_004,cruise,False,,F000226,repositioning
77744.40734945147,77804.40734945147,EVTOL_002,landing,False,,F000224,passenger
77750.38590578944,77810.38590578944,EVTOL_004,landing,False,,F000226,repositioning
77804.40734945147,77864.40734945147,EVTOL_002,disembarking,False,BW,F000224,passenger
77810.38590578944,77870.38590578944,EVTOL_004,idle,False,LYBE,,
77864.40734945147,77996.40734945147,EVTOL_002,disembarking,True,BW,F000224,passenger
77870.38590578944,78325.55008378945,EVTOL_004,idle,True,LYBE,,
77996.40734945147,81339.92441574708,EVTOL_002,idle,True,BW,,
78089.21813117022,78359.21813117022,EVTOL_001,boarding,True,LYBE,F000227,passenger
78325.55008378945,78520.55008378945,EVTOL_004,boarding,True,LYBE,F000228,passenger
78359.21813117022,78419.21813117022,EVTOL_001,departure_finalization,False,LYBE,F000227,passenger
78419.21813117022,78459.21813117022,EVTOL_001,takeoff,False,,F000227,passenger
78459.21813117022,78684.05395317021,EVTOL_001,cruise,False,,F000227,passenger
78520.55008378945,78580.55008378945,EVTOL_004,departure_finalization,False,LYBE,F000228,passenger
78580.55008378945,78620.55008378945,EVTOL_004,takeoff,False,,F000228,passenger
78620.55008378945,78948.35029778945,EVTOL_004,cruise,False,,F000228,passenger
78646.73202321971,82342.44907025978,EVTOL_003,idle,False,LYBV,,
78684.05395317021,78744.05395317021,EVTOL_001,landing,False,,F000227,passenger
78744.05395317021,78804.05395317021,EVTOL_001,disembarking,False,BW,F000227,passenger
78804.05395317021,78936.05395317021,EVTOL_001,disembarking,True,BW,F000227,passenger
78936.05395317021,81237.43878912872,EVTOL_001,idle,True,BW,,
78948.35029778945,79008.35029778945,EVTOL_004,landing,False,,F000228,passenger
79008.35029778945,79068.35029778945,EVTOL_004,disembarking,False,DOR,F000228,passenger
79068.35029778945,79134.35029778945,EVTOL_004,disembarking,True,DOR,F000228,passenger
79134.35029778945,81367.6608474296,EVTOL_004,idle,True,DOR,,
81237.43878912872,81297.43878912872,EVTOL_001,departure_finalization,False,BW,F000229,repositioning
81297.43878912872,81337.43878912872,EVTOL_001,takeoff,False,,F000229,repositioning
81337.43878912872,81562.27461112871,EVTOL_001,cruise,False,,F000229,repositioning
81339.92441574708,81399.92441574708,EVTOL_002,departure_finalization,False,BW,F000230,repositioning
81367.6608474296,81427.6608474296,EVTOL_004,departure_finalization,False,DOR,F000231,repositioning
81399.92441574708,81439.92441574708,EVTOL_002,takeoff,False,,F000230,repositioning
81427.6608474296,81467.6608474296,EVTOL_004,takeoff,False,,F000231,repositioning
81439.92441574708,81664.76023774708,EVTOL_002,cruise,False,,F000230,repositioning
81467.6608474296,81795.4610614296,EVTOL_004,cruise,False,,F000231,repositioning
81562.27461112871,81622.27461112871,EVTOL_001,landing,False,,F000229,repositioning
81622.27461112871,81682.27461112871,EVTOL_001,idle,False,LYBE,,
81664.76023774708,81724.76023774708,EVTOL_002,landing,False,,F000230,repositioning
81682.27461112871,82137.43878912872,EVTOL_001,idle,True,LYBE,,
81724.76023774708,81784.76023774708,EVTOL_002,idle,False,LYBE,,
81784.76023774708,82239.92441574708,EVTOL_002,idle,True,LYBE,,
81795.4610614296,81855.4610614296,EVTOL_004,landing,False,,F000231,repositioning
81855.4610614296,81915.4610614296,EVTOL_004,idle,False,LYBE,,
81915.4610614296,82267.6608474296,EVTOL_004,idle,True,LYBE,,
82137.43878912872,82332.43878912872,EVTOL_001,boarding,True,LYBE,F000232,passenger
82239.92441574708,82509.92441574708,EVTOL_002,boarding,True,LYBE,F000233,passenger
82267.6608474296,82462.6608474296,EVTOL_004,boarding,True,LYBE,F000234,passenger
82332.43878912872,82392.43878912872,EVTOL_001,departure_finalization,False,LYBE,F000232,passenger
82342.44907025978,82402.44907025978,EVTOL_003,departure_finalization,False,LYBV,F000235,repositioning
82392.43878912872,82432.43878912872,EVTOL_001,takeoff,False,,F000232,passenger
82402.44907025978,82442.44907025978,EVTOL_003,takeoff,False,,F000235,repositioning
82432.43878912872,82657.27461112871,EVTOL_001,cruise,False,,F000232,passenger
82442.44907025978,82778.89725825978,EVTOL_003,cruise,False,,F000235,repositioning
82462.6608474296,82522.6608474296,EVTOL_004,departure_finalization,False,LYBE,F000234,passenger
82509.92441574708,82569.92441574708,EVTOL_002,departure_finalization,False,LYBE,F000233,passenger
82522.6608474296,82562.6608474296,EVTOL_004,takeoff,False,,F000234,passenger
82562.6608474296,82899.10903542959,EVTOL_004,cruise,False,,F000234,passenger
82569.92441574708,82609.92441574708,EVTOL_002,takeoff,False,,F000233,passenger
82609.92441574708,82937.72462974708,EVTOL_002,cruise,False,,F000233,passenger
82657.27461112871,82717.27461112871,EVTOL_001,landing,False,,F000232,passenger
82717.27461112871,82777.27461112871,EVTOL_001,disembarking,False,BW,F000232,passenger
82777.27461112871,82843.27461112871,EVTOL_001,disembarking,True,BW,F000232,passenger
82778.89725825978,82838.89725825978,EVTOL_003,landing,False,,F000235,repositioning
82838.89725825978,82898.89725825978,EVTOL_003,idle,False,LYBE,,
82843.27461112871,82903.27461112871,EVTOL_001,departure_finalization,False,BW,F000236,repositioning
82898.89725825978,83242.44907025978,EVTOL_003,idle,True,LYBE,,
82899.10903542959,82959.10903542959,EVTOL_004,landing,False,,F000234,passenger
82903.27461112871,82943.27461112871,EVTOL_001,takeoff,False,,F000236,repositioning
82937.72462974708,82997.72462974708,EVTOL_002,landing,False,,F000233,passenger
82943.27461112871,83168.1104331287,EVTOL_001,cruise,False,,F000236,repositioning
82959.10903542959,83019.10903542959,EVTOL_004,disembarking,False,LYBV,F000234,passenger
82997.72462974708,83057.72462974708,EVTOL_002,disembarking,False,DOR,F000233,passenger
83019.10903542959,83085.10903542959,EVTOL_004,disembarking,True,LYBV,F000234,passenger
83057.72462974708,83189.72462974708,EVTOL_002,disembarking,True,DOR,F000233,passenger
83085.10903542959,85581.8708378132,EVTOL_004,idle,True,LYBV,,
83168.1104331287,83228.1104331287,EVTOL_001,landing,False,,F000236,repositioning
83189.72462974708,83249.72462974708,EVTOL_002,departure_finalization,False,DOR,F000237,repositioning
83228.1104331287,83230.3208607202,EVTOL_001,idle,False,LYBE,,
83230.3208607202,83288.1104331287,EVTOL_001,boarding,False,LYBE,F000238,passenger
83242.44907025978,83437.44907025978,EVTOL_003,boarding,True,LYBE,F000239,passenger
83249.72462974708,83289.72462974708,EVTOL_002,takeoff,False,,F000237,repositioning
83288.1104331287,83575.3208607202,EVTOL_001,boarding,True,LYBE,F000238,passenger
83289.72462974708,83617.52484374709,EVTOL_002,cruise,False,,F000237,repositioning
83437.44907025978,83497.44907025978,EVTOL_003,departure_finalization,False,LYBE,F000239,passenger
83497.44907025978,83537.44907025978,EVTOL_003,takeoff,False,,F000239,passenger
83537.44907025978,83855.25138225978,EVTOL_003,cruise,False,,F000239,passenger
83575.3208607202,83617.52484374709,EVTOL_001,waiting_for_departure,True,LYBE,F000238,passenger
83617.52484374709,83677.52484374709,EVTOL_001,departure_finalization,False,LYBE,F000238,passenger
83617.52484374709,83677.52484374709,EVTOL_002,landing,False,,F000237,repositioning
83677.52484374709,83717.52484374709,EVTOL_001,takeoff,False,,F000238,passenger
83677.52484374709,83727.47458733906,EVTOL_002,idle,False,LYBE,,
83717.52484374709,84045.32505774709,EVTOL_001,cruise,False,,F000238,passenger
83727.47458733906,83737.52484374709,EVTOL_002,boarding,False,LYBE,F000240,passenger
83737.52484374709,83922.47458733906,EVTOL_002,boarding,True,LYBE,F000240,passenger
83855.25138225978,83915.25138225978,EVTOL_003,landing,False,,F000239,passenger
83915.25138225978,83975.25138225978,EVTOL_003,disembarking,False,JUG,F000239,passenger
83922.47458733906,83982.47458733906,EVTOL_002,departure_finalization,False,LYBE,F000240,passenger
83975.25138225978,84041.25138225978,EVTOL_003,disembarking,True,JUG,F000239,passenger
83982.47458733906,84022.47458733906,EVTOL_002,takeoff,False,,F000240,passenger
84022.47458733906,84247.31040933906,EVTOL_002,cruise,False,,F000240,passenger
84041.25138225978,84139.30049713698,EVTOL_003,idle,True,JUG,,
84045.32505774709,84105.32505774709,EVTOL_001,landing,False,,F000238,passenger
84105.32505774709,84165.32505774709,EVTOL_001,disembarking,False,DOR,F000238,passenger
84139.30049713698,84199.30049713698,EVTOL_003,departure_finalization,False,JUG,F000241,repositioning
84165.32505774709,84363.32505774709,EVTOL_001,disembarking,True,DOR,F000238,passenger
84199.30049713698,84239.30049713698,EVTOL_003,takeoff,False,,F000241,repositioning
84239.30049713698,84557.10280913698,EVTOL_003,cruise,False,,F000241,repositioning
84247.31040933906,84307.31040933906,EVTOL_002,landing,False,,F000240,passenger
84307.31040933906,84367.31040933906,EVTOL_002,disembarking,False,BW,F000240,passenger
84363.32505774709,85110.65327470153,EVTOL_001,idle,True,DOR,,
84367.31040933906,84433.31040933906,EVTOL_002,disembarking,True,BW,F000240,passenger
84433.31040933906,84772.89290440384,EVTOL_002,idle,True,BW,,
84557.10280913698,84617.10280913698,EVTOL_003,landing,False,,F000241,repositioning
84617.10280913698,84677.10280913698,EVTOL_003,idle,False,LYBE,,
84677.10280913698,85039.30049713698,EVTOL_003,idle,True,LYBE,,
84772.89290440384,84832.89290440384,EVTOL_002,departure_finalization,False,BW,F000242,repositioning
84832.89290440384,84872.89290440384,EVTOL_002,takeoff,False,,F000242,repositioning
84872.89290440384,85097.72872640383,EVTOL_002,cruise,False,,F000242,repositioning
85039.30049713698,85309.30049713698,EVTOL_003,boarding,True,LYBE,F000243,passenger
85097.72872640383,85157.72872640383,EVTOL_002,landing,False,,F000242,repositioning
85110.65327470153,85170.65327470153,EVTOL_001,departure_finalization,False,DOR,F000244,repositioning
85157.72872640383,85213.62056683555,EVTOL_002,idle,False,LYBE,,
85170.65327470153,85210.65327470153,EVTOL_001,takeoff,False,,F000244,repositioning
85210.65327470153,85538.45348870153,EVTOL_001,cruise,False,,F000244,repositioning
85213.62056683555,85217.72872640383,EVTOL_002,boarding,False,LYBE,F000245,passenger
85217.72872640383,85483.62056683555,EVTOL_002,boarding,True,LYBE,F000245,passenger
85309.30049713698,85369.30049713698,EVTOL_003,departure_finalization,False,LYBE,F000243,passenger
85369.30049713698,85409.30049713698,EVTOL_003,takeoff,False,,F000243,passenger
85409.30049713698,85634.13631913697,EVTOL_003,cruise,False,,F000243,passenger
85483.62056683555,85713.80938053345,EVTOL_002,waiting_for_departure,True,LYBE,F000245,passenger
85538.45348870153,85598.45348870153,EVTOL_001,landing,False,,F000244,repositioning
85581.8708378132,85641.8708378132,EVTOL_004,departure_finalization,False,LYBV,F000246,repositioning
85598.45348870153,85658.45348870153,EVTOL_001,cleaning,False,LYBE,F000244,repositioning
85634.13631913697,85694.13631913697,EVTOL_003,landing,False,,F000243,passenger
85641.8708378132,85681.8708378132,EVTOL_004,takeoff,False,,F000246,repositioning
85658.45348870153,86198.45348870153,EVTOL_001,cleaning,True,LYBE,F000244,repositioning
85681.8708378132,86018.3190258132,EVTOL_004,cruise,False,,F000246,repositioning
85694.13631913697,85754.13631913697,EVTOL_003,disembarking,False,BW,F000243,passenger
85713.80938053345,85773.80938053345,EVTOL_002,departure_finalization,False,LYBE,F000245,passenger
85754.13631913697,85886.13631913697,EVTOL_003,disembarking,True,BW,F000243,passenger
85773.80938053345,85813.80938053345,EVTOL_002,takeoff,False,,F000245,passenger
85813.80938053345,86131.61169253345,EVTOL_002,cruise,False,,F000245,passenger
85886.13631913697,85946.13631913697,EVTOL_003,departure_finalization,False,BW,F000247,repositioning
85946.13631913697,85986.13631913697,EVTOL_003,takeoff,False,,F000247,repositioning
85986.13631913697,86210.97214113697,EVTOL_003,cruise,False,,F000247,repositioning
86018.3190258132,86078.3190258132,EVTOL_004,landing,False,,F000246,repositioning
86078.3190258132,86138.3190258132,EVTOL_004,waiting_for_cleaning_crew,False,LYBE,F000246,repositioning
86131.61169253345,86191.61169253345,EVTOL_002,landing,False,,F000245,passenger
86138.3190258132,86198.45348870153,EVTOL_004,waiting_for_cleaning_crew,True,LYBE,F000246,repositioning
86191.61169253345,86251.61169253345,EVTOL_002,disembarking,False,JUG,F000245,passenger
86198.45348870153,86468.45348870153,EVTOL_001,boarding,True,LYBE,F000248,passenger
86198.45348870153,86798.45348870153,EVTOL_004,cleaning,True,LYBE,F000246,repositioning
86210.97214113697,86270.97214113697,EVTOL_003,landing,False,,F000247,repositioning
86251.61169253345,86383.61169253345,EVTOL_002,disembarking,True,JUG,F000245,passenger
86270.97214113697,86309.0433316314,EVTOL_003,idle,False,LYBE,,
86309.0433316314,86330.97214113697,EVTOL_003,boarding,False,LYBE,F000249,passenger
86330.97214113697,86579.0433316314,EVTOL_003,boarding,True,LYBE,F000249,passenger
86383.61169253345,86998.12324706969,EVTOL_002,idle,True,JUG,,
86468.45348870153,86528.45348870153,EVTOL_001,departure_finalization,False,LYBE,F000248,passenger
86528.45348870153,86568.45348870153,EVTOL_001,takeoff,False,,F000248,passenger
86568.45348870153,86904.90167670153,EVTOL_001,cruise,False,,F000248,passenger
86579.0433316314,86736.73639124795,EVTOL_003,waiting_for_departure,True,LYBE,F000249,passenger
86736.73639124795,86796.73639124795,EVTOL_003,departure_finalization,False,LYBE,F000249,passenger
86796.73639124795,86836.73639124795,EVTOL_003,takeoff,False,,F000249,passenger
86798.45348870153,87068.45348870153,EVTOL_004,boarding,True,LYBE,F000250,passenger
86836.73639124795,87154.53870324795,EVTOL_003,cruise,False,,F000249,passenger
86904.90167670153,86964.90167670153,EVTOL_001,landing,False,,F000248,passenger
86964.90167670153,87024.90167670153,EVTOL_001,disembarking,False,LYBV,F000248,passenger
86998.12324706969,87058.12324706969,EVTOL_002,departure_finalization,False,JUG,F000251,repositioning
87024.90167670153,87156.90167670153,EVTOL_001,disembarking,True,LYBV,F000248,passenger
87058.12324706969,87098.12324706969,EVTOL_002,takeoff,False,,F000251,repositioning
87068.45348870153,87128.45348870153,EVTOL_004,departure_finalization,False,LYBE,F000250,passenger
87098.12324706969,87415.92555906968,EVTOL_002,cruise,False,,F000251,repositioning
87128.45348870153,87168.45348870153,EVTOL_004,takeoff,False,,F000250,passenger
87154.53870324795,87214.53870324795,EVTOL_003,landing,False,,F000249,passenger
87156.90167670153,87216.90167670153,EVTOL_001,departure_finalization,False,LYBV,F000252,repositioning
87168.45348870153,87393.28931070153,EVTOL_004,cruise,False,,F000250,passenger
87214.53870324795,87274.53870324795,EVTOL_003,disembarking,False,JUG,F000249,passenger
87216.90167670153,87256.90167670153,EVTOL_001,takeoff,False,,F000252,repositioning
87256.90167670153,87593.34986470152,EVTOL_001,cruise,False,,F000252,repositioning
87274.53870324795,87406.53870324795,EVTOL_003,disembarking,True,JUG,F000249,passenger
87393.28931070153,87453.28931070153,EVTOL_004,landing,False,,F000250,passenger
87406.53870324795,89109.1052721291,EVTOL_003,idle,True,JUG,,
87415.92555906968,87475.92555906968,EVTOL_002,landing,False,,F000251,repositioning
87453.28931070153,87513.28931070153,EVTOL_004,disembarking,False,BW,F000250,passenger
87475.92555906968,87535.92555906968,EVTOL_002,cleaning,False,LYBE,F000251,repositioning
87513.28931070153,87645.28931070153,EVTOL_004,disembarking,True,BW,F000250,passenger
87535.92555906968,88075.92555906968,EVTOL_002,cleaning,True,LYBE,F000251,repositioning
87593.34986470152,87653.34986470152,EVTOL_001,landing,False,,F000252,repositioning
87645.28931070153,87705.28931070153,EVTOL_004,departure_finalization,False,BW,F000253,repositioning
87653.34986470152,87713.34986470152,EVTOL_001,boarding,False,LYBE,F000254,passenger
87705.28931070153,87745.28931070153,EVTOL_004,takeoff,False,,F000253,repositioning
87713.34986470152,87923.34986470152,EVTOL_001,boarding,True,LYBE,F000254,passenger
87745.28931070153,87970.12513270152,EVTOL_004,cruise,False,,F000253,repositioning
87923.34986470152,88156.800358664,EVTOL_001,waiting_for_departure,True,LYBE,F000254,passenger
87970.12513270152,88030.12513270152,EVTOL_004,landing,False,,F000253,repositioning
88030.12513270152,88090.12513270152,EVTOL_004,idle,False,LYBE,,
88075.92555906968,88270.92555906968,EVTOL_002,boarding,True,LYBE,F000255,passenger
88090.12513270152,88403.26945012911,EVTOL_004,idle,True,LYBE,,
88156.800358664,88216.800358664,EVTOL_001,departure_finalization,False,LYBE,F000254,passenger
88216.800358664,88256.800358664,EVTOL_001,takeoff,False,,F000254,passenger
88256.800358664,88593.24854666399,EVTOL_001,cruise,False,,F000254,passenger
88270.92555906968,88330.92555906968,EVTOL_002,departure_finalization,False,LYBE,F000255,passenger
88330.92555906968,88370.92555906968,EVTOL_002,takeoff,False,,F000255,passenger
88370.92555906968,88688.72787106968,EVTOL_002,cruise,False,,F000255,passenger
88403.26945012911,88598.26945012911,EVTOL_004,boarding,True,LYBE,F000256,passenger
88593.24854666399,88653.24854666399,EVTOL_001,landing,False,,F000254,passenger
88598.26945012911,88658.26945012911,EVTOL_004,departure_finalization,False,LYBE,F000256,passenger
88653.24854666399,88713.24854666399,EVTOL_001,disembarking,False,LYBV,F000254,passenger
88658.26945012911,88698.26945012911,EVTOL_004,takeoff,False,,F000256,passenger
88688.72787106968,88748.72787106968,EVTOL_002,landing,False,,F000255,passenger
88698.26945012911,88923.1052721291,EVTOL_004,cruise,False,,F000256,passenger
88713.24854666399,88845.24854666399,EVTOL_001,disembarking,True,LYBV,F000254,passenger
88748.72787106968,88808.72787106968,EVTOL_002,disembarking,False,JUG,F000255,passenger
88808.72787106968,88874.72787106968,EVTOL_002,disembarking,True,JUG,F000255,passenger
88845.24854666399,89109.1052721291,EVTOL_001,idle,True,LYBV,,
88874.72787106968,89109.1052721291,EVTOL_002,idle,True,JUG,,
88923.1052721291,88983.1052721291,EVTOL_004,landing,False,,F000256,passenger
88983.1052721291,89043.1052721291,EVTOL_004,disembarking,False,BW,F000256,passenger
89043.1052721291,89109.1052721291,EVTOL_004,disembarking,True,BW,F000256,passenger
