start_s,end_s,passenger_id,group_id,aircraft_id,origin,destination,stage,scope,causes,constraint_locations,aircraft_activity,duration_min,overdue_min,extra_after_boarding_min,start_local,end_local
-10476.269339413662,-9576.269339413662,SYN2-192-D:P0001,G:BW:LYBE:SYN2-192-D:P0001,EVTOL_004,BW,LYBE,before_boarding,selected_plan,group_formation,group_formation@BW,idle,15.0,0.0,0.0,2026-07-30T21:05:23.730661+02:00,2026-07-30T21:20:23.730661+02:00
-9381.269339413662,-9321.269339413662,SYN2-192-D:P0001,G:BW:LYBE:SYN2-192-D:P0001,EVTOL_004,BW,LYBE,departure_preparation,committed_flight,departure_preparation,departure_preparation@BW,departure_finalization,1.0,0.0,0.0,2026-07-30T21:23:38.730661+02:00,2026-07-30T21:24:38.730661+02:00
-8994.300230493682,-8934.300230493682,SYN2-343-D:P0001,G:BW:LYBE:SYN2-343-D:P0001,EVTOL_001,BW,LYBE,before_boarding,selected_plan,departure_preparation|group_formation,departure_preparation@LYBE|group_formation@BW,departure_finalization,1.0,0.0,0.0,2026-07-30T21:30:05.699770+02:00,2026-07-30T21:31:05.699770+02:00
-8934.300230493682,-8894.300230493682,SYN2-343-D:P0001,G:BW:LYBE:SYN2-343-D:P0001,EVTOL_001,BW,LYBE,before_boarding,selected_plan,group_formation|repositioning_flight,group_formation@BW|repositioning_flight@BW,takeoff,0.6666666666666666,0.0,0.0,2026-07-30T21:31:05.699770+02:00,2026-07-30T21:31:45.699770+02:00
-8894.300230493682,-8669.46440849368,SYN2-343-D:P0001,G:BW:LYBE:SYN2-343-D:P0001,EVTOL_001,BW,LYBE,before_boarding,selected_plan,group_formation|repositioning_flight,group_formation@BW|repositioning_flight@BW,cruise,3.747263700000015,0.0,0.0,2026-07-30T21:31:45.699770+02:00,2026-07-30T21:35:30.535592+02:00
-8669.46440849368,-8609.46440849368,SYN2-343-D:P0001,G:BW:LYBE:SYN2-343-D:P0001,EVTOL_001,BW,LYBE,before_boarding,selected_plan,group_formation|repositioning_flight,group_formation@BW|repositioning_flight@BW,landing,1.0,0.0,0.0,2026-07-30T21:35:30.535592+02:00,2026-07-30T21:36:30.535592+02:00
-8609.46440849368,-8094.300230493682,SYN2-343-D:P0001,G:BW:LYBE:SYN2-343-D:P0001,EVTOL_001,BW,LYBE,before_boarding,selected_plan,group_formation,group_formation@BW,idle,8.586069633333318,0.0,0.0,2026-07-30T21:36:30.535592+02:00,2026-07-30T21:45:05.699770+02:00
-7899.300230493682,-7839.300230493682,SYN2-343-D:P0001,G:BW:LYBE:SYN2-343-D:P0001,EVTOL_001,BW,LYBE,departure_preparation,committed_flight,departure_preparation,departure_preparation@BW,departure_finalization,1.0,0.0,0.0,2026-07-30T21:48:20.699770+02:00,2026-07-30T21:49:20.699770+02:00
-7867.877857624137,-7807.877857624137,SYN2-193-D:P0001,G:LYBV:LYBE:SYN2-193-D:P0001,EVTOL_002,LYBV,LYBE,before_boarding,selected_plan,departure_preparation|group_formation,departure_preparation@LYBE|group_formation@LYBV,departure_finalization,1.0,0.0,0.0,2026-07-30T21:48:52.122142+02:00,2026-07-30T21:49:52.122142+02:00
-7807.877857624137,-7767.877857624137,SYN2-193-D:P0001,G:LYBV:LYBE:SYN2-193-D:P0001,EVTOL_002,LYBV,LYBE,before_boarding,selected_plan,group_formation|repositioning_flight,group_formation@LYBV|repositioning_flight@LYBV,takeoff,0.6666666666666666,0.0,0.0,2026-07-30T21:49:52.122142+02:00,2026-07-30T21:50:32.122142+02:00
-7767.877857624137,-7431.429669624136,SYN2-193-D:P0001,G:LYBV:LYBE:SYN2-193-D:P0001,EVTOL_002,LYBV,LYBE,before_boarding,selected_plan,group_formation|repositioning_flight,group_formation@LYBV|repositioning_flight@LYBV,cruise,5.607469800000005,0.0,0.0,2026-07-30T21:50:32.122142+02:00,2026-07-30T21:56:08.570330+02:00
-7431.429669624136,-7371.429669624136,SYN2-193-D:P0001,G:LYBV:LYBE:SYN2-193-D:P0001,EVTOL_002,LYBV,LYBE,before_boarding,selected_plan,group_formation|repositioning_flight,group_formation@LYBV|repositioning_flight@LYBV,landing,1.0,0.0,0.0,2026-07-30T21:56:08.570330+02:00,2026-07-30T21:57:08.570330+02:00
-7371.429669624136,-6967.877857624137,SYN2-193-D:P0001,G:LYBV:LYBE:SYN2-193-D:P0001,EVTOL_002,LYBV,LYBE,before_boarding,selected_plan,group_formation,group_formation@LYBV,idle,6.725863533333328,0.0,0.0,2026-07-30T21:57:08.570330+02:00,2026-07-30T22:03:52.122142+02:00
-6847.079570779751,-6787.079570779751,SYN2-190-D:P0001,G:BW:LYBE:SYN2-190-D:P0001,EVTOL_001,BW,LYBE,before_boarding,selected_plan,departure_preparation|group_formation,departure_preparation@LYBE|group_formation@BW,departure_finalization,1.0,0.0,0.0,2026-07-30T22:05:52.920429+02:00,2026-07-30T22:06:52.920429+02:00
-6796.814578951901,-6736.814578951901,SYN2-197-D:P0003,G:EXPO:LYBE:SYN2-197-D:P0003,EVTOL_003,EXPO,LYBE,before_boarding,selected_plan,departure_preparation|group_formation,departure_preparation@LYBE|group_formation@EXPO,departure_finalization,1.0,0.0,0.0,2026-07-30T22:06:43.185421+02:00,2026-07-30T22:07:43.185421+02:00
-6787.079570779751,-6747.079570779751,SYN2-190-D:P0001,G:BW:LYBE:SYN2-190-D:P0001,EVTOL_001,BW,LYBE,before_boarding,selected_plan,group_formation|repositioning_flight,group_formation@BW|repositioning_flight@BW,takeoff,0.6666666666666666,0.0,0.0,2026-07-30T22:06:52.920429+02:00,2026-07-30T22:07:32.920429+02:00
-6772.877857624137,-6712.877857624137,SYN2-193-D:P0001,G:LYBV:LYBE:SYN2-193-D:P0001,EVTOL_002,LYBV,LYBE,departure_preparation,committed_flight,departure_preparation,departure_preparation@LYBV,departure_finalization,1.0,0.0,0.0,2026-07-30T22:07:07.122142+02:00,2026-07-30T22:08:07.122142+02:00
-6747.079570779751,-6522.243748779751,SYN2-190-D:P0001,G:BW:LYBE:SYN2-190-D:P0001,EVTOL_001,BW,LYBE,before_boarding,selected_plan,group_formation|repositioning_flight,group_formation@BW|repositioning_flight@BW,cruise,3.7472637,0.0,0.0,2026-07-30T22:07:32.920429+02:00,2026-07-30T22:11:17.756251+02:00
-6736.814578951901,-6696.814578951901,SYN2-197-D:P0003,G:EXPO:LYBE:SYN2-197-D:P0003,EVTOL_003,EXPO,LYBE,before_boarding,selected_plan,group_formation|repositioning_flight,group_formation@EXPO|repositioning_flight@EXPO,takeoff,0.6666666666666666,0.0,0.0,2026-07-30T22:07:43.185421+02:00,2026-07-30T22:08:23.185421+02:00
-6696.814578951901,-6596.052180951901,SYN2-197-D:P0003,G:EXPO:LYBE:SYN2-197-D:P0003,EVTOL_003,EXPO,LYBE,before_boarding,selected_plan,group_formation|repositioning_flight,group_formation@EXPO|repositioning_flight@EXPO,cruise,1.6793732999999975,0.0,0.0,2026-07-30T22:08:23.185421+02:00,2026-07-30T22:10:03.947819+02:00
-6623.157832970343,-6522.243748779751,SYN2-342-D:P0002,G:BW:LYBE:SYN2-190-D:P0001,EVTOL_001,BW,LYBE,before_boarding,selected_plan,group_formation|repositioning_flight,group_formation@BW|repositioning_flight@BW,cruise,1.6819014031765467,0.0,0.0,2026-07-30T22:09:36.842167+02:00,2026-07-30T22:11:17.756251+02:00
-6596.052180951901,-6536.052180951901,SYN2-197-D:P0003,G:EXPO:LYBE:SYN2-197-D:P0003,EVTOL_003,EXPO,LYBE,before_boarding,selected_plan,group_formation|repositioning_flight,group_formation@EXPO|repositioning_flight@EXPO,landing,1.0,0.0,0.0,2026-07-30T22:10:03.947819+02:00,2026-07-30T22:11:03.947819+02:00
-6536.052180951901,-5896.814578951901,SYN2-197-D:P0003,G:EXPO:LYBE:SYN2-197-D:P0003,EVTOL_003,EXPO,LYBE,before_boarding,selected_plan,group_formation,group_formation@EXPO,idle,10.653960033333336,0.0,0.0,2026-07-30T22:11:03.947819+02:00,2026-07-30T22:21:43.185421+02:00
-6522.243748779751,-6462.243748779751,SYN2-190-D:P0001,G:BW:LYBE:SYN2-190-D:P0001,EVTOL_001,BW,LYBE,before_boarding,selected_plan,group_formation|repositioning_flight,group_formation@BW|repositioning_flight@BW,landing,1.0,0.0,0.0,2026-07-30T22:11:17.756251+02:00,2026-07-30T22:12:17.756251+02:00
-6522.243748779751,-6462.243748779751,SYN2-342-D:P0002,G:BW:LYBE:SYN2-190-D:P0001,EVTOL_001,BW,LYBE,before_boarding,selected_plan,group_formation|repositioning_flight,group_formation@BW|repositioning_flight@BW,landing,1.0,0.0,0.0,2026-07-30T22:11:17.756251+02:00,2026-07-30T22:12:17.756251+02:00
-6462.243748779751,-5947.079570779751,SYN2-190-D:P0001,G:BW:LYBE:SYN2-190-D:P0001,EVTOL_001,BW,LYBE,before_boarding,selected_plan,group_formation,group_formation@BW,idle,8.586069633333333,0.0,0.0,2026-07-30T22:12:17.756251+02:00,2026-07-30T22:20:52.920429+02:00
-6462.243748779751,-5947.079570779751,SYN2-342-D:P0002,G:BW:LYBE:SYN2-190-D:P0001,EVTOL_001,BW,LYBE,before_boarding,selected_plan,group_formation,group_formation@BW,idle,8.586069633333333,0.0,0.0,2026-07-30T22:12:17.756251+02:00,2026-07-30T22:20:52.920429+02:00
-6273.75933252657,-5947.079570779751,SYN2-342-D:P0001,G:BW:LYBE:SYN2-190-D:P0001,EVTOL_001,BW,LYBE,before_boarding,selected_plan,group_formation,group_formation@BW,idle,5.44466269578032,0.0,0.0,2026-07-30T22:15:26.240667+02:00,2026-07-30T22:20:52.920429+02:00
-5701.814578951901,-5641.814578951901,SYN2-197-D:P0003,G:EXPO:LYBE:SYN2-197-D:P0003,EVTOL_003,EXPO,LYBE,departure_preparation,committed_flight,departure_preparation,departure_preparation@EXPO,departure_finalization,1.0,0.0,0.0,2026-07-30T22:24:58.185421+02:00,2026-07-30T22:25:58.185421+02:00
-5697.356146532356,-5637.356146532356,SYN2-197-D:P0002,G:BW:LYBE:SYN2-197-D:P0002,EVTOL_002,BW,LYBE,before_boarding,selected_plan,departure_preparation|group_formation,departure_preparation@LYBE|group_formation@BW,departure_finalization,1.0,0.0,0.0,2026-07-30T22:25:02.643853+02:00,2026-07-30T22:26:02.643853+02:00
-5637.356146532356,-5597.356146532356,SYN2-197-D:P0002,G:BW:LYBE:SYN2-197-D:P0002,EVTOL_002,BW,LYBE,before_boarding,selected_plan,group_formation|repositioning_flight,group_formation@BW|repositioning_flight@BW,takeoff,0.6666666666666666,0.0,0.0,2026-07-30T22:26:02.643853+02:00,2026-07-30T22:26:42.643853+02:00
-5602.079570779751,-5542.079570779751,SYN2-190-D:P0001,G:BW:LYBE:SYN2-190-D:P0001,EVTOL_001,BW,LYBE,departure_preparation,committed_flight,departure_preparation,departure_preparation@BW,departure_finalization,1.0,0.0,0.0,2026-07-30T22:26:37.920429+02:00,2026-07-30T22:27:37.920429+02:00
-5602.079570779751,-5542.079570779751,SYN2-342-D:P0002,G:BW:LYBE:SYN2-190-D:P0001,EVTOL_001,BW,LYBE,departure_preparation,committed_flight,departure_preparation,departure_preparation@BW,departure_finalization,1.0,0.0,0.0,2026-07-30T22:26:37.920429+02:00,2026-07-30T22:27:37.920429+02:00
-5602.079570779751,-5542.079570779751,SYN2-342-D:P0001,G:BW:LYBE:SYN2-190-D:P0001,EVTOL_001,BW,LYBE,departure_preparation,committed_flight,departure_preparation,departure_preparation@BW,departure_finalization,1.0,0.0,0.0,2026-07-30T22:26:37.920429+02:00,2026-07-30T22:27:37.920429+02:00
-5597.356146532356,-5372.520324532356,SYN2-197-D:P0002,G:BW:LYBE:SYN2-197-D:P0002,EVTOL_002,BW,LYBE,before_boarding,selected_plan,group_formation|repositioning_flight,group_formation@BW|repositioning_flight@BW,cruise,3.7472637,0.0,0.0,2026-07-30T22:26:42.643853+02:00,2026-07-30T22:30:27.479675+02:00
-5372.520324532356,-5312.520324532356,SYN2-197-D:P0002,G:BW:LYBE:SYN2-197-D:P0002,EVTOL_002,BW,LYBE,before_boarding,selected_plan,group_formation|repositioning_flight,group_formation@BW|repositioning_flight@BW,landing,1.0,0.0,0.0,2026-07-30T22:30:27.479675+02:00,2026-07-30T22:31:27.479675+02:00
-5312.762971047229,-5312.520324532356,SYN2-197-D:P0001,G:BW:LYBE:SYN2-197-D:P0002,EVTOL_002,BW,LYBE,before_boarding,selected_plan,group_formation|repositioning_flight,group_formation@BW|repositioning_flight@BW,landing,0.004044108581213853,0.0,0.0,2026-07-30T22:31:27.237029+02:00,2026-07-30T22:31:27.479675+02:00
-5312.520324532356,-4797.356146532356,SYN2-197-D:P0002,G:BW:LYBE:SYN2-197-D:P0002,EVTOL_002,BW,LYBE,before_boarding,selected_plan,group_formation,group_formation@BW,idle,8.586069633333333,0.0,0.0,2026-07-30T22:31:27.479675+02:00,2026-07-30T22:40:02.643853+02:00
-5312.520324532356,-4797.356146532356,SYN2-197-D:P0001,G:BW:LYBE:SYN2-197-D:P0002,EVTOL_002,BW,LYBE,before_boarding,selected_plan,group_formation,group_formation@BW,idle,8.586069633333333,0.0,0.0,2026-07-30T22:31:27.479675+02:00,2026-07-30T22:40:02.643853+02:00
-4755.330940561123,-4695.330940561123,SYN2-194-D:P0001,G:EXPO:LYBE:SYN2-194-D:P0001,EVTOL_001,EXPO,LYBE,before_boarding,selected_plan,departure_preparation|group_formation,departure_preparation@LYBE|group_formation@EXPO,departure_finalization,1.0,0.0,0.0,2026-07-30T22:40:44.669059+02:00,2026-07-30T22:41:44.669059+02:00
-4695.330940561123,-4655.330940561123,SYN2-194-D:P0001,G:EXPO:LYBE:SYN2-194-D:P0001,EVTOL_001,EXPO,LYBE,before_boarding,selected_plan,group_formation|repositioning_flight,group_formation@EXPO|repositioning_flight@EXPO,takeoff,0.6666666666666666,0.0,0.0,2026-07-30T22:41:44.669059+02:00,2026-07-30T22:42:24.669059+02:00
-4655.330940561123,-4554.568542561123,SYN2-194-D:P0001,G:EXPO:LYBE:SYN2-194-D:P0001,EVTOL_001,EXPO,LYBE,before_boarding,selected_plan,group_formation|repositioning_flight,group_formation@EXPO|repositioning_flight@EXPO,cruise,1.6793732999999975,0.0,0.0,2026-07-30T22:42:24.669059+02:00,2026-07-30T22:44:05.431457+02:00
-4566.181744557622,-4506.181744557622,SYN2-195-D:P0001,G:JUG:LYBE:SYN2-195-D:P0001,EVTOL_003,JUG,LYBE,before_boarding,selected_plan,departure_preparation|group_formation,departure_preparation@LYBE|group_formation@JUG,departure_finalization,1.0,0.0,0.0,2026-07-30T22:43:53.818255+02:00,2026-07-30T22:44:53.818255+02:00
-4554.568542561123,-4494.568542561123,SYN2-194-D:P0001,G:EXPO:LYBE:SYN2-194-D:P0001,EVTOL_001,EXPO,LYBE,before_boarding,selected_plan,group_formation|repositioning_flight,group_formation@EXPO|repositioning_flight@EXPO,landing,1.0,0.0,0.0,2026-07-30T22:44:05.431457+02:00,2026-07-30T22:45:05.431457+02:00
-4527.356146532356,-4467.356146532356,SYN2-197-D:P0002,G:BW:LYBE:SYN2-197-D:P0002,EVTOL_002,BW,LYBE,departure_preparation,committed_flight,departure_preparation,departure_preparation@BW,departure_finalization,1.0,0.0,0.0,2026-07-30T22:44:32.643853+02:00,2026-07-30T22:45:32.643853+02:00
-4527.356146532356,-4467.356146532356,SYN2-197-D:P0001,G:BW:LYBE:SYN2-197-D:P0002,EVTOL_002,BW,LYBE,departure_preparation,committed_flight,departure_preparation,departure_preparation@BW,departure_finalization,1.0,0.0,0.0,2026-07-30T22:44:32.643853+02:00,2026-07-30T22:45:32.643853+02:00
-4506.181744557622,-4466.181744557622,SYN2-195-D:P0001,G:JUG:LYBE:SYN2-195-D:P0001,EVTOL_003,JUG,LYBE,before_boarding,selected_plan,group_formation|repositioning_flight,group_formation@JUG|repositioning_flight@JUG,takeoff,0.6666666666666666,0.0,0.0,2026-07-30T22:44:53.818255+02:00,2026-07-30T22:45:33.818255+02:00
-4494.568542561123,-3855.3309405611226,SYN2-194-D:P0001,G:EXPO:LYBE:SYN2-194-D:P0001,EVTOL_001,EXPO,LYBE,before_boarding,selected_plan,group_formation,group_formation@EXPO,idle,10.653960033333336,0.0,0.0,2026-07-30T22:45:05.431457+02:00,2026-07-30T22:55:44.669059+02:00
-4466.181744557622,-4148.379432557622,SYN2-195-D:P0001,G:JUG:LYBE:SYN2-195-D:P0001,EVTOL_003,JUG,LYBE,before_boarding,selected_plan,group_formation|repositioning_flight,group_formation@JUG|repositioning_flight@JUG,cruise,5.296705199999996,0.0,0.0,2026-07-30T22:45:33.818255+02:00,2026-07-30T22:50:51.620567+02:00
-4148.379432557622,-4088.379432557622,SYN2-195-D:P0001,G:JUG:LYBE:SYN2-195-D:P0001,EVTOL_003,JUG,LYBE,before_boarding,selected_plan,group_formation|repositioning_flight,group_formation@JUG|repositioning_flight@JUG,landing,1.0,0.0,0.0,2026-07-30T22:50:51.620567+02:00,2026-07-30T22:51:51.620567+02:00
-4088.379432557622,-3666.1817445576216,SYN2-195-D:P0001,G:JUG:LYBE:SYN2-195-D:P0001,EVTOL_003,JUG,LYBE,before_boarding,selected_plan,group_formation,group_formation@JUG,idle,7.036628133333337,0.0,0.0,2026-07-30T22:51:51.620567+02:00,2026-07-30T22:58:53.818255+02:00
-3660.3309405611226,-3600.3309405611226,SYN2-194-D:P0001,G:EXPO:LYBE:SYN2-194-D:P0001,EVTOL_001,EXPO,LYBE,departure_preparation,committed_flight,departure_preparation,departure_preparation@EXPO,departure_finalization,1.0,0.0,0.0,2026-07-30T22:58:59.669059+02:00,2026-07-30T22:59:59.669059+02:00
-3471.1817445576216,-3411.1817445576216,SYN2-195-D:P0001,G:JUG:LYBE:SYN2-195-D:P0001,EVTOL_003,JUG,LYBE,departure_preparation,committed_flight,departure_preparation,departure_preparation@JUG,departure_finalization,1.0,0.0,0.0,2026-07-30T23:02:08.818255+02:00,2026-07-30T23:03:08.818255+02:00
6095.428099285272,6995.428099285272,SYN2-002-A:P0001,G:LYBE:EXPO:SYN2-002-A:P0001,EVTOL_001,LYBE,EXPO,before_boarding,selected_plan,group_formation,group_formation@LYBE,idle,15.0,0.0,0.0,2026-07-31T01:41:35.428099+02:00,2026-07-31T01:56:35.428099+02:00
6277.665323532941,7177.665323532941,SYN2-003-A:P0002,G:LYBE:BW:SYN2-003-A:P0002,EVTOL_002,LYBE,BW,before_boarding,selected_plan,group_formation,group_formation@LYBE,idle,15.0,0.0,0.0,2026-07-31T01:44:37.665324+02:00,2026-07-31T01:59:37.665324+02:00
6976.813593248996,7876.813593248996,SYN2-003-A:P0001,G:LYBE:LYBV:SYN2-003-A:P0001,EVTOL_003,LYBE,LYBV,before_boarding,selected_plan,group_formation,group_formation@LYBE,idle,15.0,0.0,0.0,2026-07-31T01:56:16.813593+02:00,2026-07-31T02:11:16.813593+02:00
7190.428099285272,7250.428099285272,SYN2-002-A:P0001,G:LYBE:EXPO:SYN2-002-A:P0001,EVTOL_001,LYBE,EXPO,departure_preparation,committed_flight,departure_preparation,departure_preparation@LYBE,departure_finalization,1.0,0.0,0.0,2026-07-31T01:59:50.428099+02:00,2026-07-31T02:00:50.428099+02:00
7372.665323532941,7432.665323532941,SYN2-003-A:P0002,G:LYBE:BW:SYN2-003-A:P0002,EVTOL_002,LYBE,BW,departure_preparation,committed_flight,departure_preparation,departure_preparation@LYBE,departure_finalization,1.0,0.0,0.0,2026-07-31T02:02:52.665324+02:00,2026-07-31T02:03:52.665324+02:00
7589.9329442891485,7697.501145532941,SYN2-345-D:P0003,G:LYBV:LYBE:SYN2-345-D:P0003,EVTOL_002,LYBV,LYBE,before_boarding,selected_plan,aircraft_busy|group_formation,aircraft_busy@F000017|group_formation@LYBV,cruise,1.7928033540632138,0.0,0.0,2026-07-31T02:06:29.932944+02:00,2026-07-31T02:08:17.501146+02:00
7697.501145532941,7757.501145532941,SYN2-345-D:P0003,G:LYBV:LYBE:SYN2-345-D:P0003,EVTOL_002,LYBV,LYBE,before_boarding,selected_plan,aircraft_busy|group_formation,aircraft_busy@F000017|group_formation@LYBV,landing,1.0,0.0,0.0,2026-07-31T02:08:17.501146+02:00,2026-07-31T02:09:17.501146+02:00
7757.501145532941,7883.501145532941,SYN2-345-D:P0003,G:LYBV:LYBE:SYN2-345-D:P0003,EVTOL_002,LYBV,LYBE,before_boarding,selected_plan,aircraft_busy|group_formation,aircraft_busy@F000017|group_formation@LYBV,disembarking,2.1,0.0,0.0,2026-07-31T02:09:17.501146+02:00,2026-07-31T02:11:23.501146+02:00
7883.501145532941,7943.501145532941,SYN2-345-D:P0003,G:LYBV:LYBE:SYN2-345-D:P0003,EVTOL_002,LYBV,LYBE,before_boarding,selected_plan,departure_preparation|group_formation,departure_preparation@BW|group_formation@LYBV,departure_finalization,1.0,0.0,0.0,2026-07-31T02:11:23.501146+02:00,2026-07-31T02:12:23.501146+02:00
7943.501145532941,7983.501145532941,SYN2-345-D:P0003,G:LYBV:LYBE:SYN2-345-D:P0003,EVTOL_002,LYBV,LYBE,before_boarding,selected_plan,group_formation|repositioning_flight,group_formation@LYBV|repositioning_flight@LYBV,takeoff,0.6666666666666666,0.0,0.0,2026-07-31T02:12:23.501146+02:00,2026-07-31T02:13:03.501146+02:00
7983.501145532941,8077.113511532942,SYN2-345-D:P0003,G:LYBV:LYBE:SYN2-345-D:P0003,EVTOL_002,LYBV,LYBE,before_boarding,selected_plan,group_formation|repositioning_flight,group_formation@LYBV|repositioning_flight@LYBV,cruise,1.560206100000005,0.0,0.0,2026-07-31T02:13:03.501146+02:00,2026-07-31T02:14:37.113512+02:00
8071.813593248996,8131.813593248996,SYN2-003-A:P0001,G:LYBE:LYBV:SYN2-003-A:P0001,EVTOL_003,LYBE,LYBV,departure_preparation,committed_flight,departure_preparation,departure_preparation@LYBE,departure_finalization,1.0,0.0,0.0,2026-07-31T02:14:31.813593+02:00,2026-07-31T02:15:31.813593+02:00
8077.113511532942,8137.113511532942,SYN2-345-D:P0003,G:LYBV:LYBE:SYN2-345-D:P0003,EVTOL_002,LYBV,LYBE,before_boarding,selected_plan,group_formation|repositioning_flight,group_formation@LYBV|repositioning_flight@LYBV,landing,1.0,0.0,0.0,2026-07-31T02:14:37.113512+02:00,2026-07-31T02:15:37.113512+02:00
8089.2097747251555,8149.2097747251555,SYN2-201-D:P0001,G:DOR:LYBE:SYN2-201-D:P0001,EVTOL_001,DOR,LYBE,before_boarding,selected_plan,departure_preparation|group_formation,departure_preparation@EXPO|group_formation@DOR,departure_finalization,1.0,0.0,0.0,2026-07-31T02:14:49.209775+02:00,2026-07-31T02:15:49.209775+02:00
8137.113511532942,8489.932944289149,SYN2-345-D:P0003,G:LYBV:LYBE:SYN2-345-D:P0003,EVTOL_002,LYBV,LYBE,before_boarding,selected_plan,group_formation,group_formation@LYBV,idle,5.880323879270114,0.0,0.0,2026-07-31T02:15:37.113512+02:00,2026-07-31T02:21:29.932944+02:00
8149.2097747251555,8189.2097747251555,SYN2-201-D:P0001,G:DOR:LYBE:SYN2-201-D:P0001,EVTOL_001,DOR,LYBE,before_boarding,selected_plan,group_formation|repositioning_flight,group_formation@DOR|repositioning_flight@DOR,takeoff,0.6666666666666666,0.0,0.0,2026-07-31T02:15:49.209775+02:00,2026-07-31T02:16:29.209775+02:00
8189.2097747251555,8511.197806725155,SYN2-201-D:P0001,G:DOR:LYBE:SYN2-201-D:P0001,EVTOL_001,DOR,LYBE,before_boarding,selected_plan,group_formation|repositioning_flight,group_formation@DOR|repositioning_flight@DOR,cruise,5.366467199999988,0.0,0.0,2026-07-31T02:16:29.209775+02:00,2026-07-31T02:21:51.197807+02:00
8418.268381141666,8508.261781248995,SYN2-345-D:P0001,G:JUG:LYBE:SYN2-345-D:P0001,EVTOL_003,JUG,LYBE,before_boarding,selected_plan,aircraft_busy|group_formation,aircraft_busy@F000018|group_formation@JUG,cruise,1.4998900017888142,0.0,0.0,2026-07-31T02:20:18.268381+02:00,2026-07-31T02:21:48.261781+02:00
8508.261781248995,8568.261781248995,SYN2-345-D:P0001,G:JUG:LYBE:SYN2-345-D:P0001,EVTOL_003,JUG,LYBE,before_boarding,selected_plan,aircraft_busy|group_formation,aircraft_busy@F000018|group_formation@JUG,landing,1.0,0.0,0.0,2026-07-31T02:21:48.261781+02:00,2026-07-31T02:22:48.261781+02:00
8511.197806725155,8571.197806725155,SYN2-201-D:P0001,G:DOR:LYBE:SYN2-201-D:P0001,EVTOL_001,DOR,LYBE,before_boarding,selected_plan,group_formation|repositioning_flight,group_formation@DOR|repositioning_flight@DOR,landing,1.0,0.0,0.0,2026-07-31T02:21:51.197807+02:00,2026-07-31T02:22:51.197807+02:00
8568.261781248995,8694.261781248995,SYN2-345-D:P0001,G:JUG:LYBE:SYN2-345-D:P0001,EVTOL_003,JUG,LYBE,before_boarding,selected_plan,aircraft_busy|group_formation,aircraft_busy@F000018|group_formation@JUG,disembarking,2.1,0.0,0.0,2026-07-31T02:22:48.261781+02:00,2026-07-31T02:24:54.261781+02:00
8571.197806725155,8989.209774725156,SYN2-201-D:P0001,G:DOR:LYBE:SYN2-201-D:P0001,EVTOL_001,DOR,LYBE,before_boarding,selected_plan,group_formation,group_formation@DOR,idle,6.966866133333345,0.0,0.0,2026-07-31T02:22:51.197807+02:00,2026-07-31T02:29:49.209775+02:00
8684.932944289149,8744.932944289149,SYN2-345-D:P0003,G:LYBV:LYBE:SYN2-345-D:P0003,EVTOL_002,LYBV,LYBE,departure_preparation,committed_flight,departure_preparation,departure_preparation@LYBV,departure_finalization,1.0,0.0,0.0,2026-07-31T02:24:44.932944+02:00,2026-07-31T02:25:44.932944+02:00
8694.261781248995,8724.932944289149,SYN2-345-D:P0001,G:JUG:LYBE:SYN2-345-D:P0001,EVTOL_003,JUG,LYBE,before_boarding,selected_plan,group_formation|origin_tlof,group_formation@JUG|origin_tlof@LYBV,idle,0.511186050669221,0.0,0.0,2026-07-31T02:24:54.261781+02:00,2026-07-31T02:25:24.932944+02:00
8724.932944289149,8784.932944289149,SYN2-345-D:P0001,G:JUG:LYBE:SYN2-345-D:P0001,EVTOL_003,JUG,LYBE,before_boarding,selected_plan,departure_preparation|group_formation,departure_preparation@LYBV|group_formation@JUG,departure_finalization,1.0,0.0,0.0,2026-07-31T02:25:24.932944+02:00,2026-07-31T02:26:24.932944+02:00
8784.932944289149,8824.932944289149,SYN2-345-D:P0001,G:JUG:LYBE:SYN2-345-D:P0001,EVTOL_003,JUG,LYBE,before_boarding,selected_plan,group_formation|repositioning_flight,group_formation@JUG|repositioning_flight@JUG,takeoff,0.6666666666666666,0.0,0.0,2026-07-31T02:26:24.932944+02:00,2026-07-31T02:27:04.932944+02:00
8824.932944289149,9011.511800289149,SYN2-345-D:P0001,G:JUG:LYBE:SYN2-345-D:P0001,EVTOL_003,JUG,LYBE,before_boarding,selected_plan,group_formation|repositioning_flight,group_formation@JUG|repositioning_flight@JUG,cruise,3.1096476000000015,0.0,0.0,2026-07-31T02:27:04.932944+02:00,2026-07-31T02:30:11.511800+02:00
8831.77902909776,9121.381132289149,SYN2-006-A:P0001,G:LYBE:BW:SYN2-006-A:P0001,EVTOL_002,LYBE,BW,before_boarding,selected_plan,aircraft_busy|group_formation,aircraft_busy@F000021|group_formation@LYBE,cruise,4.826701719856495,0.0,0.0,2026-07-31T02:27:11.779029+02:00,2026-07-31T02:32:01.381132+02:00
9011.511800289149,9071.511800289149,SYN2-345-D:P0001,G:JUG:LYBE:SYN2-345-D:P0001,EVTOL_003,JUG,LYBE,before_boarding,selected_plan,group_formation|repositioning_flight,group_formation@JUG|repositioning_flight@JUG,landing,1.0,0.0,0.0,2026-07-31T02:30:11.511800+02:00,2026-07-31T02:31:11.511800+02:00
9071.511800289149,9318.268381141666,SYN2-345-D:P0001,G:JUG:LYBE:SYN2-345-D:P0001,EVTOL_003,JUG,LYBE,before_boarding,selected_plan,group_formation,group_formation@JUG,idle,4.1126096808752965,0.0,0.0,2026-07-31T02:31:11.511800+02:00,2026-07-31T02:35:18.268381+02:00
9095.093146521776,9121.381132289149,SYN2-220-D:P0002,G:LYBV:LYBE:SYN2-220-D:P0002,EVTOL_004,LYBV,LYBE,before_boarding,selected_plan,group_formation|origin_tlof,group_formation@LYBV|origin_tlof@LYBE,idle,0.4381330961228741,0.0,0.0,2026-07-31T02:31:35.093147+02:00,2026-07-31T02:32:01.381132+02:00
9121.381132289149,9181.381132289149,SYN2-006-A:P0001,G:LYBE:BW:SYN2-006-A:P0001,EVTOL_002,LYBE,BW,before_boarding,selected_plan,aircraft_busy|group_formation,aircraft_busy@F000021|group_formation@LYBE,landing,1.0,0.0,0.0,2026-07-31T02:32:01.381132+02:00,2026-07-31T02:33:01.381132+02:00
9121.381132289149,9181.381132289149,SYN2-220-D:P0002,G:LYBV:LYBE:SYN2-220-D:P0002,EVTOL_004,LYBV,LYBE,before_boarding,selected_plan,departure_preparation|group_formation,departure_preparation@LYBE|group_formation@LYBV,departure_finalization,1.0,0.0,0.0,2026-07-31T02:32:01.381132+02:00,2026-07-31T02:33:01.381132+02:00
9181.381132289149,9307.381132289149,SYN2-006-A:P0001,G:LYBE:BW:SYN2-006-A:P0001,EVTOL_002,LYBE,BW,before_boarding,selected_plan,aircraft_busy|group_formation,aircraft_busy@F000021|group_formation@LYBE,disembarking,2.1,0.0,0.0,2026-07-31T02:33:01.381132+02:00,2026-07-31T02:35:07.381132+02:00
9181.381132289149,9221.381132289149,SYN2-220-D:P0002,G:LYBV:LYBE:SYN2-220-D:P0002,EVTOL_004,LYBV,LYBE,before_boarding,selected_plan,group_formation|repositioning_flight,group_formation@LYBV|repositioning_flight@LYBV,takeoff,0.6666666666666666,0.0,0.0,2026-07-31T02:33:01.381132+02:00,2026-07-31T02:33:41.381132+02:00
9184.209774725156,9244.209774725156,SYN2-201-D:P0001,G:DOR:LYBE:SYN2-201-D:P0001,EVTOL_001,DOR,LYBE,departure_preparation,committed_flight,departure_preparation,departure_preparation@DOR,departure_finalization,1.0,0.0,0.0,2026-07-31T02:33:04.209775+02:00,2026-07-31T02:34:04.209775+02:00
9221.381132289149,9557.82932028915,SYN2-220-D:P0002,G:LYBV:LYBE:SYN2-220-D:P0002,EVTOL_004,LYBV,LYBE,before_boarding,selected_plan,group_formation|repositioning_flight,group_formation@LYBV|repositioning_flight@LYBV,cruise,5.607469800000005,0.0,0.0,2026-07-31T02:33:41.381132+02:00,2026-07-31T02:39:17.829320+02:00
9307.381132289149,9731.77902909776,SYN2-006-A:P0001,G:LYBE:BW:SYN2-006-A:P0001,EVTOL_002,LYBE,BW,before_boarding,selected_plan,group_formation,group_formation@LYBE,idle,7.073298280143505,0.0,0.0,2026-07-31T02:35:07.381132+02:00,2026-07-31T02:42:11.779029+02:00
9391.172641669054,9513.268381141666,SYN2-345-D:P0002,G:BW:LYBE:SYN2-345-D:P0002,EVTOL_003,BW,LYBE,before_boarding,selected_plan,aircraft_busy|group_formation,aircraft_busy@F000025|group_formation@BW,boarding,2.0349289912101995,0.0,0.0,2026-07-31T02:36:31.172642+02:00,2026-07-31T02:38:33.268381+02:00
9447.26296300275,9612.009988725156,SYN2-206-D:P0001,G:DOR:LYBE:SYN2-206-D:P0001,EVTOL_001,DOR,LYBE,before_boarding,selected_plan,aircraft_busy|group_formation,aircraft_busy@F000023|group_formation@DOR,cruise,2.7457837620401127,0.0,0.0,2026-07-31T02:37:27.262963+02:00,2026-07-31T02:40:12.009989+02:00
9513.268381141666,9573.268381141666,SYN2-345-D:P0002,G:BW:LYBE:SYN2-345-D:P0002,EVTOL_003,BW,LYBE,before_boarding,selected_plan,aircraft_busy|group_formation,aircraft_busy@F000025|group_formation@BW,departure_finalization,1.0,0.0,0.0,2026-07-31T02:38:33.268381+02:00,2026-07-31T02:39:33.268381+02:00
9513.268381141666,9573.268381141666,SYN2-345-D:P0001,G:JUG:LYBE:SYN2-345-D:P0001,EVTOL_003,JUG,LYBE,departure_preparation,committed_flight,departure_preparation,departure_preparation@JUG,departure_finalization,1.0,0.0,0.0,2026-07-31T02:38:33.268381+02:00,2026-07-31T02:39:33.268381+02:00
9557.82932028915,9617.82932028915,SYN2-220-D:P0002,G:LYBV:LYBE:SYN2-220-D:P0002,EVTOL_004,LYBV,LYBE,before_boarding,selected_plan,group_formation|repositioning_flight,group_formation@LYBV|repositioning_flight@LYBV,landing,1.0,0.0,0.0,2026-07-31T02:39:17.829320+02:00,2026-07-31T02:40:17.829320+02:00
9573.268381141666,9613.268381141666,SYN2-345-D:P0002,G:BW:LYBE:SYN2-345-D:P0002,EVTOL_003,BW,LYBE,before_boarding,selected_plan,aircraft_busy|group_formation,aircraft_busy@F000025|group_formation@BW,takeoff,0.6666666666666666,0.0,0.0,2026-07-31T02:39:33.268381+02:00,2026-07-31T02:40:13.268381+02:00
9612.009988725156,9672.009988725156,SYN2-206-D:P0001,G:DOR:LYBE:SYN2-206-D:P0001,EVTOL_001,DOR,LYBE,before_boarding,selected_plan,aircraft_busy|group_formation,aircraft_busy@F000023|group_formation@DOR,landing,1.0,0.0,0.0,2026-07-31T02:40:12.009989+02:00,2026-07-31T02:41:12.009989+02:00
9613.268381141666,9732.009988725156,SYN2-345-D:P0002,G:BW:LYBE:SYN2-345-D:P0002,EVTOL_003,BW,LYBE,before_boarding,selected_plan,aircraft_busy|group_formation,aircraft_busy@F000025|group_formation@BW,cruise,1.9790267930581649,0.0,0.0,2026-07-31T02:40:13.268381+02:00,2026-07-31T02:42:12.009989+02:00
9617.82932028915,9995.093146521776,SYN2-220-D:P0002,G:LYBV:LYBE:SYN2-220-D:P0002,EVTOL_004,LYBV,LYBE,before_boarding,selected_plan,group_formation,group_formation@LYBV,idle,6.287730437210454,0.0,0.0,2026-07-31T02:40:17.829320+02:00,2026-07-31T02:46:35.093147+02:00
9672.009988725156,9732.009988725156,SYN2-206-D:P0001,G:DOR:LYBE:SYN2-206-D:P0001,EVTOL_001,DOR,LYBE,before_boarding,selected_plan,aircraft_busy|group_formation,aircraft_busy@F000023|group_formation@DOR,disembarking,1.0,0.0,0.0,2026-07-31T02:41:12.009989+02:00,2026-07-31T02:42:12.009989+02:00
9698.944929701136,9995.093146521776,SYN2-344-D:P0001,G:LYBV:LYBE:SYN2-220-D:P0002,EVTOL_004,LYBV,LYBE,before_boarding,selected_plan,group_formation,group_formation@LYBV,idle,4.935803613677338,0.0,0.0,2026-07-31T02:41:38.944930+02:00,2026-07-31T02:46:35.093147+02:00
9732.009988725156,9926.77902909776,SYN2-345-D:P0002,G:BW:LYBE:SYN2-345-D:P0002,EVTOL_002,BW,LYBE,before_boarding,selected_plan,aircraft_busy|group_formation,aircraft_busy@F000026|group_formation@BW,boarding,3.246150672876714,0.0,0.0,2026-07-31T02:42:12.009989+02:00,2026-07-31T02:45:26.779029+02:00
9732.009988725156,9931.070693141666,SYN2-206-D:P0001,G:DOR:LYBE:SYN2-206-D:P0001,EVTOL_003,DOR,LYBE,before_boarding,selected_plan,aircraft_busy|group_formation,aircraft_busy@F000025|group_formation@DOR,cruise,3.3176784069418317,0.0,0.0,2026-07-31T02:42:12.009989+02:00,2026-07-31T02:45:31.070693+02:00
9926.77902909776,9931.070693141666,SYN2-345-D:P0002,G:BW:LYBE:SYN2-345-D:P0002,EVTOL_002,BW,LYBE,before_boarding,selected_plan,aircraft_busy|group_formation,aircraft_busy@F000026|group_formation@BW,waiting_for_tlof,0.07152773406511793,0.0,0.0,2026-07-31T02:45:26.779029+02:00,2026-07-31T02:45:31.070693+02:00
9926.77902909776,9931.070693141666,SYN2-006-A:P0001,G:LYBE:BW:SYN2-006-A:P0001,EVTOL_002,LYBE,BW,after_boarding,committed_flight,origin_tlof,origin_tlof@LYBE,waiting_for_departure,0.07152773406511793,0.0,0.07152773406511793,2026-07-31T02:45:26.779029+02:00,2026-07-31T02:45:31.070693+02:00
9931.070693141666,9991.070693141666,SYN2-345-D:P0002,G:BW:LYBE:SYN2-345-D:P0002,EVTOL_002,BW,LYBE,before_boarding,selected_plan,aircraft_busy|group_formation,aircraft_busy@F000026|group_formation@BW,departure_finalization,1.0,0.0,0.0,2026-07-31T02:45:31.070693+02:00,2026-07-31T02:46:31.070693+02:00
9931.070693141666,9991.070693141666,SYN2-206-D:P0001,G:DOR:LYBE:SYN2-206-D:P0001,EVTOL_003,DOR,LYBE,before_boarding,selected_plan,aircraft_busy|group_formation,aircraft_busy@F000025|group_formation@DOR,landing,1.0,0.0,0.0,2026-07-31T02:45:31.070693+02:00,2026-07-31T02:46:31.070693+02:00
9931.070693141666,9991.070693141666,SYN2-006-A:P0001,G:LYBE:BW:SYN2-006-A:P0001,EVTOL_002,LYBE,BW,departure_preparation,committed_flight,departure_preparation,departure_preparation@LYBE,departure_finalization,1.0,0.0,0.0,2026-07-31T02:45:31.070693+02:00,2026-07-31T02:46:31.070693+02:00
9991.070693141666,10031.070693141666,SYN2-345-D:P0002,G:BW:LYBE:SYN2-345-D:P0002,EVTOL_002,BW,LYBE,before_boarding,selected_plan,aircraft_busy|group_formation,aircraft_busy@F000026|group_formation@BW,takeoff,0.6666666666666666,0.0,0.0,2026-07-31T02:46:31.070693+02:00,2026-07-31T02:47:11.070693+02:00
9991.070693141666,10117.070693141666,SYN2-206-D:P0001,G:DOR:LYBE:SYN2-206-D:P0001,EVTOL_003,DOR,LYBE,before_boarding,selected_plan,aircraft_busy|group_formation,aircraft_busy@F000025|group_formation@DOR,disembarking,2.1,0.0,0.0,2026-07-31T02:46:31.070693+02:00,2026-07-31T02:48:37.070693+02:00
10031.070693141666,10255.906515141665,SYN2-345-D:P0002,G:BW:LYBE:SYN2-345-D:P0002,EVTOL_002,BW,LYBE,before_boarding,selected_plan,aircraft_busy|group_formation,aircraft_busy@F000026|group_formation@BW,cruise,3.747263699999985,0.0,0.0,2026-07-31T02:47:11.070693+02:00,2026-07-31T02:50:55.906515+02:00
10117.070693141666,10192.317113642297,SYN2-206-D:P0001,G:DOR:LYBE:SYN2-206-D:P0001,EVTOL_003,DOR,LYBE,before_boarding,selected_plan,battery_before_repositioning|group_formation,battery_before_repositioning@LYBE|group_formation@DOR,idle,1.2541070083438475,0.0,0.0,2026-07-31T02:48:37.070693+02:00,2026-07-31T02:49:52.317114+02:00
10177.39325766277,10237.39325766277,SYN2-220-D:P0001,G:JUG:LYBE:SYN2-220-D:P0001,EVTOL_001,JUG,LYBE,before_boarding,selected_plan,departure_preparation|group_formation,departure_preparation@LYBE|group_formation@JUG,departure_finalization,1.0,0.0,0.0,2026-07-31T02:49:37.393258+02:00,2026-07-31T02:50:37.393258+02:00
10192.317113642297,10217.39325766277,SYN2-206-D:P0001,G:DOR:LYBE:SYN2-206-D:P0001,EVTOL_003,DOR,LYBE,before_boarding,selected_plan,group_formation|origin_tlof,group_formation@DOR|origin_tlof@LYBE,idle,0.4179357336745549,0.0,0.0,2026-07-31T02:49:52.317114+02:00,2026-07-31T02:50:17.393258+02:00
10217.39325766277,10277.39325766277,SYN2-206-D:P0001,G:DOR:LYBE:SYN2-206-D:P0001,EVTOL_003,DOR,LYBE,before_boarding,selected_plan,departure_preparation|group_formation,departure_preparation@LYBE|group_formation@DOR,departure_finalization,1.0,0.0,0.0,2026-07-31T02:50:17.393258+02:00,2026-07-31T02:51:17.393258+02:00
10237.39325766277,10277.39325766277,SYN2-220-D:P0001,G:JUG:LYBE:SYN2-220-D:P0001,EVTOL_001,JUG,LYBE,before_boarding,selected_plan,group_formation|repositioning_flight,group_formation@JUG|repositioning_flight@JUG,takeoff,0.6666666666666666,0.0,0.0,2026-07-31T02:50:37.393258+02:00,2026-07-31T02:51:17.393258+02:00
10255.906515141665,10291.172641669054,SYN2-345-D:P0002,G:BW:LYBE:SYN2-345-D:P0002,EVTOL_002,BW,LYBE,before_boarding,selected_plan,aircraft_busy|group_formation,aircraft_busy@F000026|group_formation@BW,landing,0.5877687754564855,0.0,0.0,2026-07-31T02:50:55.906515+02:00,2026-07-31T02:51:31.172642+02:00
10261.937961304033,10291.172641669054,SYN2-203-D:P0001,G:BW:LYBE:SYN2-345-D:P0002,EVTOL_002,BW,LYBE,before_boarding,selected_plan,aircraft_busy|group_formation,aircraft_busy@F000026|group_formation@BW,landing,0.48724467275036054,0.0,0.0,2026-07-31T02:51:01.937961+02:00,2026-07-31T02:51:31.172642+02:00
10265.093146521776,10325.093146521776,SYN2-220-D:P0002,G:LYBV:LYBE:SYN2-220-D:P0002,EVTOL_004,LYBV,LYBE,departure_preparation,committed_flight,departure_preparation,departure_preparation@LYBV,departure_finalization,1.0,0.0,0.0,2026-07-31T02:51:05.093147+02:00,2026-07-31T02:52:05.093147+02:00
10265.093146521776,10325.093146521776,SYN2-344-D:P0001,G:LYBV:LYBE:SYN2-220-D:P0002,EVTOL_004,LYBV,LYBE,departure_preparation,committed_flight,departure_preparation,departure_preparation@LYBV,departure_finalization,1.0,0.0,0.0,2026-07-31T02:51:05.093147+02:00,2026-07-31T02:52:05.093147+02:00
10277.39325766277,10317.39325766277,SYN2-206-D:P0001,G:DOR:LYBE:SYN2-206-D:P0001,EVTOL_003,DOR,LYBE,before_boarding,selected_plan,group_formation|repositioning_flight,group_formation@DOR|repositioning_flight@DOR,takeoff,0.6666666666666666,0.0,0.0,2026-07-31T02:51:17.393258+02:00,2026-07-31T02:51:57.393258+02:00
10277.39325766277,10595.19556966277,SYN2-220-D:P0001,G:JUG:LYBE:SYN2-220-D:P0001,EVTOL_001,JUG,LYBE,before_boarding,selected_plan,group_formation|repositioning_flight,group_formation@JUG|repositioning_flight@JUG,cruise,5.296705199999996,0.0,0.0,2026-07-31T02:51:17.393258+02:00,2026-07-31T02:56:35.195570+02:00
10291.172641669054,10315.906515141665,SYN2-345-D:P0002,G:BW:LYBE:SYN2-345-D:P0002,EVTOL_002,BW,LYBE,before_boarding,selected_plan,aircraft_busy,aircraft_busy@F000026,landing,0.41223122454351446,0.41223122454351446,0.0,2026-07-31T02:51:31.172642+02:00,2026-07-31T02:51:55.906515+02:00
10291.172641669054,10315.906515141665,SYN2-203-D:P0001,G:BW:LYBE:SYN2-345-D:P0002,EVTOL_002,BW,LYBE,before_boarding,selected_plan,aircraft_busy,aircraft_busy@F000026,landing,0.41223122454351446,0.0,0.0,2026-07-31T02:51:31.172642+02:00,2026-07-31T02:51:55.906515+02:00
10315.906515141665,10441.906515141665,SYN2-345-D:P0002,G:BW:LYBE:SYN2-345-D:P0002,EVTOL_002,BW,LYBE,before_boarding,selected_plan,aircraft_busy,aircraft_busy@F000026,disembarking,2.1,2.1,0.0,2026-07-31T02:51:55.906515+02:00,2026-07-31T02:54:01.906515+02:00
10315.906515141665,10441.906515141665,SYN2-203-D:P0001,G:BW:LYBE:SYN2-345-D:P0002,EVTOL_002,BW,LYBE,before_boarding,selected_plan,aircraft_busy,aircraft_busy@F000026,disembarking,2.1,0.0,0.0,2026-07-31T02:51:55.906515+02:00,2026-07-31T02:54:01.906515+02:00
10317.39325766277,10347.26296300275,SYN2-206-D:P0001,G:DOR:LYBE:SYN2-206-D:P0001,EVTOL_003,DOR,LYBE,before_boarding,selected_plan,group_formation|repositioning_flight,group_formation@DOR|repositioning_flight@DOR,cruise,0.4978284223329865,0.0,0.0,2026-07-31T02:51:57.393258+02:00,2026-07-31T02:52:27.262963+02:00
10347.26296300275,10645.193471662771,SYN2-206-D:P0001,G:DOR:LYBE:SYN2-206-D:P0001,EVTOL_003,DOR,LYBE,before_boarding,selected_plan,repositioning_flight,repositioning_flight@DOR,cruise,4.965508477667027,4.965508477667027,0.0,2026-07-31T02:52:27.262963+02:00,2026-07-31T02:57:25.193472+02:00
10595.19556966277,10655.19556966277,SYN2-220-D:P0001,G:JUG:LYBE:SYN2-220-D:P0001,EVTOL_001,JUG,LYBE,before_boarding,selected_plan,group_formation|repositioning_flight,group_formation@JUG|repositioning_flight@JUG,landing,1.0,0.0,0.0,2026-07-31T02:56:35.195570+02:00,2026-07-31T02:57:35.195570+02:00
10645.193471662771,10705.193471662771,SYN2-206-D:P0001,G:DOR:LYBE:SYN2-206-D:P0001,EVTOL_003,DOR,LYBE,before_boarding,selected_plan,repositioning_flight,repositioning_flight@DOR,landing,1.0,1.0,0.0,2026-07-31T02:57:25.193472+02:00,2026-07-31T02:58:25.193472+02:00
10655.19556966277,11077.39325766277,SYN2-220-D:P0001,G:JUG:LYBE:SYN2-220-D:P0001,EVTOL_001,JUG,LYBE,before_boarding,selected_plan,cleaning|group_formation,cleaning@JUG:cleaner:1|group_formation@JUG,cleaning,7.036628133333337,0.0,0.0,2026-07-31T02:57:35.195570+02:00,2026-07-31T03:04:37.393258+02:00
10711.906515141665,10771.906515141665,SYN2-345-D:P0002,G:BW:LYBE:SYN2-345-D:P0002,EVTOL_002,BW,LYBE,departure_preparation,committed_flight,departure_preparation,departure_preparation@BW,departure_finalization,1.0,0.0,0.0,2026-07-31T02:58:31.906515+02:00,2026-07-31T02:59:31.906515+02:00
10711.906515141665,10771.906515141665,SYN2-203-D:P0001,G:BW:LYBE:SYN2-345-D:P0002,EVTOL_002,BW,LYBE,departure_preparation,committed_flight,departure_preparation,departure_preparation@BW,departure_finalization,1.0,0.0,0.0,2026-07-31T02:58:31.906515+02:00,2026-07-31T02:59:31.906515+02:00
10770.76882854983,10920.566175545653,SYN2-200-D:P0001,G:LYBV:LYBE:SYN2-200-D:P0001,EVTOL_004,LYBV,LYBE,before_boarding,selected_plan,aircraft_busy|group_formation,aircraft_busy@F000027|group_formation@LYBV,disembarking,2.496622449930389,0.0,0.0,2026-07-31T02:59:30.768829+02:00,2026-07-31T03:02:00.566176+02:00
10900.193471662771,11237.18929436647,SYN2-206-D:P0001,G:DOR:LYBE:SYN2-206-D:P0001,EVTOL_003,DOR,LYBE,after_boarding,committed_flight,battery_after_repositioning,battery_after_repositioning@DOR,waiting_for_departure,5.616597045061644,0.0,5.616597045061644,2026-07-31T03:01:40.193472+02:00,2026-07-31T03:07:17.189294+02:00
10920.566175545653,10953.541334521777,SYN2-348-D:P0001,G:BW:LYBE:SYN2-348-D:P0001,EVTOL_004,BW,LYBE,before_boarding,selected_plan,aircraft_busy|group_formation,aircraft_busy@F000027|group_formation@BW,disembarking,0.5495859829353927,0.0,0.0,2026-07-31T03:02:00.566176+02:00,2026-07-31T03:02:33.541335+02:00
10920.566175545653,11036.742337141666,SYN2-200-D:P0001,G:LYBV:LYBE:SYN2-200-D:P0001,EVTOL_002,LYBV,LYBE,before_boarding,selected_plan,aircraft_busy|group_formation,aircraft_busy@F000030|group_formation@LYBV,cruise,1.9362693599335519,0.0,0.0,2026-07-31T03:02:00.566176+02:00,2026-07-31T03:03:56.742337+02:00
10953.541334521777,11036.742337141666,SYN2-348-D:P0001,G:BW:LYBE:SYN2-348-D:P0001,EVTOL_004,BW,LYBE,before_boarding,selected_plan,group_formation|origin_tlof,group_formation@BW|origin_tlof@LYBE,idle,1.3866833769981592,0.0,0.0,2026-07-31T03:02:33.541335+02:00,2026-07-31T03:03:56.742337+02:00
11036.742337141666,11096.742337141666,SYN2-348-D:P0001,G:BW:LYBE:SYN2-348-D:P0001,EVTOL_004,BW,LYBE,before_boarding,selected_plan,departure_preparation|group_formation,departure_preparation@LYBE|group_formation@BW,departure_finalization,1.0,0.0,0.0,2026-07-31T03:03:56.742337+02:00,2026-07-31T03:04:56.742337+02:00
11036.742337141666,11096.742337141666,SYN2-200-D:P0001,G:LYBV:LYBE:SYN2-200-D:P0001,EVTOL_002,LYBV,LYBE,before_boarding,selected_plan,aircraft_busy|group_formation,aircraft_busy@F000030|group_formation@LYBV,landing,1.0,0.0,0.0,2026-07-31T03:03:56.742337+02:00,2026-07-31T03:04:56.742337+02:00
11077.39325766277,11255.19556966277,SYN2-220-D:P0001,G:JUG:LYBE:SYN2-220-D:P0001,EVTOL_001,JUG,LYBE,before_boarding,selected_plan,cleaning,cleaning@JUG:cleaner:1,cleaning,2.9633718666666633,2.9633718666666633,0.0,2026-07-31T03:04:37.393258+02:00,2026-07-31T03:07:35.195570+02:00
11096.742337141666,11136.742337141666,SYN2-348-D:P0001,G:BW:LYBE:SYN2-348-D:P0001,EVTOL_004,BW,LYBE,before_boarding,selected_plan,group_formation|repositioning_flight,group_formation@BW|repositioning_flight@BW,takeoff,0.6666666666666666,0.0,0.0,2026-07-31T03:04:56.742337+02:00,2026-07-31T03:05:36.742337+02:00
11096.742337141666,11288.742337141666,SYN2-200-D:P0001,G:LYBV:LYBE:SYN2-200-D:P0001,EVTOL_002,LYBV,LYBE,before_boarding,selected_plan,aircraft_busy|group_formation,aircraft_busy@F000030|group_formation@LYBV,disembarking,3.2,0.0,0.0,2026-07-31T03:04:56.742337+02:00,2026-07-31T03:08:08.742337+02:00
11115.937362751993,11136.742337141666,SYN2-210-D:P0001,G:BW:LYBE:SYN2-348-D:P0001,EVTOL_004,BW,LYBE,before_boarding,selected_plan,group_formation|repositioning_flight,group_formation@BW|repositioning_flight@BW,takeoff,0.3467495731612265,0.0,0.0,2026-07-31T03:05:15.937363+02:00,2026-07-31T03:05:36.742337+02:00
11136.742337141666,11361.578159141667,SYN2-348-D:P0001,G:BW:LYBE:SYN2-348-D:P0001,EVTOL_004,BW,LYBE,before_boarding,selected_plan,group_formation|repositioning_flight,group_formation@BW|repositioning_flight@BW,cruise,3.747263700000015,0.0,0.0,2026-07-31T03:05:36.742337+02:00,2026-07-31T03:09:21.578159+02:00
11136.742337141666,11361.578159141667,SYN2-210-D:P0001,G:BW:LYBE:SYN2-348-D:P0001,EVTOL_004,BW,LYBE,before_boarding,selected_plan,group_formation|repositioning_flight,group_formation@BW|repositioning_flight@BW,cruise,3.747263700000015,0.0,0.0,2026-07-31T03:05:36.742337+02:00,2026-07-31T03:09:21.578159+02:00
11237.18929436647,11297.18929436647,SYN2-206-D:P0001,G:DOR:LYBE:SYN2-206-D:P0001,EVTOL_003,DOR,LYBE,departure_preparation,committed_flight,departure_preparation,departure_preparation@DOR,departure_finalization,1.0,0.0,0.0,2026-07-31T03:07:17.189294+02:00,2026-07-31T03:08:17.189294+02:00
11288.742337141666,11305.928581046866,SYN2-200-D:P0001,G:LYBV:LYBE:SYN2-200-D:P0001,EVTOL_002,LYBV,LYBE,before_boarding,selected_plan,battery_before_repositioning|group_formation,battery_before_repositioning@LYBE|group_formation@LYBV,idle,0.2864373984200029,0.0,0.0,2026-07-31T03:08:08.742337+02:00,2026-07-31T03:08:25.928581+02:00
11305.928581046866,11365.928581046866,SYN2-200-D:P0001,G:LYBV:LYBE:SYN2-200-D:P0001,EVTOL_002,LYBV,LYBE,before_boarding,selected_plan,departure_preparation|group_formation,departure_preparation@LYBE|group_formation@LYBV,departure_finalization,1.0,0.0,0.0,2026-07-31T03:08:25.928581+02:00,2026-07-31T03:09:25.928581+02:00
11361.578159141667,11421.578159141667,SYN2-348-D:P0001,G:BW:LYBE:SYN2-348-D:P0001,EVTOL_004,BW,LYBE,before_boarding,selected_plan,group_formation|repositioning_flight,group_formation@BW|repositioning_flight@BW,landing,1.0,0.0,0.0,2026-07-31T03:09:21.578159+02:00,2026-07-31T03:10:21.578159+02:00
11361.578159141667,11421.578159141667,SYN2-210-D:P0001,G:BW:LYBE:SYN2-348-D:P0001,EVTOL_004,BW,LYBE,before_boarding,selected_plan,group_formation|repositioning_flight,group_formation@BW|repositioning_flight@BW,landing,1.0,0.0,0.0,2026-07-31T03:09:21.578159+02:00,2026-07-31T03:10:21.578159+02:00
11365.928581046866,11405.928581046866,SYN2-200-D:P0001,G:LYBV:LYBE:SYN2-200-D:P0001,EVTOL_002,LYBV,LYBE,before_boarding,selected_plan,group_formation|repositioning_flight,group_formation@LYBV|repositioning_flight@LYBV,takeoff,0.6666666666666666,0.0,0.0,2026-07-31T03:09:25.928581+02:00,2026-07-31T03:10:05.928581+02:00
11405.928581046866,11670.76882854983,SYN2-200-D:P0001,G:LYBV:LYBE:SYN2-200-D:P0001,EVTOL_002,LYBV,LYBE,before_boarding,selected_plan,group_formation|repositioning_flight,group_formation@LYBV|repositioning_flight@LYBV,cruise,4.41400412504939,0.0,0.0,2026-07-31T03:10:05.928581+02:00,2026-07-31T03:14:30.768829+02:00
11421.578159141667,11820.566175545653,SYN2-348-D:P0001,G:BW:LYBE:SYN2-348-D:P0001,EVTOL_004,BW,LYBE,before_boarding,selected_plan,group_formation,group_formation@BW,idle,6.649800273399766,0.0,0.0,2026-07-31T03:10:21.578159+02:00,2026-07-31T03:17:00.566176+02:00
11421.578159141667,11820.566175545653,SYN2-210-D:P0001,G:BW:LYBE:SYN2-348-D:P0001,EVTOL_004,BW,LYBE,before_boarding,selected_plan,group_formation,group_formation@BW,idle,6.649800273399766,0.0,0.0,2026-07-31T03:10:21.578159+02:00,2026-07-31T03:17:00.566176+02:00
11450.19556966277,11510.19556966277,SYN2-220-D:P0001,G:JUG:LYBE:SYN2-220-D:P0001,EVTOL_001,JUG,LYBE,departure_preparation,committed_flight,departure_preparation,departure_preparation@JUG,departure_finalization,1.0,0.0,0.0,2026-07-31T03:10:50.195570+02:00,2026-07-31T03:11:50.195570+02:00
11670.76882854983,11742.376769046867,SYN2-200-D:P0001,G:LYBV:LYBE:SYN2-200-D:P0001,EVTOL_002,LYBV,LYBE,before_boarding,selected_plan,repositioning_flight,repositioning_flight@LYBV,cruise,1.1934656749506152,1.1934656749506152,0.0,2026-07-31T03:14:30.768829+02:00,2026-07-31T03:15:42.376769+02:00
11742.376769046867,11802.376769046867,SYN2-200-D:P0001,G:LYBV:LYBE:SYN2-200-D:P0001,EVTOL_002,LYBV,LYBE,before_boarding,selected_plan,repositioning_flight,repositioning_flight@LYBV,landing,1.0,1.0,0.0,2026-07-31T03:15:42.376769+02:00,2026-07-31T03:16:42.376769+02:00
11802.376769046867,12402.376769046867,SYN2-200-D:P0001,G:LYBV:LYBE:SYN2-200-D:P0001,EVTOL_002,LYBV,LYBE,before_boarding,selected_plan,cleaning,cleaning@LYBV:cleaner:1,cleaning,10.0,10.0,0.0,2026-07-31T03:16:42.376769+02:00,2026-07-31T03:26:42.376769+02:00
12090.566175545653,12150.566175545653,SYN2-348-D:P0001,G:BW:LYBE:SYN2-348-D:P0001,EVTOL_004,BW,LYBE,departure_preparation,committed_flight,departure_preparation,departure_preparation@BW,departure_finalization,1.0,0.0,0.0,2026-07-31T03:21:30.566176+02:00,2026-07-31T03:22:30.566176+02:00
12090.566175545653,12150.566175545653,SYN2-210-D:P0001,G:BW:LYBE:SYN2-348-D:P0001,EVTOL_004,BW,LYBE,departure_preparation,committed_flight,departure_preparation,departure_preparation@BW,departure_finalization,1.0,0.0,0.0,2026-07-31T03:21:30.566176+02:00,2026-07-31T03:22:30.566176+02:00
12192.99541038633,12252.99541038633,SYN2-351-D:P0002,G:DOR:LYBE:SYN2-351-D:P0002,EVTOL_001,DOR,LYBE,before_boarding,selected_plan,departure_preparation|group_formation,departure_preparation@LYBE|group_formation@DOR,departure_finalization,1.0,0.0,0.0,2026-07-31T03:23:12.995410+02:00,2026-07-31T03:24:12.995410+02:00
12252.99541038633,12292.99541038633,SYN2-351-D:P0002,G:DOR:LYBE:SYN2-351-D:P0002,EVTOL_001,DOR,LYBE,before_boarding,selected_plan,group_formation|repositioning_flight,group_formation@DOR|repositioning_flight@DOR,takeoff,0.6666666666666666,0.0,0.0,2026-07-31T03:24:12.995410+02:00,2026-07-31T03:24:52.995410+02:00
12292.99541038633,12620.79562438633,SYN2-351-D:P0002,G:DOR:LYBE:SYN2-351-D:P0002,EVTOL_001,DOR,LYBE,before_boarding,selected_plan,group_formation|repositioning_flight,group_formation@DOR|repositioning_flight@DOR,cruise,5.463336900000013,0.0,0.0,2026-07-31T03:24:52.995410+02:00,2026-07-31T03:30:20.795624+02:00
12494.406691386523,12667.401997545654,SYN2-226-D:P0001,G:JUG:LYBE:SYN2-226-D:P0001,EVTOL_004,JUG,LYBE,before_boarding,selected_plan,aircraft_busy|group_formation,aircraft_busy@F000035|group_formation@JUG,disembarking,2.8832551026521895,0.0,0.0,2026-07-31T03:28:14.406691+02:00,2026-07-31T03:31:07.401998+02:00
12597.376769046867,12657.376769046867,SYN2-200-D:P0001,G:LYBV:LYBE:SYN2-200-D:P0001,EVTOL_002,LYBV,LYBE,departure_preparation,committed_flight,departure_preparation,departure_preparation@LYBV,departure_finalization,1.0,0.0,0.0,2026-07-31T03:29:57.376769+02:00,2026-07-31T03:30:57.376769+02:00
12620.79562438633,12680.79562438633,SYN2-351-D:P0002,G:DOR:LYBE:SYN2-351-D:P0002,EVTOL_001,DOR,LYBE,before_boarding,selected_plan,group_formation|repositioning_flight,group_formation@DOR|repositioning_flight@DOR,landing,1.0,0.0,0.0,2026-07-31T03:30:20.795624+02:00,2026-07-31T03:31:20.795624+02:00
12667.401997545654,12727.401997545654,SYN2-226-D:P0001,G:JUG:LYBE:SYN2-226-D:P0001,EVTOL_004,JUG,LYBE,before_boarding,selected_plan,departure_preparation|group_formation,departure_preparation@LYBE|group_formation@JUG,departure_finalization,1.0,0.0,0.0,2026-07-31T03:31:07.401998+02:00,2026-07-31T03:32:07.401998+02:00
12680.79562438633,13092.99541038633,SYN2-351-D:P0002,G:DOR:LYBE:SYN2-351-D:P0002,EVTOL_001,DOR,LYBE,before_boarding,selected_plan,group_formation,group_formation@DOR,idle,6.869996433333321,0.0,0.0,2026-07-31T03:31:20.795624+02:00,2026-07-31T03:38:12.995410+02:00
12727.401997545654,12767.401997545654,SYN2-226-D:P0001,G:JUG:LYBE:SYN2-226-D:P0001,EVTOL_004,JUG,LYBE,before_boarding,selected_plan,group_formation|repositioning_flight,group_formation@JUG|repositioning_flight@JUG,takeoff,0.6666666666666666,0.0,0.0,2026-07-31T03:32:07.401998+02:00,2026-07-31T03:32:47.401998+02:00
12767.401997545654,13085.204309545654,SYN2-226-D:P0001,G:JUG:LYBE:SYN2-226-D:P0001,EVTOL_004,JUG,LYBE,before_boarding,selected_plan,group_formation|repositioning_flight,group_formation@JUG|repositioning_flight@JUG,cruise,5.296705199999996,0.0,0.0,2026-07-31T03:32:47.401998+02:00,2026-07-31T03:38:05.204310+02:00
13009.984685464926,13092.99541038633,SYN2-202-D:P0001,G:DOR:LYBE:SYN2-351-D:P0002,EVTOL_001,DOR,LYBE,before_boarding,selected_plan,group_formation,group_formation@DOR,idle,1.3835120820233897,0.0,0.0,2026-07-31T03:36:49.984685+02:00,2026-07-31T03:38:12.995410+02:00
13085.204309545654,13145.204309545654,SYN2-226-D:P0001,G:JUG:LYBE:SYN2-226-D:P0001,EVTOL_004,JUG,LYBE,before_boarding,selected_plan,group_formation|repositioning_flight,group_formation@JUG|repositioning_flight@JUG,landing,1.0,0.0,0.0,2026-07-31T03:38:05.204310+02:00,2026-07-31T03:39:05.204310+02:00
13145.204309545654,13394.406691386523,SYN2-226-D:P0001,G:JUG:LYBE:SYN2-226-D:P0001,EVTOL_004,JUG,LYBE,before_boarding,selected_plan,group_formation,group_formation@JUG,idle,4.153373030681148,0.0,0.0,2026-07-31T03:39:05.204310+02:00,2026-07-31T03:43:14.406691+02:00
13362.99541038633,13422.99541038633,SYN2-351-D:P0002,G:DOR:LYBE:SYN2-351-D:P0002,EVTOL_001,DOR,LYBE,departure_preparation,committed_flight,departure_preparation,departure_preparation@DOR,departure_finalization,1.0,0.0,0.0,2026-07-31T03:42:42.995410+02:00,2026-07-31T03:43:42.995410+02:00
13362.99541038633,13422.99541038633,SYN2-202-D:P0001,G:DOR:LYBE:SYN2-351-D:P0002,EVTOL_001,DOR,LYBE,departure_preparation,committed_flight,departure_preparation,departure_preparation@DOR,departure_finalization,1.0,0.0,0.0,2026-07-31T03:42:42.995410+02:00,2026-07-31T03:43:42.995410+02:00
13440.641101028112,13462.486161121451,SYN2-217-D:P0001,G:LYBV:LYBE:SYN2-217-D:P0001,EVTOL_002,LYBV,LYBE,before_boarding,selected_plan,battery_before_repositioning|group_formation,battery_before_repositioning@LYBE|group_formation@LYBV,idle,0.36408433488898784,0.0,0.0,2026-07-31T03:44:00.641101+02:00,2026-07-31T03:44:22.486161+02:00
13462.486161121451,13522.486161121451,SYN2-217-D:P0001,G:LYBV:LYBE:SYN2-217-D:P0001,EVTOL_002,LYBV,LYBE,before_boarding,selected_plan,departure_preparation|group_formation,departure_preparation@LYBE|group_formation@LYBV,departure_finalization,1.0,0.0,0.0,2026-07-31T03:44:22.486161+02:00,2026-07-31T03:45:22.486161+02:00
13522.486161121451,13562.486161121451,SYN2-217-D:P0001,G:LYBV:LYBE:SYN2-217-D:P0001,EVTOL_002,LYBV,LYBE,before_boarding,selected_plan,group_formation|repositioning_flight,group_formation@LYBV|repositioning_flight@LYBV,takeoff,0.6666666666666666,0.0,0.0,2026-07-31T03:45:22.486161+02:00,2026-07-31T03:46:02.486161+02:00
13562.486161121451,13898.934349121451,SYN2-217-D:P0001,G:LYBV:LYBE:SYN2-217-D:P0001,EVTOL_002,LYBV,LYBE,before_boarding,selected_plan,group_formation|repositioning_flight,group_formation@LYBV|repositioning_flight@LYBV,cruise,5.607469800000005,0.0,0.0,2026-07-31T03:46:02.486161+02:00,2026-07-31T03:51:38.934349+02:00
13589.406691386523,13641.331171803813,SYN2-226-D:P0001,G:JUG:LYBE:SYN2-226-D:P0001,EVTOL_004,JUG,LYBE,after_boarding,committed_flight,battery_after_repositioning,battery_after_repositioning@JUG,waiting_for_departure,0.86540800695484,0.0,0.86540800695484,2026-07-31T03:46:29.406691+02:00,2026-07-31T03:47:21.331172+02:00
13641.331171803813,13701.331171803813,SYN2-226-D:P0001,G:JUG:LYBE:SYN2-226-D:P0001,EVTOL_004,JUG,LYBE,departure_preparation,committed_flight,departure_preparation,departure_preparation@JUG,departure_finalization,1.0,0.0,0.0,2026-07-31T03:47:21.331172+02:00,2026-07-31T03:48:21.331172+02:00
13898.934349121451,13958.934349121451,SYN2-217-D:P0001,G:LYBV:LYBE:SYN2-217-D:P0001,EVTOL_002,LYBV,LYBE,before_boarding,selected_plan,group_formation|repositioning_flight,group_formation@LYBV|repositioning_flight@LYBV,landing,1.0,0.0,0.0,2026-07-31T03:51:38.934349+02:00,2026-07-31T03:52:38.934349+02:00
13909.071346268516,14042.79562438633,SYN2-211-D:P0001,G:BW:LYBE:SYN2-211-D:P0001,EVTOL_001,BW,LYBE,before_boarding,selected_plan,aircraft_busy|group_formation,aircraft_busy@F000039|group_formation@BW,disembarking,2.22873796863023,0.0,0.0,2026-07-31T03:51:49.071346+02:00,2026-07-31T03:54:02.795624+02:00
13958.934349121451,14340.641101028112,SYN2-217-D:P0001,G:LYBV:LYBE:SYN2-217-D:P0001,EVTOL_002,LYBV,LYBE,before_boarding,selected_plan,group_formation,group_formation@LYBV,idle,6.36177919844434,0.0,0.0,2026-07-31T03:52:38.934349+02:00,2026-07-31T03:59:00.641101+02:00
14042.79562438633,14125.841970319329,SYN2-211-D:P0001,G:BW:LYBE:SYN2-211-D:P0001,EVTOL_001,BW,LYBE,before_boarding,selected_plan,battery_before_repositioning|group_formation,battery_before_repositioning@LYBE|group_formation@BW,idle,1.3841057655499753,0.0,0.0,2026-07-31T03:54:02.795624+02:00,2026-07-31T03:55:25.841970+02:00
14083.208330879826,14340.641101028112,SYN2-214-D:P0002,G:LYBV:LYBE:SYN2-217-D:P0001,EVTOL_002,LYBV,LYBE,before_boarding,selected_plan,group_formation,group_formation@LYBV,idle,4.2905461691380875,0.0,0.0,2026-07-31T03:54:43.208331+02:00,2026-07-31T03:59:00.641101+02:00
14125.841970319329,14185.841970319329,SYN2-211-D:P0001,G:BW:LYBE:SYN2-211-D:P0001,EVTOL_001,BW,LYBE,before_boarding,selected_plan,departure_preparation|group_formation,departure_preparation@LYBE|group_formation@BW,departure_finalization,1.0,0.0,0.0,2026-07-31T03:55:25.841970+02:00,2026-07-31T03:56:25.841970+02:00
14163.040714364806,14340.641101028112,SYN2-349-D:P0001,G:LYBV:LYBE:SYN2-217-D:P0001,EVTOL_002,LYBV,LYBE,before_boarding,selected_plan,group_formation,group_formation@LYBV,idle,2.9600064443884246,0.0,0.0,2026-07-31T03:56:03.040714+02:00,2026-07-31T03:59:00.641101+02:00
14185.841970319329,14225.841970319329,SYN2-211-D:P0001,G:BW:LYBE:SYN2-211-D:P0001,EVTOL_001,BW,LYBE,before_boarding,selected_plan,group_formation|repositioning_flight,group_formation@BW|repositioning_flight@BW,takeoff,0.6666666666666666,0.0,0.0,2026-07-31T03:56:25.841970+02:00,2026-07-31T03:57:05.841970+02:00
14225.841970319329,14450.67779231933,SYN2-211-D:P0001,G:BW:LYBE:SYN2-211-D:P0001,EVTOL_001,BW,LYBE,before_boarding,selected_plan,group_formation|repositioning_flight,group_formation@BW|repositioning_flight@BW,cruise,3.747263700000015,0.0,0.0,2026-07-31T03:57:05.841970+02:00,2026-07-31T04:00:50.677792+02:00
14450.67779231933,14510.67779231933,SYN2-211-D:P0001,G:BW:LYBE:SYN2-211-D:P0001,EVTOL_001,BW,LYBE,before_boarding,selected_plan,group_formation|repositioning_flight,group_formation@BW|repositioning_flight@BW,landing,1.0,0.0,0.0,2026-07-31T04:00:50.677792+02:00,2026-07-31T04:01:50.677792+02:00
14510.67779231933,14809.071346268516,SYN2-211-D:P0001,G:BW:LYBE:SYN2-211-D:P0001,EVTOL_001,BW,LYBE,before_boarding,selected_plan,group_formation,group_formation@BW,idle,4.973225899153112,0.0,0.0,2026-07-31T04:01:50.677792+02:00,2026-07-31T04:06:49.071346+02:00
14685.641101028112,14745.641101028112,SYN2-217-D:P0001,G:LYBV:LYBE:SYN2-217-D:P0001,EVTOL_002,LYBV,LYBE,departure_preparation,committed_flight,departure_preparation,departure_preparation@LYBV,departure_finalization,1.0,0.0,0.0,2026-07-31T04:04:45.641101+02:00,2026-07-31T04:05:45.641101+02:00
14685.641101028112,14745.641101028112,SYN2-214-D:P0002,G:LYBV:LYBE:SYN2-217-D:P0001,EVTOL_002,LYBV,LYBE,departure_preparation,committed_flight,departure_preparation,departure_preparation@LYBV,departure_finalization,1.0,0.0,0.0,2026-07-31T04:04:45.641101+02:00,2026-07-31T04:05:45.641101+02:00
14685.641101028112,14745.641101028112,SYN2-349-D:P0001,G:LYBV:LYBE:SYN2-217-D:P0001,EVTOL_002,LYBV,LYBE,departure_preparation,committed_flight,departure_preparation,departure_preparation@LYBV,departure_finalization,1.0,0.0,0.0,2026-07-31T04:04:45.641101+02:00,2026-07-31T04:05:45.641101+02:00
14913.918401359026,14973.918401359026,SYN2-235-D:P0001,G:LYBV:LYBE:SYN2-235-D:P0001,EVTOL_004,LYBV,LYBE,before_boarding,selected_plan,departure_preparation|group_formation,departure_preparation@LYBE|group_formation@LYBV,departure_finalization,1.0,0.0,0.0,2026-07-31T04:08:33.918401+02:00,2026-07-31T04:09:33.918401+02:00
14973.006634478768,15033.006634478768,SYN2-351-D:P0001,G:DOR:LYBE:SYN2-351-D:P0001,EVTOL_003,DOR,LYBE,before_boarding,selected_plan,departure_preparation|group_formation,departure_preparation@LYBE|group_formation@DOR,departure_finalization,1.0,0.0,0.0,2026-07-31T04:09:33.006634+02:00,2026-07-31T04:10:33.006634+02:00
14973.918401359026,15013.918401359026,SYN2-235-D:P0001,G:LYBV:LYBE:SYN2-235-D:P0001,EVTOL_004,LYBV,LYBE,before_boarding,selected_plan,group_formation|repositioning_flight,group_formation@LYBV|repositioning_flight@LYBV,takeoff,0.6666666666666666,0.0,0.0,2026-07-31T04:09:33.918401+02:00,2026-07-31T04:10:13.918401+02:00
15003.522600469383,15122.089289028112,SYN2-216-D:P0001,G:BW:LYBE:SYN2-216-D:P0001,EVTOL_002,BW,LYBE,before_boarding,selected_plan,aircraft_busy|group_formation,aircraft_busy@F000043|group_formation@BW,cruise,1.9761114759788143,0.0,0.0,2026-07-31T04:10:03.522600+02:00,2026-07-31T04:12:02.089289+02:00
15004.071346268516,15064.071346268516,SYN2-211-D:P0001,G:BW:LYBE:SYN2-211-D:P0001,EVTOL_001,BW,LYBE,departure_preparation,committed_flight,departure_preparation,departure_preparation@BW,departure_finalization,1.0,0.0,0.0,2026-07-31T04:10:04.071346+02:00,2026-07-31T04:11:04.071346+02:00
15013.918401359026,15350.366589359026,SYN2-235-D:P0001,G:LYBV:LYBE:SYN2-235-D:P0001,EVTOL_004,LYBV,LYBE,before_boarding,selected_plan,group_formation|repositioning_flight,group_formation@LYBV|repositioning_flight@LYBV,cruise,5.607469800000005,0.0,0.0,2026-07-31T04:10:13.918401+02:00,2026-07-31T04:15:50.366589+02:00
15033.006634478768,15073.006634478768,SYN2-351-D:P0001,G:DOR:LYBE:SYN2-351-D:P0001,EVTOL_003,DOR,LYBE,before_boarding,selected_plan,group_formation|repositioning_flight,group_formation@DOR|repositioning_flight@DOR,takeoff,0.6666666666666666,0.0,0.0,2026-07-31T04:10:33.006634+02:00,2026-07-31T04:11:13.006634+02:00
15073.006634478768,15400.80684847877,SYN2-351-D:P0001,G:DOR:LYBE:SYN2-351-D:P0001,EVTOL_003,DOR,LYBE,before_boarding,selected_plan,group_formation|repositioning_flight,group_formation@DOR|repositioning_flight@DOR,cruise,5.463336900000013,0.0,0.0,2026-07-31T04:11:13.006634+02:00,2026-07-31T04:16:40.806848+02:00
15122.089289028112,15182.089289028112,SYN2-216-D:P0001,G:BW:LYBE:SYN2-216-D:P0001,EVTOL_002,BW,LYBE,before_boarding,selected_plan,aircraft_busy|group_formation,aircraft_busy@F000043|group_formation@BW,landing,1.0,0.0,0.0,2026-07-31T04:12:02.089289+02:00,2026-07-31T04:13:02.089289+02:00
15182.089289028112,15440.089289028112,SYN2-216-D:P0001,G:BW:LYBE:SYN2-216-D:P0001,EVTOL_002,BW,LYBE,before_boarding,selected_plan,aircraft_busy|group_formation,aircraft_busy@F000043|group_formation@BW,disembarking,4.3,0.0,0.0,2026-07-31T04:13:02.089289+02:00,2026-07-31T04:17:20.089289+02:00
15350.366589359026,15410.366589359026,SYN2-235-D:P0001,G:LYBV:LYBE:SYN2-235-D:P0001,EVTOL_004,LYBV,LYBE,before_boarding,selected_plan,group_formation|repositioning_flight,group_formation@LYBV|repositioning_flight@LYBV,landing,1.0,0.0,0.0,2026-07-31T04:15:50.366589+02:00,2026-07-31T04:16:50.366589+02:00
15400.80684847877,15460.80684847877,SYN2-351-D:P0001,G:DOR:LYBE:SYN2-351-D:P0001,EVTOL_003,DOR,LYBE,before_boarding,selected_plan,group_formation|repositioning_flight,group_formation@DOR|repositioning_flight@DOR,landing,1.0,0.0,0.0,2026-07-31T04:16:40.806848+02:00,2026-07-31T04:17:40.806848+02:00
15410.366589359026,15813.918401359026,SYN2-235-D:P0001,G:LYBV:LYBE:SYN2-235-D:P0001,EVTOL_004,LYBV,LYBE,before_boarding,selected_plan,group_formation,group_formation@LYBV,idle,6.725863533333328,0.0,0.0,2026-07-31T04:16:50.366589+02:00,2026-07-31T04:23:33.918401+02:00
15440.089289028112,15503.896104303276,SYN2-216-D:P0001,G:BW:LYBE:SYN2-216-D:P0001,EVTOL_002,BW,LYBE,before_boarding,selected_plan,battery_before_repositioning|group_formation,battery_before_repositioning@LYBE|group_formation@BW,idle,1.0634469212527315,0.0,0.0,2026-07-31T04:17:20.089289+02:00,2026-07-31T04:18:23.896104+02:00
15460.80684847877,15873.006634478768,SYN2-351-D:P0001,G:DOR:LYBE:SYN2-351-D:P0001,EVTOL_003,DOR,LYBE,before_boarding,selected_plan,cleaning|group_formation,cleaning@DOR:cleaner:1|group_formation@DOR,cleaning,6.869996433333321,0.0,0.0,2026-07-31T04:17:40.806848+02:00,2026-07-31T04:24:33.006634+02:00
15471.77209070688,15503.896104303276,SYN2-233-D:P0001,G:BW:LYBE:SYN2-216-D:P0001,EVTOL_002,BW,LYBE,before_boarding,selected_plan,battery_before_repositioning|group_formation,battery_before_repositioning@LYBE|group_formation@BW,idle,0.5354002266066042,0.0,0.0,2026-07-31T04:17:51.772091+02:00,2026-07-31T04:18:23.896104+02:00
15503.896104303276,15563.896104303276,SYN2-216-D:P0001,G:BW:LYBE:SYN2-216-D:P0001,EVTOL_002,BW,LYBE,before_boarding,selected_plan,departure_preparation|group_formation,departure_preparation@LYBE|group_formation@BW,departure_finalization,1.0,0.0,0.0,2026-07-31T04:18:23.896104+02:00,2026-07-31T04:19:23.896104+02:00
15503.896104303276,15563.896104303276,SYN2-233-D:P0001,G:BW:LYBE:SYN2-216-D:P0001,EVTOL_002,BW,LYBE,before_boarding,selected_plan,departure_preparation|group_formation,departure_preparation@LYBE|group_formation@BW,departure_finalization,1.0,0.0,0.0,2026-07-31T04:18:23.896104+02:00,2026-07-31T04:19:23.896104+02:00
15563.896104303276,15603.896104303276,SYN2-216-D:P0001,G:BW:LYBE:SYN2-216-D:P0001,EVTOL_002,BW,LYBE,before_boarding,selected_plan,group_formation|repositioning_flight,group_formation@BW|repositioning_flight@BW,takeoff,0.6666666666666666,0.0,0.0,2026-07-31T04:19:23.896104+02:00,2026-07-31T04:20:03.896104+02:00
15563.896104303276,15603.896104303276,SYN2-233-D:P0001,G:BW:LYBE:SYN2-216-D:P0001,EVTOL_002,BW,LYBE,before_boarding,selected_plan,group_formation|repositioning_flight,group_formation@BW|repositioning_flight@BW,takeoff,0.6666666666666666,0.0,0.0,2026-07-31T04:19:23.896104+02:00,2026-07-31T04:20:03.896104+02:00
15603.896104303276,15828.731926303277,SYN2-216-D:P0001,G:BW:LYBE:SYN2-216-D:P0001,EVTOL_002,BW,LYBE,before_boarding,selected_plan,group_formation|repositioning_flight,group_formation@BW|repositioning_flight@BW,cruise,3.747263700000015,0.0,0.0,2026-07-31T04:20:03.896104+02:00,2026-07-31T04:23:48.731926+02:00
15603.896104303276,15828.731926303277,SYN2-233-D:P0001,G:BW:LYBE:SYN2-216-D:P0001,EVTOL_002,BW,LYBE,before_boarding,selected_plan,group_formation|repositioning_flight,group_formation@BW|repositioning_flight@BW,cruise,3.747263700000015,0.0,0.0,2026-07-31T04:20:03.896104+02:00,2026-07-31T04:23:48.731926+02:00
15653.48940284651,15926.243163745257,SYN2-232-D:P0001,G:JUG:LYBE:SYN2-232-D:P0001,EVTOL_001,JUG,LYBE,before_boarding,selected_plan,battery_before_repositioning|group_formation,battery_before_repositioning@LYBE|group_formation@JUG,idle,4.545896014979129,0.0,0.0,2026-07-31T04:20:53.489403+02:00,2026-07-31T04:25:26.243164+02:00
15828.731926303277,15888.731926303277,SYN2-216-D:P0001,G:BW:LYBE:SYN2-216-D:P0001,EVTOL_002,BW,LYBE,before_boarding,selected_plan,group_formation|repositioning_flight,group_formation@BW|repositioning_flight@BW,landing,1.0,0.0,0.0,2026-07-31T04:23:48.731926+02:00,2026-07-31T04:24:48.731926+02:00
15828.731926303277,15888.731926303277,SYN2-233-D:P0001,G:BW:LYBE:SYN2-216-D:P0001,EVTOL_002,BW,LYBE,before_boarding,selected_plan,group_formation|repositioning_flight,group_formation@BW|repositioning_flight@BW,landing,1.0,0.0,0.0,2026-07-31T04:23:48.731926+02:00,2026-07-31T04:24:48.731926+02:00
15873.006634478768,16060.80684847877,SYN2-351-D:P0001,G:DOR:LYBE:SYN2-351-D:P0001,EVTOL_003,DOR,LYBE,before_boarding,selected_plan,cleaning,cleaning@DOR:cleaner:1,cleaning,3.1300035666666797,3.1300035666666797,0.0,2026-07-31T04:24:33.006634+02:00,2026-07-31T04:27:40.806848+02:00
15888.731926303277,15903.522600469383,SYN2-216-D:P0001,G:BW:LYBE:SYN2-216-D:P0001,EVTOL_002,BW,LYBE,before_boarding,selected_plan,group_formation,group_formation@BW,idle,0.24651123610177214,0.0,0.0,2026-07-31T04:24:48.731926+02:00,2026-07-31T04:25:03.522600+02:00
15888.731926303277,15903.522600469383,SYN2-233-D:P0001,G:BW:LYBE:SYN2-216-D:P0001,EVTOL_002,BW,LYBE,before_boarding,selected_plan,group_formation,group_formation@BW,idle,0.24651123610177214,0.0,0.0,2026-07-31T04:24:48.731926+02:00,2026-07-31T04:25:03.522600+02:00
15926.243163745257,15986.243163745257,SYN2-232-D:P0001,G:JUG:LYBE:SYN2-232-D:P0001,EVTOL_001,JUG,LYBE,before_boarding,selected_plan,departure_preparation|group_formation,departure_preparation@LYBE|group_formation@JUG,departure_finalization,1.0,0.0,0.0,2026-07-31T04:25:26.243164+02:00,2026-07-31T04:26:26.243164+02:00
15937.161488559683,15986.243163745257,SYN2-234-D:P0001,G:JUG:LYBE:SYN2-232-D:P0001,EVTOL_001,JUG,LYBE,before_boarding,selected_plan,departure_preparation|group_formation,departure_preparation@LYBE|group_formation@JUG,departure_finalization,0.8180279197595761,0.0,0.0,2026-07-31T04:25:37.161489+02:00,2026-07-31T04:26:26.243164+02:00
15986.243163745257,16026.243163745257,SYN2-232-D:P0001,G:JUG:LYBE:SYN2-232-D:P0001,EVTOL_001,JUG,LYBE,before_boarding,selected_plan,group_formation|repositioning_flight,group_formation@JUG|repositioning_flight@JUG,takeoff,0.6666666666666666,0.0,0.0,2026-07-31T04:26:26.243164+02:00,2026-07-31T04:27:06.243164+02:00
15986.243163745257,16026.243163745257,SYN2-234-D:P0001,G:JUG:LYBE:SYN2-232-D:P0001,EVTOL_001,JUG,LYBE,before_boarding,selected_plan,group_formation|repositioning_flight,group_formation@JUG|repositioning_flight@JUG,takeoff,0.6666666666666666,0.0,0.0,2026-07-31T04:26:26.243164+02:00,2026-07-31T04:27:06.243164+02:00
16008.918401359026,16068.918401359026,SYN2-235-D:P0001,G:LYBV:LYBE:SYN2-235-D:P0001,EVTOL_004,LYBV,LYBE,departure_preparation,committed_flight,departure_preparation,departure_preparation@LYBV,departure_finalization,1.0,0.0,0.0,2026-07-31T04:26:48.918401+02:00,2026-07-31T04:27:48.918401+02:00
16026.243163745257,16344.045475745257,SYN2-232-D:P0001,G:JUG:LYBE:SYN2-232-D:P0001,EVTOL_001,JUG,LYBE,before_boarding,selected_plan,group_formation|repositioning_flight,group_formation@JUG|repositioning_flight@JUG,cruise,5.296705199999996,0.0,0.0,2026-07-31T04:27:06.243164+02:00,2026-07-31T04:32:24.045476+02:00
16026.243163745257,16344.045475745257,SYN2-234-D:P0001,G:JUG:LYBE:SYN2-232-D:P0001,EVTOL_001,JUG,LYBE,before_boarding,selected_plan,group_formation|repositioning_flight,group_formation@JUG|repositioning_flight@JUG,cruise,5.296705199999996,0.0,0.0,2026-07-31T04:27:06.243164+02:00,2026-07-31T04:32:24.045476+02:00
16173.522600469383,16363.380821599572,SYN2-216-D:P0001,G:BW:LYBE:SYN2-216-D:P0001,EVTOL_002,BW,LYBE,after_boarding,committed_flight,battery_after_repositioning,battery_after_repositioning@BW,waiting_for_departure,3.164303685503152,0.0,3.164303685503152,2026-07-31T04:29:33.522600+02:00,2026-07-31T04:32:43.380822+02:00
16173.522600469383,16363.380821599572,SYN2-233-D:P0001,G:BW:LYBE:SYN2-216-D:P0001,EVTOL_002,BW,LYBE,after_boarding,committed_flight,battery_after_repositioning,battery_after_repositioning@BW,waiting_for_departure,3.164303685503152,0.0,3.164303685503152,2026-07-31T04:29:33.522600+02:00,2026-07-31T04:32:43.380822+02:00
16210.489996684802,16344.045475745257,SYN2-231-D:P0001,G:JUG:LYBE:SYN2-232-D:P0001,EVTOL_001,JUG,LYBE,before_boarding,selected_plan,group_formation|repositioning_flight,group_formation@JUG|repositioning_flight@JUG,cruise,2.225924651007578,0.0,0.0,2026-07-31T04:30:10.489997+02:00,2026-07-31T04:32:24.045476+02:00
16255.80684847877,16320.416429599574,SYN2-351-D:P0001,G:DOR:LYBE:SYN2-351-D:P0001,EVTOL_003,DOR,LYBE,after_boarding,committed_flight,destination_tlof,destination_tlof@LYBE,waiting_for_departure,1.0768263520134194,0.0,1.0768263520134194,2026-07-31T04:30:55.806848+02:00,2026-07-31T04:32:00.416430+02:00
16320.416429599574,16380.416429599574,SYN2-351-D:P0001,G:DOR:LYBE:SYN2-351-D:P0001,EVTOL_003,DOR,LYBE,departure_preparation,committed_flight,departure_preparation,departure_preparation@DOR,departure_finalization,1.0,0.0,0.0,2026-07-31T04:32:00.416430+02:00,2026-07-31T04:33:00.416430+02:00
16344.045475745257,16404.045475745257,SYN2-232-D:P0001,G:JUG:LYBE:SYN2-232-D:P0001,EVTOL_001,JUG,LYBE,before_boarding,selected_plan,group_formation|repositioning_flight,group_formation@JUG|repositioning_flight@JUG,landing,1.0,0.0,0.0,2026-07-31T04:32:24.045476+02:00,2026-07-31T04:33:24.045476+02:00
16344.045475745257,16404.045475745257,SYN2-234-D:P0001,G:JUG:LYBE:SYN2-232-D:P0001,EVTOL_001,JUG,LYBE,before_boarding,selected_plan,group_formation|repositioning_flight,group_formation@JUG|repositioning_flight@JUG,landing,1.0,0.0,0.0,2026-07-31T04:32:24.045476+02:00,2026-07-31T04:33:24.045476+02:00
16344.045475745257,16404.045475745257,SYN2-231-D:P0001,G:JUG:LYBE:SYN2-232-D:P0001,EVTOL_001,JUG,LYBE,before_boarding,selected_plan,group_formation|repositioning_flight,group_formation@JUG|repositioning_flight@JUG,landing,1.0,0.0,0.0,2026-07-31T04:32:24.045476+02:00,2026-07-31T04:33:24.045476+02:00
16363.380821599574,16423.380821599574,SYN2-216-D:P0001,G:BW:LYBE:SYN2-216-D:P0001,EVTOL_002,BW,LYBE,departure_preparation,committed_flight,departure_preparation,departure_preparation@BW,departure_finalization,1.0,0.0,0.0,2026-07-31T04:32:43.380822+02:00,2026-07-31T04:33:43.380822+02:00
16363.380821599574,16423.380821599574,SYN2-233-D:P0001,G:BW:LYBE:SYN2-216-D:P0001,EVTOL_002,BW,LYBE,departure_preparation,committed_flight,departure_preparation,departure_preparation@BW,departure_finalization,1.0,0.0,0.0,2026-07-31T04:32:43.380822+02:00,2026-07-31T04:33:43.380822+02:00
16404.045475745257,16553.48940284651,SYN2-232-D:P0001,G:JUG:LYBE:SYN2-232-D:P0001,EVTOL_001,JUG,LYBE,before_boarding,selected_plan,group_formation,group_formation@JUG,idle,2.490732118354208,0.0,0.0,2026-07-31T04:33:24.045476+02:00,2026-07-31T04:35:53.489403+02:00
16404.045475745257,16553.48940284651,SYN2-234-D:P0001,G:JUG:LYBE:SYN2-232-D:P0001,EVTOL_001,JUG,LYBE,before_boarding,selected_plan,group_formation,group_formation@JUG,idle,2.490732118354208,0.0,0.0,2026-07-31T04:33:24.045476+02:00,2026-07-31T04:35:53.489403+02:00
16404.045475745257,16553.48940284651,SYN2-231-D:P0001,G:JUG:LYBE:SYN2-232-D:P0001,EVTOL_001,JUG,LYBE,before_boarding,selected_plan,group_formation,group_formation@JUG,idle,2.490732118354208,0.0,0.0,2026-07-31T04:33:24.045476+02:00,2026-07-31T04:35:53.489403+02:00
16641.53511457393,16748.216643599575,SYN2-214-D:P0001,G:JUG:LYBE:SYN2-214-D:P0001,EVTOL_003,JUG,LYBE,before_boarding,selected_plan,aircraft_busy|group_formation,aircraft_busy@F000051|group_formation@JUG,cruise,1.7780254837607572,0.0,0.0,2026-07-31T04:37:21.535115+02:00,2026-07-31T04:39:08.216644+02:00
16748.216643599575,16808.216643599575,SYN2-214-D:P0001,G:JUG:LYBE:SYN2-214-D:P0001,EVTOL_003,JUG,LYBE,before_boarding,selected_plan,aircraft_busy|group_formation,aircraft_busy@F000051|group_formation@JUG,landing,1.0,0.0,0.0,2026-07-31T04:39:08.216644+02:00,2026-07-31T04:40:08.216644+02:00
16808.216643599575,16934.216643599575,SYN2-214-D:P0001,G:JUG:LYBE:SYN2-214-D:P0001,EVTOL_003,JUG,LYBE,before_boarding,selected_plan,aircraft_busy|group_formation,aircraft_busy@F000051|group_formation@JUG,disembarking,2.1,0.0,0.0,2026-07-31T04:40:08.216644+02:00,2026-07-31T04:42:14.216644+02:00
16898.48940284651,16952.72324270822,SYN2-232-D:P0001,G:JUG:LYBE:SYN2-232-D:P0001,EVTOL_001,JUG,LYBE,after_boarding,committed_flight,battery_after_repositioning,battery_after_repositioning@JUG,waiting_for_departure,0.9038973310285049,0.0,0.9038973310285049,2026-07-31T04:41:38.489403+02:00,2026-07-31T04:42:32.723243+02:00
16898.48940284651,16952.72324270822,SYN2-234-D:P0001,G:JUG:LYBE:SYN2-232-D:P0001,EVTOL_001,JUG,LYBE,after_boarding,committed_flight,battery_after_repositioning,battery_after_repositioning@JUG,waiting_for_departure,0.9038973310285049,0.0,0.9038973310285049,2026-07-31T04:41:38.489403+02:00,2026-07-31T04:42:32.723243+02:00
16898.48940284651,16952.72324270822,SYN2-231-D:P0001,G:JUG:LYBE:SYN2-232-D:P0001,EVTOL_001,JUG,LYBE,after_boarding,committed_flight,battery_after_repositioning,battery_after_repositioning@JUG,waiting_for_departure,0.9038973310285049,0.0,0.9038973310285049,2026-07-31T04:41:38.489403+02:00,2026-07-31T04:42:32.723243+02:00
16934.216643599575,16994.216643599575,SYN2-214-D:P0001,G:JUG:LYBE:SYN2-214-D:P0001,EVTOL_003,JUG,LYBE,before_boarding,selected_plan,departure_preparation|group_formation,departure_preparation@LYBE|group_formation@JUG,departure_finalization,1.0,0.0,0.0,2026-07-31T04:42:14.216644+02:00,2026-07-31T04:43:14.216644+02:00
16952.72324270822,17012.72324270822,SYN2-232-D:P0001,G:JUG:LYBE:SYN2-232-D:P0001,EVTOL_001,JUG,LYBE,departure_preparation,committed_flight,departure_preparation,departure_preparation@JUG,departure_finalization,1.0,0.0,0.0,2026-07-31T04:42:32.723243+02:00,2026-07-31T04:43:32.723243+02:00
16952.72324270822,17012.72324270822,SYN2-234-D:P0001,G:JUG:LYBE:SYN2-232-D:P0001,EVTOL_001,JUG,LYBE,departure_preparation,committed_flight,departure_preparation,departure_preparation@JUG,departure_finalization,1.0,0.0,0.0,2026-07-31T04:42:32.723243+02:00,2026-07-31T04:43:32.723243+02:00
16952.72324270822,17012.72324270822,SYN2-231-D:P0001,G:JUG:LYBE:SYN2-232-D:P0001,EVTOL_001,JUG,LYBE,departure_preparation,committed_flight,departure_preparation,departure_preparation@JUG,departure_finalization,1.0,0.0,0.0,2026-07-31T04:42:32.723243+02:00,2026-07-31T04:43:32.723243+02:00
16994.216643599575,17034.216643599575,SYN2-214-D:P0001,G:JUG:LYBE:SYN2-214-D:P0001,EVTOL_003,JUG,LYBE,before_boarding,selected_plan,group_formation|repositioning_flight,group_formation@JUG|repositioning_flight@JUG,takeoff,0.6666666666666666,0.0,0.0,2026-07-31T04:43:14.216644+02:00,2026-07-31T04:43:54.216644+02:00
17034.216643599575,17352.018955599575,SYN2-214-D:P0001,G:JUG:LYBE:SYN2-214-D:P0001,EVTOL_003,JUG,LYBE,before_boarding,selected_plan,group_formation|repositioning_flight,group_formation@JUG|repositioning_flight@JUG,cruise,5.296705199999996,0.0,0.0,2026-07-31T04:43:54.216644+02:00,2026-07-31T04:49:12.018956+02:00
17352.018955599575,17412.018955599575,SYN2-214-D:P0001,G:JUG:LYBE:SYN2-214-D:P0001,EVTOL_003,JUG,LYBE,before_boarding,selected_plan,group_formation|repositioning_flight,group_formation@JUG|repositioning_flight@JUG,landing,1.0,0.0,0.0,2026-07-31T04:49:12.018956+02:00,2026-07-31T04:50:12.018956+02:00
17412.018955599575,17541.53511457393,SYN2-214-D:P0001,G:JUG:LYBE:SYN2-214-D:P0001,EVTOL_003,JUG,LYBE,before_boarding,selected_plan,group_formation,group_formation@JUG,idle,2.1586026495725794,0.0,0.0,2026-07-31T04:50:12.018956+02:00,2026-07-31T04:52:21.535115+02:00
17620.824249839374,17688.52555470822,SYN2-234-D:P0002,G:JUG:LYBE:SYN2-234-D:P0002,EVTOL_001,JUG,LYBE,before_boarding,selected_plan,aircraft_busy|group_formation,aircraft_busy@F000052|group_formation@JUG,disembarking,1.1283550811474319,0.0,0.0,2026-07-31T04:53:40.824250+02:00,2026-07-31T04:54:48.525555+02:00
17688.52555470822,17979.203321671182,SYN2-234-D:P0002,G:JUG:LYBE:SYN2-234-D:P0002,EVTOL_001,JUG,LYBE,before_boarding,selected_plan,battery_before_repositioning|group_formation,battery_before_repositioning@LYBE|group_formation@JUG,idle,4.844629449382713,0.0,0.0,2026-07-31T04:54:48.525555+02:00,2026-07-31T04:59:39.203322+02:00
17736.53511457393,17821.560210849682,SYN2-214-D:P0001,G:JUG:LYBE:SYN2-214-D:P0001,EVTOL_003,JUG,LYBE,after_boarding,committed_flight,battery_after_repositioning,battery_after_repositioning@JUG,waiting_for_departure,1.417084937929212,0.0,1.417084937929212,2026-07-31T04:55:36.535115+02:00,2026-07-31T04:57:01.560211+02:00
17821.560210849682,17881.560210849682,SYN2-214-D:P0001,G:JUG:LYBE:SYN2-214-D:P0001,EVTOL_003,JUG,LYBE,departure_preparation,committed_flight,departure_preparation,departure_preparation@JUG,departure_finalization,1.0,0.0,0.0,2026-07-31T04:57:01.560211+02:00,2026-07-31T04:58:01.560211+02:00
17979.203321671182,18039.203321671182,SYN2-234-D:P0002,G:JUG:LYBE:SYN2-234-D:P0002,EVTOL_001,JUG,LYBE,before_boarding,selected_plan,departure_preparation|group_formation,departure_preparation@LYBE|group_formation@JUG,departure_finalization,1.0,0.0,0.0,2026-07-31T04:59:39.203322+02:00,2026-07-31T05:00:39.203322+02:00
18039.203321671182,18079.203321671182,SYN2-234-D:P0002,G:JUG:LYBE:SYN2-234-D:P0002,EVTOL_001,JUG,LYBE,before_boarding,selected_plan,group_formation|repositioning_flight,group_formation@JUG|repositioning_flight@JUG,takeoff,0.6666666666666666,0.0,0.0,2026-07-31T05:00:39.203322+02:00,2026-07-31T05:01:19.203322+02:00
18079.203321671182,18397.005633671182,SYN2-234-D:P0002,G:JUG:LYBE:SYN2-234-D:P0002,EVTOL_001,JUG,LYBE,before_boarding,selected_plan,group_formation|repositioning_flight,group_formation@JUG|repositioning_flight@JUG,cruise,5.296705199999996,0.0,0.0,2026-07-31T05:01:19.203322+02:00,2026-07-31T05:06:37.005634+02:00
18397.005633671182,18457.005633671182,SYN2-234-D:P0002,G:JUG:LYBE:SYN2-234-D:P0002,EVTOL_001,JUG,LYBE,before_boarding,selected_plan,group_formation|repositioning_flight,group_formation@JUG|repositioning_flight@JUG,landing,1.0,0.0,0.0,2026-07-31T05:06:37.005634+02:00,2026-07-31T05:07:37.005634+02:00
18457.005633671182,18520.824249839374,SYN2-234-D:P0002,G:JUG:LYBE:SYN2-234-D:P0002,EVTOL_001,JUG,LYBE,before_boarding,selected_plan,group_formation,group_formation@JUG,idle,1.063643602803192,0.0,0.0,2026-07-31T05:07:37.005634+02:00,2026-07-31T05:08:40.824250+02:00
18715.824249839374,19005.683400634145,SYN2-234-D:P0002,G:JUG:LYBE:SYN2-234-D:P0002,EVTOL_001,JUG,LYBE,after_boarding,committed_flight,battery_after_repositioning,battery_after_repositioning@JUG,waiting_for_departure,4.830985846579521,0.0,4.830985846579521,2026-07-31T05:11:55.824250+02:00,2026-07-31T05:16:45.683401+02:00
19005.683400634145,19065.683400634145,SYN2-234-D:P0002,G:JUG:LYBE:SYN2-234-D:P0002,EVTOL_001,JUG,LYBE,departure_preparation,committed_flight,departure_preparation,departure_preparation@JUG,departure_finalization,1.0,0.0,0.0,2026-07-31T05:16:45.683401+02:00,2026-07-31T05:17:45.683401+02:00
20277.80321043103,21177.80321043103,SYN2-009-A:P0001,G:LYBE:LYBV:SYN2-009-A:P0001,EVTOL_001,LYBE,LYBV,before_boarding,selected_plan,group_formation,group_formation@LYBE,idle,15.0,0.0,0.0,2026-07-31T05:37:57.803210+02:00,2026-07-31T05:52:57.803210+02:00
20554.437456960703,21454.437456960703,SYN2-010-A:P0001,G:LYBE:BW:SYN2-010-A:P0001,EVTOL_002,LYBE,BW,before_boarding,selected_plan,group_formation,group_formation@LYBE,idle,15.0,0.0,0.0,2026-07-31T05:42:34.437457+02:00,2026-07-31T05:57:34.437457+02:00
20562.003095445805,21462.003095445805,SYN2-015-A:P0001,G:LYBE:EXPO:SYN2-015-A:P0001,EVTOL_003,LYBE,EXPO,before_boarding,selected_plan,group_formation,group_formation@LYBE,idle,15.0,0.0,0.0,2026-07-31T05:42:42.003095+02:00,2026-07-31T05:57:42.003095+02:00
20650.408268370757,21550.408268370757,SYN2-017-A:P0002,G:LYBE:DOR:SYN2-017-A:P0002,EVTOL_004,LYBE,DOR,before_boarding,selected_plan,group_formation,group_formation@LYBE,idle,15.0,0.0,0.0,2026-07-31T05:44:10.408268+02:00,2026-07-31T05:59:10.408268+02:00
20665.689133786494,21335.821643243427,SYN2-236-D:P0001,G:BW:LYBE:SYN2-236-D:P0001,,BW,LYBE,before_boarding,candidate_set,group_formation|priority_other_group,group_formation@BW,,11.168875157615549,0.0,0.0,2026-07-31T05:44:25.689134+02:00,2026-07-31T05:55:35.821643+02:00
20666.09528792066,21550.408268370757,SYN2-009-A:P0002,G:LYBE:DOR:SYN2-017-A:P0002,EVTOL_004,LYBE,DOR,before_boarding,selected_plan,group_formation,group_formation@LYBE,idle,14.73854967416828,0.0,0.0,2026-07-31T05:44:26.095288+02:00,2026-07-31T05:59:10.408268+02:00
21175.664614224595,21177.80321043103,SYN2-014-A:P0001,G:LYBE:LYBV:SYN2-009-A:P0001,EVTOL_001,LYBE,LYBV,before_boarding,selected_plan,group_formation,group_formation@LYBE,idle,0.035643270107235975,0.0,0.0,2026-07-31T05:52:55.664614+02:00,2026-07-31T05:52:57.803210+02:00
21335.821643243427,21550.408268370757,SYN2-017-A:P0001,G:LYBE:DOR:SYN2-017-A:P0002,EVTOL_004,LYBE,DOR,before_boarding,selected_plan,group_formation,group_formation@LYBE,idle,3.576443752122153,0.0,0.0,2026-07-31T05:55:35.821643+02:00,2026-07-31T05:59:10.408268+02:00
21335.821643243427,21447.80321043103,SYN2-236-D:P0001,G:BW:LYBE:SYN2-236-D:P0001,EVTOL_001,BW,LYBE,before_boarding,selected_plan,aircraft_busy|group_formation,aircraft_busy@F000057|group_formation@BW,boarding,1.8663594531267031,0.0,0.0,2026-07-31T05:55:35.821643+02:00,2026-07-31T05:57:27.803210+02:00
21447.80321043103,21462.003095445805,SYN2-236-D:P0001,G:BW:LYBE:SYN2-236-D:P0001,EVTOL_001,BW,LYBE,before_boarding,selected_plan,aircraft_busy|group_formation,aircraft_busy@F000057|group_formation@BW,departure_finalization,0.23666475024626077,0.0,0.0,2026-07-31T05:57:27.803210+02:00,2026-07-31T05:57:42.003095+02:00
21447.80321043103,21507.80321043103,SYN2-009-A:P0001,G:LYBE:LYBV:SYN2-009-A:P0001,EVTOL_001,LYBE,LYBV,departure_preparation,committed_flight,departure_preparation,departure_preparation@LYBE,departure_finalization,1.0,0.0,0.0,2026-07-31T05:57:27.803210+02:00,2026-07-31T05:58:27.803210+02:00
21447.80321043103,21507.80321043103,SYN2-014-A:P0001,G:LYBE:LYBV:SYN2-009-A:P0001,EVTOL_001,LYBE,LYBV,departure_preparation,committed_flight,departure_preparation,departure_preparation@LYBE,departure_finalization,1.0,0.0,0.0,2026-07-31T05:57:27.803210+02:00,2026-07-31T05:58:27.803210+02:00
21462.003095445805,21565.689133786494,SYN2-236-D:P0001,G:BW:LYBE:SYN2-236-D:P0001,EVTOL_002,BW,LYBE,before_boarding,selected_plan,aircraft_busy|group_formation,aircraft_busy@F000058|group_formation@BW,boarding,1.7281006390114877,0.0,0.0,2026-07-31T05:57:42.003095+02:00,2026-07-31T05:59:25.689134+02:00
21565.689133786494,21611.710614597956,SYN2-236-D:P0001,G:BW:LYBE:SYN2-236-D:P0001,EVTOL_002,BW,LYBE,before_boarding,selected_plan,aircraft_busy,aircraft_busy@F000058,boarding,0.7670246801910252,0.7670246801910252,0.0,2026-07-31T05:59:25.689134+02:00,2026-07-31T06:00:11.710615+02:00
21611.71061459796,21649.437456960703,SYN2-236-D:P0001,G:BW:LYBE:SYN2-236-D:P0001,EVTOL_002,BW,LYBE,before_boarding,selected_plan,aircraft_busy,aircraft_busy@F000058,boarding,0.628780706045715,0.628780706045715,0.0,2026-07-31T06:00:11.710615+02:00,2026-07-31T06:00:49.437457+02:00
21649.437456960703,21709.437456960703,SYN2-236-D:P0001,G:BW:LYBE:SYN2-236-D:P0001,EVTOL_002,BW,LYBE,before_boarding,selected_plan,aircraft_busy,aircraft_busy@F000058,departure_finalization,1.0,1.0,0.0,2026-07-31T06:00:49.437457+02:00,2026-07-31T06:01:49.437457+02:00
21649.437456960703,21709.437456960703,SYN2-010-A:P0001,G:LYBE:BW:SYN2-010-A:P0001,EVTOL_002,LYBE,BW,departure_preparation,committed_flight,departure_preparation,departure_preparation@LYBE,departure_finalization,1.0,0.0,0.0,2026-07-31T06:00:49.437457+02:00,2026-07-31T06:01:49.437457+02:00
21657.003095445805,21689.437456960703,SYN2-015-A:P0001,G:LYBE:EXPO:SYN2-015-A:P0001,EVTOL_003,LYBE,EXPO,after_boarding,committed_flight,origin_tlof,origin_tlof@LYBE,waiting_for_departure,0.5405726919149553,0.0,0.5405726919149553,2026-07-31T06:00:57.003095+02:00,2026-07-31T06:01:29.437457+02:00
21689.437456960703,21749.437456960703,SYN2-015-A:P0001,G:LYBE:EXPO:SYN2-015-A:P0001,EVTOL_003,LYBE,EXPO,departure_preparation,committed_flight,departure_preparation,departure_preparation@LYBE,departure_finalization,1.0,0.0,0.0,2026-07-31T06:01:29.437457+02:00,2026-07-31T06:02:29.437457+02:00
21709.437456960703,21749.437456960703,SYN2-236-D:P0001,G:BW:LYBE:SYN2-236-D:P0001,EVTOL_002,BW,LYBE,before_boarding,selected_plan,aircraft_busy,aircraft_busy@F000058,takeoff,0.6666666666666666,0.6666666666666666,0.0,2026-07-31T06:01:49.437457+02:00,2026-07-31T06:02:29.437457+02:00
21733.705321996273,21749.437456960703,SYN2-019-A:P0001,G:LYBE:LYBV:SYN2-019-A:P0001,EVTOL_003,LYBE,LYBV,before_boarding,selected_plan,aircraft_busy|group_formation,aircraft_busy@F000059|group_formation@LYBE,departure_finalization,0.26220224940716436,0.0,0.0,2026-07-31T06:02:13.705322+02:00,2026-07-31T06:02:29.437457+02:00
21749.437456960703,21789.437456960703,SYN2-019-A:P0001,G:LYBE:LYBV:SYN2-019-A:P0001,EVTOL_003,LYBE,LYBV,before_boarding,selected_plan,aircraft_busy|group_formation,aircraft_busy@F000059|group_formation@LYBE,takeoff,0.6666666666666666,0.0,0.0,2026-07-31T06:02:29.437457+02:00,2026-07-31T06:03:09.437457+02:00
21749.437456960703,21873.83092331889,SYN2-236-D:P0001,G:BW:LYBE:SYN2-236-D:P0001,EVTOL_002,BW,LYBE,before_boarding,selected_plan,aircraft_busy,aircraft_busy@F000058,cruise,2.073224439303097,2.073224439303097,0.0,2026-07-31T06:02:29.437457+02:00,2026-07-31T06:04:33.830923+02:00
21789.437456960703,21890.1998549607,SYN2-019-A:P0001,G:LYBE:LYBV:SYN2-019-A:P0001,EVTOL_003,LYBE,LYBV,before_boarding,selected_plan,aircraft_busy|group_formation,aircraft_busy@F000059|group_formation@LYBE,cruise,1.6793732999999824,0.0,0.0,2026-07-31T06:03:09.437457+02:00,2026-07-31T06:04:50.199855+02:00
21873.83092331889,21974.273278960703,SYN2-019-A:P0002,G:LYBE:JUG:SYN2-019-A:P0002,EVTOL_002,LYBE,JUG,before_boarding,selected_plan,aircraft_busy|group_formation,aircraft_busy@F000058|group_formation@LYBE,cruise,1.674039260696918,0.0,0.0,2026-07-31T06:04:33.830923+02:00,2026-07-31T06:06:14.273279+02:00
21873.83092331889,21884.251398431028,SYN2-236-D:P0001,G:BW:LYBE:SYN2-236-D:P0001,EVTOL_001,BW,LYBE,before_boarding,selected_plan,aircraft_busy,aircraft_busy@F000057,cruise,0.17367458520232806,0.17367458520232806,0.0,2026-07-31T06:04:33.830923+02:00,2026-07-31T06:04:44.251398+02:00
21884.251398431028,21944.251398431028,SYN2-236-D:P0001,G:BW:LYBE:SYN2-236-D:P0001,EVTOL_001,BW,LYBE,before_boarding,selected_plan,aircraft_busy,aircraft_busy@F000057,landing,1.0,1.0,0.0,2026-07-31T06:04:44.251398+02:00,2026-07-31T06:05:44.251398+02:00
21890.1998549607,21950.1998549607,SYN2-019-A:P0001,G:LYBE:LYBV:SYN2-019-A:P0001,EVTOL_003,LYBE,LYBV,before_boarding,selected_plan,aircraft_busy|group_formation,aircraft_busy@F000059|group_formation@LYBE,landing,1.0,0.0,0.0,2026-07-31T06:04:50.199855+02:00,2026-07-31T06:05:50.199855+02:00
21895.408268370757,21955.408268370757,SYN2-017-A:P0002,G:LYBE:DOR:SYN2-017-A:P0002,EVTOL_004,LYBE,DOR,departure_preparation,committed_flight,departure_preparation,departure_preparation@LYBE,departure_finalization,1.0,0.0,0.0,2026-07-31T06:04:55.408268+02:00,2026-07-31T06:05:55.408268+02:00
21895.408268370757,21955.408268370757,SYN2-009-A:P0002,G:LYBE:DOR:SYN2-017-A:P0002,EVTOL_004,LYBE,DOR,departure_preparation,committed_flight,departure_preparation,departure_preparation@LYBE,departure_finalization,1.0,0.0,0.0,2026-07-31T06:04:55.408268+02:00,2026-07-31T06:05:55.408268+02:00
21895.408268370757,21955.408268370757,SYN2-017-A:P0001,G:LYBE:DOR:SYN2-017-A:P0002,EVTOL_004,LYBE,DOR,departure_preparation,committed_flight,departure_preparation,departure_preparation@LYBE,departure_finalization,1.0,0.0,0.0,2026-07-31T06:04:55.408268+02:00,2026-07-31T06:05:55.408268+02:00
21944.251398431028,22136.251398431028,SYN2-236-D:P0001,G:BW:LYBE:SYN2-236-D:P0001,EVTOL_001,BW,LYBE,before_boarding,selected_plan,aircraft_busy,aircraft_busy@F000057,disembarking,3.2,3.2,0.0,2026-07-31T06:05:44.251398+02:00,2026-07-31T06:08:56.251398+02:00
21950.1998549607,22076.1998549607,SYN2-019-A:P0001,G:LYBE:LYBV:SYN2-019-A:P0001,EVTOL_003,LYBE,LYBV,before_boarding,selected_plan,aircraft_busy|group_formation,aircraft_busy@F000059|group_formation@LYBE,disembarking,2.1,0.0,0.0,2026-07-31T06:05:50.199855+02:00,2026-07-31T06:07:56.199855+02:00
21974.273278960703,22034.273278960703,SYN2-019-A:P0002,G:LYBE:JUG:SYN2-019-A:P0002,EVTOL_002,LYBE,JUG,before_boarding,selected_plan,aircraft_busy|group_formation,aircraft_busy@F000058|group_formation@LYBE,landing,1.0,0.0,0.0,2026-07-31T06:06:14.273279+02:00,2026-07-31T06:07:14.273279+02:00
22034.273278960703,22160.273278960703,SYN2-019-A:P0002,G:LYBE:JUG:SYN2-019-A:P0002,EVTOL_002,LYBE,JUG,before_boarding,selected_plan,aircraft_busy|group_formation,aircraft_busy@F000058|group_formation@LYBE,disembarking,2.1,0.0,0.0,2026-07-31T06:07:14.273279+02:00,2026-07-31T06:09:20.273279+02:00
22076.1998549607,22136.1998549607,SYN2-019-A:P0001,G:LYBE:LYBV:SYN2-019-A:P0001,EVTOL_003,LYBE,LYBV,before_boarding,selected_plan,departure_preparation|group_formation,departure_preparation@EXPO|group_formation@LYBE,departure_finalization,1.0,0.0,0.0,2026-07-31T06:07:56.199855+02:00,2026-07-31T06:08:56.199855+02:00
22090.02646457314,22136.251398431028,SYN2-241-D:P0001,G:BW:LYBE:SYN2-236-D:P0001,EVTOL_001,BW,LYBE,before_boarding,selected_plan,aircraft_busy,aircraft_busy@F000057,disembarking,0.7704155642981277,0.0,0.0,2026-07-31T06:08:10.026465+02:00,2026-07-31T06:08:56.251398+02:00
22136.1998549607,22176.1998549607,SYN2-019-A:P0001,G:LYBE:LYBV:SYN2-019-A:P0001,EVTOL_003,LYBE,LYBV,before_boarding,selected_plan,group_formation|repositioning_flight,group_formation@LYBE|repositioning_flight@LYBE,takeoff,0.6666666666666666,0.0,0.0,2026-07-31T06:08:56.199855+02:00,2026-07-31T06:09:36.199855+02:00
22136.251398431028,22736.251398431028,SYN2-236-D:P0001,G:BW:LYBE:SYN2-236-D:P0001,EVTOL_001,BW,LYBE,before_boarding,selected_plan,cleaning,cleaning@LYBV:cleaner:1,cleaning,10.0,10.0,0.0,2026-07-31T06:08:56.251398+02:00,2026-07-31T06:18:56.251398+02:00
22136.251398431028,22736.251398431028,SYN2-241-D:P0001,G:BW:LYBE:SYN2-236-D:P0001,EVTOL_001,BW,LYBE,before_boarding,selected_plan,cleaning,cleaning@LYBV:cleaner:1,cleaning,10.0,0.0,0.0,2026-07-31T06:08:56.251398+02:00,2026-07-31T06:18:56.251398+02:00
22136.319521225003,22323.208482370756,SYN2-353-D:P0001,G:JUG:LYBE:SYN2-353-D:P0001,EVTOL_004,JUG,LYBE,before_boarding,selected_plan,aircraft_busy|group_formation,aircraft_busy@F000060|group_formation@JUG,cruise,3.114816019095876,0.0,0.0,2026-07-31T06:08:56.319521+02:00,2026-07-31T06:12:03.208482+02:00
22160.273278960703,22220.273278960703,SYN2-019-A:P0002,G:LYBE:JUG:SYN2-019-A:P0002,EVTOL_002,LYBE,JUG,before_boarding,selected_plan,departure_preparation|group_formation,departure_preparation@BW|group_formation@LYBE,departure_finalization,1.0,0.0,0.0,2026-07-31T06:09:20.273279+02:00,2026-07-31T06:10:20.273279+02:00
22176.1998549607,22276.9622529607,SYN2-019-A:P0001,G:LYBE:LYBV:SYN2-019-A:P0001,EVTOL_003,LYBE,LYBV,before_boarding,selected_plan,group_formation|repositioning_flight,group_formation@LYBE|repositioning_flight@LYBE,cruise,1.6793732999999824,0.0,0.0,2026-07-31T06:09:36.199855+02:00,2026-07-31T06:11:16.962253+02:00
22220.273278960703,22260.273278960703,SYN2-019-A:P0002,G:LYBE:JUG:SYN2-019-A:P0002,EVTOL_002,LYBE,JUG,before_boarding,selected_plan,group_formation|repositioning_flight,group_formation@LYBE|repositioning_flight@LYBE,takeoff,0.6666666666666666,0.0,0.0,2026-07-31T06:10:20.273279+02:00,2026-07-31T06:11:00.273279+02:00
22260.273278960703,22485.109100960704,SYN2-019-A:P0002,G:LYBE:JUG:SYN2-019-A:P0002,EVTOL_002,LYBE,JUG,before_boarding,selected_plan,group_formation|repositioning_flight,group_formation@LYBE|repositioning_flight@LYBE,cruise,3.747263700000015,0.0,0.0,2026-07-31T06:11:00.273279+02:00,2026-07-31T06:14:45.109101+02:00
22276.9622529607,22336.9622529607,SYN2-019-A:P0001,G:LYBE:LYBV:SYN2-019-A:P0001,EVTOL_003,LYBE,LYBV,before_boarding,selected_plan,group_formation|repositioning_flight,group_formation@LYBE|repositioning_flight@LYBE,landing,1.0,0.0,0.0,2026-07-31T06:11:16.962253+02:00,2026-07-31T06:12:16.962253+02:00
22323.208482370756,22383.208482370756,SYN2-353-D:P0001,G:JUG:LYBE:SYN2-353-D:P0001,EVTOL_004,JUG,LYBE,before_boarding,selected_plan,aircraft_busy|group_formation,aircraft_busy@F000060|group_formation@JUG,landing,1.0,0.0,0.0,2026-07-31T06:12:03.208482+02:00,2026-07-31T06:13:03.208482+02:00
22336.9622529607,22633.705321996273,SYN2-019-A:P0001,G:LYBE:LYBV:SYN2-019-A:P0001,EVTOL_003,LYBE,LYBV,before_boarding,selected_plan,group_formation,group_formation@LYBE,idle,4.9457178172595375,0.0,0.0,2026-07-31T06:12:16.962253+02:00,2026-07-31T06:17:13.705322+02:00
22383.208482370756,22641.208482370756,SYN2-353-D:P0001,G:JUG:LYBE:SYN2-353-D:P0001,EVTOL_004,JUG,LYBE,before_boarding,selected_plan,aircraft_busy|group_formation,aircraft_busy@F000060|group_formation@JUG,disembarking,4.3,0.0,0.0,2026-07-31T06:13:03.208482+02:00,2026-07-31T06:17:21.208482+02:00
22485.109100960704,22545.109100960704,SYN2-019-A:P0002,G:LYBE:JUG:SYN2-019-A:P0002,EVTOL_002,LYBE,JUG,before_boarding,selected_plan,group_formation|repositioning_flight,group_formation@LYBE|repositioning_flight@LYBE,landing,1.0,0.0,0.0,2026-07-31T06:14:45.109101+02:00,2026-07-31T06:15:45.109101+02:00
22545.109100960704,22773.83092331889,SYN2-019-A:P0002,G:LYBE:JUG:SYN2-019-A:P0002,EVTOL_002,LYBE,JUG,before_boarding,selected_plan,group_formation,group_formation@LYBE,idle,3.8120303726364,0.0,0.0,2026-07-31T06:15:45.109101+02:00,2026-07-31T06:19:33.830923+02:00
22641.208482370756,23036.319521225003,SYN2-353-D:P0001,G:JUG:LYBE:SYN2-353-D:P0001,EVTOL_004,JUG,LYBE,before_boarding,selected_plan,cleaning|group_formation,cleaning@DOR:cleaner:1|group_formation@JUG,cleaning,6.585183980904124,0.0,0.0,2026-07-31T06:17:21.208482+02:00,2026-07-31T06:23:56.319521+02:00
22736.251398431028,22796.251398431028,SYN2-236-D:P0001,G:BW:LYBE:SYN2-236-D:P0001,EVTOL_001,BW,LYBE,before_boarding,selected_plan,departure_preparation,departure_preparation@LYBV,departure_finalization,1.0,1.0,0.0,2026-07-31T06:18:56.251398+02:00,2026-07-31T06:19:56.251398+02:00
22736.251398431028,22796.251398431028,SYN2-241-D:P0001,G:BW:LYBE:SYN2-236-D:P0001,EVTOL_001,BW,LYBE,before_boarding,selected_plan,departure_preparation,departure_preparation@LYBV,departure_finalization,1.0,0.0,0.0,2026-07-31T06:18:56.251398+02:00,2026-07-31T06:19:56.251398+02:00
22796.251398431028,22836.251398431028,SYN2-236-D:P0001,G:BW:LYBE:SYN2-236-D:P0001,EVTOL_001,BW,LYBE,before_boarding,selected_plan,repositioning_flight,repositioning_flight@BW,takeoff,0.6666666666666666,0.6666666666666666,0.0,2026-07-31T06:19:56.251398+02:00,2026-07-31T06:20:36.251398+02:00
22796.251398431028,22836.251398431028,SYN2-241-D:P0001,G:BW:LYBE:SYN2-236-D:P0001,EVTOL_001,BW,LYBE,before_boarding,selected_plan,repositioning_flight,repositioning_flight@BW,takeoff,0.6666666666666666,0.0,0.0,2026-07-31T06:19:56.251398+02:00,2026-07-31T06:20:36.251398+02:00
22828.705321996273,22888.705321996273,SYN2-019-A:P0001,G:LYBE:LYBV:SYN2-019-A:P0001,EVTOL_003,LYBE,LYBV,departure_preparation,committed_flight,departure_preparation,departure_preparation@LYBE,departure_finalization,1.0,0.0,0.0,2026-07-31T06:20:28.705322+02:00,2026-07-31T06:21:28.705322+02:00
22836.251398431028,22929.86376443103,SYN2-236-D:P0001,G:BW:LYBE:SYN2-236-D:P0001,EVTOL_001,BW,LYBE,before_boarding,selected_plan,repositioning_flight,repositioning_flight@BW,cruise,1.56020610000002,1.56020610000002,0.0,2026-07-31T06:20:36.251398+02:00,2026-07-31T06:22:09.863764+02:00
22836.251398431028,22929.86376443103,SYN2-241-D:P0001,G:BW:LYBE:SYN2-236-D:P0001,EVTOL_001,BW,LYBE,before_boarding,selected_plan,repositioning_flight,repositioning_flight@BW,cruise,1.56020610000002,0.0,0.0,2026-07-31T06:20:36.251398+02:00,2026-07-31T06:22:09.863764+02:00
22929.86376443103,22989.86376443103,SYN2-236-D:P0001,G:BW:LYBE:SYN2-236-D:P0001,EVTOL_001,BW,LYBE,before_boarding,selected_plan,repositioning_flight,repositioning_flight@BW,landing,1.0,1.0,0.0,2026-07-31T06:22:09.863764+02:00,2026-07-31T06:23:09.863764+02:00
22929.86376443103,22989.86376443103,SYN2-241-D:P0001,G:BW:LYBE:SYN2-236-D:P0001,EVTOL_001,BW,LYBE,before_boarding,selected_plan,repositioning_flight,repositioning_flight@BW,landing,1.0,0.0,0.0,2026-07-31T06:22:09.863764+02:00,2026-07-31T06:23:09.863764+02:00
22968.83092331889,23028.83092331889,SYN2-019-A:P0002,G:LYBE:JUG:SYN2-019-A:P0002,EVTOL_002,LYBE,JUG,departure_preparation,committed_flight,departure_preparation,departure_preparation@LYBE,departure_finalization,1.0,0.0,0.0,2026-07-31T06:22:48.830923+02:00,2026-07-31T06:23:48.830923+02:00
23036.319521225003,23241.208482370756,SYN2-353-D:P0001,G:JUG:LYBE:SYN2-353-D:P0001,EVTOL_004,JUG,LYBE,before_boarding,selected_plan,cleaning,cleaning@DOR:cleaner:1,cleaning,3.4148160190958756,3.4148160190958756,0.0,2026-07-31T06:23:56.319521+02:00,2026-07-31T06:27:21.208482+02:00
23241.208482370756,23296.156249318887,SYN2-353-D:P0001,G:JUG:LYBE:SYN2-353-D:P0001,EVTOL_004,JUG,LYBE,before_boarding,selected_plan,destination_tlof,destination_tlof@JUG,idle,0.9157961158021862,0.9157961158021862,0.0,2026-07-31T06:27:21.208482+02:00,2026-07-31T06:28:16.156249+02:00
23259.86376443103,23319.86376443103,SYN2-236-D:P0001,G:BW:LYBE:SYN2-236-D:P0001,EVTOL_001,BW,LYBE,departure_preparation,committed_flight,departure_preparation,departure_preparation@BW,departure_finalization,1.0,0.0,0.0,2026-07-31T06:27:39.863764+02:00,2026-07-31T06:28:39.863764+02:00
23259.86376443103,23319.86376443103,SYN2-241-D:P0001,G:BW:LYBE:SYN2-236-D:P0001,EVTOL_001,BW,LYBE,departure_preparation,committed_flight,departure_preparation,departure_preparation@BW,departure_finalization,1.0,0.0,0.0,2026-07-31T06:27:39.863764+02:00,2026-07-31T06:28:39.863764+02:00
23296.156249318887,23356.156249318887,SYN2-353-D:P0001,G:JUG:LYBE:SYN2-353-D:P0001,EVTOL_004,JUG,LYBE,before_boarding,selected_plan,departure_preparation,departure_preparation@DOR,departure_finalization,1.0,1.0,0.0,2026-07-31T06:28:16.156249+02:00,2026-07-31T06:29:16.156249+02:00
23356.156249318887,23396.156249318887,SYN2-353-D:P0001,G:JUG:LYBE:SYN2-353-D:P0001,EVTOL_004,JUG,LYBE,before_boarding,selected_plan,repositioning_flight,repositioning_flight@JUG,takeoff,0.6666666666666666,0.6666666666666666,0.0,2026-07-31T06:29:16.156249+02:00,2026-07-31T06:29:56.156249+02:00
23396.156249318887,23446.63323531889,SYN2-353-D:P0001,G:JUG:LYBE:SYN2-353-D:P0001,EVTOL_004,JUG,LYBE,before_boarding,selected_plan,repositioning_flight,repositioning_flight@JUG,cruise,0.8412831000000248,0.8412831000000248,0.0,2026-07-31T06:29:56.156249+02:00,2026-07-31T06:30:46.633235+02:00
23446.63323531889,23506.63323531889,SYN2-353-D:P0001,G:JUG:LYBE:SYN2-353-D:P0001,EVTOL_004,JUG,LYBE,before_boarding,selected_plan,repositioning_flight,repositioning_flight@JUG,landing,1.0,1.0,0.0,2026-07-31T06:30:46.633235+02:00,2026-07-31T06:31:46.633235+02:00
23701.63323531889,23761.63323531889,SYN2-353-D:P0001,G:JUG:LYBE:SYN2-353-D:P0001,EVTOL_004,JUG,LYBE,departure_preparation,committed_flight,departure_preparation,departure_preparation@JUG,departure_finalization,1.0,0.0,0.0,2026-07-31T06:35:01.633235+02:00,2026-07-31T06:36:01.633235+02:00
24775.239550854796,24993.442179245856,SYN2-242-D:P0001,G:JUG:LYBE:SYN2-242-D:P0001,EVTOL_002,JUG,LYBE,before_boarding,selected_plan,group_formation,group_formation@JUG,idle,3.636710473184333,0.0,0.0,2026-07-31T06:52:55.239551+02:00,2026-07-31T06:56:33.442179+02:00
24993.442179245856,25053.442179245856,SYN2-237-D:P0001,G:BW:LYBE:SYN2-237-D:P0001,EVTOL_002,BW,LYBE,before_boarding,selected_plan,departure_preparation|group_formation,departure_preparation@JUG|group_formation@BW,departure_finalization,1.0,0.0,0.0,2026-07-31T06:56:33.442179+02:00,2026-07-31T06:57:33.442179+02:00
24993.442179245856,25053.442179245856,SYN2-242-D:P0001,G:JUG:LYBE:SYN2-242-D:P0001,EVTOL_003,JUG,LYBE,before_boarding,selected_plan,departure_preparation|group_formation,departure_preparation@LYBV|group_formation@JUG,departure_finalization,1.0,0.0,0.0,2026-07-31T06:56:33.442179+02:00,2026-07-31T06:57:33.442179+02:00
25053.442179245856,25093.442179245856,SYN2-237-D:P0001,G:BW:LYBE:SYN2-237-D:P0001,EVTOL_002,BW,LYBE,before_boarding,selected_plan,group_formation|repositioning_flight,group_formation@BW|repositioning_flight@BW,takeoff,0.6666666666666666,0.0,0.0,2026-07-31T06:57:33.442179+02:00,2026-07-31T06:58:13.442179+02:00
25053.442179245856,25093.442179245856,SYN2-242-D:P0001,G:JUG:LYBE:SYN2-242-D:P0001,EVTOL_003,JUG,LYBE,before_boarding,selected_plan,group_formation|repositioning_flight,group_formation@JUG|repositioning_flight@JUG,takeoff,0.6666666666666666,0.0,0.0,2026-07-31T06:57:33.442179+02:00,2026-07-31T06:58:13.442179+02:00
25093.442179245856,25168.408669245855,SYN2-237-D:P0001,G:BW:LYBE:SYN2-237-D:P0001,EVTOL_002,BW,LYBE,before_boarding,selected_plan,group_formation|repositioning_flight,group_formation@BW|repositioning_flight@BW,cruise,1.2494414999999814,0.0,0.0,2026-07-31T06:58:13.442179+02:00,2026-07-31T06:59:28.408669+02:00
25093.442179245856,25280.021035245856,SYN2-242-D:P0001,G:JUG:LYBE:SYN2-242-D:P0001,EVTOL_003,JUG,LYBE,before_boarding,selected_plan,group_formation|repositioning_flight,group_formation@JUG|repositioning_flight@JUG,cruise,3.1096476000000015,0.0,0.0,2026-07-31T06:58:13.442179+02:00,2026-07-31T07:01:20.021035+02:00
25168.408669245855,25228.408669245855,SYN2-237-D:P0001,G:BW:LYBE:SYN2-237-D:P0001,EVTOL_002,BW,LYBE,before_boarding,selected_plan,group_formation|repositioning_flight,group_formation@BW|repositioning_flight@BW,landing,1.0,0.0,0.0,2026-07-31T06:59:28.408669+02:00,2026-07-31T07:00:28.408669+02:00
25228.408669245855,25893.442179245856,SYN2-237-D:P0001,G:BW:LYBE:SYN2-237-D:P0001,EVTOL_002,BW,LYBE,before_boarding,selected_plan,group_formation,group_formation@BW,idle,11.083891833333352,0.0,0.0,2026-07-31T07:00:28.408669+02:00,2026-07-31T07:11:33.442179+02:00
25280.021035245856,25340.021035245856,SYN2-242-D:P0001,G:JUG:LYBE:SYN2-242-D:P0001,EVTOL_003,JUG,LYBE,before_boarding,selected_plan,group_formation|repositioning_flight,group_formation@JUG|repositioning_flight@JUG,landing,1.0,0.0,0.0,2026-07-31T07:01:20.021035+02:00,2026-07-31T07:02:20.021035+02:00
25340.021035245856,25675.239550854796,SYN2-242-D:P0001,G:JUG:LYBE:SYN2-242-D:P0001,EVTOL_003,JUG,LYBE,before_boarding,selected_plan,group_formation,group_formation@JUG,idle,5.586975260148999,0.0,0.0,2026-07-31T07:02:20.021035+02:00,2026-07-31T07:07:55.239551+02:00
25870.239550854796,25930.239550854796,SYN2-242-D:P0001,G:JUG:LYBE:SYN2-242-D:P0001,EVTOL_003,JUG,LYBE,departure_preparation,committed_flight,departure_preparation,departure_preparation@JUG,departure_finalization,1.0,0.0,0.0,2026-07-31T07:11:10.239551+02:00,2026-07-31T07:12:10.239551+02:00
26088.442179245856,26148.442179245856,SYN2-237-D:P0001,G:BW:LYBE:SYN2-237-D:P0001,EVTOL_002,BW,LYBE,departure_preparation,committed_flight,departure_preparation,departure_preparation@BW,departure_finalization,1.0,0.0,0.0,2026-07-31T07:14:48.442179+02:00,2026-07-31T07:15:48.442179+02:00
26374.713834224855,26413.278001245857,SYN2-246-D:P0001,G:LYBV:LYBE:SYN2-246-D:P0001,EVTOL_001,LYBV,LYBE,before_boarding,selected_plan,group_formation|origin_tlof,group_formation@LYBV|origin_tlof@LYBE,idle,0.6427361170167084,0.0,0.0,2026-07-31T07:19:34.713834+02:00,2026-07-31T07:20:13.278001+02:00
26413.278001245857,26473.278001245857,SYN2-246-D:P0001,G:LYBV:LYBE:SYN2-246-D:P0001,EVTOL_001,LYBV,LYBE,before_boarding,selected_plan,departure_preparation|group_formation,departure_preparation@LYBE|group_formation@LYBV,departure_finalization,1.0,0.0,0.0,2026-07-31T07:20:13.278001+02:00,2026-07-31T07:21:13.278001+02:00
26473.278001245857,26513.278001245857,SYN2-246-D:P0001,G:LYBV:LYBE:SYN2-246-D:P0001,EVTOL_001,LYBV,LYBE,before_boarding,selected_plan,group_formation|repositioning_flight,group_formation@LYBV|repositioning_flight@LYBV,takeoff,0.6666666666666666,0.0,0.0,2026-07-31T07:21:13.278001+02:00,2026-07-31T07:21:53.278001+02:00
26513.278001245857,26849.726189245855,SYN2-246-D:P0001,G:LYBV:LYBE:SYN2-246-D:P0001,EVTOL_001,LYBV,LYBE,before_boarding,selected_plan,group_formation|repositioning_flight,group_formation@LYBV|repositioning_flight@LYBV,cruise,5.607469799999975,0.0,0.0,2026-07-31T07:21:53.278001+02:00,2026-07-31T07:27:29.726189+02:00
26666.84917321565,26849.726189245855,SYN2-245-D:P0001,G:LYBV:LYBE:SYN2-246-D:P0001,EVTOL_001,LYBV,LYBE,before_boarding,selected_plan,group_formation|repositioning_flight,group_formation@LYBV|repositioning_flight@LYBV,cruise,3.047950267170078,0.0,0.0,2026-07-31T07:24:26.849173+02:00,2026-07-31T07:27:29.726189+02:00
26819.626134787482,27199.278001245857,SYN2-243-D:P0001,G:BW:LYBE:SYN2-243-D:P0001,EVTOL_002,BW,LYBE,before_boarding,selected_plan,cleaning|group_formation,cleaning@LYBE:cleaner:1|group_formation@BW,cleaning,6.327531107639576,0.0,0.0,2026-07-31T07:26:59.626135+02:00,2026-07-31T07:33:19.278001+02:00
26849.726189245855,26909.726189245855,SYN2-246-D:P0001,G:LYBV:LYBE:SYN2-246-D:P0001,EVTOL_001,LYBV,LYBE,before_boarding,selected_plan,group_formation|repositioning_flight,group_formation@LYBV|repositioning_flight@LYBV,landing,1.0,0.0,0.0,2026-07-31T07:27:29.726189+02:00,2026-07-31T07:28:29.726189+02:00
26849.726189245855,26909.726189245855,SYN2-245-D:P0001,G:LYBV:LYBE:SYN2-246-D:P0001,EVTOL_001,LYBV,LYBE,before_boarding,selected_plan,group_formation|repositioning_flight,group_formation@LYBV|repositioning_flight@LYBV,landing,1.0,0.0,0.0,2026-07-31T07:27:29.726189+02:00,2026-07-31T07:28:29.726189+02:00
26909.726189245855,27274.713834224855,SYN2-246-D:P0001,G:LYBV:LYBE:SYN2-246-D:P0001,EVTOL_001,LYBV,LYBE,before_boarding,selected_plan,group_formation,group_formation@LYBV,idle,6.083127416316651,0.0,0.0,2026-07-31T07:28:29.726189+02:00,2026-07-31T07:34:34.713834+02:00
26909.726189245855,27274.713834224855,SYN2-245-D:P0001,G:LYBV:LYBE:SYN2-246-D:P0001,EVTOL_001,LYBV,LYBE,before_boarding,selected_plan,group_formation,group_formation@LYBV,idle,6.083127416316651,0.0,0.0,2026-07-31T07:28:29.726189+02:00,2026-07-31T07:34:34.713834+02:00
27199.278001245857,27259.278001245857,SYN2-243-D:P0001,G:BW:LYBE:SYN2-243-D:P0001,EVTOL_002,BW,LYBE,before_boarding,selected_plan,departure_preparation|group_formation,departure_preparation@LYBE|group_formation@BW,departure_finalization,1.0,0.0,0.0,2026-07-31T07:33:19.278001+02:00,2026-07-31T07:34:19.278001+02:00
27259.278001245857,27299.278001245857,SYN2-243-D:P0001,G:BW:LYBE:SYN2-243-D:P0001,EVTOL_002,BW,LYBE,before_boarding,selected_plan,group_formation|repositioning_flight,group_formation@BW|repositioning_flight@BW,takeoff,0.6666666666666666,0.0,0.0,2026-07-31T07:34:19.278001+02:00,2026-07-31T07:34:59.278001+02:00
27299.278001245857,27524.113823245858,SYN2-243-D:P0001,G:BW:LYBE:SYN2-243-D:P0001,EVTOL_002,BW,LYBE,before_boarding,selected_plan,group_formation|repositioning_flight,group_formation@BW|repositioning_flight@BW,cruise,3.747263700000015,0.0,0.0,2026-07-31T07:34:59.278001+02:00,2026-07-31T07:38:44.113823+02:00
27524.113823245858,27584.113823245858,SYN2-243-D:P0001,G:BW:LYBE:SYN2-243-D:P0001,EVTOL_002,BW,LYBE,before_boarding,selected_plan,group_formation|repositioning_flight,group_formation@BW|repositioning_flight@BW,landing,1.0,0.0,0.0,2026-07-31T07:38:44.113823+02:00,2026-07-31T07:39:44.113823+02:00
27544.713834224855,27604.713834224855,SYN2-246-D:P0001,G:LYBV:LYBE:SYN2-246-D:P0001,EVTOL_001,LYBV,LYBE,departure_preparation,committed_flight,departure_preparation,departure_preparation@LYBV,departure_finalization,1.0,0.0,0.0,2026-07-31T07:39:04.713834+02:00,2026-07-31T07:40:04.713834+02:00
27544.713834224855,27604.713834224855,SYN2-245-D:P0001,G:LYBV:LYBE:SYN2-246-D:P0001,EVTOL_001,LYBV,LYBE,departure_preparation,committed_flight,departure_preparation,departure_preparation@LYBV,departure_finalization,1.0,0.0,0.0,2026-07-31T07:39:04.713834+02:00,2026-07-31T07:40:04.713834+02:00
27584.113823245858,27719.626134787482,SYN2-243-D:P0001,G:BW:LYBE:SYN2-243-D:P0001,EVTOL_002,BW,LYBE,before_boarding,selected_plan,group_formation,group_formation@BW,idle,2.258538525693742,0.0,0.0,2026-07-31T07:39:44.113823+02:00,2026-07-31T07:41:59.626135+02:00
27914.626134787482,27974.626134787482,SYN2-243-D:P0001,G:BW:LYBE:SYN2-243-D:P0001,EVTOL_002,BW,LYBE,departure_preparation,committed_flight,departure_preparation,departure_preparation@BW,departure_finalization,1.0,0.0,0.0,2026-07-31T07:45:14.626135+02:00,2026-07-31T07:46:14.626135+02:00
28734.3212764861,28794.3212764861,SYN2-249-D:P0002,G:BW:LYBE:SYN2-249-D:P0002,EVTOL_001,BW,LYBE,before_boarding,selected_plan,departure_preparation|group_formation,departure_preparation@LYBE|group_formation@BW,departure_finalization,1.0,0.0,0.0,2026-07-31T07:58:54.321276+02:00,2026-07-31T07:59:54.321276+02:00
28794.3212764861,28834.3212764861,SYN2-249-D:P0002,G:BW:LYBE:SYN2-249-D:P0002,EVTOL_001,BW,LYBE,before_boarding,selected_plan,group_formation|repositioning_flight,group_formation@BW|repositioning_flight@BW,takeoff,0.6666666666666666,0.0,0.0,2026-07-31T07:59:54.321276+02:00,2026-07-31T08:00:34.321276+02:00
28834.3212764861,29059.1570984861,SYN2-249-D:P0002,G:BW:LYBE:SYN2-249-D:P0002,EVTOL_001,BW,LYBE,before_boarding,selected_plan,group_formation|repositioning_flight,group_formation@BW|repositioning_flight@BW,cruise,3.747263700000015,0.0,0.0,2026-07-31T08:00:34.321276+02:00,2026-07-31T08:04:19.157098+02:00
29059.1570984861,29119.1570984861,SYN2-249-D:P0002,G:BW:LYBE:SYN2-249-D:P0002,EVTOL_001,BW,LYBE,before_boarding,selected_plan,group_formation|repositioning_flight,group_formation@BW|repositioning_flight@BW,landing,1.0,0.0,0.0,2026-07-31T08:04:19.157098+02:00,2026-07-31T08:05:19.157098+02:00
29119.1570984861,29634.3212764861,SYN2-249-D:P0002,G:BW:LYBE:SYN2-249-D:P0002,EVTOL_001,BW,LYBE,before_boarding,selected_plan,group_formation,group_formation@BW,idle,8.586069633333318,0.0,0.0,2026-07-31T08:05:19.157098+02:00,2026-07-31T08:13:54.321276+02:00
29169.18586788682,29229.18586788682,SYN2-356-D:P0001,G:LYBV:LYBE:SYN2-356-D:P0001,EVTOL_002,LYBV,LYBE,before_boarding,selected_plan,departure_preparation|group_formation,departure_preparation@LYBE|group_formation@LYBV,departure_finalization,1.0,0.0,0.0,2026-07-31T08:06:09.185868+02:00,2026-07-31T08:07:09.185868+02:00
29229.18586788682,29269.18586788682,SYN2-356-D:P0001,G:LYBV:LYBE:SYN2-356-D:P0001,EVTOL_002,LYBV,LYBE,before_boarding,selected_plan,group_formation|repositioning_flight,group_formation@LYBV|repositioning_flight@LYBV,takeoff,0.6666666666666666,0.0,0.0,2026-07-31T08:07:09.185868+02:00,2026-07-31T08:07:49.185868+02:00
29269.18586788682,29605.634055886818,SYN2-356-D:P0001,G:LYBV:LYBE:SYN2-356-D:P0001,EVTOL_002,LYBV,LYBE,before_boarding,selected_plan,group_formation|repositioning_flight,group_formation@LYBV|repositioning_flight@LYBV,cruise,5.607469799999975,0.0,0.0,2026-07-31T08:07:49.185868+02:00,2026-07-31T08:13:25.634056+02:00
29605.634055886818,29665.634055886818,SYN2-356-D:P0001,G:LYBV:LYBE:SYN2-356-D:P0001,EVTOL_002,LYBV,LYBE,before_boarding,selected_plan,group_formation|repositioning_flight,group_formation@LYBV|repositioning_flight@LYBV,landing,1.0,0.0,0.0,2026-07-31T08:13:25.634056+02:00,2026-07-31T08:14:25.634056+02:00
29665.634055886818,30069.18586788682,SYN2-356-D:P0001,G:LYBV:LYBE:SYN2-356-D:P0001,EVTOL_002,LYBV,LYBE,before_boarding,selected_plan,group_formation,group_formation@LYBV,idle,6.725863533333358,0.0,0.0,2026-07-31T08:14:25.634056+02:00,2026-07-31T08:21:09.185868+02:00
29829.3212764861,29889.3212764861,SYN2-249-D:P0002,G:BW:LYBE:SYN2-249-D:P0002,EVTOL_001,BW,LYBE,departure_preparation,committed_flight,departure_preparation,departure_preparation@BW,departure_finalization,1.0,0.0,0.0,2026-07-31T08:17:09.321276+02:00,2026-07-31T08:18:09.321276+02:00
30264.18586788682,30324.18586788682,SYN2-356-D:P0001,G:LYBV:LYBE:SYN2-356-D:P0001,EVTOL_002,LYBV,LYBE,departure_preparation,committed_flight,departure_preparation,departure_preparation@LYBV,departure_finalization,1.0,0.0,0.0,2026-07-31T08:24:24.185868+02:00,2026-07-31T08:25:24.185868+02:00
30429.657255408452,30489.657255408452,SYN2-356-D:P0003,G:LYBV:LYBE:SYN2-356-D:P0003,EVTOL_001,LYBV,LYBE,before_boarding,selected_plan,departure_preparation|group_formation,departure_preparation@LYBE|group_formation@LYBV,departure_finalization,1.0,0.0,0.0,2026-07-31T08:27:09.657255+02:00,2026-07-31T08:28:09.657255+02:00
30489.657255408452,30529.657255408452,SYN2-356-D:P0003,G:LYBV:LYBE:SYN2-356-D:P0003,EVTOL_001,LYBV,LYBE,before_boarding,selected_plan,group_formation|repositioning_flight,group_formation@LYBV|repositioning_flight@LYBV,takeoff,0.6666666666666666,0.0,0.0,2026-07-31T08:28:09.657255+02:00,2026-07-31T08:28:49.657255+02:00
30529.657255408452,30866.10544340845,SYN2-356-D:P0003,G:LYBV:LYBE:SYN2-356-D:P0003,EVTOL_001,LYBV,LYBE,before_boarding,selected_plan,group_formation|repositioning_flight,group_formation@LYBV|repositioning_flight@LYBV,cruise,5.607469799999975,0.0,0.0,2026-07-31T08:28:49.657255+02:00,2026-07-31T08:34:26.105443+02:00
30861.179854833932,30866.10544340845,SYN2-249-D:P0001,G:LYBV:LYBE:SYN2-356-D:P0003,EVTOL_001,LYBV,LYBE,before_boarding,selected_plan,group_formation|repositioning_flight,group_formation@LYBV|repositioning_flight@LYBV,cruise,0.08209314290864617,0.0,0.0,2026-07-31T08:34:21.179855+02:00,2026-07-31T08:34:26.105443+02:00
30866.10544340845,30926.10544340845,SYN2-356-D:P0003,G:LYBV:LYBE:SYN2-356-D:P0003,EVTOL_001,LYBV,LYBE,before_boarding,selected_plan,group_formation|repositioning_flight,group_formation@LYBV|repositioning_flight@LYBV,landing,1.0,0.0,0.0,2026-07-31T08:34:26.105443+02:00,2026-07-31T08:35:26.105443+02:00
30866.10544340845,30926.10544340845,SYN2-249-D:P0001,G:LYBV:LYBE:SYN2-356-D:P0003,EVTOL_001,LYBV,LYBE,before_boarding,selected_plan,group_formation|repositioning_flight,group_formation@LYBV|repositioning_flight@LYBV,landing,1.0,0.0,0.0,2026-07-31T08:34:26.105443+02:00,2026-07-31T08:35:26.105443+02:00
30926.10544340845,31329.657255408452,SYN2-356-D:P0003,G:LYBV:LYBE:SYN2-356-D:P0003,EVTOL_001,LYBV,LYBE,before_boarding,selected_plan,group_formation,group_formation@LYBV,idle,6.725863533333358,0.0,0.0,2026-07-31T08:35:26.105443+02:00,2026-07-31T08:42:09.657255+02:00
30926.10544340845,31329.657255408452,SYN2-249-D:P0001,G:LYBV:LYBE:SYN2-356-D:P0003,EVTOL_001,LYBV,LYBE,before_boarding,selected_plan,group_formation,group_formation@LYBV,idle,6.725863533333358,0.0,0.0,2026-07-31T08:35:26.105443+02:00,2026-07-31T08:42:09.657255+02:00
31063.12534593749,31123.12534593749,SYN2-356-D:P0002,G:DOR:LYBE:SYN2-356-D:P0002,EVTOL_002,DOR,LYBE,before_boarding,selected_plan,departure_preparation|group_formation,departure_preparation@LYBE|group_formation@DOR,departure_finalization,1.0,0.0,0.0,2026-07-31T08:37:43.125346+02:00,2026-07-31T08:38:43.125346+02:00
31123.12534593749,31163.12534593749,SYN2-356-D:P0002,G:DOR:LYBE:SYN2-356-D:P0002,EVTOL_002,DOR,LYBE,before_boarding,selected_plan,group_formation|repositioning_flight,group_formation@DOR|repositioning_flight@DOR,takeoff,0.6666666666666666,0.0,0.0,2026-07-31T08:38:43.125346+02:00,2026-07-31T08:39:23.125346+02:00
31163.12534593749,31490.92555993749,SYN2-356-D:P0002,G:DOR:LYBE:SYN2-356-D:P0002,EVTOL_002,DOR,LYBE,before_boarding,selected_plan,group_formation|repositioning_flight,group_formation@DOR|repositioning_flight@DOR,cruise,5.463336899999983,0.0,0.0,2026-07-31T08:39:23.125346+02:00,2026-07-31T08:44:50.925560+02:00
31490.92555993749,31550.92555993749,SYN2-356-D:P0002,G:DOR:LYBE:SYN2-356-D:P0002,EVTOL_002,DOR,LYBE,before_boarding,selected_plan,group_formation|repositioning_flight,group_formation@DOR|repositioning_flight@DOR,landing,1.0,0.0,0.0,2026-07-31T08:44:50.925560+02:00,2026-07-31T08:45:50.925560+02:00
31550.92555993749,31963.12534593749,SYN2-356-D:P0002,G:DOR:LYBE:SYN2-356-D:P0002,EVTOL_002,DOR,LYBE,before_boarding,selected_plan,group_formation,group_formation@DOR,idle,6.869996433333351,0.0,0.0,2026-07-31T08:45:50.925560+02:00,2026-07-31T08:52:43.125346+02:00
31599.657255408452,31659.657255408452,SYN2-356-D:P0003,G:LYBV:LYBE:SYN2-356-D:P0003,EVTOL_001,LYBV,LYBE,departure_preparation,committed_flight,departure_preparation,departure_preparation@LYBV,departure_finalization,1.0,0.0,0.0,2026-07-31T08:46:39.657255+02:00,2026-07-31T08:47:39.657255+02:00
31599.657255408452,31659.657255408452,SYN2-249-D:P0001,G:LYBV:LYBE:SYN2-356-D:P0003,EVTOL_001,LYBV,LYBE,departure_preparation,committed_flight,departure_preparation,departure_preparation@LYBV,departure_finalization,1.0,0.0,0.0,2026-07-31T08:46:39.657255+02:00,2026-07-31T08:47:39.657255+02:00
31822.94433290555,31882.94433290555,SYN2-253-D:P0002,G:BW:LYBE:SYN2-253-D:P0002,EVTOL_003,BW,LYBE,before_boarding,selected_plan,departure_preparation|group_formation,departure_preparation@LYBE|group_formation@BW,departure_finalization,1.0,0.0,0.0,2026-07-31T08:50:22.944333+02:00,2026-07-31T08:51:22.944333+02:00
31882.94433290555,31922.94433290555,SYN2-253-D:P0002,G:BW:LYBE:SYN2-253-D:P0002,EVTOL_003,BW,LYBE,before_boarding,selected_plan,group_formation|repositioning_flight,group_formation@BW|repositioning_flight@BW,takeoff,0.6666666666666666,0.0,0.0,2026-07-31T08:51:22.944333+02:00,2026-07-31T08:52:02.944333+02:00
31922.94433290555,32147.78015490555,SYN2-253-D:P0002,G:BW:LYBE:SYN2-253-D:P0002,EVTOL_003,BW,LYBE,before_boarding,selected_plan,group_formation|repositioning_flight,group_formation@BW|repositioning_flight@BW,cruise,3.747263700000015,0.0,0.0,2026-07-31T08:52:02.944333+02:00,2026-07-31T08:55:47.780155+02:00
31926.81901284181,32036.10544340845,SYN2-023-A:P0003,G:LYBE:BW:SYN2-023-A:P0003,EVTOL_001,LYBE,BW,before_boarding,selected_plan,aircraft_busy|group_formation,aircraft_busy@F000083|group_formation@LYBE,cruise,1.821440509444013,0.0,0.0,2026-07-31T08:52:06.819013+02:00,2026-07-31T08:53:56.105443+02:00
31953.8223478915,32002.33068287823,SYN2-023-A:P0002,G:LYBE:DOR:SYN2-023-A:P0002,EVTOL_004,LYBE,DOR,before_boarding,selected_plan,group_formation,group_formation@LYBE,idle,0.8084722497788486,0.0,0.0,2026-07-31T08:52:33.822348+02:00,2026-07-31T08:53:22.330683+02:00
32002.33068287823,32158.12534593749,SYN2-023-A:P0002,G:LYBE:DOR:SYN2-023-A:P0002,EVTOL_002,LYBE,DOR,before_boarding,selected_plan,aircraft_busy|group_formation,aircraft_busy@F000085|group_formation@LYBE,boarding,2.596577717654327,0.0,0.0,2026-07-31T08:53:22.330683+02:00,2026-07-31T08:55:58.125346+02:00
32002.33068287823,32033.0018437256,SYN2-254-D:P0001,G:LYBV:LYBE:SYN2-254-D:P0001,EVTOL_004,LYBV,LYBE,before_boarding,selected_plan,group_formation|origin_tlof,group_formation@LYBV|origin_tlof@LYBE,idle,0.5111860141228438,0.0,0.0,2026-07-31T08:53:22.330683+02:00,2026-07-31T08:53:53.001844+02:00
32033.0018437256,32933.0018437256,SYN2-157-A:P0001,G:LYBE:LYBV:SYN2-157-A:P0001,EVTOL_004,LYBE,LYBV,before_boarding,selected_plan,group_formation,group_formation@LYBE,idle,15.0,0.0,0.0,2026-07-31T08:53:53.001844+02:00,2026-07-31T09:08:53.001844+02:00
32033.0018437256,32771.92555993749,SYN2-254-D:P0001,G:LYBV:LYBE:SYN2-254-D:P0001,,LYBV,LYBE,before_boarding,candidate_set,group_formation|priority_other_group,group_formation@LYBV,,12.315395270198133,0.0,0.0,2026-07-31T08:53:53.001844+02:00,2026-07-31T09:06:11.925560+02:00
32036.10544340845,32096.10544340845,SYN2-023-A:P0003,G:LYBE:BW:SYN2-023-A:P0003,EVTOL_001,LYBE,BW,before_boarding,selected_plan,aircraft_busy|group_formation,aircraft_busy@F000083|group_formation@LYBE,landing,1.0,0.0,0.0,2026-07-31T08:53:56.105443+02:00,2026-07-31T08:54:56.105443+02:00
32037.121583473265,32158.12534593749,SYN2-022-A:P0001,G:LYBE:DOR:SYN2-023-A:P0002,EVTOL_002,LYBE,DOR,before_boarding,selected_plan,aircraft_busy|group_formation,aircraft_busy@F000085|group_formation@LYBE,boarding,2.016729374403743,0.0,0.0,2026-07-31T08:53:57.121583+02:00,2026-07-31T08:55:58.125346+02:00
32096.10544340845,32288.10544340845,SYN2-023-A:P0003,G:LYBE:BW:SYN2-023-A:P0003,EVTOL_001,LYBE,BW,before_boarding,selected_plan,aircraft_busy|group_formation,aircraft_busy@F000083|group_formation@LYBE,disembarking,3.2,0.0,0.0,2026-07-31T08:54:56.105443+02:00,2026-07-31T08:58:08.105443+02:00
32147.78015490555,32207.78015490555,SYN2-253-D:P0002,G:BW:LYBE:SYN2-253-D:P0002,EVTOL_003,BW,LYBE,before_boarding,selected_plan,group_formation|repositioning_flight,group_formation@BW|repositioning_flight@BW,landing,1.0,0.0,0.0,2026-07-31T08:55:47.780155+02:00,2026-07-31T08:56:47.780155+02:00
32158.12534593749,32218.12534593749,SYN2-023-A:P0002,G:LYBE:DOR:SYN2-023-A:P0002,EVTOL_002,LYBE,DOR,before_boarding,selected_plan,aircraft_busy|group_formation,aircraft_busy@F000085|group_formation@LYBE,departure_finalization,1.0,0.0,0.0,2026-07-31T08:55:58.125346+02:00,2026-07-31T08:56:58.125346+02:00
32158.12534593749,32218.12534593749,SYN2-022-A:P0001,G:LYBE:DOR:SYN2-023-A:P0002,EVTOL_002,LYBE,DOR,before_boarding,selected_plan,aircraft_busy|group_formation,aircraft_busy@F000085|group_formation@LYBE,departure_finalization,1.0,0.0,0.0,2026-07-31T08:55:58.125346+02:00,2026-07-31T08:56:58.125346+02:00
32158.12534593749,32218.12534593749,SYN2-356-D:P0002,G:DOR:LYBE:SYN2-356-D:P0002,EVTOL_002,DOR,LYBE,departure_preparation,committed_flight,departure_preparation,departure_preparation@DOR,departure_finalization,1.0,0.0,0.0,2026-07-31T08:55:58.125346+02:00,2026-07-31T08:56:58.125346+02:00
32200.559320340875,32288.10544340845,SYN2-021-A:P0001,G:LYBE:BW:SYN2-023-A:P0003,EVTOL_001,LYBE,BW,before_boarding,selected_plan,aircraft_busy|group_formation,aircraft_busy@F000083|group_formation@LYBE,disembarking,1.459102051126259,0.0,0.0,2026-07-31T08:56:40.559320+02:00,2026-07-31T08:58:08.105443+02:00
32207.78015490555,32722.94433290555,SYN2-253-D:P0002,G:BW:LYBE:SYN2-253-D:P0002,EVTOL_003,BW,LYBE,before_boarding,selected_plan,group_formation,group_formation@BW,idle,8.586069633333318,0.0,0.0,2026-07-31T08:56:47.780155+02:00,2026-07-31T09:05:22.944333+02:00
32218.12534593749,32258.12534593749,SYN2-023-A:P0002,G:LYBE:DOR:SYN2-023-A:P0002,EVTOL_002,LYBE,DOR,before_boarding,selected_plan,aircraft_busy|group_formation,aircraft_busy@F000085|group_formation@LYBE,takeoff,0.6666666666666666,0.0,0.0,2026-07-31T08:56:58.125346+02:00,2026-07-31T08:57:38.125346+02:00
32218.12534593749,32258.12534593749,SYN2-022-A:P0001,G:LYBE:DOR:SYN2-023-A:P0002,EVTOL_002,LYBE,DOR,before_boarding,selected_plan,aircraft_busy|group_formation,aircraft_busy@F000085|group_formation@LYBE,takeoff,0.6666666666666666,0.0,0.0,2026-07-31T08:56:58.125346+02:00,2026-07-31T08:57:38.125346+02:00
32258.12534593749,32585.92555993749,SYN2-023-A:P0002,G:LYBE:DOR:SYN2-023-A:P0002,EVTOL_002,LYBE,DOR,before_boarding,selected_plan,aircraft_busy|group_formation,aircraft_busy@F000085|group_formation@LYBE,cruise,5.463336899999983,0.0,0.0,2026-07-31T08:57:38.125346+02:00,2026-07-31T09:03:05.925560+02:00
32258.12534593749,32585.92555993749,SYN2-022-A:P0001,G:LYBE:DOR:SYN2-023-A:P0002,EVTOL_002,LYBE,DOR,before_boarding,selected_plan,aircraft_busy|group_formation,aircraft_busy@F000085|group_formation@LYBE,cruise,5.463336899999983,0.0,0.0,2026-07-31T08:57:38.125346+02:00,2026-07-31T09:03:05.925560+02:00
32288.10544340845,32826.81901284181,SYN2-023-A:P0003,G:LYBE:BW:SYN2-023-A:P0003,EVTOL_001,LYBE,BW,before_boarding,selected_plan,group_formation,group_formation@LYBE,idle,8.978559490555927,0.0,0.0,2026-07-31T08:58:08.105443+02:00,2026-07-31T09:07:06.819013+02:00
32288.10544340845,32826.81901284181,SYN2-021-A:P0001,G:LYBE:BW:SYN2-023-A:P0003,EVTOL_001,LYBE,BW,before_boarding,selected_plan,group_formation,group_formation@LYBE,idle,8.978559490555927,0.0,0.0,2026-07-31T08:58:08.105443+02:00,2026-07-31T09:07:06.819013+02:00
32301.47888255032,32856.79731918512,SYN2-250-D:P0001,G:DOR:LYBE:SYN2-250-D:P0001,,DOR,LYBE,before_boarding,candidate_set,group_formation|priority_other_group,group_formation@DOR,,9.25530727724666,0.0,0.0,2026-07-31T08:58:21.478883+02:00,2026-07-31T09:07:36.797319+02:00
32585.92555993749,32645.92555993749,SYN2-023-A:P0002,G:LYBE:DOR:SYN2-023-A:P0002,EVTOL_002,LYBE,DOR,before_boarding,selected_plan,aircraft_busy|group_formation,aircraft_busy@F000085|group_formation@LYBE,landing,1.0,0.0,0.0,2026-07-31T09:03:05.925560+02:00,2026-07-31T09:04:05.925560+02:00
32585.92555993749,32645.92555993749,SYN2-022-A:P0001,G:LYBE:DOR:SYN2-023-A:P0002,EVTOL_002,LYBE,DOR,before_boarding,selected_plan,aircraft_busy|group_formation,aircraft_busy@F000085|group_formation@LYBE,landing,1.0,0.0,0.0,2026-07-31T09:03:05.925560+02:00,2026-07-31T09:04:05.925560+02:00
32645.92555993749,32771.92555993749,SYN2-023-A:P0002,G:LYBE:DOR:SYN2-023-A:P0002,EVTOL_002,LYBE,DOR,before_boarding,selected_plan,aircraft_busy|group_formation,aircraft_busy@F000085|group_formation@LYBE,disembarking,2.1,0.0,0.0,2026-07-31T09:04:05.925560+02:00,2026-07-31T09:06:11.925560+02:00
32645.92555993749,32771.92555993749,SYN2-022-A:P0001,G:LYBE:DOR:SYN2-023-A:P0002,EVTOL_002,LYBE,DOR,before_boarding,selected_plan,aircraft_busy|group_formation,aircraft_busy@F000085|group_formation@LYBE,disembarking,2.1,0.0,0.0,2026-07-31T09:04:05.925560+02:00,2026-07-31T09:06:11.925560+02:00
32771.92555993749,32853.8223478915,SYN2-023-A:P0002,G:LYBE:DOR:SYN2-023-A:P0002,EVTOL_002,LYBE,DOR,before_boarding,selected_plan,group_formation,group_formation@LYBE,idle,1.3649464659002357,0.0,0.0,2026-07-31T09:06:11.925560+02:00,2026-07-31T09:07:33.822348+02:00
32771.92555993749,32853.8223478915,SYN2-022-A:P0001,G:LYBE:DOR:SYN2-023-A:P0002,EVTOL_002,LYBE,DOR,before_boarding,selected_plan,group_formation,group_formation@LYBE,idle,1.3649464659002357,0.0,0.0,2026-07-31T09:06:11.925560+02:00,2026-07-31T09:07:33.822348+02:00
32771.92555993749,32774.27742442932,SYN2-254-D:P0001,G:LYBV:LYBE:SYN2-254-D:P0001,EVTOL_003,LYBV,LYBE,before_boarding,selected_plan,aircraft_busy|group_formation,aircraft_busy@F000086|group_formation@LYBV,boarding,0.039197741530491235,0.0,0.0,2026-07-31T09:06:11.925560+02:00,2026-07-31T09:06:14.277424+02:00
32774.27742442932,32853.8223478915,SYN2-259-D:P0001,G:BW:LYBE:SYN2-259-D:P0001,EVTOL_003,BW,LYBE,before_boarding,selected_plan,aircraft_busy|group_formation,aircraft_busy@F000086|group_formation@BW,boarding,1.3257487243697446,0.0,0.0,2026-07-31T09:06:14.277424+02:00,2026-07-31T09:07:33.822348+02:00
32774.27742442932,32853.8223478915,SYN2-254-D:P0001,G:LYBV:LYBE:SYN2-254-D:P0001,,LYBV,LYBE,before_boarding,candidate_set,group_formation|priority_other_group,group_formation@LYBV,,1.3257487243697446,0.0,0.0,2026-07-31T09:06:14.277424+02:00,2026-07-31T09:07:33.822348+02:00
32792.1786749687,32853.8223478915,SYN2-253-D:P0001,G:BW:LYBE:SYN2-259-D:P0001,EVTOL_003,BW,LYBE,before_boarding,selected_plan,aircraft_busy|group_formation,aircraft_busy@F000086|group_formation@BW,boarding,1.027394548713346,0.0,0.0,2026-07-31T09:06:32.178675+02:00,2026-07-31T09:07:33.822348+02:00
32853.8223478915,33096.81901284181,SYN2-259-D:P0001,G:BW:LYBE:SYN2-259-D:P0001,EVTOL_001,BW,LYBE,before_boarding,selected_plan,aircraft_busy|group_formation,aircraft_busy@F000087|group_formation@BW,boarding,4.049944415838399,0.0,0.0,2026-07-31T09:07:33.822348+02:00,2026-07-31T09:11:36.819013+02:00
32853.8223478915,33096.81901284181,SYN2-253-D:P0001,G:BW:LYBE:SYN2-259-D:P0001,EVTOL_001,BW,LYBE,before_boarding,selected_plan,aircraft_busy|group_formation,aircraft_busy@F000087|group_formation@BW,boarding,4.049944415838399,0.0,0.0,2026-07-31T09:07:33.822348+02:00,2026-07-31T09:11:36.819013+02:00
32853.8223478915,32856.79731918512,SYN2-254-D:P0001,G:LYBV:LYBE:SYN2-254-D:P0001,EVTOL_003,LYBV,LYBE,before_boarding,selected_plan,aircraft_busy|group_formation,aircraft_busy@F000086|group_formation@LYBV,boarding,0.049582854893621214,0.0,0.0,2026-07-31T09:07:33.822348+02:00,2026-07-31T09:07:36.797319+02:00
32856.79731918512,32902.33068287823,SYN2-254-D:P0001,G:LYBV:LYBE:SYN2-254-D:P0001,EVTOL_002,LYBV,LYBE,before_boarding,selected_plan,aircraft_busy|group_formation,aircraft_busy@F000088|group_formation@LYBV,boarding,0.7588893948851667,0.0,0.0,2026-07-31T09:07:36.797319+02:00,2026-07-31T09:08:22.330683+02:00
32856.79731918512,32917.94433290555,SYN2-250-D:P0001,G:DOR:LYBE:SYN2-250-D:P0001,EVTOL_003,DOR,LYBE,before_boarding,selected_plan,aircraft_busy|group_formation,aircraft_busy@F000086|group_formation@DOR,boarding,1.0191168953405092,0.0,0.0,2026-07-31T09:07:36.797319+02:00,2026-07-31T09:08:37.944333+02:00
32902.33068287823,32974.42084425072,SYN2-254-D:P0001,G:LYBV:LYBE:SYN2-254-D:P0001,EVTOL_002,LYBV,LYBE,before_boarding,selected_plan,aircraft_busy,aircraft_busy@F000088,boarding,1.2015026895415455,1.2015026895415455,0.0,2026-07-31T09:08:22.330683+02:00,2026-07-31T09:09:34.420844+02:00
32917.94433290555,32974.42084425072,SYN2-250-D:P0001,G:DOR:LYBE:SYN2-250-D:P0001,EVTOL_003,DOR,LYBE,before_boarding,selected_plan,aircraft_busy|group_formation,aircraft_busy@F000086|group_formation@DOR,departure_finalization,0.9412751890862031,0.0,0.0,2026-07-31T09:08:37.944333+02:00,2026-07-31T09:09:34.420844+02:00
32917.94433290555,32977.94433290555,SYN2-253-D:P0002,G:BW:LYBE:SYN2-253-D:P0002,EVTOL_003,BW,LYBE,departure_preparation,committed_flight,departure_preparation,departure_preparation@BW,departure_finalization,1.0,0.0,0.0,2026-07-31T09:08:37.944333+02:00,2026-07-31T09:09:37.944333+02:00
32974.42084425072,32977.94433290555,SYN2-157-A:P0002,G:LYBE:BW:SYN2-157-A:P0002,EVTOL_003,LYBE,BW,before_boarding,selected_plan,aircraft_busy|group_formation,aircraft_busy@F000086|group_formation@LYBE,departure_finalization,0.05872481091379692,0.0,0.0,2026-07-31T09:09:34.420844+02:00,2026-07-31T09:09:37.944333+02:00
32974.42084425072,33128.0018437256,SYN2-254-D:P0001,G:LYBV:LYBE:SYN2-254-D:P0001,EVTOL_004,LYBV,LYBE,before_boarding,selected_plan,aircraft_busy,aircraft_busy@F000089,boarding,2.5596833245812984,2.5596833245812984,0.0,2026-07-31T09:09:34.420844+02:00,2026-07-31T09:12:08.001844+02:00
32974.42084425072,33123.8223478915,SYN2-250-D:P0001,G:DOR:LYBE:SYN2-250-D:P0001,EVTOL_002,DOR,LYBE,before_boarding,selected_plan,aircraft_busy|group_formation,aircraft_busy@F000088|group_formation@DOR,boarding,2.4900250606796663,0.0,0.0,2026-07-31T09:09:34.420844+02:00,2026-07-31T09:12:03.822348+02:00
32977.94433290555,33017.94433290555,SYN2-157-A:P0002,G:LYBE:BW:SYN2-157-A:P0002,EVTOL_003,LYBE,BW,before_boarding,selected_plan,aircraft_busy|group_formation,aircraft_busy@F000086|group_formation@LYBE,takeoff,0.6666666666666666,0.0,0.0,2026-07-31T09:09:37.944333+02:00,2026-07-31T09:10:17.944333+02:00
33017.94433290555,33242.78015490555,SYN2-157-A:P0002,G:LYBE:BW:SYN2-157-A:P0002,EVTOL_003,LYBE,BW,before_boarding,selected_plan,aircraft_busy|group_formation,aircraft_busy@F000086|group_formation@LYBE,cruise,3.747263700000015,0.0,0.0,2026-07-31T09:10:17.944333+02:00,2026-07-31T09:14:02.780155+02:00
33096.81901284181,33156.81901284181,SYN2-259-D:P0001,G:BW:LYBE:SYN2-259-D:P0001,EVTOL_001,BW,LYBE,before_boarding,selected_plan,aircraft_busy|group_formation,aircraft_busy@F000087|group_formation@BW,departure_finalization,1.0,0.0,0.0,2026-07-31T09:11:36.819013+02:00,2026-07-31T09:12:36.819013+02:00
33096.81901284181,33156.81901284181,SYN2-253-D:P0001,G:BW:LYBE:SYN2-259-D:P0001,EVTOL_001,BW,LYBE,before_boarding,selected_plan,aircraft_busy|group_formation,aircraft_busy@F000087|group_formation@BW,departure_finalization,1.0,0.0,0.0,2026-07-31T09:11:36.819013+02:00,2026-07-31T09:12:36.819013+02:00
33096.81901284181,33156.81901284181,SYN2-023-A:P0003,G:LYBE:BW:SYN2-023-A:P0003,EVTOL_001,LYBE,BW,departure_preparation,committed_flight,departure_preparation,departure_preparation@LYBE,departure_finalization,1.0,0.0,0.0,2026-07-31T09:11:36.819013+02:00,2026-07-31T09:12:36.819013+02:00
33096.81901284181,33156.81901284181,SYN2-021-A:P0001,G:LYBE:BW:SYN2-023-A:P0003,EVTOL_001,LYBE,BW,departure_preparation,committed_flight,departure_preparation,departure_preparation@LYBE,departure_finalization,1.0,0.0,0.0,2026-07-31T09:11:36.819013+02:00,2026-07-31T09:12:36.819013+02:00
33098.756599839915,33242.78015490555,SYN2-023-A:P0001,G:LYBE:BW:SYN2-157-A:P0002,EVTOL_003,LYBE,BW,before_boarding,selected_plan,aircraft_busy|group_formation,aircraft_busy@F000086|group_formation@LYBE,cruise,2.4003925844272698,0.0,0.0,2026-07-31T09:11:38.756600+02:00,2026-07-31T09:14:02.780155+02:00
33123.8223478915,33136.81901284181,SYN2-250-D:P0001,G:DOR:LYBE:SYN2-250-D:P0001,EVTOL_002,DOR,LYBE,before_boarding,selected_plan,aircraft_busy|group_formation,aircraft_busy@F000088|group_formation@DOR,waiting_for_tlof,0.2166110825050661,0.0,0.0,2026-07-31T09:12:03.822348+02:00,2026-07-31T09:12:16.819013+02:00
33123.8223478915,33136.81901284181,SYN2-023-A:P0002,G:LYBE:DOR:SYN2-023-A:P0002,EVTOL_002,LYBE,DOR,after_boarding,committed_flight,origin_tlof,origin_tlof@LYBE,waiting_for_departure,0.2166110825050661,0.0,0.2166110825050661,2026-07-31T09:12:03.822348+02:00,2026-07-31T09:12:16.819013+02:00
33123.8223478915,33136.81901284181,SYN2-022-A:P0001,G:LYBE:DOR:SYN2-023-A:P0002,EVTOL_002,LYBE,DOR,after_boarding,committed_flight,origin_tlof,origin_tlof@LYBE,waiting_for_departure,0.2166110825050661,0.0,0.2166110825050661,2026-07-31T09:12:03.822348+02:00,2026-07-31T09:12:16.819013+02:00
33128.0018437256,33242.78015490555,SYN2-254-D:P0001,G:LYBV:LYBE:SYN2-254-D:P0001,EVTOL_004,LYBV,LYBE,before_boarding,selected_plan,aircraft_busy,aircraft_busy@F000089,waiting_for_tlof,1.9129718529991806,1.9129718529991806,0.0,2026-07-31T09:12:08.001844+02:00,2026-07-31T09:14:02.780155+02:00
33128.0018437256,33242.78015490555,SYN2-157-A:P0001,G:LYBE:LYBV:SYN2-157-A:P0001,EVTOL_004,LYBE,LYBV,after_boarding,committed_flight,origin_tlof,origin_tlof@LYBE,waiting_for_departure,1.9129718529991806,0.0,1.9129718529991806,2026-07-31T09:12:08.001844+02:00,2026-07-31T09:14:02.780155+02:00
33136.81901284181,33196.81901284181,SYN2-250-D:P0001,G:DOR:LYBE:SYN2-250-D:P0001,EVTOL_002,DOR,LYBE,before_boarding,selected_plan,aircraft_busy|group_formation,aircraft_busy@F000088|group_formation@DOR,departure_finalization,1.0,0.0,0.0,2026-07-31T09:12:16.819013+02:00,2026-07-31T09:13:16.819013+02:00
33136.81901284181,33196.81901284181,SYN2-023-A:P0002,G:LYBE:DOR:SYN2-023-A:P0002,EVTOL_002,LYBE,DOR,departure_preparation,committed_flight,departure_preparation,departure_preparation@LYBE,departure_finalization,1.0,0.0,0.0,2026-07-31T09:12:16.819013+02:00,2026-07-31T09:13:16.819013+02:00
33136.81901284181,33196.81901284181,SYN2-022-A:P0001,G:LYBE:DOR:SYN2-023-A:P0002,EVTOL_002,LYBE,DOR,departure_preparation,committed_flight,departure_preparation,departure_preparation@LYBE,departure_finalization,1.0,0.0,0.0,2026-07-31T09:12:16.819013+02:00,2026-07-31T09:13:16.819013+02:00
33156.81901284181,33196.81901284181,SYN2-259-D:P0001,G:BW:LYBE:SYN2-259-D:P0001,EVTOL_001,BW,LYBE,before_boarding,selected_plan,aircraft_busy|group_formation,aircraft_busy@F000087|group_formation@BW,takeoff,0.6666666666666666,0.0,0.0,2026-07-31T09:12:36.819013+02:00,2026-07-31T09:13:16.819013+02:00
33156.81901284181,33196.81901284181,SYN2-253-D:P0001,G:BW:LYBE:SYN2-259-D:P0001,EVTOL_001,BW,LYBE,before_boarding,selected_plan,aircraft_busy|group_formation,aircraft_busy@F000087|group_formation@BW,takeoff,0.6666666666666666,0.0,0.0,2026-07-31T09:12:36.819013+02:00,2026-07-31T09:13:16.819013+02:00
33196.81901284181,33421.65483484181,SYN2-259-D:P0001,G:BW:LYBE:SYN2-259-D:P0001,EVTOL_001,BW,LYBE,before_boarding,selected_plan,aircraft_busy|group_formation,aircraft_busy@F000087|group_formation@BW,cruise,3.747263700000015,0.0,0.0,2026-07-31T09:13:16.819013+02:00,2026-07-31T09:17:01.654835+02:00
33196.81901284181,33421.65483484181,SYN2-253-D:P0001,G:BW:LYBE:SYN2-259-D:P0001,EVTOL_001,BW,LYBE,before_boarding,selected_plan,aircraft_busy|group_formation,aircraft_busy@F000087|group_formation@BW,cruise,3.747263700000015,0.0,0.0,2026-07-31T09:13:16.819013+02:00,2026-07-31T09:17:01.654835+02:00
33196.81901284181,33201.47888255032,SYN2-250-D:P0001,G:DOR:LYBE:SYN2-250-D:P0001,EVTOL_002,DOR,LYBE,before_boarding,selected_plan,aircraft_busy|group_formation,aircraft_busy@F000088|group_formation@DOR,takeoff,0.07766449514189541,0.0,0.0,2026-07-31T09:13:16.819013+02:00,2026-07-31T09:13:21.478883+02:00
33201.47888255032,33236.81901284181,SYN2-250-D:P0001,G:DOR:LYBE:SYN2-250-D:P0001,EVTOL_002,DOR,LYBE,before_boarding,selected_plan,aircraft_busy,aircraft_busy@F000088,takeoff,0.5890021715247713,0.5890021715247713,0.0,2026-07-31T09:13:21.478883+02:00,2026-07-31T09:13:56.819013+02:00
33236.81901284181,33564.61922684181,SYN2-250-D:P0001,G:DOR:LYBE:SYN2-250-D:P0001,EVTOL_002,DOR,LYBE,before_boarding,selected_plan,aircraft_busy,aircraft_busy@F000088,cruise,5.463336900000043,5.463336900000043,0.0,2026-07-31T09:13:56.819013+02:00,2026-07-31T09:19:24.619227+02:00
33242.78015490555,33302.78015490555,SYN2-157-A:P0002,G:LYBE:BW:SYN2-157-A:P0002,EVTOL_003,LYBE,BW,before_boarding,selected_plan,aircraft_busy|group_formation,aircraft_busy@F000086|group_formation@LYBE,landing,1.0,0.0,0.0,2026-07-31T09:14:02.780155+02:00,2026-07-31T09:15:02.780155+02:00
33242.78015490555,33302.78015490555,SYN2-023-A:P0001,G:LYBE:BW:SYN2-157-A:P0002,EVTOL_003,LYBE,BW,before_boarding,selected_plan,aircraft_busy|group_formation,aircraft_busy@F000086|group_formation@LYBE,landing,1.0,0.0,0.0,2026-07-31T09:14:02.780155+02:00,2026-07-31T09:15:02.780155+02:00
33242.78015490555,33302.78015490555,SYN2-254-D:P0001,G:LYBV:LYBE:SYN2-254-D:P0001,EVTOL_004,LYBV,LYBE,before_boarding,selected_plan,aircraft_busy,aircraft_busy@F000089,departure_finalization,1.0,1.0,0.0,2026-07-31T09:14:02.780155+02:00,2026-07-31T09:15:02.780155+02:00
33242.78015490555,33302.78015490555,SYN2-157-A:P0001,G:LYBE:LYBV:SYN2-157-A:P0001,EVTOL_004,LYBE,LYBV,departure_preparation,committed_flight,departure_preparation,departure_preparation@LYBE,departure_finalization,1.0,0.0,0.0,2026-07-31T09:14:02.780155+02:00,2026-07-31T09:15:02.780155+02:00
33302.78015490555,33428.78015490555,SYN2-157-A:P0002,G:LYBE:BW:SYN2-157-A:P0002,EVTOL_003,LYBE,BW,before_boarding,selected_plan,aircraft_busy|group_formation,aircraft_busy@F000086|group_formation@LYBE,disembarking,2.1,0.0,0.0,2026-07-31T09:15:02.780155+02:00,2026-07-31T09:17:08.780155+02:00
33302.78015490555,33428.78015490555,SYN2-023-A:P0001,G:LYBE:BW:SYN2-157-A:P0002,EVTOL_003,LYBE,BW,before_boarding,selected_plan,aircraft_busy|group_formation,aircraft_busy@F000086|group_formation@LYBE,disembarking,2.1,0.0,0.0,2026-07-31T09:15:02.780155+02:00,2026-07-31T09:17:08.780155+02:00
33302.78015490555,33342.78015490555,SYN2-254-D:P0001,G:LYBV:LYBE:SYN2-254-D:P0001,EVTOL_004,LYBV,LYBE,before_boarding,selected_plan,aircraft_busy,aircraft_busy@F000089,takeoff,0.6666666666666666,0.6666666666666666,0.0,2026-07-31T09:15:02.780155+02:00,2026-07-31T09:15:42.780155+02:00
33342.78015490555,33679.22834290555,SYN2-254-D:P0001,G:LYBV:LYBE:SYN2-254-D:P0001,EVTOL_004,LYBV,LYBE,before_boarding,selected_plan,aircraft_busy,aircraft_busy@F000089,cruise,5.607469800000035,5.607469800000035,0.0,2026-07-31T09:15:42.780155+02:00,2026-07-31T09:21:19.228343+02:00
33421.65483484181,33481.65483484181,SYN2-259-D:P0001,G:BW:LYBE:SYN2-259-D:P0001,EVTOL_001,BW,LYBE,before_boarding,selected_plan,aircraft_busy|group_formation,aircraft_busy@F000087|group_formation@BW,landing,1.0,0.0,0.0,2026-07-31T09:17:01.654835+02:00,2026-07-31T09:18:01.654835+02:00
33421.65483484181,33481.65483484181,SYN2-253-D:P0001,G:BW:LYBE:SYN2-259-D:P0001,EVTOL_001,BW,LYBE,before_boarding,selected_plan,aircraft_busy|group_formation,aircraft_busy@F000087|group_formation@BW,landing,1.0,0.0,0.0,2026-07-31T09:17:01.654835+02:00,2026-07-31T09:18:01.654835+02:00
33428.78015490555,33874.42084425072,SYN2-157-A:P0002,G:LYBE:BW:SYN2-157-A:P0002,EVTOL_003,LYBE,BW,before_boarding,selected_plan,cleaning|group_formation,cleaning@LYBE:cleaner:1|group_formation@LYBE,cleaning,7.4273448224195215,0.0,0.0,2026-07-31T09:17:08.780155+02:00,2026-07-31T09:24:34.420844+02:00
33428.78015490555,33874.42084425072,SYN2-023-A:P0001,G:LYBE:BW:SYN2-157-A:P0002,EVTOL_003,LYBE,BW,before_boarding,selected_plan,cleaning|group_formation,cleaning@LYBE:cleaner:1|group_formation@LYBE,cleaning,7.4273448224195215,0.0,0.0,2026-07-31T09:17:08.780155+02:00,2026-07-31T09:24:34.420844+02:00
33481.65483484181,33673.65483484181,SYN2-259-D:P0001,G:BW:LYBE:SYN2-259-D:P0001,EVTOL_001,BW,LYBE,before_boarding,selected_plan,aircraft_busy|group_formation,aircraft_busy@F000087|group_formation@BW,disembarking,3.2,0.0,0.0,2026-07-31T09:18:01.654835+02:00,2026-07-31T09:21:13.654835+02:00
33481.65483484181,33673.65483484181,SYN2-253-D:P0001,G:BW:LYBE:SYN2-259-D:P0001,EVTOL_001,BW,LYBE,before_boarding,selected_plan,aircraft_busy|group_formation,aircraft_busy@F000087|group_formation@BW,disembarking,3.2,0.0,0.0,2026-07-31T09:18:01.654835+02:00,2026-07-31T09:21:13.654835+02:00
33564.61922684181,33624.61922684181,SYN2-250-D:P0001,G:DOR:LYBE:SYN2-250-D:P0001,EVTOL_002,DOR,LYBE,before_boarding,selected_plan,aircraft_busy,aircraft_busy@F000088,landing,1.0,1.0,0.0,2026-07-31T09:19:24.619227+02:00,2026-07-31T09:20:24.619227+02:00
33624.61922684181,33816.61922684181,SYN2-250-D:P0001,G:DOR:LYBE:SYN2-250-D:P0001,EVTOL_002,DOR,LYBE,before_boarding,selected_plan,aircraft_busy,aircraft_busy@F000088,disembarking,3.2,3.2,0.0,2026-07-31T09:20:24.619227+02:00,2026-07-31T09:23:36.619227+02:00
33673.65483484181,33674.27742442932,SYN2-259-D:P0001,G:BW:LYBE:SYN2-259-D:P0001,EVTOL_001,BW,LYBE,before_boarding,selected_plan,group_formation,group_formation@BW,idle,0.010376493125174116,0.0,0.0,2026-07-31T09:21:13.654835+02:00,2026-07-31T09:21:14.277424+02:00
33673.65483484181,33674.27742442932,SYN2-253-D:P0001,G:BW:LYBE:SYN2-259-D:P0001,EVTOL_001,BW,LYBE,before_boarding,selected_plan,group_formation,group_formation@BW,idle,0.010376493125174116,0.0,0.0,2026-07-31T09:21:13.654835+02:00,2026-07-31T09:21:14.277424+02:00
33679.22834290555,33739.22834290555,SYN2-254-D:P0001,G:LYBV:LYBE:SYN2-254-D:P0001,EVTOL_004,LYBV,LYBE,before_boarding,selected_plan,aircraft_busy,aircraft_busy@F000089,landing,1.0,1.0,0.0,2026-07-31T09:21:19.228343+02:00,2026-07-31T09:22:19.228343+02:00
33739.22834290555,33865.22834290555,SYN2-254-D:P0001,G:LYBV:LYBE:SYN2-254-D:P0001,EVTOL_004,LYBV,LYBE,before_boarding,selected_plan,aircraft_busy,aircraft_busy@F000089,disembarking,2.1,2.1,0.0,2026-07-31T09:22:19.228343+02:00,2026-07-31T09:24:25.228343+02:00
33873.24379896115,34035.84512008148,SYN2-260-D:P0001,G:BW:LYBE:SYN2-260-D:P0001,EVTOL_004,BW,LYBE,before_boarding,selected_plan,aircraft_busy|group_formation,aircraft_busy@F000092|group_formation@BW,boarding,2.7100220186721953,0.0,0.0,2026-07-31T09:24:33.243799+02:00,2026-07-31T09:27:15.845120+02:00
33874.42084425072,34028.78015490555,SYN2-157-A:P0002,G:LYBE:BW:SYN2-157-A:P0002,EVTOL_003,LYBE,BW,before_boarding,selected_plan,cleaning,cleaning@LYBE:cleaner:1,cleaning,2.572655177580479,2.572655177580479,0.0,2026-07-31T09:24:34.420844+02:00,2026-07-31T09:27:08.780155+02:00
33874.42084425072,34028.78015490555,SYN2-023-A:P0001,G:LYBE:BW:SYN2-157-A:P0002,EVTOL_003,LYBE,BW,before_boarding,selected_plan,cleaning,cleaning@LYBE:cleaner:1,cleaning,2.572655177580479,0.5003925844272695,0.0,2026-07-31T09:24:34.420844+02:00,2026-07-31T09:27:08.780155+02:00
33944.27742442932,34004.27742442932,SYN2-259-D:P0001,G:BW:LYBE:SYN2-259-D:P0001,EVTOL_001,BW,LYBE,departure_preparation,committed_flight,departure_preparation,departure_preparation@BW,departure_finalization,1.0,0.0,0.0,2026-07-31T09:25:44.277424+02:00,2026-07-31T09:26:44.277424+02:00
33944.27742442932,34004.27742442932,SYN2-253-D:P0001,G:BW:LYBE:SYN2-259-D:P0001,EVTOL_001,BW,LYBE,departure_preparation,committed_flight,departure_preparation,departure_preparation@BW,departure_finalization,1.0,0.0,0.0,2026-07-31T09:25:44.277424+02:00,2026-07-31T09:26:44.277424+02:00
33975.38815157781,34028.78015490555,SYN2-026-A:P0001,G:LYBE:BW:SYN2-157-A:P0002,EVTOL_003,LYBE,BW,before_boarding,selected_plan,cleaning,cleaning@LYBE:cleaner:1,cleaning,0.8898667221289845,0.0,0.0,2026-07-31T09:26:15.388152+02:00,2026-07-31T09:27:08.780155+02:00
34011.61922684181,34133.93869111634,SYN2-250-D:P0001,G:DOR:LYBE:SYN2-250-D:P0001,EVTOL_002,DOR,LYBE,after_boarding,committed_flight,battery_at_origin,battery_at_origin@DOR,waiting_for_departure,2.0386577379088218,0.0,2.0386577379088218,2026-07-31T09:26:51.619227+02:00,2026-07-31T09:28:53.938691+02:00
34035.84512008148,34373.78015490555,SYN2-260-D:P0001,G:BW:LYBE:SYN2-260-D:P0001,EVTOL_003,BW,LYBE,before_boarding,selected_plan,aircraft_busy|group_formation,aircraft_busy@F000093|group_formation@BW,boarding,5.63225058040116,0.0,0.0,2026-07-31T09:27:15.845120+02:00,2026-07-31T09:32:53.780155+02:00
34060.22834290555,34120.22834290555,SYN2-254-D:P0001,G:LYBV:LYBE:SYN2-254-D:P0001,EVTOL_004,LYBV,LYBE,departure_preparation,committed_flight,departure_preparation,departure_preparation@LYBV,departure_finalization,1.0,0.0,0.0,2026-07-31T09:27:40.228343+02:00,2026-07-31T09:28:40.228343+02:00
34133.93869111634,34193.93869111634,SYN2-250-D:P0001,G:DOR:LYBE:SYN2-250-D:P0001,EVTOL_002,DOR,LYBE,departure_preparation,committed_flight,departure_preparation,departure_preparation@DOR,departure_finalization,1.0,0.0,0.0,2026-07-31T09:28:53.938691+02:00,2026-07-31T09:29:53.938691+02:00
34227.8316121829,34373.78015490555,SYN2-358-D:P0001,G:BW:LYBE:SYN2-260-D:P0001,EVTOL_003,BW,LYBE,before_boarding,selected_plan,aircraft_busy|group_formation,aircraft_busy@F000093|group_formation@BW,boarding,2.4324757120442277,0.0,0.0,2026-07-31T09:30:27.831612+02:00,2026-07-31T09:32:53.780155+02:00
34373.78015490555,34433.78015490555,SYN2-260-D:P0001,G:BW:LYBE:SYN2-260-D:P0001,EVTOL_003,BW,LYBE,before_boarding,selected_plan,aircraft_busy|group_formation,aircraft_busy@F000093|group_formation@BW,departure_finalization,1.0,0.0,0.0,2026-07-31T09:32:53.780155+02:00,2026-07-31T09:33:53.780155+02:00
34373.78015490555,34433.78015490555,SYN2-358-D:P0001,G:BW:LYBE:SYN2-260-D:P0001,EVTOL_003,BW,LYBE,before_boarding,selected_plan,aircraft_busy|group_formation,aircraft_busy@F000093|group_formation@BW,departure_finalization,1.0,0.0,0.0,2026-07-31T09:32:53.780155+02:00,2026-07-31T09:33:53.780155+02:00
34373.78015490555,34433.78015490555,SYN2-157-A:P0002,G:LYBE:BW:SYN2-157-A:P0002,EVTOL_003,LYBE,BW,departure_preparation,committed_flight,departure_preparation,departure_preparation@LYBE,departure_finalization,1.0,0.0,0.0,2026-07-31T09:32:53.780155+02:00,2026-07-31T09:33:53.780155+02:00
34373.78015490555,34433.78015490555,SYN2-023-A:P0001,G:LYBE:BW:SYN2-157-A:P0002,EVTOL_003,LYBE,BW,departure_preparation,committed_flight,departure_preparation,departure_preparation@LYBE,departure_finalization,1.0,0.0,0.0,2026-07-31T09:32:53.780155+02:00,2026-07-31T09:33:53.780155+02:00
34373.78015490555,34433.78015490555,SYN2-026-A:P0001,G:LYBE:BW:SYN2-157-A:P0002,EVTOL_003,LYBE,BW,departure_preparation,committed_flight,departure_preparation,departure_preparation@LYBE,departure_finalization,1.0,0.0,0.0,2026-07-31T09:32:53.780155+02:00,2026-07-31T09:33:53.780155+02:00
34433.78015490555,34473.78015490555,SYN2-260-D:P0001,G:BW:LYBE:SYN2-260-D:P0001,EVTOL_003,BW,LYBE,before_boarding,selected_plan,aircraft_busy|group_formation,aircraft_busy@F000093|group_formation@BW,takeoff,0.6666666666666666,0.0,0.0,2026-07-31T09:33:53.780155+02:00,2026-07-31T09:34:33.780155+02:00
34433.78015490555,34473.78015490555,SYN2-358-D:P0001,G:BW:LYBE:SYN2-260-D:P0001,EVTOL_003,BW,LYBE,before_boarding,selected_plan,aircraft_busy|group_formation,aircraft_busy@F000093|group_formation@BW,takeoff,0.6666666666666666,0.0,0.0,2026-07-31T09:33:53.780155+02:00,2026-07-31T09:34:33.780155+02:00
34473.78015490555,34698.61597690555,SYN2-260-D:P0001,G:BW:LYBE:SYN2-260-D:P0001,EVTOL_003,BW,LYBE,before_boarding,selected_plan,aircraft_busy|group_formation,aircraft_busy@F000093|group_formation@BW,cruise,3.747263700000015,0.0,0.0,2026-07-31T09:34:33.780155+02:00,2026-07-31T09:38:18.615977+02:00
34473.78015490555,34698.61597690555,SYN2-358-D:P0001,G:BW:LYBE:SYN2-260-D:P0001,EVTOL_003,BW,LYBE,before_boarding,selected_plan,aircraft_busy|group_formation,aircraft_busy@F000093|group_formation@BW,cruise,3.747263700000015,0.0,0.0,2026-07-31T09:34:33.780155+02:00,2026-07-31T09:38:18.615977+02:00
34698.61597690555,34758.61597690555,SYN2-260-D:P0001,G:BW:LYBE:SYN2-260-D:P0001,EVTOL_003,BW,LYBE,before_boarding,selected_plan,aircraft_busy|group_formation,aircraft_busy@F000093|group_formation@BW,landing,1.0,0.0,0.0,2026-07-31T09:38:18.615977+02:00,2026-07-31T09:39:18.615977+02:00
34698.61597690555,34758.61597690555,SYN2-358-D:P0001,G:BW:LYBE:SYN2-260-D:P0001,EVTOL_003,BW,LYBE,before_boarding,selected_plan,aircraft_busy|group_formation,aircraft_busy@F000093|group_formation@BW,landing,1.0,0.0,0.0,2026-07-31T09:38:18.615977+02:00,2026-07-31T09:39:18.615977+02:00
34740.06636657142,34758.61597690555,SYN2-360-D:P0001,G:BW:LYBE:SYN2-260-D:P0001,EVTOL_003,BW,LYBE,before_boarding,selected_plan,aircraft_busy|group_formation,aircraft_busy@F000093|group_formation@BW,landing,0.30916017223559417,0.0,0.0,2026-07-31T09:39:00.066367+02:00,2026-07-31T09:39:18.615977+02:00
34758.61597690555,34773.24379896115,SYN2-260-D:P0001,G:BW:LYBE:SYN2-260-D:P0001,EVTOL_003,BW,LYBE,before_boarding,selected_plan,aircraft_busy|group_formation,aircraft_busy@F000093|group_formation@BW,disembarking,0.24379703425996316,0.0,0.0,2026-07-31T09:39:18.615977+02:00,2026-07-31T09:39:33.243799+02:00
34758.61597690555,34773.24379896115,SYN2-358-D:P0001,G:BW:LYBE:SYN2-260-D:P0001,EVTOL_003,BW,LYBE,before_boarding,selected_plan,aircraft_busy|group_formation,aircraft_busy@F000093|group_formation@BW,disembarking,0.24379703425996316,0.0,0.0,2026-07-31T09:39:18.615977+02:00,2026-07-31T09:39:33.243799+02:00
34758.61597690555,34773.24379896115,SYN2-360-D:P0001,G:BW:LYBE:SYN2-260-D:P0001,EVTOL_003,BW,LYBE,before_boarding,selected_plan,aircraft_busy|group_formation,aircraft_busy@F000093|group_formation@BW,disembarking,0.24379703425996316,0.0,0.0,2026-07-31T09:39:18.615977+02:00,2026-07-31T09:39:33.243799+02:00
34773.24379896115,35016.61597690555,SYN2-260-D:P0001,G:BW:LYBE:SYN2-260-D:P0001,EVTOL_003,BW,LYBE,before_boarding,selected_plan,aircraft_busy,aircraft_busy@F000093,disembarking,4.056202965740037,4.056202965740037,0.0,2026-07-31T09:39:33.243799+02:00,2026-07-31T09:43:36.615977+02:00
34773.24379896115,35016.61597690555,SYN2-358-D:P0001,G:BW:LYBE:SYN2-260-D:P0001,EVTOL_003,BW,LYBE,before_boarding,selected_plan,aircraft_busy,aircraft_busy@F000093,disembarking,4.056202965740037,0.0,0.0,2026-07-31T09:39:33.243799+02:00,2026-07-31T09:43:36.615977+02:00
34773.24379896115,35016.61597690555,SYN2-360-D:P0001,G:BW:LYBE:SYN2-260-D:P0001,EVTOL_003,BW,LYBE,before_boarding,selected_plan,aircraft_busy,aircraft_busy@F000093,disembarking,4.056202965740037,0.0,0.0,2026-07-31T09:39:33.243799+02:00,2026-07-31T09:43:36.615977+02:00
34835.488713797036,35121.11324642932,SYN2-254-D:P0002,G:LYBV:LYBE:SYN2-254-D:P0002,EVTOL_001,LYBV,LYBE,before_boarding,selected_plan,cleaning|group_formation,cleaning@LYBE:cleaner:1|group_formation@LYBV,cleaning,4.760408877204706,0.0,0.0,2026-07-31T09:40:35.488714+02:00,2026-07-31T09:45:21.113246+02:00
35121.11324642932,35181.11324642932,SYN2-254-D:P0002,G:LYBV:LYBE:SYN2-254-D:P0002,EVTOL_001,LYBV,LYBE,before_boarding,selected_plan,departure_preparation|group_formation,departure_preparation@LYBE|group_formation@LYBV,departure_finalization,1.0,0.0,0.0,2026-07-31T09:45:21.113246+02:00,2026-07-31T09:46:21.113246+02:00
35181.11324642932,35221.11324642932,SYN2-254-D:P0002,G:LYBV:LYBE:SYN2-254-D:P0002,EVTOL_001,LYBV,LYBE,before_boarding,selected_plan,group_formation|repositioning_flight,group_formation@LYBV|repositioning_flight@LYBV,takeoff,0.6666666666666666,0.0,0.0,2026-07-31T09:46:21.113246+02:00,2026-07-31T09:47:01.113246+02:00
35221.11324642932,35557.56143442932,SYN2-254-D:P0002,G:LYBV:LYBE:SYN2-254-D:P0002,EVTOL_001,LYBV,LYBE,before_boarding,selected_plan,group_formation|repositioning_flight,group_formation@LYBV|repositioning_flight@LYBV,cruise,5.607469800000035,0.0,0.0,2026-07-31T09:47:01.113246+02:00,2026-07-31T09:52:37.561434+02:00
35340.64000022498,35400.64000022498,SYN2-255-D:P0001,G:EXPO:LYBE:SYN2-255-D:P0001,EVTOL_002,EXPO,LYBE,before_boarding,selected_plan,departure_preparation|group_formation,departure_preparation@LYBE|group_formation@EXPO,departure_finalization,1.0,0.0,0.0,2026-07-31T09:49:00.640000+02:00,2026-07-31T09:50:00.640000+02:00
35361.61597690555,35421.61597690555,SYN2-260-D:P0001,G:BW:LYBE:SYN2-260-D:P0001,EVTOL_003,BW,LYBE,departure_preparation,committed_flight,departure_preparation,departure_preparation@BW,departure_finalization,1.0,0.0,0.0,2026-07-31T09:49:21.615977+02:00,2026-07-31T09:50:21.615977+02:00
35361.61597690555,35421.61597690555,SYN2-358-D:P0001,G:BW:LYBE:SYN2-260-D:P0001,EVTOL_003,BW,LYBE,departure_preparation,committed_flight,departure_preparation,departure_preparation@BW,departure_finalization,1.0,0.0,0.0,2026-07-31T09:49:21.615977+02:00,2026-07-31T09:50:21.615977+02:00
35361.61597690555,35421.61597690555,SYN2-360-D:P0001,G:BW:LYBE:SYN2-260-D:P0001,EVTOL_003,BW,LYBE,departure_preparation,committed_flight,departure_preparation,departure_preparation@BW,departure_finalization,1.0,0.0,0.0,2026-07-31T09:49:21.615977+02:00,2026-07-31T09:50:21.615977+02:00
35400.64000022498,35440.64000022498,SYN2-255-D:P0001,G:EXPO:LYBE:SYN2-255-D:P0001,EVTOL_002,EXPO,LYBE,before_boarding,selected_plan,group_formation|repositioning_flight,group_formation@EXPO|repositioning_flight@EXPO,takeoff,0.6666666666666666,0.0,0.0,2026-07-31T09:50:00.640000+02:00,2026-07-31T09:50:40.640000+02:00
35440.64000022498,35541.40239822498,SYN2-255-D:P0001,G:EXPO:LYBE:SYN2-255-D:P0001,EVTOL_002,EXPO,LYBE,before_boarding,selected_plan,group_formation|repositioning_flight,group_formation@EXPO|repositioning_flight@EXPO,cruise,1.6793732999999824,0.0,0.0,2026-07-31T09:50:40.640000+02:00,2026-07-31T09:52:21.402398+02:00
35541.40239822498,35601.40239822498,SYN2-255-D:P0001,G:EXPO:LYBE:SYN2-255-D:P0001,EVTOL_002,EXPO,LYBE,before_boarding,selected_plan,group_formation|repositioning_flight,group_formation@EXPO|repositioning_flight@EXPO,landing,1.0,0.0,0.0,2026-07-31T09:52:21.402398+02:00,2026-07-31T09:53:21.402398+02:00
35557.56143442932,35617.56143442932,SYN2-254-D:P0002,G:LYBV:LYBE:SYN2-254-D:P0002,EVTOL_001,LYBV,LYBE,before_boarding,selected_plan,group_formation|repositioning_flight,group_formation@LYBV|repositioning_flight@LYBV,landing,1.0,0.0,0.0,2026-07-31T09:52:37.561434+02:00,2026-07-31T09:53:37.561434+02:00
35601.40239822498,36240.64000022498,SYN2-255-D:P0001,G:EXPO:LYBE:SYN2-255-D:P0001,EVTOL_002,EXPO,LYBE,before_boarding,selected_plan,group_formation,group_formation@EXPO,idle,10.653960033333352,0.0,0.0,2026-07-31T09:53:21.402398+02:00,2026-07-31T10:04:00.640000+02:00
35617.56143442932,35735.488713797036,SYN2-254-D:P0002,G:LYBV:LYBE:SYN2-254-D:P0002,EVTOL_001,LYBV,LYBE,before_boarding,selected_plan,group_formation,group_formation@LYBV,idle,1.9654546561285922,0.0,0.0,2026-07-31T09:53:37.561434+02:00,2026-07-31T09:55:35.488714+02:00
35930.488713797036,35990.488713797036,SYN2-254-D:P0002,G:LYBV:LYBE:SYN2-254-D:P0002,EVTOL_001,LYBV,LYBE,departure_preparation,committed_flight,departure_preparation,departure_preparation@LYBV,departure_finalization,1.0,0.0,0.0,2026-07-31T09:58:50.488714+02:00,2026-07-31T09:59:50.488714+02:00
35969.56084663348,36004.45179890555,SYN2-263-D:P0001,G:DOR:LYBE:SYN2-263-D:P0001,EVTOL_003,DOR,LYBE,before_boarding,selected_plan,aircraft_busy|group_formation,aircraft_busy@F000094|group_formation@DOR,disembarking,0.5815158712011907,0.0,0.0,2026-07-31T09:59:29.560847+02:00,2026-07-31T10:00:04.451799+02:00
36004.45179890555,36064.45179890555,SYN2-263-D:P0001,G:DOR:LYBE:SYN2-263-D:P0001,EVTOL_003,DOR,LYBE,before_boarding,selected_plan,departure_preparation|group_formation,departure_preparation@LYBE|group_formation@DOR,departure_finalization,1.0,0.0,0.0,2026-07-31T10:00:04.451799+02:00,2026-07-31T10:01:04.451799+02:00
36064.45179890555,36104.45179890555,SYN2-263-D:P0001,G:DOR:LYBE:SYN2-263-D:P0001,EVTOL_003,DOR,LYBE,before_boarding,selected_plan,group_formation|repositioning_flight,group_formation@DOR|repositioning_flight@DOR,takeoff,0.6666666666666666,0.0,0.0,2026-07-31T10:01:04.451799+02:00,2026-07-31T10:01:44.451799+02:00
36104.45179890555,36432.252012905556,SYN2-263-D:P0001,G:DOR:LYBE:SYN2-263-D:P0001,EVTOL_003,DOR,LYBE,before_boarding,selected_plan,group_formation|repositioning_flight,group_formation@DOR|repositioning_flight@DOR,cruise,5.463336900000043,0.0,0.0,2026-07-31T10:01:44.451799+02:00,2026-07-31T10:07:12.252013+02:00
36321.31907235825,36366.93690179704,SYN2-030-A:P0001,G:LYBE:JUG:SYN2-030-A:P0001,EVTOL_001,LYBE,JUG,before_boarding,selected_plan,aircraft_busy|group_formation,aircraft_busy@F000097|group_formation@LYBE,cruise,0.7602971573131072,0.0,0.0,2026-07-31T10:05:21.319072+02:00,2026-07-31T10:06:06.936902+02:00
36366.93690179704,36426.93690179704,SYN2-030-A:P0001,G:LYBE:JUG:SYN2-030-A:P0001,EVTOL_001,LYBE,JUG,before_boarding,selected_plan,aircraft_busy|group_formation,aircraft_busy@F000097|group_formation@LYBE,landing,1.0,0.0,0.0,2026-07-31T10:06:06.936902+02:00,2026-07-31T10:07:06.936902+02:00
36426.93690179704,36552.93690179704,SYN2-030-A:P0001,G:LYBE:JUG:SYN2-030-A:P0001,EVTOL_001,LYBE,JUG,before_boarding,selected_plan,aircraft_busy|group_formation,aircraft_busy@F000097|group_formation@LYBE,disembarking,2.1,0.0,0.0,2026-07-31T10:07:06.936902+02:00,2026-07-31T10:09:12.936902+02:00
36432.252012905556,36492.252012905556,SYN2-263-D:P0001,G:DOR:LYBE:SYN2-263-D:P0001,EVTOL_003,DOR,LYBE,before_boarding,selected_plan,group_formation|repositioning_flight,group_formation@DOR|repositioning_flight@DOR,landing,1.0,0.0,0.0,2026-07-31T10:07:12.252013+02:00,2026-07-31T10:08:12.252013+02:00
36435.64000022498,36495.64000022498,SYN2-255-D:P0001,G:EXPO:LYBE:SYN2-255-D:P0001,EVTOL_002,EXPO,LYBE,departure_preparation,committed_flight,departure_preparation,departure_preparation@EXPO,departure_finalization,1.0,0.0,0.0,2026-07-31T10:07:15.640000+02:00,2026-07-31T10:08:15.640000+02:00
36492.252012905556,36869.56084663348,SYN2-263-D:P0001,G:DOR:LYBE:SYN2-263-D:P0001,EVTOL_003,DOR,LYBE,before_boarding,selected_plan,group_formation,group_formation@DOR,idle,6.288480562132099,0.0,0.0,2026-07-31T10:08:12.252013+02:00,2026-07-31T10:14:29.560847+02:00
36552.93690179704,37221.31907235825,SYN2-030-A:P0001,G:LYBE:JUG:SYN2-030-A:P0001,EVTOL_001,LYBE,JUG,before_boarding,selected_plan,group_formation,group_formation@LYBE,idle,11.139702842686892,0.0,0.0,2026-07-31T10:09:12.936902+02:00,2026-07-31T10:20:21.319072+02:00
36621.71132088437,36869.56084663348,SYN2-288-D:P0001,G:DOR:LYBE:SYN2-263-D:P0001,EVTOL_003,DOR,LYBE,before_boarding,selected_plan,group_formation,group_formation@DOR,idle,4.13082542915181,0.0,0.0,2026-07-31T10:10:21.711321+02:00,2026-07-31T10:14:29.560847+02:00
37139.56084663348,37199.56084663348,SYN2-263-D:P0001,G:DOR:LYBE:SYN2-263-D:P0001,EVTOL_003,DOR,LYBE,departure_preparation,committed_flight,departure_preparation,departure_preparation@DOR,departure_finalization,1.0,0.0,0.0,2026-07-31T10:18:59.560847+02:00,2026-07-31T10:19:59.560847+02:00
37139.56084663348,37199.56084663348,SYN2-288-D:P0001,G:DOR:LYBE:SYN2-263-D:P0001,EVTOL_003,DOR,LYBE,departure_preparation,committed_flight,departure_preparation,departure_preparation@DOR,departure_finalization,1.0,0.0,0.0,2026-07-31T10:18:59.560847+02:00,2026-07-31T10:19:59.560847+02:00
37416.31907235825,37476.31907235825,SYN2-030-A:P0001,G:LYBE:JUG:SYN2-030-A:P0001,EVTOL_001,LYBE,JUG,departure_preparation,committed_flight,departure_preparation,departure_preparation@LYBE,departure_finalization,1.0,0.0,0.0,2026-07-31T10:23:36.319072+02:00,2026-07-31T10:24:36.319072+02:00
37603.2755741492,37834.12138435825,SYN2-361-D:P0001,G:JUG:LYBE:SYN2-361-D:P0001,EVTOL_001,JUG,LYBE,before_boarding,selected_plan,aircraft_busy|group_formation,aircraft_busy@F000101|group_formation@JUG,cruise,3.847430170150862,0.0,0.0,2026-07-31T10:26:43.275574+02:00,2026-07-31T10:30:34.121384+02:00
37834.12138435825,37894.12138435825,SYN2-361-D:P0001,G:JUG:LYBE:SYN2-361-D:P0001,EVTOL_001,JUG,LYBE,before_boarding,selected_plan,aircraft_busy|group_formation,aircraft_busy@F000101|group_formation@JUG,landing,1.0,0.0,0.0,2026-07-31T10:30:34.121384+02:00,2026-07-31T10:31:34.121384+02:00
37894.12138435825,38020.12138435825,SYN2-361-D:P0001,G:JUG:LYBE:SYN2-361-D:P0001,EVTOL_001,JUG,LYBE,before_boarding,selected_plan,aircraft_busy|group_formation,aircraft_busy@F000101|group_formation@JUG,disembarking,2.1,0.0,0.0,2026-07-31T10:31:34.121384+02:00,2026-07-31T10:33:40.121384+02:00
38020.12138435825,38336.92003205215,SYN2-361-D:P0001,G:JUG:LYBE:SYN2-361-D:P0001,EVTOL_001,JUG,LYBE,before_boarding,selected_plan,group_formation,group_formation@JUG,idle,5.279977461564946,0.0,0.0,2026-07-31T10:33:40.121384+02:00,2026-07-31T10:38:56.920032+02:00
38076.48485751364,38976.48485751364,SYN2-159-A:P0002,G:LYBE:DOR:SYN2-159-A:P0002,EVTOL_002,LYBE,DOR,before_boarding,selected_plan,group_formation,group_formation@LYBE,idle,15.0,0.0,0.0,2026-07-31T10:34:36.484858+02:00,2026-07-31T10:49:36.484858+02:00
38163.74010635352,38336.92003205215,SYN2-271-D:P0002,G:JUG:LYBE:SYN2-361-D:P0001,EVTOL_001,JUG,LYBE,before_boarding,selected_plan,group_formation,group_formation@JUG,idle,2.886332094977115,0.0,0.0,2026-07-31T10:36:03.740106+02:00,2026-07-31T10:38:56.920032+02:00
38224.79641444117,38336.92003205215,SYN2-271-D:P0001,G:JUG:LYBE:SYN2-361-D:P0001,EVTOL_001,JUG,LYBE,before_boarding,selected_plan,group_formation,group_formation@JUG,idle,1.8687269601830243,0.0,0.0,2026-07-31T10:37:04.796414+02:00,2026-07-31T10:38:56.920032+02:00
38258.0190516311,39158.0190516311,SYN2-159-A:P0003,G:LYBE:EXPO:SYN2-159-A:P0003,EVTOL_003,LYBE,EXPO,before_boarding,selected_plan,group_formation,group_formation@LYBE,idle,15.0,0.0,0.0,2026-07-31T10:37:38.019052+02:00,2026-07-31T10:52:38.019052+02:00
38336.92003205215,38396.92003205215,SYN2-265-D:P0001,G:BW:LYBE:SYN2-265-D:P0001,EVTOL_001,BW,LYBE,before_boarding,selected_plan,departure_preparation|group_formation,departure_preparation@JUG|group_formation@BW,departure_finalization,1.0,0.0,0.0,2026-07-31T10:38:56.920032+02:00,2026-07-31T10:39:56.920032+02:00
38336.92003205215,38396.92003205215,SYN2-361-D:P0001,G:JUG:LYBE:SYN2-361-D:P0001,EVTOL_004,JUG,LYBE,before_boarding,selected_plan,departure_preparation|group_formation,departure_preparation@LYBE|group_formation@JUG,departure_finalization,1.0,0.0,0.0,2026-07-31T10:38:56.920032+02:00,2026-07-31T10:39:56.920032+02:00
38336.92003205215,38396.92003205215,SYN2-271-D:P0002,G:JUG:LYBE:SYN2-361-D:P0001,EVTOL_004,JUG,LYBE,before_boarding,selected_plan,departure_preparation|group_formation,departure_preparation@LYBE|group_formation@JUG,departure_finalization,1.0,0.0,0.0,2026-07-31T10:38:56.920032+02:00,2026-07-31T10:39:56.920032+02:00
38336.92003205215,38396.92003205215,SYN2-271-D:P0001,G:JUG:LYBE:SYN2-361-D:P0001,EVTOL_004,JUG,LYBE,before_boarding,selected_plan,departure_preparation|group_formation,departure_preparation@LYBE|group_formation@JUG,departure_finalization,1.0,0.0,0.0,2026-07-31T10:38:56.920032+02:00,2026-07-31T10:39:56.920032+02:00
38396.92003205215,38436.92003205215,SYN2-265-D:P0001,G:BW:LYBE:SYN2-265-D:P0001,EVTOL_001,BW,LYBE,before_boarding,selected_plan,group_formation|repositioning_flight,group_formation@BW|repositioning_flight@BW,takeoff,0.6666666666666666,0.0,0.0,2026-07-31T10:39:56.920032+02:00,2026-07-31T10:40:36.920032+02:00
38396.92003205215,38436.92003205215,SYN2-361-D:P0001,G:JUG:LYBE:SYN2-361-D:P0001,EVTOL_004,JUG,LYBE,before_boarding,selected_plan,group_formation|repositioning_flight,group_formation@JUG|repositioning_flight@JUG,takeoff,0.6666666666666666,0.0,0.0,2026-07-31T10:39:56.920032+02:00,2026-07-31T10:40:36.920032+02:00
38396.92003205215,38436.92003205215,SYN2-271-D:P0002,G:JUG:LYBE:SYN2-361-D:P0001,EVTOL_004,JUG,LYBE,before_boarding,selected_plan,group_formation|repositioning_flight,group_formation@JUG|repositioning_flight@JUG,takeoff,0.6666666666666666,0.0,0.0,2026-07-31T10:39:56.920032+02:00,2026-07-31T10:40:36.920032+02:00
38396.92003205215,38436.92003205215,SYN2-271-D:P0001,G:JUG:LYBE:SYN2-361-D:P0001,EVTOL_004,JUG,LYBE,before_boarding,selected_plan,group_formation|repositioning_flight,group_formation@JUG|repositioning_flight@JUG,takeoff,0.6666666666666666,0.0,0.0,2026-07-31T10:39:56.920032+02:00,2026-07-31T10:40:36.920032+02:00
38422.36548397377,38436.92003205215,SYN2-284-D:P0001,G:BW:LYBE:SYN2-265-D:P0001,EVTOL_001,BW,LYBE,before_boarding,selected_plan,group_formation|repositioning_flight,group_formation@BW|repositioning_flight@BW,takeoff,0.24257580130627807,0.0,0.0,2026-07-31T10:40:22.365484+02:00,2026-07-31T10:40:36.920032+02:00
38436.92003205215,38511.88652205215,SYN2-265-D:P0001,G:BW:LYBE:SYN2-265-D:P0001,EVTOL_001,BW,LYBE,before_boarding,selected_plan,group_formation|repositioning_flight,group_formation@BW|repositioning_flight@BW,cruise,1.2494414999999814,0.0,0.0,2026-07-31T10:40:36.920032+02:00,2026-07-31T10:41:51.886522+02:00
38436.92003205215,38511.88652205215,SYN2-284-D:P0001,G:BW:LYBE:SYN2-265-D:P0001,EVTOL_001,BW,LYBE,before_boarding,selected_plan,group_formation|repositioning_flight,group_formation@BW|repositioning_flight@BW,cruise,1.2494414999999814,0.0,0.0,2026-07-31T10:40:36.920032+02:00,2026-07-31T10:41:51.886522+02:00
38436.92003205215,38503.2755741492,SYN2-361-D:P0001,G:JUG:LYBE:SYN2-361-D:P0001,EVTOL_004,JUG,LYBE,before_boarding,selected_plan,group_formation|repositioning_flight,group_formation@JUG|repositioning_flight@JUG,cruise,1.1059257016175252,0.0,0.0,2026-07-31T10:40:36.920032+02:00,2026-07-31T10:41:43.275574+02:00
38436.92003205215,38503.2755741492,SYN2-271-D:P0002,G:JUG:LYBE:SYN2-361-D:P0001,EVTOL_004,JUG,LYBE,before_boarding,selected_plan,group_formation|repositioning_flight,group_formation@JUG|repositioning_flight@JUG,cruise,1.1059257016175252,0.0,0.0,2026-07-31T10:40:36.920032+02:00,2026-07-31T10:41:43.275574+02:00
38436.92003205215,38503.2755741492,SYN2-271-D:P0001,G:JUG:LYBE:SYN2-361-D:P0001,EVTOL_004,JUG,LYBE,before_boarding,selected_plan,group_formation|repositioning_flight,group_formation@JUG|repositioning_flight@JUG,cruise,1.1059257016175252,0.0,0.0,2026-07-31T10:40:36.920032+02:00,2026-07-31T10:41:43.275574+02:00
38445.06109839003,39159.72234405215,SYN2-286-D:P0001,G:DOR:LYBE:SYN2-286-D:P0001,,DOR,LYBE,before_boarding,candidate_set,group_formation|priority_other_group,group_formation@DOR,,11.911020761035251,0.0,0.0,2026-07-31T10:40:45.061098+02:00,2026-07-31T10:52:39.722344+02:00
38503.2755741492,38754.72234405215,SYN2-361-D:P0001,G:JUG:LYBE:SYN2-361-D:P0001,EVTOL_004,JUG,LYBE,before_boarding,selected_plan,repositioning_flight,repositioning_flight@JUG,cruise,4.190779498382471,4.190779498382471,0.0,2026-07-31T10:41:43.275574+02:00,2026-07-31T10:45:54.722344+02:00
38503.2755741492,38754.72234405215,SYN2-271-D:P0002,G:JUG:LYBE:SYN2-361-D:P0001,EVTOL_004,JUG,LYBE,before_boarding,selected_plan,repositioning_flight,repositioning_flight@JUG,cruise,4.190779498382471,0.0,0.0,2026-07-31T10:41:43.275574+02:00,2026-07-31T10:45:54.722344+02:00
38503.2755741492,38754.72234405215,SYN2-271-D:P0001,G:JUG:LYBE:SYN2-361-D:P0001,EVTOL_004,JUG,LYBE,before_boarding,selected_plan,repositioning_flight,repositioning_flight@JUG,cruise,4.190779498382471,0.0,0.0,2026-07-31T10:41:43.275574+02:00,2026-07-31T10:45:54.722344+02:00
38511.88652205215,38571.88652205215,SYN2-265-D:P0001,G:BW:LYBE:SYN2-265-D:P0001,EVTOL_001,BW,LYBE,before_boarding,selected_plan,group_formation|repositioning_flight,group_formation@BW|repositioning_flight@BW,landing,1.0,0.0,0.0,2026-07-31T10:41:51.886522+02:00,2026-07-31T10:42:51.886522+02:00
38511.88652205215,38571.88652205215,SYN2-284-D:P0001,G:BW:LYBE:SYN2-265-D:P0001,EVTOL_001,BW,LYBE,before_boarding,selected_plan,group_formation|repositioning_flight,group_formation@BW|repositioning_flight@BW,landing,1.0,0.0,0.0,2026-07-31T10:41:51.886522+02:00,2026-07-31T10:42:51.886522+02:00
38571.88652205215,39236.92003205215,SYN2-265-D:P0001,G:BW:LYBE:SYN2-265-D:P0001,EVTOL_001,BW,LYBE,before_boarding,selected_plan,group_formation,group_formation@BW,idle,11.083891833333352,0.0,0.0,2026-07-31T10:42:51.886522+02:00,2026-07-31T10:53:56.920032+02:00
38571.88652205215,39236.92003205215,SYN2-284-D:P0001,G:BW:LYBE:SYN2-265-D:P0001,EVTOL_001,BW,LYBE,before_boarding,selected_plan,group_formation,group_formation@BW,idle,11.083891833333352,0.0,0.0,2026-07-31T10:42:51.886522+02:00,2026-07-31T10:53:56.920032+02:00
38717.0513026789,38874.72234405215,SYN2-159-A:P0001,G:LYBE:LYBV:SYN2-159-A:P0001,,LYBE,LYBV,before_boarding,candidate_set,group_formation|priority_other_group,group_formation@LYBE,,2.6278506895541796,0.0,0.0,2026-07-31T10:45:17.051303+02:00,2026-07-31T10:47:54.722344+02:00
38754.72234405215,38814.72234405215,SYN2-361-D:P0001,G:JUG:LYBE:SYN2-361-D:P0001,EVTOL_004,JUG,LYBE,before_boarding,selected_plan,repositioning_flight,repositioning_flight@JUG,landing,1.0,1.0,0.0,2026-07-31T10:45:54.722344+02:00,2026-07-31T10:46:54.722344+02:00
38754.72234405215,38814.72234405215,SYN2-271-D:P0002,G:JUG:LYBE:SYN2-361-D:P0001,EVTOL_004,JUG,LYBE,before_boarding,selected_plan,repositioning_flight,repositioning_flight@JUG,landing,1.0,0.0,0.0,2026-07-31T10:45:54.722344+02:00,2026-07-31T10:46:54.722344+02:00
38754.72234405215,38814.72234405215,SYN2-271-D:P0001,G:JUG:LYBE:SYN2-361-D:P0001,EVTOL_004,JUG,LYBE,before_boarding,selected_plan,repositioning_flight,repositioning_flight@JUG,landing,1.0,0.0,0.0,2026-07-31T10:45:54.722344+02:00,2026-07-31T10:46:54.722344+02:00
38810.22154757295,38977.03897660966,SYN2-032-A:P0001,G:LYBE:BW:SYN2-032-A:P0001,,LYBE,BW,before_boarding,candidate_set,group_formation|priority_other_group,group_formation@LYBE,,2.7802904839451608,0.0,0.0,2026-07-31T10:46:50.221548+02:00,2026-07-31T10:49:37.038977+02:00
38874.72234405215,39159.72234405215,SYN2-159-A:P0001,G:LYBE:LYBV:SYN2-159-A:P0001,EVTOL_004,LYBE,LYBV,before_boarding,selected_plan,aircraft_busy|group_formation,aircraft_busy@F000104|group_formation@LYBE,boarding,4.75,0.0,0.0,2026-07-31T10:47:54.722344+02:00,2026-07-31T10:52:39.722344+02:00
38977.03897660966,39159.72234405215,SYN2-032-A:P0001,G:LYBE:BW:SYN2-032-A:P0001,EVTOL_002,LYBE,BW,before_boarding,selected_plan,aircraft_busy|group_formation,aircraft_busy@F000105|group_formation@LYBE,boarding,3.0447227907080863,0.0,0.0,2026-07-31T10:49:37.038977+02:00,2026-07-31T10:52:39.722344+02:00
38977.03897660966,39159.72234405215,SYN2-032-A:P0002,G:LYBE:BW:SYN2-032-A:P0001,EVTOL_002,LYBE,BW,before_boarding,selected_plan,aircraft_busy|group_formation,aircraft_busy@F000105|group_formation@LYBE,boarding,3.0447227907080863,0.0,0.0,2026-07-31T10:49:37.038977+02:00,2026-07-31T10:52:39.722344+02:00
39111.30382970655,39236.92003205215,SYN2-283-D:P0002,G:BW:LYBE:SYN2-265-D:P0001,EVTOL_001,BW,LYBE,before_boarding,selected_plan,group_formation,group_formation@BW,idle,2.0936033724266356,0.0,0.0,2026-07-31T10:51:51.303830+02:00,2026-07-31T10:53:56.920032+02:00
39124.39160290777,39159.72234405215,SYN2-033-A:P0001,G:LYBE:LYBV:SYN2-159-A:P0001,EVTOL_004,LYBE,LYBV,before_boarding,selected_plan,aircraft_busy|group_formation,aircraft_busy@F000104|group_formation@LYBE,boarding,0.5888456857395795,0.0,0.0,2026-07-31T10:52:04.391603+02:00,2026-07-31T10:52:39.722344+02:00
39159.72234405215,39219.72234405215,SYN2-159-A:P0001,G:LYBE:LYBV:SYN2-159-A:P0001,EVTOL_004,LYBE,LYBV,before_boarding,selected_plan,aircraft_busy|group_formation,aircraft_busy@F000104|group_formation@LYBE,departure_finalization,1.0,0.0,0.0,2026-07-31T10:52:39.722344+02:00,2026-07-31T10:53:39.722344+02:00
39159.72234405215,39219.72234405215,SYN2-033-A:P0001,G:LYBE:LYBV:SYN2-159-A:P0001,EVTOL_004,LYBE,LYBV,before_boarding,selected_plan,aircraft_busy|group_formation,aircraft_busy@F000104|group_formation@LYBE,departure_finalization,1.0,0.0,0.0,2026-07-31T10:52:39.722344+02:00,2026-07-31T10:53:39.722344+02:00
39159.72234405215,39353.0190516311,SYN2-032-A:P0001,G:LYBE:BW:SYN2-032-A:P0001,EVTOL_003,LYBE,BW,before_boarding,selected_plan,aircraft_busy|group_formation,aircraft_busy@F000106|group_formation@LYBE,boarding,3.221611792982488,0.0,0.0,2026-07-31T10:52:39.722344+02:00,2026-07-31T10:55:53.019052+02:00
39159.72234405215,39353.0190516311,SYN2-032-A:P0002,G:LYBE:BW:SYN2-032-A:P0001,EVTOL_003,LYBE,BW,before_boarding,selected_plan,aircraft_busy|group_formation,aircraft_busy@F000106|group_formation@LYBE,boarding,3.221611792982488,0.0,0.0,2026-07-31T10:52:39.722344+02:00,2026-07-31T10:55:53.019052+02:00
39159.72234405215,39171.48485751364,SYN2-286-D:P0001,G:DOR:LYBE:SYN2-286-D:P0001,EVTOL_002,DOR,LYBE,before_boarding,selected_plan,aircraft_busy|group_formation,aircraft_busy@F000105|group_formation@DOR,boarding,0.19604189102489425,0.0,0.0,2026-07-31T10:52:39.722344+02:00,2026-07-31T10:52:51.484858+02:00
39159.72234405215,39219.72234405215,SYN2-361-D:P0001,G:JUG:LYBE:SYN2-361-D:P0001,EVTOL_004,JUG,LYBE,departure_preparation,committed_flight,departure_preparation,departure_preparation@JUG,departure_finalization,1.0,0.0,0.0,2026-07-31T10:52:39.722344+02:00,2026-07-31T10:53:39.722344+02:00
39159.72234405215,39219.72234405215,SYN2-271-D:P0002,G:JUG:LYBE:SYN2-361-D:P0001,EVTOL_004,JUG,LYBE,departure_preparation,committed_flight,departure_preparation,departure_preparation@JUG,departure_finalization,1.0,0.0,0.0,2026-07-31T10:52:39.722344+02:00,2026-07-31T10:53:39.722344+02:00
39159.72234405215,39219.72234405215,SYN2-271-D:P0001,G:JUG:LYBE:SYN2-361-D:P0001,EVTOL_004,JUG,LYBE,departure_preparation,committed_flight,departure_preparation,departure_preparation@JUG,departure_finalization,1.0,0.0,0.0,2026-07-31T10:52:39.722344+02:00,2026-07-31T10:53:39.722344+02:00
39171.48485751364,39213.41002112537,SYN2-286-D:P0001,G:DOR:LYBE:SYN2-286-D:P0001,EVTOL_002,DOR,LYBE,before_boarding,selected_plan,aircraft_busy|group_formation,aircraft_busy@F000105|group_formation@DOR,departure_finalization,0.6987527268621003,0.0,0.0,2026-07-31T10:52:51.484858+02:00,2026-07-31T10:53:33.410021+02:00
39171.48485751364,39231.48485751364,SYN2-159-A:P0002,G:LYBE:DOR:SYN2-159-A:P0002,EVTOL_002,LYBE,DOR,departure_preparation,committed_flight,departure_preparation,departure_preparation@LYBE,departure_finalization,1.0,0.0,0.0,2026-07-31T10:52:51.484858+02:00,2026-07-31T10:53:51.484858+02:00
39213.41002112537,39231.48485751364,SYN2-032-A:P0003,G:LYBE:JUG:SYN2-032-A:P0003,EVTOL_002,LYBE,JUG,before_boarding,selected_plan,aircraft_busy|group_formation,aircraft_busy@F000105|group_formation@LYBE,departure_finalization,0.3012472731378997,0.0,0.0,2026-07-31T10:53:33.410021+02:00,2026-07-31T10:53:51.484858+02:00
39213.41002112537,39259.72234405215,SYN2-286-D:P0001,G:DOR:LYBE:SYN2-286-D:P0001,,DOR,LYBE,before_boarding,candidate_set,group_formation|priority_other_group,group_formation@DOR,,0.7718720487796721,0.0,0.0,2026-07-31T10:53:33.410021+02:00,2026-07-31T10:54:19.722344+02:00
39219.72234405215,39259.72234405215,SYN2-159-A:P0001,G:LYBE:LYBV:SYN2-159-A:P0001,EVTOL_004,LYBE,LYBV,before_boarding,selected_plan,aircraft_busy|group_formation,aircraft_busy@F000104|group_formation@LYBE,takeoff,0.6666666666666666,0.0,0.0,2026-07-31T10:53:39.722344+02:00,2026-07-31T10:54:19.722344+02:00
39219.72234405215,39259.72234405215,SYN2-033-A:P0001,G:LYBE:LYBV:SYN2-159-A:P0001,EVTOL_004,LYBE,LYBV,before_boarding,selected_plan,aircraft_busy|group_formation,aircraft_busy@F000104|group_formation@LYBE,takeoff,0.6666666666666666,0.0,0.0,2026-07-31T10:53:39.722344+02:00,2026-07-31T10:54:19.722344+02:00
39231.48485751364,39259.72234405215,SYN2-032-A:P0003,G:LYBE:JUG:SYN2-032-A:P0003,EVTOL_002,LYBE,JUG,before_boarding,selected_plan,aircraft_busy|group_formation,aircraft_busy@F000105|group_formation@LYBE,takeoff,0.4706247756417724,0.0,0.0,2026-07-31T10:53:51.484858+02:00,2026-07-31T10:54:19.722344+02:00
39259.72234405215,39577.52465605215,SYN2-159-A:P0001,G:LYBE:LYBV:SYN2-159-A:P0001,EVTOL_004,LYBE,LYBV,before_boarding,selected_plan,aircraft_busy|group_formation,aircraft_busy@F000104|group_formation@LYBE,cruise,5.296705199999996,0.0,0.0,2026-07-31T10:54:19.722344+02:00,2026-07-31T10:59:37.524656+02:00
39259.72234405215,39577.52465605215,SYN2-033-A:P0001,G:LYBE:LYBV:SYN2-159-A:P0001,EVTOL_004,LYBE,LYBV,before_boarding,selected_plan,aircraft_busy|group_formation,aircraft_busy@F000104|group_formation@LYBE,cruise,5.296705199999996,0.0,0.0,2026-07-31T10:54:19.722344+02:00,2026-07-31T10:59:37.524656+02:00
39259.72234405215,39581.92003205215,SYN2-032-A:P0003,G:LYBE:JUG:SYN2-032-A:P0003,EVTOL_001,LYBE,JUG,before_boarding,selected_plan,aircraft_busy|group_formation,aircraft_busy@F000107|group_formation@LYBE,boarding,5.36996146666667,0.0,0.0,2026-07-31T10:54:19.722344+02:00,2026-07-31T10:59:41.920032+02:00
39259.72234405215,39271.48485751364,SYN2-286-D:P0001,G:DOR:LYBE:SYN2-286-D:P0001,EVTOL_002,DOR,LYBE,before_boarding,selected_plan,aircraft_busy|group_formation,aircraft_busy@F000105|group_formation@DOR,takeoff,0.19604189102489425,0.0,0.0,2026-07-31T10:54:19.722344+02:00,2026-07-31T10:54:31.484858+02:00
39271.48485751364,39345.06109839003,SYN2-286-D:P0001,G:DOR:LYBE:SYN2-286-D:P0001,EVTOL_002,DOR,LYBE,before_boarding,selected_plan,aircraft_busy|group_formation,aircraft_busy@F000105|group_formation@DOR,cruise,1.2262706812731874,0.0,0.0,2026-07-31T10:54:31.484858+02:00,2026-07-31T10:55:45.061098+02:00
39345.06109839003,39599.285071513645,SYN2-286-D:P0001,G:DOR:LYBE:SYN2-286-D:P0001,EVTOL_002,DOR,LYBE,before_boarding,selected_plan,aircraft_busy,aircraft_busy@F000105,cruise,4.237066218726856,4.237066218726856,0.0,2026-07-31T10:55:45.061098+02:00,2026-07-31T10:59:59.285072+02:00
39353.0190516311,39413.0190516311,SYN2-032-A:P0001,G:LYBE:BW:SYN2-032-A:P0001,EVTOL_003,LYBE,BW,before_boarding,selected_plan,aircraft_busy|group_formation,aircraft_busy@F000106|group_formation@LYBE,departure_finalization,1.0,0.0,0.0,2026-07-31T10:55:53.019052+02:00,2026-07-31T10:56:53.019052+02:00
39353.0190516311,39413.0190516311,SYN2-032-A:P0002,G:LYBE:BW:SYN2-032-A:P0001,EVTOL_003,LYBE,BW,before_boarding,selected_plan,aircraft_busy|group_formation,aircraft_busy@F000106|group_formation@LYBE,departure_finalization,1.0,0.0,0.0,2026-07-31T10:55:53.019052+02:00,2026-07-31T10:56:53.019052+02:00
39353.0190516311,39413.0190516311,SYN2-159-A:P0003,G:LYBE:EXPO:SYN2-159-A:P0003,EVTOL_003,LYBE,EXPO,departure_preparation,committed_flight,departure_preparation,departure_preparation@LYBE,departure_finalization,1.0,0.0,0.0,2026-07-31T10:55:53.019052+02:00,2026-07-31T10:56:53.019052+02:00
39413.0190516311,39453.0190516311,SYN2-032-A:P0001,G:LYBE:BW:SYN2-032-A:P0001,EVTOL_003,LYBE,BW,before_boarding,selected_plan,aircraft_busy|group_formation,aircraft_busy@F000106|group_formation@LYBE,takeoff,0.6666666666666666,0.0,0.0,2026-07-31T10:56:53.019052+02:00,2026-07-31T10:57:33.019052+02:00
39413.0190516311,39453.0190516311,SYN2-032-A:P0002,G:LYBE:BW:SYN2-032-A:P0001,EVTOL_003,LYBE,BW,before_boarding,selected_plan,aircraft_busy|group_formation,aircraft_busy@F000106|group_formation@LYBE,takeoff,0.6666666666666666,0.0,0.0,2026-07-31T10:56:53.019052+02:00,2026-07-31T10:57:33.019052+02:00
39453.0190516311,39553.7814496311,SYN2-032-A:P0001,G:LYBE:BW:SYN2-032-A:P0001,EVTOL_003,LYBE,BW,before_boarding,selected_plan,aircraft_busy|group_formation,aircraft_busy@F000106|group_formation@LYBE,cruise,1.6793732999999824,0.0,0.0,2026-07-31T10:57:33.019052+02:00,2026-07-31T10:59:13.781450+02:00
39453.0190516311,39553.7814496311,SYN2-032-A:P0002,G:LYBE:BW:SYN2-032-A:P0001,EVTOL_003,LYBE,BW,before_boarding,selected_plan,aircraft_busy|group_formation,aircraft_busy@F000106|group_formation@LYBE,cruise,1.6793732999999824,0.0,0.0,2026-07-31T10:57:33.019052+02:00,2026-07-31T10:59:13.781450+02:00
39553.7814496311,39613.7814496311,SYN2-032-A:P0001,G:LYBE:BW:SYN2-032-A:P0001,EVTOL_003,LYBE,BW,before_boarding,selected_plan,aircraft_busy|group_formation,aircraft_busy@F000106|group_formation@LYBE,landing,1.0,0.0,0.0,2026-07-31T10:59:13.781450+02:00,2026-07-31T11:00:13.781450+02:00
39553.7814496311,39613.7814496311,SYN2-032-A:P0002,G:LYBE:BW:SYN2-032-A:P0001,EVTOL_003,LYBE,BW,before_boarding,selected_plan,aircraft_busy|group_formation,aircraft_busy@F000106|group_formation@LYBE,landing,1.0,0.0,0.0,2026-07-31T10:59:13.781450+02:00,2026-07-31T11:00:13.781450+02:00
39577.52465605215,39617.0513026789,SYN2-159-A:P0001,G:LYBE:LYBV:SYN2-159-A:P0001,EVTOL_004,LYBE,LYBV,before_boarding,selected_plan,aircraft_busy|group_formation,aircraft_busy@F000104|group_formation@LYBE,landing,0.658777443779157,0.0,0.0,2026-07-31T10:59:37.524656+02:00,2026-07-31T11:00:17.051303+02:00
39577.52465605215,39617.0513026789,SYN2-033-A:P0001,G:LYBE:LYBV:SYN2-159-A:P0001,EVTOL_004,LYBE,LYBV,before_boarding,selected_plan,aircraft_busy|group_formation,aircraft_busy@F000104|group_formation@LYBE,landing,0.658777443779157,0.0,0.0,2026-07-31T10:59:37.524656+02:00,2026-07-31T11:00:17.051303+02:00
39581.92003205215,39641.92003205215,SYN2-032-A:P0003,G:LYBE:JUG:SYN2-032-A:P0003,EVTOL_001,LYBE,JUG,before_boarding,selected_plan,aircraft_busy|group_formation,aircraft_busy@F000107|group_formation@LYBE,departure_finalization,1.0,0.0,0.0,2026-07-31T10:59:41.920032+02:00,2026-07-31T11:00:41.920032+02:00
39581.92003205215,39641.92003205215,SYN2-265-D:P0001,G:BW:LYBE:SYN2-265-D:P0001,EVTOL_001,BW,LYBE,departure_preparation,committed_flight,departure_preparation,departure_preparation@BW,departure_finalization,1.0,0.0,0.0,2026-07-31T10:59:41.920032+02:00,2026-07-31T11:00:41.920032+02:00
39581.92003205215,39641.92003205215,SYN2-284-D:P0001,G:BW:LYBE:SYN2-265-D:P0001,EVTOL_001,BW,LYBE,departure_preparation,committed_flight,departure_preparation,departure_preparation@BW,departure_finalization,1.0,0.0,0.0,2026-07-31T10:59:41.920032+02:00,2026-07-31T11:00:41.920032+02:00
39581.92003205215,39641.92003205215,SYN2-283-D:P0002,G:BW:LYBE:SYN2-265-D:P0001,EVTOL_001,BW,LYBE,departure_preparation,committed_flight,departure_preparation,departure_preparation@BW,departure_finalization,1.0,0.0,0.0,2026-07-31T10:59:41.920032+02:00,2026-07-31T11:00:41.920032+02:00
39599.285071513645,39659.285071513645,SYN2-286-D:P0001,G:DOR:LYBE:SYN2-286-D:P0001,EVTOL_002,DOR,LYBE,before_boarding,selected_plan,aircraft_busy,aircraft_busy@F000105,landing,1.0,1.0,0.0,2026-07-31T10:59:59.285072+02:00,2026-07-31T11:00:59.285072+02:00
39613.7814496311,39710.22154757295,SYN2-032-A:P0001,G:LYBE:BW:SYN2-032-A:P0001,EVTOL_003,LYBE,BW,before_boarding,selected_plan,aircraft_busy|group_formation,aircraft_busy@F000106|group_formation@LYBE,disembarking,1.6073349656976157,0.0,0.0,2026-07-31T11:00:13.781450+02:00,2026-07-31T11:01:50.221548+02:00
39613.7814496311,39710.22154757295,SYN2-032-A:P0002,G:LYBE:BW:SYN2-032-A:P0001,EVTOL_003,LYBE,BW,before_boarding,selected_plan,aircraft_busy|group_formation,aircraft_busy@F000106|group_formation@LYBE,disembarking,1.6073349656976157,0.0,0.0,2026-07-31T11:00:13.781450+02:00,2026-07-31T11:01:50.221548+02:00
39617.0513026789,39637.52465605215,SYN2-159-A:P0001,G:LYBE:LYBV:SYN2-159-A:P0001,EVTOL_004,LYBE,LYBV,before_boarding,selected_plan,aircraft_busy,aircraft_busy@F000104,landing,0.3412225562208429,0.3412225562208429,0.0,2026-07-31T11:00:17.051303+02:00,2026-07-31T11:00:37.524656+02:00
39617.0513026789,39637.52465605215,SYN2-033-A:P0001,G:LYBE:LYBV:SYN2-159-A:P0001,EVTOL_004,LYBE,LYBV,before_boarding,selected_plan,aircraft_busy,aircraft_busy@F000104,landing,0.3412225562208429,0.0,0.0,2026-07-31T11:00:17.051303+02:00,2026-07-31T11:00:37.524656+02:00
39637.52465605215,39895.52465605215,SYN2-159-A:P0001,G:LYBE:LYBV:SYN2-159-A:P0001,EVTOL_004,LYBE,LYBV,before_boarding,selected_plan,aircraft_busy,aircraft_busy@F000104,disembarking,4.3,4.3,0.0,2026-07-31T11:00:37.524656+02:00,2026-07-31T11:04:55.524656+02:00
39637.52465605215,39895.52465605215,SYN2-033-A:P0001,G:LYBE:LYBV:SYN2-159-A:P0001,EVTOL_004,LYBE,LYBV,before_boarding,selected_plan,aircraft_busy,aircraft_busy@F000104,disembarking,4.3,0.0,0.0,2026-07-31T11:00:37.524656+02:00,2026-07-31T11:04:55.524656+02:00
39641.92003205215,39681.92003205215,SYN2-032-A:P0003,G:LYBE:JUG:SYN2-032-A:P0003,EVTOL_001,LYBE,JUG,before_boarding,selected_plan,aircraft_busy|group_formation,aircraft_busy@F000107|group_formation@LYBE,takeoff,0.6666666666666666,0.0,0.0,2026-07-31T11:00:41.920032+02:00,2026-07-31T11:01:21.920032+02:00
39659.285071513645,39722.290228247635,SYN2-286-D:P0001,G:DOR:LYBE:SYN2-286-D:P0001,EVTOL_002,DOR,LYBE,before_boarding,selected_plan,aircraft_busy,aircraft_busy@F000105,disembarking,1.05008594556651,1.05008594556651,0.0,2026-07-31T11:00:59.285072+02:00,2026-07-31T11:02:02.290228+02:00
39681.92003205215,39906.75585405215,SYN2-032-A:P0003,G:LYBE:JUG:SYN2-032-A:P0003,EVTOL_001,LYBE,JUG,before_boarding,selected_plan,aircraft_busy|group_formation,aircraft_busy@F000107|group_formation@LYBE,cruise,3.747263700000015,0.0,0.0,2026-07-31T11:01:21.920032+02:00,2026-07-31T11:05:06.755854+02:00
39710.22154757295,39739.7814496311,SYN2-032-A:P0001,G:LYBE:BW:SYN2-032-A:P0001,EVTOL_003,LYBE,BW,before_boarding,selected_plan,aircraft_busy,aircraft_busy@F000106,disembarking,0.49266503430238423,0.49266503430238423,0.0,2026-07-31T11:01:50.221548+02:00,2026-07-31T11:02:19.781450+02:00
39710.22154757295,39739.7814496311,SYN2-032-A:P0002,G:LYBE:BW:SYN2-032-A:P0001,EVTOL_003,LYBE,BW,before_boarding,selected_plan,aircraft_busy,aircraft_busy@F000106,disembarking,0.49266503430238423,0.0,0.0,2026-07-31T11:01:50.221548+02:00,2026-07-31T11:02:19.781450+02:00
39722.290228247635,39785.285071513645,SYN2-270-D:P0001,G:BW:LYBE:SYN2-270-D:P0001,EVTOL_002,BW,LYBE,before_boarding,selected_plan,aircraft_busy|group_formation,aircraft_busy@F000105|group_formation@BW,disembarking,1.0499140544334902,0.0,0.0,2026-07-31T11:02:02.290228+02:00,2026-07-31T11:03:05.285072+02:00
39722.290228247635,39906.75585405215,SYN2-286-D:P0001,G:DOR:LYBE:SYN2-286-D:P0001,,DOR,LYBE,before_boarding,candidate_set,priority_other_group,,,3.0744270967419047,3.0744270967419047,0.0,2026-07-31T11:02:02.290228+02:00,2026-07-31T11:05:06.755854+02:00
39739.7814496311,39765.99345605215,SYN2-032-A:P0001,G:LYBE:BW:SYN2-032-A:P0001,EVTOL_003,LYBE,BW,before_boarding,selected_plan,destination_tlof,destination_tlof@LYBE,idle,0.4368667736842326,0.4368667736842326,0.0,2026-07-31T11:02:19.781450+02:00,2026-07-31T11:02:45.993456+02:00
39739.7814496311,39765.99345605215,SYN2-032-A:P0002,G:LYBE:BW:SYN2-032-A:P0001,EVTOL_003,LYBE,BW,before_boarding,selected_plan,destination_tlof,destination_tlof@LYBE,idle,0.4368667736842326,0.0,0.0,2026-07-31T11:02:19.781450+02:00,2026-07-31T11:02:45.993456+02:00
39765.99345605215,39825.99345605215,SYN2-032-A:P0001,G:LYBE:BW:SYN2-032-A:P0001,EVTOL_003,LYBE,BW,before_boarding,selected_plan,departure_preparation,departure_preparation@EXPO,departure_finalization,1.0,1.0,0.0,2026-07-31T11:02:45.993456+02:00,2026-07-31T11:03:45.993456+02:00
39765.99345605215,39825.99345605215,SYN2-032-A:P0002,G:LYBE:BW:SYN2-032-A:P0001,EVTOL_003,LYBE,BW,before_boarding,selected_plan,departure_preparation,departure_preparation@EXPO,departure_finalization,1.0,0.0,0.0,2026-07-31T11:02:45.993456+02:00,2026-07-31T11:03:45.993456+02:00
39785.285071513645,39845.285071513645,SYN2-270-D:P0001,G:BW:LYBE:SYN2-270-D:P0001,EVTOL_002,BW,LYBE,before_boarding,selected_plan,departure_preparation|group_formation,departure_preparation@DOR|group_formation@BW,departure_finalization,1.0,0.0,0.0,2026-07-31T11:03:05.285072+02:00,2026-07-31T11:04:05.285072+02:00
39804.905746373704,39845.285071513645,SYN2-277-D:P0001,G:BW:LYBE:SYN2-270-D:P0001,EVTOL_002,BW,LYBE,before_boarding,selected_plan,departure_preparation|group_formation,departure_preparation@DOR|group_formation@BW,departure_finalization,0.6729887523323366,0.0,0.0,2026-07-31T11:03:24.905746+02:00,2026-07-31T11:04:05.285072+02:00
39825.99345605215,39865.99345605215,SYN2-032-A:P0001,G:LYBE:BW:SYN2-032-A:P0001,EVTOL_003,LYBE,BW,before_boarding,selected_plan,repositioning_flight,repositioning_flight@LYBE,takeoff,0.6666666666666666,0.6666666666666666,0.0,2026-07-31T11:03:45.993456+02:00,2026-07-31T11:04:25.993456+02:00
39825.99345605215,39865.99345605215,SYN2-032-A:P0002,G:LYBE:BW:SYN2-032-A:P0001,EVTOL_003,LYBE,BW,before_boarding,selected_plan,repositioning_flight,repositioning_flight@LYBE,takeoff,0.6666666666666666,0.0,0.0,2026-07-31T11:03:45.993456+02:00,2026-07-31T11:04:25.993456+02:00
39834.76146489913,39906.75585405215,SYN2-031-A:P0001,G:LYBE:JUG:SYN2-032-A:P0003,EVTOL_001,LYBE,JUG,before_boarding,selected_plan,aircraft_busy|group_formation,aircraft_busy@F000107|group_formation@LYBE,cruise,1.1999064858836694,0.0,0.0,2026-07-31T11:03:54.761465+02:00,2026-07-31T11:05:06.755854+02:00
39845.285071513645,39885.285071513645,SYN2-270-D:P0001,G:BW:LYBE:SYN2-270-D:P0001,EVTOL_002,BW,LYBE,before_boarding,selected_plan,group_formation|repositioning_flight,group_formation@BW|repositioning_flight@BW,takeoff,0.6666666666666666,0.0,0.0,2026-07-31T11:04:05.285072+02:00,2026-07-31T11:04:45.285072+02:00
39845.285071513645,39885.285071513645,SYN2-277-D:P0001,G:BW:LYBE:SYN2-270-D:P0001,EVTOL_002,BW,LYBE,before_boarding,selected_plan,group_formation|repositioning_flight,group_formation@BW|repositioning_flight@BW,takeoff,0.6666666666666666,0.0,0.0,2026-07-31T11:04:05.285072+02:00,2026-07-31T11:04:45.285072+02:00
39865.99345605215,39966.75585405215,SYN2-032-A:P0001,G:LYBE:BW:SYN2-032-A:P0001,EVTOL_003,LYBE,BW,before_boarding,selected_plan,repositioning_flight,repositioning_flight@LYBE,cruise,1.6793732999999824,1.6793732999999824,0.0,2026-07-31T11:04:25.993456+02:00,2026-07-31T11:06:06.755854+02:00
39865.99345605215,39966.75585405215,SYN2-032-A:P0002,G:LYBE:BW:SYN2-032-A:P0001,EVTOL_003,LYBE,BW,before_boarding,selected_plan,repositioning_flight,repositioning_flight@LYBE,cruise,1.6793732999999824,1.4952812907081048,0.0,2026-07-31T11:04:25.993456+02:00,2026-07-31T11:06:06.755854+02:00
39885.285071513645,39970.249463513646,SYN2-270-D:P0001,G:BW:LYBE:SYN2-270-D:P0001,EVTOL_002,BW,LYBE,before_boarding,selected_plan,group_formation|repositioning_flight,group_formation@BW|repositioning_flight@BW,cruise,1.416073200000028,0.0,0.0,2026-07-31T11:04:45.285072+02:00,2026-07-31T11:06:10.249464+02:00
39885.285071513645,39970.249463513646,SYN2-277-D:P0001,G:BW:LYBE:SYN2-270-D:P0001,EVTOL_002,BW,LYBE,before_boarding,selected_plan,group_formation|repositioning_flight,group_formation@BW|repositioning_flight@BW,cruise,1.416073200000028,0.0,0.0,2026-07-31T11:04:45.285072+02:00,2026-07-31T11:06:10.249464+02:00
39906.75585405215,39966.75585405215,SYN2-032-A:P0003,G:LYBE:JUG:SYN2-032-A:P0003,EVTOL_001,LYBE,JUG,before_boarding,selected_plan,aircraft_busy|group_formation,aircraft_busy@F000107|group_formation@LYBE,landing,1.0,0.0,0.0,2026-07-31T11:05:06.755854+02:00,2026-07-31T11:06:06.755854+02:00
39906.75585405215,39966.75585405215,SYN2-031-A:P0001,G:LYBE:JUG:SYN2-032-A:P0003,EVTOL_001,LYBE,JUG,before_boarding,selected_plan,aircraft_busy|group_formation,aircraft_busy@F000107|group_formation@LYBE,landing,1.0,0.0,0.0,2026-07-31T11:05:06.755854+02:00,2026-07-31T11:06:06.755854+02:00
39906.75585405215,39930.491873260056,SYN2-286-D:P0001,G:DOR:LYBE:SYN2-286-D:P0001,EVTOL_004,DOR,LYBE,before_boarding,selected_plan,aircraft_busy,aircraft_busy@F000110,boarding,0.39560032013177987,0.39560032013177987,0.0,2026-07-31T11:05:06.755854+02:00,2026-07-31T11:05:30.491873+02:00
39930.491873260056,40030.249463513646,SYN2-160-A:P0001,G:LYBE:DOR:SYN2-160-A:P0001,EVTOL_004,LYBE,DOR,before_boarding,selected_plan,aircraft_busy|group_formation,aircraft_busy@F000110|group_formation@LYBE,boarding,1.6626265042265005,0.0,0.0,2026-07-31T11:05:30.491873+02:00,2026-07-31T11:07:10.249464+02:00
39930.491873260056,40030.249463513646,SYN2-286-D:P0001,G:DOR:LYBE:SYN2-286-D:P0001,,DOR,LYBE,before_boarding,candidate_set,priority_other_group,,,1.6626265042265005,1.6626265042265005,0.0,2026-07-31T11:05:30.491873+02:00,2026-07-31T11:07:10.249464+02:00
39966.75585405215,40026.75585405215,SYN2-032-A:P0001,G:LYBE:BW:SYN2-032-A:P0001,EVTOL_003,LYBE,BW,before_boarding,selected_plan,repositioning_flight,repositioning_flight@LYBE,landing,1.0,1.0,0.0,2026-07-31T11:06:06.755854+02:00,2026-07-31T11:07:06.755854+02:00
39966.75585405215,40026.75585405215,SYN2-032-A:P0002,G:LYBE:BW:SYN2-032-A:P0001,EVTOL_003,LYBE,BW,before_boarding,selected_plan,repositioning_flight,repositioning_flight@LYBE,landing,1.0,1.0,0.0,2026-07-31T11:06:06.755854+02:00,2026-07-31T11:07:06.755854+02:00
39966.75585405215,40113.41002112537,SYN2-032-A:P0003,G:LYBE:JUG:SYN2-032-A:P0003,EVTOL_001,LYBE,JUG,before_boarding,selected_plan,aircraft_busy|group_formation,aircraft_busy@F000107|group_formation@LYBE,disembarking,2.444236117886976,0.0,0.0,2026-07-31T11:06:06.755854+02:00,2026-07-31T11:08:33.410021+02:00
39966.75585405215,40113.41002112537,SYN2-031-A:P0001,G:LYBE:JUG:SYN2-032-A:P0003,EVTOL_001,LYBE,JUG,before_boarding,selected_plan,aircraft_busy|group_formation,aircraft_busy@F000107|group_formation@LYBE,disembarking,2.444236117886976,0.0,0.0,2026-07-31T11:06:06.755854+02:00,2026-07-31T11:08:33.410021+02:00
39970.249463513646,40030.249463513646,SYN2-270-D:P0001,G:BW:LYBE:SYN2-270-D:P0001,EVTOL_002,BW,LYBE,before_boarding,selected_plan,group_formation|repositioning_flight,group_formation@BW|repositioning_flight@BW,landing,1.0,0.0,0.0,2026-07-31T11:06:10.249464+02:00,2026-07-31T11:07:10.249464+02:00
39970.249463513646,40030.249463513646,SYN2-277-D:P0001,G:BW:LYBE:SYN2-270-D:P0001,EVTOL_002,BW,LYBE,before_boarding,selected_plan,group_formation|repositioning_flight,group_formation@BW|repositioning_flight@BW,landing,1.0,0.0,0.0,2026-07-31T11:06:10.249464+02:00,2026-07-31T11:07:10.249464+02:00
40030.249463513646,40296.75585405215,SYN2-160-A:P0001,G:LYBE:DOR:SYN2-160-A:P0001,EVTOL_003,LYBE,DOR,before_boarding,selected_plan,aircraft_busy|group_formation,aircraft_busy@F000111|group_formation@LYBE,boarding,4.441773175641719,0.0,0.0,2026-07-31T11:07:10.249464+02:00,2026-07-31T11:11:36.755854+02:00
40030.249463513646,40622.290228247635,SYN2-270-D:P0001,G:BW:LYBE:SYN2-270-D:P0001,EVTOL_002,BW,LYBE,before_boarding,selected_plan,group_formation,group_formation@BW,idle,9.867346078899816,0.0,0.0,2026-07-31T11:07:10.249464+02:00,2026-07-31T11:17:02.290228+02:00
40030.249463513646,40622.290228247635,SYN2-277-D:P0001,G:BW:LYBE:SYN2-270-D:P0001,EVTOL_002,BW,LYBE,before_boarding,selected_plan,group_formation,group_formation@BW,idle,9.867346078899816,0.0,0.0,2026-07-31T11:07:10.249464+02:00,2026-07-31T11:17:02.290228+02:00
40030.249463513646,40165.52465605215,SYN2-286-D:P0001,G:DOR:LYBE:SYN2-286-D:P0001,EVTOL_004,DOR,LYBE,before_boarding,selected_plan,aircraft_busy,aircraft_busy@F000110,boarding,2.2545865423083646,2.2545865423083646,0.0,2026-07-31T11:07:10.249464+02:00,2026-07-31T11:09:25.524656+02:00
40113.41002112537,40224.75585405215,SYN2-032-A:P0003,G:LYBE:JUG:SYN2-032-A:P0003,EVTOL_001,LYBE,JUG,before_boarding,selected_plan,aircraft_busy,aircraft_busy@F000107,disembarking,1.855763882113024,1.855763882113024,0.0,2026-07-31T11:08:33.410021+02:00,2026-07-31T11:10:24.755854+02:00
40113.41002112537,40224.75585405215,SYN2-031-A:P0001,G:LYBE:JUG:SYN2-032-A:P0003,EVTOL_001,LYBE,JUG,before_boarding,selected_plan,aircraft_busy,aircraft_busy@F000107,disembarking,1.855763882113024,0.0,0.0,2026-07-31T11:08:33.410021+02:00,2026-07-31T11:10:24.755854+02:00
40165.52465605215,40225.52465605215,SYN2-286-D:P0001,G:DOR:LYBE:SYN2-286-D:P0001,EVTOL_004,DOR,LYBE,before_boarding,selected_plan,aircraft_busy,aircraft_busy@F000110,departure_finalization,1.0,1.0,0.0,2026-07-31T11:09:25.524656+02:00,2026-07-31T11:10:25.524656+02:00
40165.52465605215,40225.52465605215,SYN2-159-A:P0001,G:LYBE:LYBV:SYN2-159-A:P0001,EVTOL_004,LYBE,LYBV,departure_preparation,committed_flight,departure_preparation,departure_preparation@LYBE,departure_finalization,1.0,0.0,0.0,2026-07-31T11:09:25.524656+02:00,2026-07-31T11:10:25.524656+02:00
40165.52465605215,40225.52465605215,SYN2-033-A:P0001,G:LYBE:LYBV:SYN2-159-A:P0001,EVTOL_004,LYBE,LYBV,departure_preparation,committed_flight,departure_preparation,departure_preparation@LYBE,departure_finalization,1.0,0.0,0.0,2026-07-31T11:09:25.524656+02:00,2026-07-31T11:10:25.524656+02:00
40225.52465605215,40265.52465605215,SYN2-286-D:P0001,G:DOR:LYBE:SYN2-286-D:P0001,EVTOL_004,DOR,LYBE,before_boarding,selected_plan,aircraft_busy,aircraft_busy@F000110,takeoff,0.6666666666666666,0.6666666666666666,0.0,2026-07-31T11:10:25.524656+02:00,2026-07-31T11:11:05.524656+02:00
40265.52465605215,40336.4828448576,SYN2-286-D:P0001,G:DOR:LYBE:SYN2-286-D:P0001,EVTOL_004,DOR,LYBE,before_boarding,selected_plan,aircraft_busy,aircraft_busy@F000110,cruise,1.1826364800908777,1.1826364800908777,0.0,2026-07-31T11:11:05.524656+02:00,2026-07-31T11:12:16.482845+02:00
40296.75585405215,40356.75585405215,SYN2-160-A:P0001,G:LYBE:DOR:SYN2-160-A:P0001,EVTOL_003,LYBE,DOR,before_boarding,selected_plan,aircraft_busy|group_formation,aircraft_busy@F000111|group_formation@LYBE,departure_finalization,1.0,0.0,0.0,2026-07-31T11:11:36.755854+02:00,2026-07-31T11:12:36.755854+02:00
40296.75585405215,40356.75585405215,SYN2-032-A:P0001,G:LYBE:BW:SYN2-032-A:P0001,EVTOL_003,LYBE,BW,departure_preparation,committed_flight,departure_preparation,departure_preparation@LYBE,departure_finalization,1.0,0.0,0.0,2026-07-31T11:11:36.755854+02:00,2026-07-31T11:12:36.755854+02:00
40296.75585405215,40356.75585405215,SYN2-032-A:P0002,G:LYBE:BW:SYN2-032-A:P0001,EVTOL_003,LYBE,BW,departure_preparation,committed_flight,departure_preparation,departure_preparation@LYBE,departure_finalization,1.0,0.0,0.0,2026-07-31T11:11:36.755854+02:00,2026-07-31T11:12:36.755854+02:00
40336.4828448576,40601.97284405215,SYN2-033-A:P0002,G:LYBE:LYBV:SYN2-033-A:P0002,EVTOL_004,LYBE,LYBV,before_boarding,selected_plan,aircraft_busy|group_formation,aircraft_busy@F000110|group_formation@LYBE,cruise,4.424833319909157,0.0,0.0,2026-07-31T11:12:16.482845+02:00,2026-07-31T11:16:41.972844+02:00
40336.4828448576,40494.75585405215,SYN2-286-D:P0001,G:DOR:LYBE:SYN2-286-D:P0001,EVTOL_001,DOR,LYBE,before_boarding,selected_plan,aircraft_busy,aircraft_busy@F000112,boarding,2.6378834865758107,2.6378834865758107,0.0,2026-07-31T11:12:16.482845+02:00,2026-07-31T11:14:54.755854+02:00
40356.75585405215,40396.75585405215,SYN2-160-A:P0001,G:LYBE:DOR:SYN2-160-A:P0001,EVTOL_003,LYBE,DOR,before_boarding,selected_plan,aircraft_busy|group_formation,aircraft_busy@F000111|group_formation@LYBE,takeoff,0.6666666666666666,0.0,0.0,2026-07-31T11:12:36.755854+02:00,2026-07-31T11:13:16.755854+02:00
40396.75585405215,40621.59167605215,SYN2-160-A:P0001,G:LYBE:DOR:SYN2-160-A:P0001,EVTOL_003,LYBE,DOR,before_boarding,selected_plan,aircraft_busy|group_formation,aircraft_busy@F000111|group_formation@LYBE,cruise,3.747263700000015,0.0,0.0,2026-07-31T11:13:16.755854+02:00,2026-07-31T11:17:01.591676+02:00
40494.75585405215,40554.75585405215,SYN2-286-D:P0001,G:DOR:LYBE:SYN2-286-D:P0001,EVTOL_001,DOR,LYBE,before_boarding,selected_plan,aircraft_busy,aircraft_busy@F000112,departure_finalization,1.0,1.0,0.0,2026-07-31T11:14:54.755854+02:00,2026-07-31T11:15:54.755854+02:00
40494.75585405215,40554.75585405215,SYN2-032-A:P0003,G:LYBE:JUG:SYN2-032-A:P0003,EVTOL_001,LYBE,JUG,departure_preparation,committed_flight,departure_preparation,departure_preparation@LYBE,departure_finalization,1.0,0.0,0.0,2026-07-31T11:14:54.755854+02:00,2026-07-31T11:15:54.755854+02:00
40494.75585405215,40554.75585405215,SYN2-031-A:P0001,G:LYBE:JUG:SYN2-032-A:P0003,EVTOL_001,LYBE,JUG,departure_preparation,committed_flight,departure_preparation,departure_preparation@LYBE,departure_finalization,1.0,0.0,0.0,2026-07-31T11:14:54.755854+02:00,2026-07-31T11:15:54.755854+02:00
40522.68835263792,40621.59167605215,SYN2-036-A:P0003,G:LYBE:DOR:SYN2-160-A:P0001,EVTOL_003,LYBE,DOR,before_boarding,selected_plan,aircraft_busy|group_formation,aircraft_busy@F000111|group_formation@LYBE,cruise,1.6483887235705577,0.0,0.0,2026-07-31T11:15:22.688353+02:00,2026-07-31T11:17:01.591676+02:00
40554.75585405215,40594.75585405215,SYN2-286-D:P0001,G:DOR:LYBE:SYN2-286-D:P0001,EVTOL_001,DOR,LYBE,before_boarding,selected_plan,aircraft_busy,aircraft_busy@F000112,takeoff,0.6666666666666666,0.6666666666666666,0.0,2026-07-31T11:15:54.755854+02:00,2026-07-31T11:16:34.755854+02:00
40594.75585405215,40912.55816605215,SYN2-286-D:P0001,G:DOR:LYBE:SYN2-286-D:P0001,EVTOL_001,DOR,LYBE,before_boarding,selected_plan,aircraft_busy,aircraft_busy@F000112,cruise,5.296705199999996,5.296705199999996,0.0,2026-07-31T11:16:34.755854+02:00,2026-07-31T11:21:52.558166+02:00
40601.39207670909,40601.97284405215,SYN2-161-A:P0001,G:LYBE:LYBV:SYN2-033-A:P0002,EVTOL_004,LYBE,LYBV,before_boarding,selected_plan,aircraft_busy|group_formation,aircraft_busy@F000110|group_formation@LYBE,cruise,0.00967945571768117,0.0,0.0,2026-07-31T11:16:41.392077+02:00,2026-07-31T11:16:41.972844+02:00
40601.97284405215,40661.97284405215,SYN2-033-A:P0002,G:LYBE:LYBV:SYN2-033-A:P0002,EVTOL_004,LYBE,LYBV,before_boarding,selected_plan,aircraft_busy|group_formation,aircraft_busy@F000110|group_formation@LYBE,landing,1.0,0.0,0.0,2026-07-31T11:16:41.972844+02:00,2026-07-31T11:17:41.972844+02:00
40601.97284405215,40661.97284405215,SYN2-161-A:P0001,G:LYBE:LYBV:SYN2-033-A:P0002,EVTOL_004,LYBE,LYBV,before_boarding,selected_plan,aircraft_busy|group_formation,aircraft_busy@F000110|group_formation@LYBE,landing,1.0,0.0,0.0,2026-07-31T11:16:41.972844+02:00,2026-07-31T11:17:41.972844+02:00
40621.59167605215,40681.59167605215,SYN2-160-A:P0001,G:LYBE:DOR:SYN2-160-A:P0001,EVTOL_003,LYBE,DOR,before_boarding,selected_plan,aircraft_busy|group_formation,aircraft_busy@F000111|group_formation@LYBE,landing,1.0,0.0,0.0,2026-07-31T11:17:01.591676+02:00,2026-07-31T11:18:01.591676+02:00
40621.59167605215,40681.59167605215,SYN2-036-A:P0003,G:LYBE:DOR:SYN2-160-A:P0001,EVTOL_003,LYBE,DOR,before_boarding,selected_plan,aircraft_busy|group_formation,aircraft_busy@F000111|group_formation@LYBE,landing,1.0,0.0,0.0,2026-07-31T11:17:01.591676+02:00,2026-07-31T11:18:01.591676+02:00
40661.97284405215,40853.97284405215,SYN2-033-A:P0002,G:LYBE:LYBV:SYN2-033-A:P0002,EVTOL_004,LYBE,LYBV,before_boarding,selected_plan,aircraft_busy|group_formation,aircraft_busy@F000110|group_formation@LYBE,disembarking,3.2,0.0,0.0,2026-07-31T11:17:41.972844+02:00,2026-07-31T11:20:53.972844+02:00
40661.97284405215,40853.97284405215,SYN2-161-A:P0001,G:LYBE:LYBV:SYN2-033-A:P0002,EVTOL_004,LYBE,LYBV,before_boarding,selected_plan,aircraft_busy|group_formation,aircraft_busy@F000110|group_formation@LYBE,disembarking,3.2,0.0,0.0,2026-07-31T11:17:41.972844+02:00,2026-07-31T11:20:53.972844+02:00
40681.59167605215,40830.491873260056,SYN2-160-A:P0001,G:LYBE:DOR:SYN2-160-A:P0001,EVTOL_003,LYBE,DOR,before_boarding,selected_plan,aircraft_busy|group_formation,aircraft_busy@F000111|group_formation@LYBE,disembarking,2.481669953465098,0.0,0.0,2026-07-31T11:18:01.591676+02:00,2026-07-31T11:20:30.491873+02:00
40681.59167605215,40830.491873260056,SYN2-036-A:P0003,G:LYBE:DOR:SYN2-160-A:P0001,EVTOL_003,LYBE,DOR,before_boarding,selected_plan,aircraft_busy|group_formation,aircraft_busy@F000111|group_formation@LYBE,disembarking,2.481669953465098,0.0,0.0,2026-07-31T11:18:01.591676+02:00,2026-07-31T11:20:30.491873+02:00
40699.29246873345,40742.240114319364,SYN2-283-D:P0001,G:EXPO:LYBE:SYN2-283-D:P0001,EVTOL_002,EXPO,LYBE,before_boarding,selected_plan,aircraft_busy|group_formation,aircraft_busy@F000113|group_formation@EXPO,boarding,0.7157940930985205,0.0,0.0,2026-07-31T11:18:19.292469+02:00,2026-07-31T11:19:02.240114+02:00
40742.240114319364,40892.290228247635,SYN2-036-A:P0001,G:LYBE:BW:SYN2-036-A:P0001,EVTOL_002,LYBE,BW,before_boarding,selected_plan,aircraft_busy|group_formation,aircraft_busy@F000113|group_formation@LYBE,boarding,2.5008352321378577,0.0,0.0,2026-07-31T11:19:02.240114+02:00,2026-07-31T11:21:32.290228+02:00
40742.240114319364,41469.126050247636,SYN2-283-D:P0001,G:EXPO:LYBE:SYN2-283-D:P0001,,EXPO,LYBE,before_boarding,candidate_set,group_formation|priority_other_group,group_formation@EXPO,,12.11476559880454,0.0,0.0,2026-07-31T11:19:02.240114+02:00,2026-07-31T11:31:09.126050+02:00
40830.491873260056,40873.59167605215,SYN2-160-A:P0001,G:LYBE:DOR:SYN2-160-A:P0001,EVTOL_003,LYBE,DOR,before_boarding,selected_plan,aircraft_busy,aircraft_busy@F000111,disembarking,0.7183300465349021,0.7183300465349021,0.0,2026-07-31T11:20:30.491873+02:00,2026-07-31T11:21:13.591676+02:00
40830.491873260056,40873.59167605215,SYN2-036-A:P0003,G:LYBE:DOR:SYN2-160-A:P0001,EVTOL_003,LYBE,DOR,before_boarding,selected_plan,aircraft_busy,aircraft_busy@F000111,disembarking,0.7183300465349021,0.0,0.0,2026-07-31T11:20:30.491873+02:00,2026-07-31T11:21:13.591676+02:00
40853.97284405215,40881.83153202309,SYN2-033-A:P0002,G:LYBE:LYBV:SYN2-033-A:P0002,EVTOL_004,LYBE,LYBV,before_boarding,selected_plan,battery_before_repositioning|group_formation,battery_before_repositioning@LYBV|group_formation@LYBE,idle,0.4643114661823347,0.0,0.0,2026-07-31T11:20:53.972844+02:00,2026-07-31T11:21:21.831532+02:00
40853.97284405215,40881.83153202309,SYN2-161-A:P0001,G:LYBE:LYBV:SYN2-033-A:P0002,EVTOL_004,LYBE,LYBV,before_boarding,selected_plan,battery_before_repositioning|group_formation,battery_before_repositioning@LYBV|group_formation@LYBE,idle,0.4643114661823347,0.0,0.0,2026-07-31T11:20:53.972844+02:00,2026-07-31T11:21:21.831532+02:00
40873.59167605215,40932.290228247635,SYN2-160-A:P0001,G:LYBE:DOR:SYN2-160-A:P0001,EVTOL_003,LYBE,DOR,before_boarding,selected_plan,origin_tlof,origin_tlof@BW,idle,0.9783092032580801,0.9783092032580801,0.0,2026-07-31T11:21:13.591676+02:00,2026-07-31T11:22:12.290228+02:00
40873.59167605215,40932.290228247635,SYN2-036-A:P0003,G:LYBE:DOR:SYN2-160-A:P0001,EVTOL_003,LYBE,DOR,before_boarding,selected_plan,origin_tlof,origin_tlof@BW,idle,0.9783092032580801,0.0,0.0,2026-07-31T11:21:13.591676+02:00,2026-07-31T11:22:12.290228+02:00
40881.83153202309,40941.83153202309,SYN2-033-A:P0002,G:LYBE:LYBV:SYN2-033-A:P0002,EVTOL_004,LYBE,LYBV,before_boarding,selected_plan,departure_preparation|group_formation,departure_preparation@LYBV|group_formation@LYBE,departure_finalization,1.0,0.0,0.0,2026-07-31T11:21:21.831532+02:00,2026-07-31T11:22:21.831532+02:00
40881.83153202309,40941.83153202309,SYN2-161-A:P0001,G:LYBE:LYBV:SYN2-033-A:P0002,EVTOL_004,LYBE,LYBV,before_boarding,selected_plan,departure_preparation|group_formation,departure_preparation@LYBV|group_formation@LYBE,departure_finalization,1.0,0.0,0.0,2026-07-31T11:21:21.831532+02:00,2026-07-31T11:22:21.831532+02:00
40892.290228247635,40952.290228247635,SYN2-036-A:P0001,G:LYBE:BW:SYN2-036-A:P0001,EVTOL_002,LYBE,BW,before_boarding,selected_plan,aircraft_busy|group_formation,aircraft_busy@F000113|group_formation@LYBE,departure_finalization,1.0,0.0,0.0,2026-07-31T11:21:32.290228+02:00,2026-07-31T11:22:32.290228+02:00
40892.290228247635,40952.290228247635,SYN2-270-D:P0001,G:BW:LYBE:SYN2-270-D:P0001,EVTOL_002,BW,LYBE,departure_preparation,committed_flight,departure_preparation,departure_preparation@BW,departure_finalization,1.0,0.0,0.0,2026-07-31T11:21:32.290228+02:00,2026-07-31T11:22:32.290228+02:00
40892.290228247635,40952.290228247635,SYN2-277-D:P0001,G:BW:LYBE:SYN2-270-D:P0001,EVTOL_002,BW,LYBE,departure_preparation,committed_flight,departure_preparation,departure_preparation@BW,departure_finalization,1.0,0.0,0.0,2026-07-31T11:21:32.290228+02:00,2026-07-31T11:22:32.290228+02:00
40932.290228247635,41053.44389802309,SYN2-160-A:P0001,G:LYBE:DOR:SYN2-160-A:P0001,EVTOL_003,LYBE,DOR,before_boarding,selected_plan,destination_tlof,destination_tlof@LYBE,idle,2.0192278295909394,2.0192278295909394,0.0,2026-07-31T11:22:12.290228+02:00,2026-07-31T11:24:13.443898+02:00
40932.290228247635,41053.44389802309,SYN2-036-A:P0003,G:LYBE:DOR:SYN2-160-A:P0001,EVTOL_003,LYBE,DOR,before_boarding,selected_plan,destination_tlof,destination_tlof@LYBE,idle,2.0192278295909394,0.0,0.0,2026-07-31T11:22:12.290228+02:00,2026-07-31T11:24:13.443898+02:00
40912.55816605215,40972.55816605215,SYN2-286-D:P0001,G:DOR:LYBE:SYN2-286-D:P0001,EVTOL_001,DOR,LYBE,before_boarding,selected_plan,aircraft_busy,aircraft_busy@F000112,landing,1.0,1.0,0.0,2026-07-31T11:21:52.558166+02:00,2026-07-31T11:22:52.558166+02:00
40941.83153202309,40981.83153202309,SYN2-033-A:P0002,G:LYBE:LYBV:SYN2-033-A:P0002,EVTOL_004,LYBE,LYBV,before_boarding,selected_plan,group_formation|repositioning_flight,group_formation@LYBE|repositioning_flight@LYBE,takeoff,0.6666666666666666,0.0,0.0,2026-07-31T11:22:21.831532+02:00,2026-07-31T11:23:01.831532+02:00
40941.83153202309,40981.83153202309,SYN2-161-A:P0001,G:LYBE:LYBV:SYN2-033-A:P0002,EVTOL_004,LYBE,LYBV,before_boarding,selected_plan,group_formation|repositioning_flight,group_formation@LYBE|repositioning_flight@LYBE,takeoff,0.6666666666666666,0.0,0.0,2026-07-31T11:22:21.831532+02:00,2026-07-31T11:23:01.831532+02:00
40952.290228247635,40992.290228247635,SYN2-036-A:P0001,G:LYBE:BW:SYN2-036-A:P0001,EVTOL_002,LYBE,BW,before_boarding,selected_plan,aircraft_busy|group_formation,aircraft_busy@F000113|group_formation@LYBE,takeoff,0.6666666666666666,0.0,0.0,2026-07-31T11:22:32.290228+02:00,2026-07-31T11:23:12.290228+02:00
40972.55816605215,41141.85296639672,SYN2-286-D:P0001,G:DOR:LYBE:SYN2-286-D:P0001,EVTOL_001,DOR,LYBE,before_boarding,selected_plan,aircraft_busy,aircraft_busy@F000112,disembarking,2.821580005742847,2.821580005742847,0.0,2026-07-31T11:22:52.558166+02:00,2026-07-31T11:25:41.852966+02:00
40981.83153202309,41236.4828448576,SYN2-033-A:P0002,G:LYBE:LYBV:SYN2-033-A:P0002,EVTOL_004,LYBE,LYBV,before_boarding,selected_plan,group_formation|repositioning_flight,group_formation@LYBE|repositioning_flight@LYBE,cruise,4.2441885472418415,0.0,0.0,2026-07-31T11:23:01.831532+02:00,2026-07-31T11:27:16.482845+02:00
40981.83153202309,41236.4828448576,SYN2-161-A:P0001,G:LYBE:LYBV:SYN2-033-A:P0002,EVTOL_004,LYBE,LYBV,before_boarding,selected_plan,group_formation|repositioning_flight,group_formation@LYBE|repositioning_flight@LYBE,cruise,4.2441885472418415,0.0,0.0,2026-07-31T11:23:01.831532+02:00,2026-07-31T11:27:16.482845+02:00
40992.290228247635,41217.126050247636,SYN2-036-A:P0001,G:LYBE:BW:SYN2-036-A:P0001,EVTOL_002,LYBE,BW,before_boarding,selected_plan,aircraft_busy|group_formation,aircraft_busy@F000113|group_formation@LYBE,cruise,3.747263700000015,0.0,0.0,2026-07-31T11:23:12.290228+02:00,2026-07-31T11:26:57.126050+02:00
41053.44389802309,41113.44389802309,SYN2-160-A:P0001,G:LYBE:DOR:SYN2-160-A:P0001,EVTOL_003,LYBE,DOR,before_boarding,selected_plan,departure_preparation,departure_preparation@BW,departure_finalization,1.0,1.0,0.0,2026-07-31T11:24:13.443898+02:00,2026-07-31T11:25:13.443898+02:00
41053.44389802309,41113.44389802309,SYN2-036-A:P0003,G:LYBE:DOR:SYN2-160-A:P0001,EVTOL_003,LYBE,DOR,before_boarding,selected_plan,departure_preparation,departure_preparation@BW,departure_finalization,1.0,0.0,0.0,2026-07-31T11:24:13.443898+02:00,2026-07-31T11:25:13.443898+02:00
41113.44389802309,41153.44389802309,SYN2-160-A:P0001,G:LYBE:DOR:SYN2-160-A:P0001,EVTOL_003,LYBE,DOR,before_boarding,selected_plan,repositioning_flight,repositioning_flight@LYBE,takeoff,0.6666666666666666,0.6666666666666666,0.0,2026-07-31T11:25:13.443898+02:00,2026-07-31T11:25:53.443898+02:00
41113.44389802309,41153.44389802309,SYN2-036-A:P0003,G:LYBE:DOR:SYN2-160-A:P0001,EVTOL_003,LYBE,DOR,before_boarding,selected_plan,repositioning_flight,repositioning_flight@LYBE,takeoff,0.6666666666666666,0.0,0.0,2026-07-31T11:25:13.443898+02:00,2026-07-31T11:25:53.443898+02:00
41141.85296639672,41164.55816605215,SYN2-036-A:P0002,G:LYBE:EXPO:SYN2-036-A:P0002,EVTOL_001,LYBE,EXPO,before_boarding,selected_plan,aircraft_busy|group_formation,aircraft_busy@F000112|group_formation@LYBE,disembarking,0.37841999425715284,0.0,0.0,2026-07-31T11:25:41.852966+02:00,2026-07-31T11:26:04.558166+02:00
41141.85296639672,41396.08367609546,SYN2-286-D:P0001,G:DOR:LYBE:SYN2-286-D:P0001,,DOR,LYBE,before_boarding,candidate_set,priority_other_group,,,4.23717849497904,4.23717849497904,0.0,2026-07-31T11:25:41.852966+02:00,2026-07-31T11:29:56.083676+02:00
41144.07383813758,41217.126050247636,SYN2-034-A:P0001,G:LYBE:BW:SYN2-036-A:P0001,EVTOL_002,LYBE,BW,before_boarding,selected_plan,aircraft_busy|group_formation,aircraft_busy@F000113|group_formation@LYBE,cruise,1.2175368685009744,0.0,0.0,2026-07-31T11:25:44.073838+02:00,2026-07-31T11:26:57.126050+02:00
41153.44389802309,41378.27972002309,SYN2-160-A:P0001,G:LYBE:DOR:SYN2-160-A:P0001,EVTOL_003,LYBE,DOR,before_boarding,selected_plan,repositioning_flight,repositioning_flight@LYBE,cruise,3.747263700000015,3.747263700000015,0.0,2026-07-31T11:25:53.443898+02:00,2026-07-31T11:29:38.279720+02:00
41153.44389802309,41378.27972002309,SYN2-036-A:P0003,G:LYBE:DOR:SYN2-160-A:P0001,EVTOL_003,LYBE,DOR,before_boarding,selected_plan,repositioning_flight,repositioning_flight@LYBE,cruise,3.747263700000015,0.0,0.0,2026-07-31T11:25:53.443898+02:00,2026-07-31T11:29:38.279720+02:00
41164.55816605215,41224.55816605215,SYN2-036-A:P0002,G:LYBE:EXPO:SYN2-036-A:P0002,EVTOL_001,LYBE,EXPO,before_boarding,selected_plan,departure_preparation|group_formation,departure_preparation@JUG|group_formation@LYBE,departure_finalization,1.0,0.0,0.0,2026-07-31T11:26:04.558166+02:00,2026-07-31T11:27:04.558166+02:00
41217.126050247636,41277.126050247636,SYN2-036-A:P0001,G:LYBE:BW:SYN2-036-A:P0001,EVTOL_002,LYBE,BW,before_boarding,selected_plan,aircraft_busy|group_formation,aircraft_busy@F000113|group_formation@LYBE,landing,1.0,0.0,0.0,2026-07-31T11:26:57.126050+02:00,2026-07-31T11:27:57.126050+02:00
41217.126050247636,41277.126050247636,SYN2-034-A:P0001,G:LYBE:BW:SYN2-036-A:P0001,EVTOL_002,LYBE,BW,before_boarding,selected_plan,aircraft_busy|group_formation,aircraft_busy@F000113|group_formation@LYBE,landing,1.0,0.0,0.0,2026-07-31T11:26:57.126050+02:00,2026-07-31T11:27:57.126050+02:00
41224.55816605215,41264.55816605215,SYN2-036-A:P0002,G:LYBE:EXPO:SYN2-036-A:P0002,EVTOL_001,LYBE,EXPO,before_boarding,selected_plan,group_formation|repositioning_flight,group_formation@LYBE|repositioning_flight@LYBE,takeoff,0.6666666666666666,0.0,0.0,2026-07-31T11:27:04.558166+02:00,2026-07-31T11:27:44.558166+02:00
41236.4828448576,41318.27972002309,SYN2-033-A:P0002,G:LYBE:LYBV:SYN2-033-A:P0002,EVTOL_004,LYBE,LYBV,before_boarding,selected_plan,repositioning_flight,repositioning_flight@LYBE,cruise,1.3632812527581943,1.3632812527581943,0.0,2026-07-31T11:27:16.482845+02:00,2026-07-31T11:28:38.279720+02:00
41236.4828448576,41318.27972002309,SYN2-161-A:P0001,G:LYBE:LYBV:SYN2-033-A:P0002,EVTOL_004,LYBE,LYBV,before_boarding,selected_plan,repositioning_flight,repositioning_flight@LYBE,cruise,1.3632812527581943,0.0,0.0,2026-07-31T11:27:16.482845+02:00,2026-07-31T11:28:38.279720+02:00
41264.55816605215,41582.36047805215,SYN2-036-A:P0002,G:LYBE:EXPO:SYN2-036-A:P0002,EVTOL_001,LYBE,EXPO,before_boarding,selected_plan,group_formation|repositioning_flight,group_formation@LYBE|repositioning_flight@LYBE,cruise,5.296705199999996,0.0,0.0,2026-07-31T11:27:44.558166+02:00,2026-07-31T11:33:02.360478+02:00
41277.126050247636,41469.126050247636,SYN2-036-A:P0001,G:LYBE:BW:SYN2-036-A:P0001,EVTOL_002,LYBE,BW,before_boarding,selected_plan,aircraft_busy|group_formation,aircraft_busy@F000113|group_formation@LYBE,disembarking,3.2,0.0,0.0,2026-07-31T11:27:57.126050+02:00,2026-07-31T11:31:09.126050+02:00
41277.126050247636,41469.126050247636,SYN2-034-A:P0001,G:LYBE:BW:SYN2-036-A:P0001,EVTOL_002,LYBE,BW,before_boarding,selected_plan,aircraft_busy|group_formation,aircraft_busy@F000113|group_formation@LYBE,disembarking,3.2,0.0,0.0,2026-07-31T11:27:57.126050+02:00,2026-07-31T11:31:09.126050+02:00
41318.27972002309,41378.27972002309,SYN2-033-A:P0002,G:LYBE:LYBV:SYN2-033-A:P0002,EVTOL_004,LYBE,LYBV,before_boarding,selected_plan,repositioning_flight,repositioning_flight@LYBE,landing,1.0,1.0,0.0,2026-07-31T11:28:38.279720+02:00,2026-07-31T11:29:38.279720+02:00
41318.27972002309,41378.27972002309,SYN2-161-A:P0001,G:LYBE:LYBV:SYN2-033-A:P0002,EVTOL_004,LYBE,LYBV,before_boarding,selected_plan,repositioning_flight,repositioning_flight@LYBE,landing,1.0,0.0,0.0,2026-07-31T11:28:38.279720+02:00,2026-07-31T11:29:38.279720+02:00
41378.27972002309,41438.27972002309,SYN2-160-A:P0001,G:LYBE:DOR:SYN2-160-A:P0001,EVTOL_003,LYBE,DOR,before_boarding,selected_plan,repositioning_flight,repositioning_flight@LYBE,landing,1.0,1.0,0.0,2026-07-31T11:29:38.279720+02:00,2026-07-31T11:30:38.279720+02:00
41378.27972002309,41438.27972002309,SYN2-036-A:P0003,G:LYBE:DOR:SYN2-160-A:P0001,EVTOL_003,LYBE,DOR,before_boarding,selected_plan,repositioning_flight,repositioning_flight@LYBE,landing,1.0,0.2598561230862591,0.0,2026-07-31T11:29:38.279720+02:00,2026-07-31T11:30:38.279720+02:00
41396.08367609546,41469.126050247636,SYN2-037-A:P0001,G:LYBE:BW:SYN2-036-A:P0001,EVTOL_002,LYBE,BW,before_boarding,selected_plan,aircraft_busy|group_formation,aircraft_busy@F000113|group_formation@LYBE,disembarking,1.2173729025362263,0.0,0.0,2026-07-31T11:29:56.083676+02:00,2026-07-31T11:31:09.126050+02:00
41396.08367609546,41469.126050247636,SYN2-286-D:P0001,G:DOR:LYBE:SYN2-286-D:P0001,EVTOL_004,DOR,LYBE,before_boarding,selected_plan,aircraft_busy,aircraft_busy@F000117,boarding,1.2173729025362263,1.2173729025362263,0.0,2026-07-31T11:29:56.083676+02:00,2026-07-31T11:31:09.126050+02:00
41469.126050247636,41638.526887961714,SYN2-036-A:P0001,G:LYBE:BW:SYN2-036-A:P0001,EVTOL_002,LYBE,BW,before_boarding,selected_plan,group_formation,group_formation@LYBE,idle,2.8233472952346346,0.0,0.0,2026-07-31T11:31:09.126050+02:00,2026-07-31T11:33:58.526888+02:00
41469.126050247636,41638.526887961714,SYN2-034-A:P0001,G:LYBE:BW:SYN2-036-A:P0001,EVTOL_002,LYBE,BW,before_boarding,selected_plan,group_formation,group_formation@LYBE,idle,2.8233472952346346,0.0,0.0,2026-07-31T11:31:09.126050+02:00,2026-07-31T11:33:58.526888+02:00
41469.126050247636,41638.526887961714,SYN2-037-A:P0001,G:LYBE:BW:SYN2-036-A:P0001,EVTOL_002,LYBE,BW,before_boarding,selected_plan,group_formation,group_formation@LYBE,idle,2.8233472952346346,0.0,0.0,2026-07-31T11:31:09.126050+02:00,2026-07-31T11:33:58.526888+02:00
41469.126050247636,41616.06221116555,SYN2-286-D:P0001,G:DOR:LYBE:SYN2-286-D:P0001,EVTOL_003,DOR,LYBE,before_boarding,selected_plan,aircraft_busy,aircraft_busy@F000118,boarding,2.4489360152985076,2.4489360152985076,0.0,2026-07-31T11:31:09.126050+02:00,2026-07-31T11:33:36.062211+02:00
41469.126050247636,41599.29246873345,SYN2-283-D:P0001,G:EXPO:LYBE:SYN2-283-D:P0001,EVTOL_004,EXPO,LYBE,before_boarding,selected_plan,aircraft_busy|group_formation,aircraft_busy@F000117|group_formation@EXPO,boarding,2.1694403080969398,0.0,0.0,2026-07-31T11:31:09.126050+02:00,2026-07-31T11:33:19.292469+02:00
41582.36047805215,41642.36047805215,SYN2-036-A:P0002,G:LYBE:EXPO:SYN2-036-A:P0002,EVTOL_001,LYBE,EXPO,before_boarding,selected_plan,group_formation|repositioning_flight,group_formation@LYBE|repositioning_flight@LYBE,landing,1.0,0.0,0.0,2026-07-31T11:33:02.360478+02:00,2026-07-31T11:34:02.360478+02:00
41599.29246873345,41616.06221116555,SYN2-283-D:P0001,G:EXPO:LYBE:SYN2-283-D:P0001,EVTOL_004,EXPO,LYBE,before_boarding,selected_plan,aircraft_busy,aircraft_busy@F000117,boarding,0.2794957072015677,0.2794957072015677,0.0,2026-07-31T11:33:19.292469+02:00,2026-07-31T11:33:36.062211+02:00
41616.06221116555,41642.240114319364,SYN2-036-A:P0004,G:LYBE:LYBV:SYN2-036-A:P0004,EVTOL_003,LYBE,LYBV,before_boarding,selected_plan,aircraft_busy|group_formation,aircraft_busy@F000118|group_formation@LYBE,boarding,0.4362983858969528,0.0,0.0,2026-07-31T11:33:36.062211+02:00,2026-07-31T11:34:02.240114+02:00
41616.06221116555,41642.240114319364,SYN2-286-D:P0001,G:DOR:LYBE:SYN2-286-D:P0001,EVTOL_004,DOR,LYBE,before_boarding,selected_plan,aircraft_busy,aircraft_busy@F000117,boarding,0.4362983858969528,0.4362983858969528,0.0,2026-07-31T11:33:36.062211+02:00,2026-07-31T11:34:02.240114+02:00
41616.06221116555,41642.240114319364,SYN2-283-D:P0001,G:EXPO:LYBE:SYN2-283-D:P0001,,EXPO,LYBE,before_boarding,candidate_set,priority_other_group,,,0.4362983858969528,0.4362983858969528,0.0,2026-07-31T11:33:36.062211+02:00,2026-07-31T11:34:02.240114+02:00
41642.240114319364,42057.276029089844,SYN2-036-A:P0004,G:LYBE:LYBV:SYN2-036-A:P0004,EVTOL_002,LYBE,LYBV,before_boarding,selected_plan,aircraft_busy|group_formation,aircraft_busy@F000119|group_formation@LYBE,boarding,6.917265246174671,0.0,0.0,2026-07-31T11:34:02.240114+02:00,2026-07-31T11:40:57.276029+02:00
41642.240114319364,41708.27972002309,SYN2-286-D:P0001,G:DOR:LYBE:SYN2-286-D:P0001,EVTOL_003,DOR,LYBE,before_boarding,selected_plan,aircraft_busy,aircraft_busy@F000118,boarding,1.1006600950621457,1.1006600950621457,0.0,2026-07-31T11:34:02.240114+02:00,2026-07-31T11:35:08.279720+02:00
41642.240114319364,41648.27972002309,SYN2-283-D:P0001,G:EXPO:LYBE:SYN2-283-D:P0001,EVTOL_004,EXPO,LYBE,before_boarding,selected_plan,aircraft_busy,aircraft_busy@F000117,boarding,0.10066009506214565,0.10066009506214565,0.0,2026-07-31T11:34:02.240114+02:00,2026-07-31T11:34:08.279720+02:00
41642.36047805215,42041.85296639672,SYN2-036-A:P0002,G:LYBE:EXPO:SYN2-036-A:P0002,EVTOL_001,LYBE,EXPO,before_boarding,selected_plan,group_formation,group_formation@LYBE,idle,6.658208139076184,0.0,0.0,2026-07-31T11:34:02.360478+02:00,2026-07-31T11:40:41.852966+02:00
41648.27972002309,41941.84268796791,SYN2-283-D:P0001,G:EXPO:LYBE:SYN2-283-D:P0001,EVTOL_004,EXPO,LYBE,before_boarding,selected_plan,aircraft_busy,aircraft_busy@F000117,waiting_for_tlof,4.892716132413625,4.892716132413625,0.0,2026-07-31T11:34:08.279720+02:00,2026-07-31T11:39:01.842688+02:00
41648.27972002309,41941.84268796791,SYN2-033-A:P0002,G:LYBE:LYBV:SYN2-033-A:P0002,EVTOL_004,LYBE,LYBV,after_boarding,committed_flight,battery_after_repositioning,battery_after_repositioning@LYBE,waiting_for_departure,4.892716132413625,0.0,4.892716132413625,2026-07-31T11:34:08.279720+02:00,2026-07-31T11:39:01.842688+02:00
41648.27972002309,41941.84268796791,SYN2-161-A:P0001,G:LYBE:LYBV:SYN2-033-A:P0002,EVTOL_004,LYBE,LYBV,after_boarding,committed_flight,battery_after_repositioning,battery_after_repositioning@LYBE,waiting_for_departure,4.892716132413625,0.0,4.892716132413625,2026-07-31T11:34:08.279720+02:00,2026-07-31T11:39:01.842688+02:00
41708.27972002309,41819.95317393082,SYN2-286-D:P0001,G:DOR:LYBE:SYN2-286-D:P0001,EVTOL_003,DOR,LYBE,before_boarding,selected_plan,aircraft_busy,aircraft_busy@F000118,waiting_for_tlof,1.8612242317954952,1.8612242317954952,0.0,2026-07-31T11:35:08.279720+02:00,2026-07-31T11:36:59.953174+02:00
41708.27972002309,41819.95317393082,SYN2-160-A:P0001,G:LYBE:DOR:SYN2-160-A:P0001,EVTOL_003,LYBE,DOR,after_boarding,committed_flight,battery_after_repositioning,battery_after_repositioning@LYBE,waiting_for_departure,1.8612242317954952,0.0,1.8612242317954952,2026-07-31T11:35:08.279720+02:00,2026-07-31T11:36:59.953174+02:00
41708.27972002309,41819.95317393082,SYN2-036-A:P0003,G:LYBE:DOR:SYN2-160-A:P0001,EVTOL_003,LYBE,DOR,after_boarding,committed_flight,battery_after_repositioning,battery_after_repositioning@LYBE,waiting_for_departure,1.8612242317954952,0.0,1.8612242317954952,2026-07-31T11:35:08.279720+02:00,2026-07-31T11:36:59.953174+02:00
41819.95317393082,41879.95317393082,SYN2-286-D:P0001,G:DOR:LYBE:SYN2-286-D:P0001,EVTOL_003,DOR,LYBE,before_boarding,selected_plan,aircraft_busy,aircraft_busy@F000118,departure_finalization,1.0,1.0,0.0,2026-07-31T11:36:59.953174+02:00,2026-07-31T11:37:59.953174+02:00
41819.95317393082,41879.95317393082,SYN2-160-A:P0001,G:LYBE:DOR:SYN2-160-A:P0001,EVTOL_003,LYBE,DOR,departure_preparation,committed_flight,departure_preparation,departure_preparation@LYBE,departure_finalization,1.0,0.0,0.0,2026-07-31T11:36:59.953174+02:00,2026-07-31T11:37:59.953174+02:00
41819.95317393082,41879.95317393082,SYN2-036-A:P0003,G:LYBE:DOR:SYN2-160-A:P0001,EVTOL_003,LYBE,DOR,departure_preparation,committed_flight,departure_preparation,departure_preparation@LYBE,departure_finalization,1.0,0.0,0.0,2026-07-31T11:36:59.953174+02:00,2026-07-31T11:37:59.953174+02:00
41879.95317393082,41919.95317393082,SYN2-286-D:P0001,G:DOR:LYBE:SYN2-286-D:P0001,EVTOL_003,DOR,LYBE,before_boarding,selected_plan,aircraft_busy,aircraft_busy@F000118,takeoff,0.6666666666666666,0.6666666666666666,0.0,2026-07-31T11:37:59.953174+02:00,2026-07-31T11:38:39.953174+02:00
41919.95317393082,42247.753387930825,SYN2-286-D:P0001,G:DOR:LYBE:SYN2-286-D:P0001,EVTOL_003,DOR,LYBE,before_boarding,selected_plan,aircraft_busy,aircraft_busy@F000118,cruise,5.463336900000043,5.463336900000043,0.0,2026-07-31T11:38:39.953174+02:00,2026-07-31T11:44:07.753388+02:00
41941.84268796791,42001.84268796791,SYN2-283-D:P0001,G:EXPO:LYBE:SYN2-283-D:P0001,EVTOL_004,EXPO,LYBE,before_boarding,selected_plan,aircraft_busy,aircraft_busy@F000117,departure_finalization,1.0,1.0,0.0,2026-07-31T11:39:01.842688+02:00,2026-07-31T11:40:01.842688+02:00
41941.84268796791,42001.84268796791,SYN2-033-A:P0002,G:LYBE:LYBV:SYN2-033-A:P0002,EVTOL_004,LYBE,LYBV,departure_preparation,committed_flight,departure_preparation,departure_preparation@LYBE,departure_finalization,1.0,0.0,0.0,2026-07-31T11:39:01.842688+02:00,2026-07-31T11:40:01.842688+02:00
41941.84268796791,42001.84268796791,SYN2-161-A:P0001,G:LYBE:LYBV:SYN2-033-A:P0002,EVTOL_004,LYBE,LYBV,departure_preparation,committed_flight,departure_preparation,departure_preparation@LYBE,departure_finalization,1.0,0.0,0.0,2026-07-31T11:39:01.842688+02:00,2026-07-31T11:40:01.842688+02:00
42001.84268796791,42041.84268796791,SYN2-283-D:P0001,G:EXPO:LYBE:SYN2-283-D:P0001,EVTOL_004,EXPO,LYBE,before_boarding,selected_plan,aircraft_busy,aircraft_busy@F000117,takeoff,0.6666666666666666,0.6666666666666666,0.0,2026-07-31T11:40:01.842688+02:00,2026-07-31T11:40:41.842688+02:00
42041.84268796791,42057.276029089844,SYN2-283-D:P0001,G:EXPO:LYBE:SYN2-283-D:P0001,EVTOL_004,EXPO,LYBE,before_boarding,selected_plan,aircraft_busy,aircraft_busy@F000117,cruise,0.25722235203223437,0.25722235203223437,0.0,2026-07-31T11:40:41.842688+02:00,2026-07-31T11:40:57.276029+02:00
42057.276029089844,42236.85296639672,SYN2-036-A:P0004,G:LYBE:LYBV:SYN2-036-A:P0004,EVTOL_001,LYBE,LYBV,before_boarding,selected_plan,aircraft_busy|group_formation,aircraft_busy@F000120|group_formation@LYBE,boarding,2.992948955114601,0.0,0.0,2026-07-31T11:40:57.276029+02:00,2026-07-31T11:43:56.852966+02:00
42057.276029089844,42058.526887961714,SYN2-283-D:P0001,G:EXPO:LYBE:SYN2-283-D:P0001,EVTOL_002,EXPO,LYBE,before_boarding,selected_plan,aircraft_busy,aircraft_busy@F000119,boarding,0.020847647864502505,0.020847647864502505,0.0,2026-07-31T11:40:57.276029+02:00,2026-07-31T11:40:58.526888+02:00
42058.526887961714,42118.526887961714,SYN2-283-D:P0001,G:EXPO:LYBE:SYN2-283-D:P0001,EVTOL_002,EXPO,LYBE,before_boarding,selected_plan,aircraft_busy,aircraft_busy@F000119,departure_finalization,1.0,1.0,0.0,2026-07-31T11:40:58.526888+02:00,2026-07-31T11:41:58.526888+02:00
42058.526887961714,42118.526887961714,SYN2-036-A:P0001,G:LYBE:BW:SYN2-036-A:P0001,EVTOL_002,LYBE,BW,departure_preparation,committed_flight,departure_preparation,departure_preparation@LYBE,departure_finalization,1.0,0.0,0.0,2026-07-31T11:40:58.526888+02:00,2026-07-31T11:41:58.526888+02:00
42058.526887961714,42118.526887961714,SYN2-034-A:P0001,G:LYBE:BW:SYN2-036-A:P0001,EVTOL_002,LYBE,BW,departure_preparation,committed_flight,departure_preparation,departure_preparation@LYBE,departure_finalization,1.0,0.0,0.0,2026-07-31T11:40:58.526888+02:00,2026-07-31T11:41:58.526888+02:00
42058.526887961714,42118.526887961714,SYN2-037-A:P0001,G:LYBE:BW:SYN2-036-A:P0001,EVTOL_002,LYBE,BW,departure_preparation,committed_flight,departure_preparation,departure_preparation@LYBE,departure_finalization,1.0,0.0,0.0,2026-07-31T11:40:58.526888+02:00,2026-07-31T11:41:58.526888+02:00
42058.526887961714,42118.526887961714,SYN2-164-A:P0001,G:LYBE:BW:SYN2-036-A:P0001,EVTOL_002,LYBE,BW,departure_preparation,committed_flight,departure_preparation,departure_preparation@LYBE,departure_finalization,1.0,0.0,0.0,2026-07-31T11:40:58.526888+02:00,2026-07-31T11:41:58.526888+02:00
42118.526887961714,42158.526887961714,SYN2-283-D:P0001,G:EXPO:LYBE:SYN2-283-D:P0001,EVTOL_002,EXPO,LYBE,before_boarding,selected_plan,aircraft_busy,aircraft_busy@F000119,takeoff,0.6666666666666666,0.6666666666666666,0.0,2026-07-31T11:41:58.526888+02:00,2026-07-31T11:42:38.526888+02:00
42158.526887961714,42383.362709961715,SYN2-283-D:P0001,G:EXPO:LYBE:SYN2-283-D:P0001,EVTOL_002,EXPO,LYBE,before_boarding,selected_plan,aircraft_busy,aircraft_busy@F000119,cruise,3.747263700000015,3.747263700000015,0.0,2026-07-31T11:42:38.526888+02:00,2026-07-31T11:46:23.362710+02:00
42236.85296639672,42296.85296639672,SYN2-036-A:P0004,G:LYBE:LYBV:SYN2-036-A:P0004,EVTOL_001,LYBE,LYBV,before_boarding,selected_plan,aircraft_busy|group_formation,aircraft_busy@F000120|group_formation@LYBE,departure_finalization,1.0,0.0,0.0,2026-07-31T11:43:56.852966+02:00,2026-07-31T11:44:56.852966+02:00
42236.85296639672,42296.85296639672,SYN2-036-A:P0002,G:LYBE:EXPO:SYN2-036-A:P0002,EVTOL_001,LYBE,EXPO,departure_preparation,committed_flight,departure_preparation,departure_preparation@LYBE,departure_finalization,1.0,0.0,0.0,2026-07-31T11:43:56.852966+02:00,2026-07-31T11:44:56.852966+02:00
42247.753387930825,42307.753387930825,SYN2-286-D:P0001,G:DOR:LYBE:SYN2-286-D:P0001,EVTOL_003,DOR,LYBE,before_boarding,selected_plan,aircraft_busy,aircraft_busy@F000118,landing,1.0,1.0,0.0,2026-07-31T11:44:07.753388+02:00,2026-07-31T11:45:07.753388+02:00
42296.85296639672,42336.85296639672,SYN2-036-A:P0004,G:LYBE:LYBV:SYN2-036-A:P0004,EVTOL_001,LYBE,LYBV,before_boarding,selected_plan,aircraft_busy|group_formation,aircraft_busy@F000120|group_formation@LYBE,takeoff,0.6666666666666666,0.0,0.0,2026-07-31T11:44:56.852966+02:00,2026-07-31T11:45:36.852966+02:00
42307.753387930825,42499.753387930825,SYN2-286-D:P0001,G:DOR:LYBE:SYN2-286-D:P0001,EVTOL_003,DOR,LYBE,before_boarding,selected_plan,aircraft_busy,aircraft_busy@F000118,disembarking,3.2,3.2,0.0,2026-07-31T11:45:07.753388+02:00,2026-07-31T11:48:19.753388+02:00
42336.85296639672,42437.61536439672,SYN2-036-A:P0004,G:LYBE:LYBV:SYN2-036-A:P0004,EVTOL_001,LYBE,LYBV,before_boarding,selected_plan,aircraft_busy|group_formation,aircraft_busy@F000120|group_formation@LYBE,cruise,1.6793732999999824,0.0,0.0,2026-07-31T11:45:36.852966+02:00,2026-07-31T11:47:17.615364+02:00
42383.362709961715,42443.362709961715,SYN2-283-D:P0001,G:EXPO:LYBE:SYN2-283-D:P0001,EVTOL_002,EXPO,LYBE,before_boarding,selected_plan,aircraft_busy,aircraft_busy@F000119,landing,1.0,1.0,0.0,2026-07-31T11:46:23.362710+02:00,2026-07-31T11:47:23.362710+02:00
42437.61536439672,42497.61536439672,SYN2-036-A:P0004,G:LYBE:LYBV:SYN2-036-A:P0004,EVTOL_001,LYBE,LYBV,before_boarding,selected_plan,aircraft_busy|group_formation,aircraft_busy@F000120|group_formation@LYBE,landing,1.0,0.0,0.0,2026-07-31T11:47:17.615364+02:00,2026-07-31T11:48:17.615364+02:00
42443.362709961715,42490.57616076573,SYN2-283-D:P0001,G:EXPO:LYBE:SYN2-283-D:P0001,EVTOL_002,EXPO,LYBE,before_boarding,selected_plan,aircraft_busy,aircraft_busy@F000119,disembarking,0.7868908467336344,0.7868908467336344,0.0,2026-07-31T11:47:23.362710+02:00,2026-07-31T11:48:10.576161+02:00
42490.57616076573,42767.362709961715,SYN2-046-A:P0001,G:LYBE:DOR:SYN2-046-A:P0001,EVTOL_002,LYBE,DOR,before_boarding,selected_plan,aircraft_busy|group_formation,aircraft_busy@F000119|group_formation@LYBE,disembarking,4.6131091532663655,0.0,0.0,2026-07-31T11:48:10.576161+02:00,2026-07-31T11:52:47.362710+02:00
42490.57616076573,42630.29087596791,SYN2-283-D:P0001,G:EXPO:LYBE:SYN2-283-D:P0001,EVTOL_004,EXPO,LYBE,before_boarding,selected_plan,aircraft_busy,aircraft_busy@F000117,disembarking,2.328578586702982,2.328578586702982,0.0,2026-07-31T11:48:10.576161+02:00,2026-07-31T11:50:30.290876+02:00
42497.61536439672,42516.06221116555,SYN2-036-A:P0004,G:LYBE:LYBV:SYN2-036-A:P0004,EVTOL_001,LYBE,LYBV,before_boarding,selected_plan,aircraft_busy|group_formation,aircraft_busy@F000120|group_formation@LYBE,disembarking,0.30744744614712544,0.0,0.0,2026-07-31T11:48:17.615364+02:00,2026-07-31T11:48:36.062211+02:00
42516.06221116555,42623.61536439672,SYN2-036-A:P0004,G:LYBE:LYBV:SYN2-036-A:P0004,EVTOL_001,LYBE,LYBV,before_boarding,selected_plan,aircraft_busy,aircraft_busy@F000120,disembarking,1.7925525538528746,1.7925525538528746,0.0,2026-07-31T11:48:36.062211+02:00,2026-07-31T11:50:23.615364+02:00
42519.411987282845,42623.61536439672,SYN2-045-A:P0001,G:LYBE:LYBV:SYN2-036-A:P0004,EVTOL_001,LYBE,LYBV,before_boarding,selected_plan,aircraft_busy,aircraft_busy@F000120,disembarking,1.7367229518979002,0.0,0.0,2026-07-31T11:48:39.411987+02:00,2026-07-31T11:50:23.615364+02:00
42623.61536439672,42683.61536439672,SYN2-036-A:P0004,G:LYBE:LYBV:SYN2-036-A:P0004,EVTOL_001,LYBE,LYBV,before_boarding,selected_plan,departure_preparation,departure_preparation@EXPO,departure_finalization,1.0,1.0,0.0,2026-07-31T11:50:23.615364+02:00,2026-07-31T11:51:23.615364+02:00
42623.61536439672,42683.61536439672,SYN2-045-A:P0001,G:LYBE:LYBV:SYN2-036-A:P0004,EVTOL_001,LYBE,LYBV,before_boarding,selected_plan,departure_preparation,departure_preparation@EXPO,departure_finalization,1.0,0.0,0.0,2026-07-31T11:50:23.615364+02:00,2026-07-31T11:51:23.615364+02:00
42630.29087596791,42834.388271489464,SYN2-283-D:P0001,G:EXPO:LYBE:SYN2-283-D:P0001,EVTOL_004,EXPO,LYBE,before_boarding,selected_plan,battery_before_repositioning,battery_before_repositioning@LYBV,idle,3.4016232586925375,3.4016232586925375,0.0,2026-07-31T11:50:30.290876+02:00,2026-07-31T11:53:54.388271+02:00
42683.61536439672,42723.61536439672,SYN2-036-A:P0004,G:LYBE:LYBV:SYN2-036-A:P0004,EVTOL_001,LYBE,LYBV,before_boarding,selected_plan,repositioning_flight,repositioning_flight@LYBE,takeoff,0.6666666666666666,0.6666666666666666,0.0,2026-07-31T11:51:23.615364+02:00,2026-07-31T11:52:03.615364+02:00
42683.61536439672,42723.61536439672,SYN2-045-A:P0001,G:LYBE:LYBV:SYN2-036-A:P0004,EVTOL_001,LYBE,LYBV,before_boarding,selected_plan,repositioning_flight,repositioning_flight@LYBE,takeoff,0.6666666666666666,0.0,0.0,2026-07-31T11:51:23.615364+02:00,2026-07-31T11:52:03.615364+02:00
42694.753387930825,42864.39244722712,SYN2-286-D:P0001,G:DOR:LYBE:SYN2-286-D:P0001,EVTOL_003,DOR,LYBE,after_boarding,committed_flight,battery_at_origin,battery_at_origin@DOR,waiting_for_departure,2.827317654938209,0.0,2.827317654938209,2026-07-31T11:51:34.753388+02:00,2026-07-31T11:54:24.392447+02:00
42723.61536439672,42824.37776239672,SYN2-036-A:P0004,G:LYBE:LYBV:SYN2-036-A:P0004,EVTOL_001,LYBE,LYBV,before_boarding,selected_plan,repositioning_flight,repositioning_flight@LYBE,cruise,1.6793732999999824,1.6793732999999824,0.0,2026-07-31T11:52:03.615364+02:00,2026-07-31T11:53:44.377762+02:00
42723.61536439672,42824.37776239672,SYN2-045-A:P0001,G:LYBE:LYBV:SYN2-036-A:P0004,EVTOL_001,LYBE,LYBV,before_boarding,selected_plan,repositioning_flight,repositioning_flight@LYBE,cruise,1.6793732999999824,0.0,0.0,2026-07-31T11:52:03.615364+02:00,2026-07-31T11:53:44.377762+02:00
42729.56491543879,42864.39244722712,SYN2-051-A:P0001,G:LYBE:BW:SYN2-051-A:P0001,EVTOL_003,LYBE,BW,before_boarding,selected_plan,aircraft_busy|group_formation,aircraft_busy@F000121|group_formation@LYBE,waiting_for_tlof,2.2471255298055137,0.0,0.0,2026-07-31T11:52:09.564915+02:00,2026-07-31T11:54:24.392447+02:00
42767.362709961715,42827.362709961715,SYN2-046-A:P0001,G:LYBE:DOR:SYN2-046-A:P0001,EVTOL_002,LYBE,DOR,before_boarding,selected_plan,departure_preparation|group_formation,departure_preparation@BW|group_formation@LYBE,departure_finalization,1.0,0.0,0.0,2026-07-31T11:52:47.362710+02:00,2026-07-31T11:53:47.362710+02:00
42770.971383956465,42864.39244722712,SYN2-047-A:P0001,G:LYBE:BW:SYN2-051-A:P0001,EVTOL_003,LYBE,BW,before_boarding,selected_plan,aircraft_busy|group_formation,aircraft_busy@F000121|group_formation@LYBE,waiting_for_tlof,1.5570177211775444,0.0,0.0,2026-07-31T11:52:50.971384+02:00,2026-07-31T11:54:24.392447+02:00
42824.37776239672,42884.37776239672,SYN2-036-A:P0004,G:LYBE:LYBV:SYN2-036-A:P0004,EVTOL_001,LYBE,LYBV,before_boarding,selected_plan,repositioning_flight,repositioning_flight@LYBE,landing,1.0,1.0,0.0,2026-07-31T11:53:44.377762+02:00,2026-07-31T11:54:44.377762+02:00
42824.37776239672,42884.37776239672,SYN2-045-A:P0001,G:LYBE:LYBV:SYN2-036-A:P0004,EVTOL_001,LYBE,LYBV,before_boarding,selected_plan,repositioning_flight,repositioning_flight@LYBE,landing,1.0,0.0,0.0,2026-07-31T11:53:44.377762+02:00,2026-07-31T11:54:44.377762+02:00
42827.362709961715,42867.362709961715,SYN2-046-A:P0001,G:LYBE:DOR:SYN2-046-A:P0001,EVTOL_002,LYBE,DOR,before_boarding,selected_plan,group_formation|repositioning_flight,group_formation@LYBE|repositioning_flight@LYBE,takeoff,0.6666666666666666,0.0,0.0,2026-07-31T11:53:47.362710+02:00,2026-07-31T11:54:27.362710+02:00
42834.388271489464,42894.388271489464,SYN2-289-D:P0001,G:BW:LYBE:SYN2-289-D:P0001,EVTOL_004,BW,LYBE,before_boarding,selected_plan,departure_preparation|group_formation,departure_preparation@LYBV|group_formation@BW,departure_finalization,1.0,0.0,0.0,2026-07-31T11:53:54.388271+02:00,2026-07-31T11:54:54.388271+02:00
42834.388271489464,42894.388271489464,SYN2-283-D:P0001,G:EXPO:LYBE:SYN2-283-D:P0001,,EXPO,LYBE,before_boarding,candidate_set,priority_other_group,,,1.0,1.0,0.0,2026-07-31T11:53:54.388271+02:00,2026-07-31T11:54:54.388271+02:00
42864.39244722712,42924.39244722712,SYN2-051-A:P0001,G:LYBE:BW:SYN2-051-A:P0001,EVTOL_003,LYBE,BW,before_boarding,selected_plan,aircraft_busy|group_formation,aircraft_busy@F000121|group_formation@LYBE,departure_finalization,1.0,0.0,0.0,2026-07-31T11:54:24.392447+02:00,2026-07-31T11:55:24.392447+02:00
42864.39244722712,42924.39244722712,SYN2-047-A:P0001,G:LYBE:BW:SYN2-051-A:P0001,EVTOL_003,LYBE,BW,before_boarding,selected_plan,aircraft_busy|group_formation,aircraft_busy@F000121|group_formation@LYBE,departure_finalization,1.0,0.0,0.0,2026-07-31T11:54:24.392447+02:00,2026-07-31T11:55:24.392447+02:00
42864.39244722712,42924.39244722712,SYN2-286-D:P0001,G:DOR:LYBE:SYN2-286-D:P0001,EVTOL_003,DOR,LYBE,departure_preparation,committed_flight,departure_preparation,departure_preparation@DOR,departure_finalization,1.0,0.0,0.0,2026-07-31T11:54:24.392447+02:00,2026-07-31T11:55:24.392447+02:00
42867.362709961715,43092.198531961716,SYN2-046-A:P0001,G:LYBE:DOR:SYN2-046-A:P0001,EVTOL_002,LYBE,DOR,before_boarding,selected_plan,group_formation|repositioning_flight,group_formation@LYBE|repositioning_flight@LYBE,cruise,3.747263700000015,0.0,0.0,2026-07-31T11:54:27.362710+02:00,2026-07-31T11:58:12.198532+02:00
42894.388271489464,42934.388271489464,SYN2-289-D:P0001,G:BW:LYBE:SYN2-289-D:P0001,EVTOL_004,BW,LYBE,before_boarding,selected_plan,group_formation|repositioning_flight,group_formation@BW|repositioning_flight@BW,takeoff,0.6666666666666666,0.0,0.0,2026-07-31T11:54:54.388271+02:00,2026-07-31T11:55:34.388271+02:00
42894.388271489464,43154.37776239672,SYN2-283-D:P0001,G:EXPO:LYBE:SYN2-283-D:P0001,EVTOL_001,EXPO,LYBE,before_boarding,selected_plan,aircraft_busy,aircraft_busy@F000125,boarding,4.333158181787561,4.333158181787561,0.0,2026-07-31T11:54:54.388271+02:00,2026-07-31T11:59:14.377762+02:00
42924.39244722712,42964.39244722712,SYN2-051-A:P0001,G:LYBE:BW:SYN2-051-A:P0001,EVTOL_003,LYBE,BW,before_boarding,selected_plan,aircraft_busy|group_formation,aircraft_busy@F000121|group_formation@LYBE,takeoff,0.6666666666666666,0.0,0.0,2026-07-31T11:55:24.392447+02:00,2026-07-31T11:56:04.392447+02:00
42924.39244722712,42964.39244722712,SYN2-047-A:P0001,G:LYBE:BW:SYN2-051-A:P0001,EVTOL_003,LYBE,BW,before_boarding,selected_plan,aircraft_busy|group_formation,aircraft_busy@F000121|group_formation@LYBE,takeoff,0.6666666666666666,0.0,0.0,2026-07-31T11:55:24.392447+02:00,2026-07-31T11:56:04.392447+02:00
42934.388271489464,43028.000637489466,SYN2-289-D:P0001,G:BW:LYBE:SYN2-289-D:P0001,EVTOL_004,BW,LYBE,before_boarding,selected_plan,group_formation|repositioning_flight,group_formation@BW|repositioning_flight@BW,cruise,1.56020610000002,0.0,0.0,2026-07-31T11:55:34.388271+02:00,2026-07-31T11:57:08.000637+02:00
42964.39244722712,43292.19266122712,SYN2-051-A:P0001,G:LYBE:BW:SYN2-051-A:P0001,EVTOL_003,LYBE,BW,before_boarding,selected_plan,aircraft_busy|group_formation,aircraft_busy@F000121|group_formation@LYBE,cruise,5.463336900000043,0.0,0.0,2026-07-31T11:56:04.392447+02:00,2026-07-31T12:01:32.192661+02:00
42964.39244722712,43292.19266122712,SYN2-047-A:P0001,G:LYBE:BW:SYN2-051-A:P0001,EVTOL_003,LYBE,BW,before_boarding,selected_plan,aircraft_busy|group_formation,aircraft_busy@F000121|group_formation@LYBE,cruise,5.463336900000043,0.0,0.0,2026-07-31T11:56:04.392447+02:00,2026-07-31T12:01:32.192661+02:00
43028.000637489466,43088.000637489466,SYN2-289-D:P0001,G:BW:LYBE:SYN2-289-D:P0001,EVTOL_004,BW,LYBE,before_boarding,selected_plan,group_formation|repositioning_flight,group_formation@BW|repositioning_flight@BW,landing,1.0,0.0,0.0,2026-07-31T11:57:08.000637+02:00,2026-07-31T11:58:08.000637+02:00
43088.000637489466,43688.000637489466,SYN2-289-D:P0001,G:BW:LYBE:SYN2-289-D:P0001,EVTOL_004,BW,LYBE,before_boarding,selected_plan,cleaning|group_formation,cleaning@BW:cleaner:1|group_formation@BW,cleaning,10.0,0.0,0.0,2026-07-31T11:58:08.000637+02:00,2026-07-31T12:08:08.000637+02:00
43092.198531961716,43152.198531961716,SYN2-046-A:P0001,G:LYBE:DOR:SYN2-046-A:P0001,EVTOL_002,LYBE,DOR,before_boarding,selected_plan,group_formation|repositioning_flight,group_formation@LYBE|repositioning_flight@LYBE,landing,1.0,0.0,0.0,2026-07-31T11:58:12.198532+02:00,2026-07-31T11:59:12.198532+02:00
43152.198531961716,43390.57616076573,SYN2-046-A:P0001,G:LYBE:DOR:SYN2-046-A:P0001,EVTOL_002,LYBE,DOR,before_boarding,selected_plan,group_formation,group_formation@LYBE,idle,3.9729604800669525,0.0,0.0,2026-07-31T11:59:12.198532+02:00,2026-07-31T12:03:10.576161+02:00
43154.37776239672,43323.91804344414,SYN2-283-D:P0001,G:EXPO:LYBE:SYN2-283-D:P0001,EVTOL_001,EXPO,LYBE,before_boarding,selected_plan,aircraft_busy,aircraft_busy@F000125,waiting_for_tlof,2.825671350790314,2.825671350790314,0.0,2026-07-31T11:59:14.377762+02:00,2026-07-31T12:02:03.918043+02:00
43154.37776239672,43447.020306026694,SYN2-036-A:P0004,G:LYBE:LYBV:SYN2-036-A:P0004,EVTOL_001,LYBE,LYBV,after_boarding,committed_flight,battery_after_repositioning,battery_after_repositioning@LYBE,waiting_for_departure,4.8773757271662666,0.0,4.8773757271662666,2026-07-31T11:59:14.377762+02:00,2026-07-31T12:04:07.020306+02:00
43154.37776239672,43447.020306026694,SYN2-045-A:P0001,G:LYBE:LYBV:SYN2-036-A:P0004,EVTOL_001,LYBE,LYBV,after_boarding,committed_flight,battery_after_repositioning,battery_after_repositioning@LYBE,waiting_for_departure,4.8773757271662666,0.0,4.8773757271662666,2026-07-31T11:59:14.377762+02:00,2026-07-31T12:04:07.020306+02:00
43167.145849395354,43390.57616076573,SYN2-050-A:P0001,G:LYBE:DOR:SYN2-046-A:P0001,EVTOL_002,LYBE,DOR,before_boarding,selected_plan,group_formation,group_formation@LYBE,idle,3.723838522839651,0.0,0.0,2026-07-31T11:59:27.145849+02:00,2026-07-31T12:03:10.576161+02:00
43257.51090854269,43292.19266122712,SYN2-054-A:P0001,G:LYBE:BW:SYN2-051-A:P0001,EVTOL_003,LYBE,BW,before_boarding,selected_plan,aircraft_busy|group_formation,aircraft_busy@F000121|group_formation@LYBE,cruise,0.5780292114071927,0.0,0.0,2026-07-31T12:00:57.510909+02:00,2026-07-31T12:01:32.192661+02:00
43292.19266122712,43352.19266122712,SYN2-051-A:P0001,G:LYBE:BW:SYN2-051-A:P0001,EVTOL_003,LYBE,BW,before_boarding,selected_plan,aircraft_busy|group_formation,aircraft_busy@F000121|group_formation@LYBE,landing,1.0,0.0,0.0,2026-07-31T12:01:32.192661+02:00,2026-07-31T12:02:32.192661+02:00
43292.19266122712,43352.19266122712,SYN2-047-A:P0001,G:LYBE:BW:SYN2-051-A:P0001,EVTOL_003,LYBE,BW,before_boarding,selected_plan,aircraft_busy|group_formation,aircraft_busy@F000121|group_formation@LYBE,landing,1.0,0.0,0.0,2026-07-31T12:01:32.192661+02:00,2026-07-31T12:02:32.192661+02:00
43292.19266122712,43352.19266122712,SYN2-054-A:P0001,G:LYBE:BW:SYN2-051-A:P0001,EVTOL_003,LYBE,BW,before_boarding,selected_plan,aircraft_busy|group_formation,aircraft_busy@F000121|group_formation@LYBE,landing,1.0,0.0,0.0,2026-07-31T12:01:32.192661+02:00,2026-07-31T12:02:32.192661+02:00
43323.91804344414,43412.19266122712,SYN2-053-A:P0002,G:LYBE:JUG:SYN2-053-A:P0002,EVTOL_001,LYBE,JUG,before_boarding,selected_plan,aircraft_busy|group_formation,aircraft_busy@F000125|group_formation@LYBE,waiting_for_tlof,1.4712436297163853,0.0,0.0,2026-07-31T12:02:03.918043+02:00,2026-07-31T12:03:32.192661+02:00
43323.91804344414,43412.19266122712,SYN2-283-D:P0001,G:EXPO:LYBE:SYN2-283-D:P0001,,EXPO,LYBE,before_boarding,candidate_set,priority_other_group,,,1.4712436297163853,1.4712436297163853,0.0,2026-07-31T12:02:03.918043+02:00,2026-07-31T12:03:32.192661+02:00
43352.19266122712,43478.19266122712,SYN2-051-A:P0001,G:LYBE:BW:SYN2-051-A:P0001,EVTOL_003,LYBE,BW,before_boarding,selected_plan,aircraft_busy|group_formation,aircraft_busy@F000121|group_formation@LYBE,disembarking,2.1,0.0,0.0,2026-07-31T12:02:32.192661+02:00,2026-07-31T12:04:38.192661+02:00
43352.19266122712,43478.19266122712,SYN2-047-A:P0001,G:LYBE:BW:SYN2-051-A:P0001,EVTOL_003,LYBE,BW,before_boarding,selected_plan,aircraft_busy|group_formation,aircraft_busy@F000121|group_formation@LYBE,disembarking,2.1,0.0,0.0,2026-07-31T12:02:32.192661+02:00,2026-07-31T12:04:38.192661+02:00
43352.19266122712,43478.19266122712,SYN2-054-A:P0001,G:LYBE:BW:SYN2-051-A:P0001,EVTOL_003,LYBE,BW,before_boarding,selected_plan,aircraft_busy|group_formation,aircraft_busy@F000121|group_formation@LYBE,disembarking,2.1,0.0,0.0,2026-07-31T12:02:32.192661+02:00,2026-07-31T12:04:38.192661+02:00
43412.19266122712,43660.57616076573,SYN2-053-A:P0002,G:LYBE:JUG:SYN2-053-A:P0002,EVTOL_002,LYBE,JUG,before_boarding,selected_plan,aircraft_busy|group_formation,aircraft_busy@F000126|group_formation@LYBE,boarding,4.139724992310221,0.0,0.0,2026-07-31T12:03:32.192661+02:00,2026-07-31T12:07:40.576161+02:00
43412.19266122712,43447.020306026694,SYN2-283-D:P0001,G:EXPO:LYBE:SYN2-283-D:P0001,EVTOL_001,EXPO,LYBE,before_boarding,selected_plan,aircraft_busy,aircraft_busy@F000125,waiting_for_tlof,0.5804607466595674,0.5804607466595674,0.0,2026-07-31T12:03:32.192661+02:00,2026-07-31T12:04:07.020306+02:00
43447.020306026694,43507.020306026694,SYN2-283-D:P0001,G:EXPO:LYBE:SYN2-283-D:P0001,EVTOL_001,EXPO,LYBE,before_boarding,selected_plan,aircraft_busy,aircraft_busy@F000125,departure_finalization,1.0,1.0,0.0,2026-07-31T12:04:07.020306+02:00,2026-07-31T12:05:07.020306+02:00
43447.020306026694,43507.020306026694,SYN2-036-A:P0004,G:LYBE:LYBV:SYN2-036-A:P0004,EVTOL_001,LYBE,LYBV,departure_preparation,committed_flight,departure_preparation,departure_preparation@LYBE,departure_finalization,1.0,0.0,0.0,2026-07-31T12:04:07.020306+02:00,2026-07-31T12:05:07.020306+02:00
43447.020306026694,43507.020306026694,SYN2-045-A:P0001,G:LYBE:LYBV:SYN2-036-A:P0004,EVTOL_001,LYBE,LYBV,departure_preparation,committed_flight,departure_preparation,departure_preparation@LYBE,departure_finalization,1.0,0.0,0.0,2026-07-31T12:04:07.020306+02:00,2026-07-31T12:05:07.020306+02:00
43478.19266122712,43629.56491543879,SYN2-051-A:P0001,G:LYBE:BW:SYN2-051-A:P0001,EVTOL_003,LYBE,BW,before_boarding,selected_plan,cleaning|group_formation,cleaning@LYBE:cleaner:1|group_formation@LYBE,cleaning,2.5228709035277763,0.0,0.0,2026-07-31T12:04:38.192661+02:00,2026-07-31T12:07:09.564915+02:00
43478.19266122712,43629.56491543879,SYN2-047-A:P0001,G:LYBE:BW:SYN2-051-A:P0001,EVTOL_003,LYBE,BW,before_boarding,selected_plan,cleaning|group_formation,cleaning@LYBE:cleaner:1|group_formation@LYBE,cleaning,2.5228709035277763,0.0,0.0,2026-07-31T12:04:38.192661+02:00,2026-07-31T12:07:09.564915+02:00
43478.19266122712,43629.56491543879,SYN2-054-A:P0001,G:LYBE:BW:SYN2-051-A:P0001,EVTOL_003,LYBE,BW,before_boarding,selected_plan,cleaning|group_formation,cleaning@LYBE:cleaner:1|group_formation@LYBE,cleaning,2.5228709035277763,0.0,0.0,2026-07-31T12:04:38.192661+02:00,2026-07-31T12:07:09.564915+02:00
43507.020306026694,43547.020306026694,SYN2-283-D:P0001,G:EXPO:LYBE:SYN2-283-D:P0001,EVTOL_001,EXPO,LYBE,before_boarding,selected_plan,aircraft_busy,aircraft_busy@F000125,takeoff,0.6666666666666666,0.6666666666666666,0.0,2026-07-31T12:05:07.020306+02:00,2026-07-31T12:05:47.020306+02:00
43547.020306026694,43728.9015301286,SYN2-283-D:P0001,G:EXPO:LYBE:SYN2-283-D:P0001,EVTOL_001,EXPO,LYBE,before_boarding,selected_plan,aircraft_busy,aircraft_busy@F000125,cruise,3.0313537350317348,3.0313537350317348,0.0,2026-07-31T12:05:47.020306+02:00,2026-07-31T12:08:48.901530+02:00
43629.56491543879,44078.19266122712,SYN2-051-A:P0001,G:LYBE:BW:SYN2-051-A:P0001,EVTOL_003,LYBE,BW,before_boarding,selected_plan,cleaning,cleaning@LYBE:cleaner:1,cleaning,7.477129096472224,7.477129096472224,0.0,2026-07-31T12:07:09.564915+02:00,2026-07-31T12:14:38.192661+02:00
43629.56491543879,44078.19266122712,SYN2-047-A:P0001,G:LYBE:BW:SYN2-051-A:P0001,EVTOL_003,LYBE,BW,before_boarding,selected_plan,cleaning,cleaning@LYBE:cleaner:1,cleaning,7.477129096472224,6.787021287844254,0.0,2026-07-31T12:07:09.564915+02:00,2026-07-31T12:14:38.192661+02:00
43629.56491543879,44078.19266122712,SYN2-054-A:P0001,G:LYBE:BW:SYN2-051-A:P0001,EVTOL_003,LYBE,BW,before_boarding,selected_plan,cleaning,cleaning@LYBE:cleaner:1,cleaning,7.477129096472224,0.0,0.0,2026-07-31T12:07:09.564915+02:00,2026-07-31T12:14:38.192661+02:00
43660.57616076573,43720.57616076573,SYN2-053-A:P0002,G:LYBE:JUG:SYN2-053-A:P0002,EVTOL_002,LYBE,JUG,before_boarding,selected_plan,aircraft_busy|group_formation,aircraft_busy@F000126|group_formation@LYBE,departure_finalization,1.0,0.0,0.0,2026-07-31T12:07:40.576161+02:00,2026-07-31T12:08:40.576161+02:00
43660.57616076573,43720.57616076573,SYN2-046-A:P0001,G:LYBE:DOR:SYN2-046-A:P0001,EVTOL_002,LYBE,DOR,departure_preparation,committed_flight,departure_preparation,departure_preparation@LYBE,departure_finalization,1.0,0.0,0.0,2026-07-31T12:07:40.576161+02:00,2026-07-31T12:08:40.576161+02:00
43660.57616076573,43720.57616076573,SYN2-050-A:P0001,G:LYBE:DOR:SYN2-046-A:P0001,EVTOL_002,LYBE,DOR,departure_preparation,committed_flight,departure_preparation,departure_preparation@LYBE,departure_finalization,1.0,0.0,0.0,2026-07-31T12:07:40.576161+02:00,2026-07-31T12:08:40.576161+02:00
43688.000637489466,43734.388271489464,SYN2-289-D:P0001,G:BW:LYBE:SYN2-289-D:P0001,EVTOL_004,BW,LYBE,before_boarding,selected_plan,group_formation,group_formation@BW,idle,0.7731272333333133,0.0,0.0,2026-07-31T12:08:08.000637+02:00,2026-07-31T12:08:54.388271+02:00
43720.57616076573,43749.915786647754,SYN2-053-A:P0002,G:LYBE:JUG:SYN2-053-A:P0002,EVTOL_002,LYBE,JUG,before_boarding,selected_plan,aircraft_busy|group_formation,aircraft_busy@F000126|group_formation@LYBE,takeoff,0.4889937647003535,0.0,0.0,2026-07-31T12:08:40.576161+02:00,2026-07-31T12:09:09.915787+02:00
43728.9015301286,43749.915786647754,SYN2-053-A:P0001,G:LYBE:LYBV:SYN2-053-A:P0001,EVTOL_001,LYBE,LYBV,before_boarding,selected_plan,aircraft_busy|group_formation,aircraft_busy@F000125|group_formation@LYBE,cruise,0.35023760865260556,0.0,0.0,2026-07-31T12:08:48.901530+02:00,2026-07-31T12:09:09.915787+02:00
43728.9015301286,43749.915786647754,SYN2-283-D:P0001,G:EXPO:LYBE:SYN2-283-D:P0001,,EXPO,LYBE,before_boarding,candidate_set,priority_other_group,,,0.35023760865260556,0.35023760865260556,0.0,2026-07-31T12:08:48.901530+02:00,2026-07-31T12:09:09.915787+02:00
43749.915786647754,44078.19266122712,SYN2-055-A:P0001,G:LYBE:BW:SYN2-051-A:P0001,EVTOL_003,LYBE,BW,before_boarding,selected_plan,cleaning,cleaning@LYBE:cleaner:1,cleaning,5.471281242989425,0.0,0.0,2026-07-31T12:09:09.915787+02:00,2026-07-31T12:14:38.192661+02:00
43749.915786647754,43929.388271489464,SYN2-053-A:P0002,G:LYBE:JUG:SYN2-053-A:P0002,EVTOL_004,LYBE,JUG,before_boarding,selected_plan,aircraft_busy|group_formation,aircraft_busy@F000127|group_formation@LYBE,boarding,2.991208080695166,0.0,0.0,2026-07-31T12:09:09.915787+02:00,2026-07-31T12:12:09.388271+02:00
43749.915786647754,43760.57616076573,SYN2-053-A:P0001,G:LYBE:LYBV:SYN2-053-A:P0001,EVTOL_002,LYBE,LYBV,before_boarding,selected_plan,aircraft_busy|group_formation,aircraft_busy@F000126|group_formation@LYBE,takeoff,0.17767290196631316,0.0,0.0,2026-07-31T12:09:09.915787+02:00,2026-07-31T12:09:20.576161+02:00
43749.915786647754,43883.468494026696,SYN2-283-D:P0001,G:EXPO:LYBE:SYN2-283-D:P0001,EVTOL_001,EXPO,LYBE,before_boarding,selected_plan,aircraft_busy,aircraft_busy@F000125,cruise,2.2258784563156953,2.2258784563156953,0.0,2026-07-31T12:09:09.915787+02:00,2026-07-31T12:11:23.468494+02:00
43760.57616076573,44088.376374765736,SYN2-053-A:P0001,G:LYBE:LYBV:SYN2-053-A:P0001,EVTOL_002,LYBE,LYBV,before_boarding,selected_plan,aircraft_busy|group_formation,aircraft_busy@F000126|group_formation@LYBE,cruise,5.463336900000043,0.0,0.0,2026-07-31T12:09:20.576161+02:00,2026-07-31T12:14:48.376375+02:00
43883.468494026696,43921.304529199406,SYN2-283-D:P0001,G:EXPO:LYBE:SYN2-283-D:P0001,EVTOL_001,EXPO,LYBE,before_boarding,selected_plan,aircraft_busy,aircraft_busy@F000125,landing,0.6306005862118279,0.6306005862118279,0.0,2026-07-31T12:11:23.468494+02:00,2026-07-31T12:12:01.304529+02:00
43921.304529199406,43943.468494026696,SYN2-165-A:P0001,G:LYBE:BW:SYN2-165-A:P0001,EVTOL_001,LYBE,BW,before_boarding,selected_plan,aircraft_busy|group_formation,aircraft_busy@F000125|group_formation@LYBE,landing,0.36939941378817215,0.0,0.0,2026-07-31T12:12:01.304529+02:00,2026-07-31T12:12:23.468494+02:00
43921.304529199406,44088.376374765736,SYN2-283-D:P0001,G:EXPO:LYBE:SYN2-283-D:P0001,,EXPO,LYBE,before_boarding,candidate_set,priority_other_group,,,2.7845307594388333,2.7845307594388333,0.0,2026-07-31T12:12:01.304529+02:00,2026-07-31T12:14:48.376375+02:00
43929.388271489464,43989.388271489464,SYN2-053-A:P0002,G:LYBE:JUG:SYN2-053-A:P0002,EVTOL_004,LYBE,JUG,before_boarding,selected_plan,aircraft_busy|group_formation,aircraft_busy@F000127|group_formation@LYBE,departure_finalization,1.0,0.0,0.0,2026-07-31T12:12:09.388271+02:00,2026-07-31T12:13:09.388271+02:00
43929.388271489464,43989.388271489464,SYN2-289-D:P0001,G:BW:LYBE:SYN2-289-D:P0001,EVTOL_004,BW,LYBE,departure_preparation,committed_flight,departure_preparation,departure_preparation@BW,departure_finalization,1.0,0.0,0.0,2026-07-31T12:12:09.388271+02:00,2026-07-31T12:13:09.388271+02:00
43943.468494026696,44135.468494026696,SYN2-165-A:P0001,G:LYBE:BW:SYN2-165-A:P0001,EVTOL_001,LYBE,BW,before_boarding,selected_plan,aircraft_busy|group_formation,aircraft_busy@F000125|group_formation@LYBE,disembarking,3.2,0.0,0.0,2026-07-31T12:12:23.468494+02:00,2026-07-31T12:15:35.468494+02:00
43989.388271489464,44029.388271489464,SYN2-053-A:P0002,G:LYBE:JUG:SYN2-053-A:P0002,EVTOL_004,LYBE,JUG,before_boarding,selected_plan,aircraft_busy|group_formation,aircraft_busy@F000127|group_formation@LYBE,takeoff,0.6666666666666666,0.0,0.0,2026-07-31T12:13:09.388271+02:00,2026-07-31T12:13:49.388271+02:00
44029.388271489464,44223.91804344414,SYN2-053-A:P0002,G:LYBE:JUG:SYN2-053-A:P0002,EVTOL_004,LYBE,JUG,before_boarding,selected_plan,aircraft_busy|group_formation,aircraft_busy@F000127|group_formation@LYBE,cruise,3.2421628659112076,0.0,0.0,2026-07-31T12:13:49.388271+02:00,2026-07-31T12:17:03.918043+02:00
44088.376374765736,44148.376374765736,SYN2-053-A:P0001,G:LYBE:LYBV:SYN2-053-A:P0001,EVTOL_002,LYBE,LYBV,before_boarding,selected_plan,aircraft_busy|group_formation,aircraft_busy@F000126|group_formation@LYBE,landing,1.0,0.0,0.0,2026-07-31T12:14:48.376375+02:00,2026-07-31T12:15:48.376375+02:00
44088.376374765736,44498.19266122712,SYN2-283-D:P0001,G:EXPO:LYBE:SYN2-283-D:P0001,EVTOL_003,EXPO,LYBE,before_boarding,selected_plan,aircraft_busy,aircraft_busy@F000128,boarding,6.830271441023069,6.830271441023069,0.0,2026-07-31T12:14:48.376375+02:00,2026-07-31T12:21:38.192661+02:00
44135.468494026696,44735.468494026696,SYN2-165-A:P0001,G:LYBE:BW:SYN2-165-A:P0001,EVTOL_001,LYBE,BW,before_boarding,selected_plan,cleaning|group_formation,cleaning@LYBV:cleaner:1|group_formation@LYBE,cleaning,10.0,0.0,0.0,2026-07-31T12:15:35.468494+02:00,2026-07-31T12:25:35.468494+02:00
44148.376374765736,44340.376374765736,SYN2-053-A:P0001,G:LYBE:LYBV:SYN2-053-A:P0001,EVTOL_002,LYBE,LYBV,before_boarding,selected_plan,aircraft_busy|group_formation,aircraft_busy@F000126|group_formation@LYBE,disembarking,3.2,0.0,0.0,2026-07-31T12:15:48.376375+02:00,2026-07-31T12:19:00.376375+02:00
44223.91804344414,44254.224093489465,SYN2-053-A:P0002,G:LYBE:JUG:SYN2-053-A:P0002,EVTOL_004,LYBE,JUG,before_boarding,selected_plan,aircraft_busy,aircraft_busy@F000127,cruise,0.5051008340888075,0.5051008340888075,0.0,2026-07-31T12:17:03.918043+02:00,2026-07-31T12:17:34.224093+02:00
44254.224093489465,44314.224093489465,SYN2-053-A:P0002,G:LYBE:JUG:SYN2-053-A:P0002,EVTOL_004,LYBE,JUG,before_boarding,selected_plan,aircraft_busy,aircraft_busy@F000127,landing,1.0,1.0,0.0,2026-07-31T12:17:34.224093+02:00,2026-07-31T12:18:34.224093+02:00
44314.224093489465,44440.224093489465,SYN2-053-A:P0002,G:LYBE:JUG:SYN2-053-A:P0002,EVTOL_004,LYBE,JUG,before_boarding,selected_plan,aircraft_busy,aircraft_busy@F000127,disembarking,2.1,2.1,0.0,2026-07-31T12:18:34.224093+02:00,2026-07-31T12:20:40.224093+02:00
44340.376374765736,44465.328900501176,SYN2-053-A:P0001,G:LYBE:LYBV:SYN2-053-A:P0001,EVTOL_002,LYBE,LYBV,before_boarding,selected_plan,battery_before_repositioning|group_formation,battery_before_repositioning@DOR|group_formation@LYBE,idle,2.082542095590664,0.0,0.0,2026-07-31T12:19:00.376375+02:00,2026-07-31T12:21:05.328901+02:00
44465.328900501176,44525.328900501176,SYN2-053-A:P0001,G:LYBE:LYBV:SYN2-053-A:P0001,EVTOL_002,LYBE,LYBV,before_boarding,selected_plan,departure_preparation|group_formation,departure_preparation@DOR|group_formation@LYBE,departure_finalization,1.0,0.0,0.0,2026-07-31T12:21:05.328901+02:00,2026-07-31T12:22:05.328901+02:00
44498.19266122712,44558.19266122712,SYN2-283-D:P0001,G:EXPO:LYBE:SYN2-283-D:P0001,EVTOL_003,EXPO,LYBE,before_boarding,selected_plan,aircraft_busy,aircraft_busy@F000128,departure_finalization,1.0,1.0,0.0,2026-07-31T12:21:38.192661+02:00,2026-07-31T12:22:38.192661+02:00
44498.19266122712,44558.19266122712,SYN2-051-A:P0001,G:LYBE:BW:SYN2-051-A:P0001,EVTOL_003,LYBE,BW,departure_preparation,committed_flight,departure_preparation,departure_preparation@LYBE,departure_finalization,1.0,0.0,0.0,2026-07-31T12:21:38.192661+02:00,2026-07-31T12:22:38.192661+02:00
44498.19266122712,44558.19266122712,SYN2-047-A:P0001,G:LYBE:BW:SYN2-051-A:P0001,EVTOL_003,LYBE,BW,departure_preparation,committed_flight,departure_preparation,departure_preparation@LYBE,departure_finalization,1.0,0.0,0.0,2026-07-31T12:21:38.192661+02:00,2026-07-31T12:22:38.192661+02:00
44498.19266122712,44558.19266122712,SYN2-054-A:P0001,G:LYBE:BW:SYN2-051-A:P0001,EVTOL_003,LYBE,BW,departure_preparation,committed_flight,departure_preparation,departure_preparation@LYBE,departure_finalization,1.0,0.0,0.0,2026-07-31T12:21:38.192661+02:00,2026-07-31T12:22:38.192661+02:00
44498.19266122712,44558.19266122712,SYN2-055-A:P0001,G:LYBE:BW:SYN2-051-A:P0001,EVTOL_003,LYBE,BW,departure_preparation,committed_flight,departure_preparation,departure_preparation@LYBE,departure_finalization,1.0,0.0,0.0,2026-07-31T12:21:38.192661+02:00,2026-07-31T12:22:38.192661+02:00
44525.328900501176,44565.328900501176,SYN2-053-A:P0001,G:LYBE:LYBV:SYN2-053-A:P0001,EVTOL_002,LYBE,LYBV,before_boarding,selected_plan,group_formation|repositioning_flight,group_formation@LYBE|repositioning_flight@LYBE,takeoff,0.6666666666666666,0.0,0.0,2026-07-31T12:22:05.328901+02:00,2026-07-31T12:22:45.328901+02:00
44558.19266122712,44598.19266122712,SYN2-283-D:P0001,G:EXPO:LYBE:SYN2-283-D:P0001,EVTOL_003,EXPO,LYBE,before_boarding,selected_plan,aircraft_busy,aircraft_busy@F000128,takeoff,0.6666666666666666,0.6666666666666666,0.0,2026-07-31T12:22:38.192661+02:00,2026-07-31T12:23:18.192661+02:00
44565.328900501176,44628.9015301286,SYN2-053-A:P0001,G:LYBE:LYBV:SYN2-053-A:P0001,EVTOL_002,LYBE,LYBV,before_boarding,selected_plan,group_formation|repositioning_flight,group_formation@LYBE|repositioning_flight@LYBE,cruise,1.0595438271237072,0.0,0.0,2026-07-31T12:22:45.328901+02:00,2026-07-31T12:23:48.901530+02:00
44574.82131748607,44628.9015301286,SYN2-055-A:P0002,G:LYBE:LYBV:SYN2-053-A:P0001,EVTOL_002,LYBE,LYBV,before_boarding,selected_plan,group_formation|repositioning_flight,group_formation@LYBE|repositioning_flight@LYBE,cruise,0.9013368773754337,0.0,0.0,2026-07-31T12:22:54.821317+02:00,2026-07-31T12:23:48.901530+02:00
44598.19266122712,44823.02848322712,SYN2-283-D:P0001,G:EXPO:LYBE:SYN2-283-D:P0001,EVTOL_003,EXPO,LYBE,before_boarding,selected_plan,aircraft_busy,aircraft_busy@F000128,cruise,3.747263700000015,3.747263700000015,0.0,2026-07-31T12:23:18.192661+02:00,2026-07-31T12:27:03.028483+02:00
44628.9015301286,44893.12911450118,SYN2-053-A:P0001,G:LYBE:LYBV:SYN2-053-A:P0001,EVTOL_002,LYBE,LYBV,before_boarding,selected_plan,repositioning_flight,repositioning_flight@LYBE,cruise,4.403793072876336,4.403793072876336,0.0,2026-07-31T12:23:48.901530+02:00,2026-07-31T12:28:13.129115+02:00
44628.9015301286,44893.12911450118,SYN2-055-A:P0002,G:LYBE:LYBV:SYN2-053-A:P0001,EVTOL_002,LYBE,LYBV,before_boarding,selected_plan,repositioning_flight,repositioning_flight@LYBE,cruise,4.403793072876336,0.0,0.0,2026-07-31T12:23:48.901530+02:00,2026-07-31T12:28:13.129115+02:00
44635.224093489465,44695.224093489465,SYN2-053-A:P0002,G:LYBE:JUG:SYN2-053-A:P0002,EVTOL_004,LYBE,JUG,departure_preparation,committed_flight,departure_preparation,departure_preparation@LYBE,departure_finalization,1.0,0.0,0.0,2026-07-31T12:23:55.224093+02:00,2026-07-31T12:24:55.224093+02:00
44735.468494026696,44795.468494026696,SYN2-165-A:P0001,G:LYBE:BW:SYN2-165-A:P0001,EVTOL_001,LYBE,BW,before_boarding,selected_plan,departure_preparation|group_formation,departure_preparation@LYBV|group_formation@LYBE,departure_finalization,1.0,0.0,0.0,2026-07-31T12:25:35.468494+02:00,2026-07-31T12:26:35.468494+02:00
44795.468494026696,44821.304529199406,SYN2-165-A:P0001,G:LYBE:BW:SYN2-165-A:P0001,EVTOL_001,LYBE,BW,before_boarding,selected_plan,group_formation|repositioning_flight,group_formation@LYBE|repositioning_flight@LYBE,takeoff,0.43060058621182784,0.0,0.0,2026-07-31T12:26:35.468494+02:00,2026-07-31T12:27:01.304529+02:00
44821.304529199406,44835.468494026696,SYN2-165-A:P0001,G:LYBE:BW:SYN2-165-A:P0001,EVTOL_001,LYBE,BW,before_boarding,selected_plan,repositioning_flight,repositioning_flight@LYBE,takeoff,0.23606608045483882,0.23606608045483882,0.0,2026-07-31T12:27:01.304529+02:00,2026-07-31T12:27:15.468494+02:00
44823.02848322712,44883.02848322712,SYN2-283-D:P0001,G:EXPO:LYBE:SYN2-283-D:P0001,EVTOL_003,EXPO,LYBE,before_boarding,selected_plan,aircraft_busy,aircraft_busy@F000128,landing,1.0,1.0,0.0,2026-07-31T12:27:03.028483+02:00,2026-07-31T12:28:03.028483+02:00
44835.468494026696,45171.9166820267,SYN2-165-A:P0001,G:LYBE:BW:SYN2-165-A:P0001,EVTOL_001,LYBE,BW,before_boarding,selected_plan,repositioning_flight,repositioning_flight@LYBE,cruise,5.607469800000035,5.607469800000035,0.0,2026-07-31T12:27:15.468494+02:00,2026-07-31T12:32:51.916682+02:00
44880.681598155716,45053.026405489465,SYN2-290-D:P0001,G:DOR:LYBE:SYN2-290-D:P0001,EVTOL_004,DOR,LYBE,before_boarding,selected_plan,aircraft_busy|group_formation,aircraft_busy@F000129|group_formation@DOR,cruise,2.8724134555624916,0.0,0.0,2026-07-31T12:28:00.681598+02:00,2026-07-31T12:30:53.026405+02:00
44883.02848322712,45190.06674125814,SYN2-283-D:P0001,G:EXPO:LYBE:SYN2-283-D:P0001,EVTOL_003,EXPO,LYBE,before_boarding,selected_plan,aircraft_busy,aircraft_busy@F000128,disembarking,5.117304300516965,5.117304300516965,0.0,2026-07-31T12:28:03.028483+02:00,2026-07-31T12:33:10.066741+02:00
44893.12911450118,44953.12911450118,SYN2-053-A:P0001,G:LYBE:LYBV:SYN2-053-A:P0001,EVTOL_002,LYBE,LYBV,before_boarding,selected_plan,repositioning_flight,repositioning_flight@LYBE,landing,1.0,1.0,0.0,2026-07-31T12:28:13.129115+02:00,2026-07-31T12:29:13.129115+02:00
44893.12911450118,44953.12911450118,SYN2-055-A:P0002,G:LYBE:LYBV:SYN2-053-A:P0001,EVTOL_002,LYBE,LYBV,before_boarding,selected_plan,repositioning_flight,repositioning_flight@LYBE,landing,1.0,0.0,0.0,2026-07-31T12:28:13.129115+02:00,2026-07-31T12:29:13.129115+02:00
45053.026405489465,45113.026405489465,SYN2-290-D:P0001,G:DOR:LYBE:SYN2-290-D:P0001,EVTOL_004,DOR,LYBE,before_boarding,selected_plan,aircraft_busy|group_formation,aircraft_busy@F000129|group_formation@DOR,landing,1.0,0.0,0.0,2026-07-31T12:30:53.026405+02:00,2026-07-31T12:31:53.026405+02:00
45113.026405489465,45239.026405489465,SYN2-290-D:P0001,G:DOR:LYBE:SYN2-290-D:P0001,EVTOL_004,DOR,LYBE,before_boarding,selected_plan,aircraft_busy|group_formation,aircraft_busy@F000129|group_formation@DOR,disembarking,2.1,0.0,0.0,2026-07-31T12:31:53.026405+02:00,2026-07-31T12:33:59.026405+02:00
45171.9166820267,45231.9166820267,SYN2-165-A:P0001,G:LYBE:BW:SYN2-165-A:P0001,EVTOL_001,LYBE,BW,before_boarding,selected_plan,repositioning_flight,repositioning_flight@LYBE,landing,1.0,1.0,0.0,2026-07-31T12:32:51.916682+02:00,2026-07-31T12:33:51.916682+02:00
45190.06674125814,45207.02848322712,SYN2-057-A:P0001,G:LYBE:LYBV:SYN2-057-A:P0001,EVTOL_003,LYBE,LYBV,before_boarding,selected_plan,aircraft_busy|group_formation,aircraft_busy@F000128|group_formation@LYBE,disembarking,0.2826956994830349,0.0,0.0,2026-07-31T12:33:10.066741+02:00,2026-07-31T12:33:27.028483+02:00
45190.06674125814,45223.12911450118,SYN2-283-D:P0001,G:EXPO:LYBE:SYN2-283-D:P0001,EVTOL_002,EXPO,LYBE,before_boarding,selected_plan,aircraft_busy,aircraft_busy@F000132,boarding,0.5510395540506579,0.5510395540506579,0.0,2026-07-31T12:33:10.066741+02:00,2026-07-31T12:33:43.129115+02:00
45207.02848322712,45332.544895412655,SYN2-057-A:P0001,G:LYBE:LYBV:SYN2-057-A:P0001,EVTOL_003,LYBE,LYBV,before_boarding,selected_plan,destination_tlof|group_formation,destination_tlof@LYBE|group_formation@LYBE,idle,2.0919402030922356,0.0,0.0,2026-07-31T12:33:27.028483+02:00,2026-07-31T12:35:32.544895+02:00
45223.12911450118,45239.026405489465,SYN2-283-D:P0001,G:EXPO:LYBE:SYN2-283-D:P0001,EVTOL_002,EXPO,LYBE,before_boarding,selected_plan,aircraft_busy,aircraft_busy@F000132,waiting_for_tlof,0.2649548498047807,0.2649548498047807,0.0,2026-07-31T12:33:43.129115+02:00,2026-07-31T12:33:59.026405+02:00
45223.12911450118,45517.380717412656,SYN2-053-A:P0001,G:LYBE:LYBV:SYN2-053-A:P0001,EVTOL_002,LYBE,LYBV,after_boarding,committed_flight,battery_after_repositioning,battery_after_repositioning@LYBE,waiting_for_departure,4.9041933818579615,0.0,4.9041933818579615,2026-07-31T12:33:43.129115+02:00,2026-07-31T12:38:37.380717+02:00
45223.12911450118,45517.380717412656,SYN2-055-A:P0002,G:LYBE:LYBV:SYN2-053-A:P0001,EVTOL_002,LYBE,LYBV,after_boarding,committed_flight,battery_after_repositioning,battery_after_repositioning@LYBE,waiting_for_departure,4.9041933818579615,0.0,4.9041933818579615,2026-07-31T12:33:43.129115+02:00,2026-07-31T12:38:37.380717+02:00
45239.026405489465,45327.65682884097,SYN2-290-D:P0001,G:DOR:LYBE:SYN2-290-D:P0001,EVTOL_004,DOR,LYBE,before_boarding,selected_plan,battery_before_repositioning|group_formation,battery_before_repositioning@JUG|group_formation@DOR,idle,1.477173722525064,0.0,0.0,2026-07-31T12:33:59.026405+02:00,2026-07-31T12:35:27.656829+02:00
45239.026405489465,45426.9166820267,SYN2-283-D:P0001,G:EXPO:LYBE:SYN2-283-D:P0001,EVTOL_001,EXPO,LYBE,before_boarding,selected_plan,aircraft_busy,aircraft_busy@F000133,boarding,3.1315046089538856,3.1315046089538856,0.0,2026-07-31T12:33:59.026405+02:00,2026-07-31T12:37:06.916682+02:00
45327.65682884097,45387.65682884097,SYN2-290-D:P0001,G:DOR:LYBE:SYN2-290-D:P0001,EVTOL_004,DOR,LYBE,before_boarding,selected_plan,departure_preparation|group_formation,departure_preparation@JUG|group_formation@DOR,departure_finalization,1.0,0.0,0.0,2026-07-31T12:35:27.656829+02:00,2026-07-31T12:36:27.656829+02:00
45332.544895412655,45392.544895412655,SYN2-057-A:P0001,G:LYBE:LYBV:SYN2-057-A:P0001,EVTOL_003,LYBE,LYBV,before_boarding,selected_plan,departure_preparation|group_formation,departure_preparation@BW|group_formation@LYBE,departure_finalization,1.0,0.0,0.0,2026-07-31T12:35:32.544895+02:00,2026-07-31T12:36:32.544895+02:00
45387.65682884097,45427.65682884097,SYN2-290-D:P0001,G:DOR:LYBE:SYN2-290-D:P0001,EVTOL_004,DOR,LYBE,before_boarding,selected_plan,group_formation|repositioning_flight,group_formation@DOR|repositioning_flight@DOR,takeoff,0.6666666666666666,0.0,0.0,2026-07-31T12:36:27.656829+02:00,2026-07-31T12:37:07.656829+02:00
45392.544895412655,45432.544895412655,SYN2-057-A:P0001,G:LYBE:LYBV:SYN2-057-A:P0001,EVTOL_003,LYBE,LYBV,before_boarding,selected_plan,group_formation|repositioning_flight,group_formation@LYBE|repositioning_flight@LYBE,takeoff,0.6666666666666666,0.0,0.0,2026-07-31T12:36:32.544895+02:00,2026-07-31T12:37:12.544895+02:00
45426.9166820267,45446.69503909232,SYN2-283-D:P0001,G:EXPO:LYBE:SYN2-283-D:P0001,EVTOL_001,EXPO,LYBE,before_boarding,selected_plan,aircraft_busy,aircraft_busy@F000133,waiting_for_tlof,0.32963928442707885,0.32963928442707885,0.0,2026-07-31T12:37:06.916682+02:00,2026-07-31T12:37:26.695039+02:00
45426.9166820267,45504.91093882034,SYN2-165-A:P0001,G:LYBE:BW:SYN2-165-A:P0001,EVTOL_001,LYBE,BW,after_boarding,committed_flight,battery_after_repositioning,battery_after_repositioning@LYBE,waiting_for_departure,1.2999042798940839,0.0,1.2999042798940839,2026-07-31T12:37:06.916682+02:00,2026-07-31T12:38:24.910939+02:00
45427.65682884097,45478.13381484097,SYN2-290-D:P0001,G:DOR:LYBE:SYN2-290-D:P0001,EVTOL_004,DOR,LYBE,before_boarding,selected_plan,group_formation|repositioning_flight,group_formation@DOR|repositioning_flight@DOR,cruise,0.8412831000000248,0.0,0.0,2026-07-31T12:37:07.656829+02:00,2026-07-31T12:37:58.133815+02:00
45432.544895412655,45657.380717412656,SYN2-057-A:P0001,G:LYBE:LYBV:SYN2-057-A:P0001,EVTOL_003,LYBE,LYBV,before_boarding,selected_plan,group_formation|repositioning_flight,group_formation@LYBE|repositioning_flight@LYBE,cruise,3.747263700000015,0.0,0.0,2026-07-31T12:37:12.544895+02:00,2026-07-31T12:40:57.380717+02:00
45446.69503909232,45557.380717412656,SYN2-059-A:P0001,G:LYBE:BW:SYN2-059-A:P0001,EVTOL_001,LYBE,BW,before_boarding,selected_plan,aircraft_busy|group_formation,aircraft_busy@F000133|group_formation@LYBE,waiting_for_tlof,1.8447613053388825,0.0,0.0,2026-07-31T12:37:26.695039+02:00,2026-07-31T12:39:17.380717+02:00
45446.69503909232,45517.380717412656,SYN2-283-D:P0001,G:EXPO:LYBE:SYN2-283-D:P0001,EVTOL_002,EXPO,LYBE,before_boarding,selected_plan,aircraft_busy,aircraft_busy@F000132,waiting_for_tlof,1.178094638672216,1.178094638672216,0.0,2026-07-31T12:37:26.695039+02:00,2026-07-31T12:38:37.380717+02:00
45478.13381484097,45538.13381484097,SYN2-290-D:P0001,G:DOR:LYBE:SYN2-290-D:P0001,EVTOL_004,DOR,LYBE,before_boarding,selected_plan,group_formation|repositioning_flight,group_formation@DOR|repositioning_flight@DOR,landing,1.0,0.0,0.0,2026-07-31T12:37:58.133815+02:00,2026-07-31T12:38:58.133815+02:00
45504.91093882034,45557.380717412656,SYN2-165-A:P0001,G:LYBE:BW:SYN2-165-A:P0001,EVTOL_001,LYBE,BW,after_boarding,committed_flight,origin_tlof,origin_tlof@LYBE,waiting_for_departure,0.8744963098718775,0.0,0.8744963098718775,2026-07-31T12:38:24.910939+02:00,2026-07-31T12:39:17.380717+02:00
45517.380717412656,45563.91464111809,SYN2-283-D:P0001,G:EXPO:LYBE:SYN2-283-D:P0001,EVTOL_002,EXPO,LYBE,before_boarding,selected_plan,aircraft_busy,aircraft_busy@F000132,departure_finalization,0.7755653950905981,0.7755653950905981,0.0,2026-07-31T12:38:37.380717+02:00,2026-07-31T12:39:23.914641+02:00
45517.380717412656,45577.380717412656,SYN2-053-A:P0001,G:LYBE:LYBV:SYN2-053-A:P0001,EVTOL_002,LYBE,LYBV,departure_preparation,committed_flight,departure_preparation,departure_preparation@LYBE,departure_finalization,1.0,0.0,0.0,2026-07-31T12:38:37.380717+02:00,2026-07-31T12:39:37.380717+02:00
45517.380717412656,45577.380717412656,SYN2-055-A:P0002,G:LYBE:LYBV:SYN2-053-A:P0001,EVTOL_002,LYBE,LYBV,departure_preparation,committed_flight,departure_preparation,departure_preparation@LYBE,departure_finalization,1.0,0.0,0.0,2026-07-31T12:38:37.380717+02:00,2026-07-31T12:39:37.380717+02:00
45538.13381484097,45780.681598155716,SYN2-290-D:P0001,G:DOR:LYBE:SYN2-290-D:P0001,EVTOL_004,DOR,LYBE,before_boarding,selected_plan,group_formation,group_formation@DOR,idle,4.042463055245753,0.0,0.0,2026-07-31T12:38:58.133815+02:00,2026-07-31T12:43:00.681598+02:00
45557.380717412656,45617.380717412656,SYN2-059-A:P0001,G:LYBE:BW:SYN2-059-A:P0001,EVTOL_001,LYBE,BW,before_boarding,selected_plan,aircraft_busy|group_formation,aircraft_busy@F000133|group_formation@LYBE,departure_finalization,1.0,0.0,0.0,2026-07-31T12:39:17.380717+02:00,2026-07-31T12:40:17.380717+02:00
45557.380717412656,45617.380717412656,SYN2-165-A:P0001,G:LYBE:BW:SYN2-165-A:P0001,EVTOL_001,LYBE,BW,departure_preparation,committed_flight,departure_preparation,departure_preparation@LYBE,departure_finalization,1.0,0.0,0.0,2026-07-31T12:39:17.380717+02:00,2026-07-31T12:40:17.380717+02:00
45563.91464111809,45577.380717412656,SYN2-292-D:P0002,G:BW:LYBE:SYN2-292-D:P0002,EVTOL_002,BW,LYBE,before_boarding,selected_plan,aircraft_busy|group_formation,aircraft_busy@F000132|group_formation@BW,departure_finalization,0.22443460490940198,0.0,0.0,2026-07-31T12:39:23.914641+02:00,2026-07-31T12:39:37.380717+02:00
45563.91464111809,46116.8560200706,SYN2-283-D:P0001,G:EXPO:LYBE:SYN2-283-D:P0001,,EXPO,LYBE,before_boarding,candidate_set,priority_other_group,,,9.215689649208434,9.215689649208434,0.0,2026-07-31T12:39:23.914641+02:00,2026-07-31T12:48:36.856020+02:00
45577.380717412656,45617.380717412656,SYN2-292-D:P0002,G:BW:LYBE:SYN2-292-D:P0002,EVTOL_002,BW,LYBE,before_boarding,selected_plan,aircraft_busy|group_formation,aircraft_busy@F000132|group_formation@BW,takeoff,0.6666666666666666,0.0,0.0,2026-07-31T12:39:37.380717+02:00,2026-07-31T12:40:17.380717+02:00
45617.380717412656,45657.380717412656,SYN2-059-A:P0001,G:LYBE:BW:SYN2-059-A:P0001,EVTOL_001,LYBE,BW,before_boarding,selected_plan,aircraft_busy|group_formation,aircraft_busy@F000133|group_formation@LYBE,takeoff,0.6666666666666666,0.0,0.0,2026-07-31T12:40:17.380717+02:00,2026-07-31T12:40:57.380717+02:00
45617.380717412656,45882.21653941266,SYN2-292-D:P0002,G:BW:LYBE:SYN2-292-D:P0002,EVTOL_002,BW,LYBE,before_boarding,selected_plan,aircraft_busy|group_formation,aircraft_busy@F000132|group_formation@BW,cruise,4.413930366666682,0.0,0.0,2026-07-31T12:40:17.380717+02:00,2026-07-31T12:44:42.216539+02:00
45657.380717412656,45717.380717412656,SYN2-057-A:P0001,G:LYBE:LYBV:SYN2-057-A:P0001,EVTOL_003,LYBE,LYBV,before_boarding,selected_plan,group_formation|repositioning_flight,group_formation@LYBE|repositioning_flight@LYBE,landing,1.0,0.0,0.0,2026-07-31T12:40:57.380717+02:00,2026-07-31T12:41:57.380717+02:00
45657.380717412656,45882.21653941266,SYN2-059-A:P0001,G:LYBE:BW:SYN2-059-A:P0001,EVTOL_001,LYBE,BW,before_boarding,selected_plan,aircraft_busy|group_formation,aircraft_busy@F000133|group_formation@LYBE,cruise,3.747263700000015,0.0,0.0,2026-07-31T12:40:57.380717+02:00,2026-07-31T12:44:42.216539+02:00
45717.380717412656,46090.06674125814,SYN2-057-A:P0001,G:LYBE:LYBV:SYN2-057-A:P0001,EVTOL_003,LYBE,LYBV,before_boarding,selected_plan,group_formation,group_formation@LYBE,idle,6.211433730758047,0.0,0.0,2026-07-31T12:41:57.380717+02:00,2026-07-31T12:48:10.066741+02:00
45731.088410455624,45882.21653941266,SYN2-293-D:P0001,G:LYBV:LYBE:SYN2-293-D:P0001,,LYBV,LYBE,before_boarding,candidate_set,group_formation|priority_other_group,group_formation@LYBV,,2.518802149283874,0.0,0.0,2026-07-31T12:42:11.088410+02:00,2026-07-31T12:44:42.216539+02:00
45882.21653941266,45975.681598155716,SYN2-059-A:P0001,G:LYBE:BW:SYN2-059-A:P0001,EVTOL_004,LYBE,BW,before_boarding,selected_plan,aircraft_busy|group_formation,aircraft_busy@F000136|group_formation@LYBE,boarding,1.5577509790509794,0.0,0.0,2026-07-31T12:44:42.216539+02:00,2026-07-31T12:46:15.681598+02:00
45882.21653941266,45942.21653941266,SYN2-292-D:P0002,G:BW:LYBE:SYN2-292-D:P0002,EVTOL_001,BW,LYBE,before_boarding,selected_plan,aircraft_busy|group_formation,aircraft_busy@F000133|group_formation@BW,landing,1.0,0.0,0.0,2026-07-31T12:44:42.216539+02:00,2026-07-31T12:45:42.216539+02:00
45882.21653941266,45953.82890541266,SYN2-293-D:P0001,G:LYBV:LYBE:SYN2-293-D:P0001,EVTOL_002,LYBV,LYBE,before_boarding,selected_plan,aircraft_busy|group_formation,aircraft_busy@F000132|group_formation@LYBV,cruise,1.1935394333333533,0.0,0.0,2026-07-31T12:44:42.216539+02:00,2026-07-31T12:45:53.828905+02:00
45926.87121875154,45942.21653941266,SYN2-367-D:P0001,G:BW:LYBE:SYN2-292-D:P0002,EVTOL_001,BW,LYBE,before_boarding,selected_plan,aircraft_busy|group_formation,aircraft_busy@F000133|group_formation@BW,landing,0.2557553443519282,0.0,0.0,2026-07-31T12:45:26.871219+02:00,2026-07-31T12:45:42.216539+02:00
45942.21653941266,46068.21653941266,SYN2-292-D:P0002,G:BW:LYBE:SYN2-292-D:P0002,EVTOL_001,BW,LYBE,before_boarding,selected_plan,aircraft_busy|group_formation,aircraft_busy@F000133|group_formation@BW,disembarking,2.1,0.0,0.0,2026-07-31T12:45:42.216539+02:00,2026-07-31T12:47:48.216539+02:00
45942.21653941266,46068.21653941266,SYN2-367-D:P0001,G:BW:LYBE:SYN2-292-D:P0002,EVTOL_001,BW,LYBE,before_boarding,selected_plan,aircraft_busy|group_formation,aircraft_busy@F000133|group_formation@BW,disembarking,2.1,0.0,0.0,2026-07-31T12:45:42.216539+02:00,2026-07-31T12:47:48.216539+02:00
45953.82890541266,46013.82890541266,SYN2-293-D:P0001,G:LYBV:LYBE:SYN2-293-D:P0001,EVTOL_002,LYBV,LYBE,before_boarding,selected_plan,aircraft_busy|group_formation,aircraft_busy@F000132|group_formation@LYBV,landing,1.0,0.0,0.0,2026-07-31T12:45:53.828905+02:00,2026-07-31T12:46:53.828905+02:00
45975.681598155716,46116.8560200706,SYN2-059-A:P0001,G:LYBE:BW:SYN2-059-A:P0001,EVTOL_004,LYBE,BW,before_boarding,selected_plan,aircraft_busy|group_formation,aircraft_busy@F000136|group_formation@LYBE,waiting_for_tlof,2.3529070319147043,0.0,0.0,2026-07-31T12:46:15.681598+02:00,2026-07-31T12:48:36.856020+02:00
45975.681598155716,46116.8560200706,SYN2-290-D:P0001,G:DOR:LYBE:SYN2-290-D:P0001,EVTOL_004,DOR,LYBE,after_boarding,committed_flight,battery_after_repositioning,battery_after_repositioning@DOR,waiting_for_departure,2.3529070319147043,0.0,2.3529070319147043,2026-07-31T12:46:15.681598+02:00,2026-07-31T12:48:36.856020+02:00
46013.82890541266,46205.82890541266,SYN2-293-D:P0001,G:LYBV:LYBE:SYN2-293-D:P0001,EVTOL_002,LYBV,LYBE,before_boarding,selected_plan,aircraft_busy|group_formation,aircraft_busy@F000132|group_formation@LYBV,disembarking,3.2,0.0,0.0,2026-07-31T12:46:53.828905+02:00,2026-07-31T12:50:05.828905+02:00
46068.21653941266,46452.398941044055,SYN2-292-D:P0002,G:BW:LYBE:SYN2-292-D:P0002,EVTOL_001,BW,LYBE,before_boarding,selected_plan,group_formation,group_formation@BW,idle,6.4030400271899754,0.0,0.0,2026-07-31T12:47:48.216539+02:00,2026-07-31T12:54:12.398941+02:00
46068.21653941266,46452.398941044055,SYN2-367-D:P0001,G:BW:LYBE:SYN2-292-D:P0002,EVTOL_001,BW,LYBE,before_boarding,selected_plan,group_formation,group_formation@BW,idle,6.4030400271899754,0.0,0.0,2026-07-31T12:47:48.216539+02:00,2026-07-31T12:54:12.398941+02:00
46116.8560200706,46176.8560200706,SYN2-059-A:P0001,G:LYBE:BW:SYN2-059-A:P0001,EVTOL_004,LYBE,BW,before_boarding,selected_plan,aircraft_busy|group_formation,aircraft_busy@F000136|group_formation@LYBE,departure_finalization,1.0,0.0,0.0,2026-07-31T12:48:36.856020+02:00,2026-07-31T12:49:36.856020+02:00
46116.8560200706,46285.06674125814,SYN2-283-D:P0001,G:EXPO:LYBE:SYN2-283-D:P0001,EVTOL_003,EXPO,LYBE,before_boarding,selected_plan,aircraft_busy,aircraft_busy@F000137,boarding,2.8035120197923487,2.8035120197923487,0.0,2026-07-31T12:48:36.856020+02:00,2026-07-31T12:51:25.066741+02:00
46116.8560200706,46176.8560200706,SYN2-290-D:P0001,G:DOR:LYBE:SYN2-290-D:P0001,EVTOL_004,DOR,LYBE,departure_preparation,committed_flight,departure_preparation,departure_preparation@DOR,departure_finalization,1.0,0.0,0.0,2026-07-31T12:48:36.856020+02:00,2026-07-31T12:49:36.856020+02:00
46176.8560200706,46216.8560200706,SYN2-059-A:P0001,G:LYBE:BW:SYN2-059-A:P0001,EVTOL_004,LYBE,BW,before_boarding,selected_plan,aircraft_busy|group_formation,aircraft_busy@F000136|group_formation@LYBE,takeoff,0.6666666666666666,0.0,0.0,2026-07-31T12:49:36.856020+02:00,2026-07-31T12:50:16.856020+02:00
46205.82890541266,46452.398941044055,SYN2-293-D:P0001,G:LYBV:LYBE:SYN2-293-D:P0001,EVTOL_002,LYBV,LYBE,before_boarding,selected_plan,group_formation,group_formation@LYBV,idle,4.109500593856622,0.0,0.0,2026-07-31T12:50:05.828905+02:00,2026-07-31T12:54:12.398941+02:00
46216.8560200706,46346.69503909232,SYN2-059-A:P0001,G:LYBE:BW:SYN2-059-A:P0001,EVTOL_004,LYBE,BW,before_boarding,selected_plan,aircraft_busy|group_formation,aircraft_busy@F000136|group_formation@LYBE,cruise,2.163983650362085,0.0,0.0,2026-07-31T12:50:16.856020+02:00,2026-07-31T12:52:26.695039+02:00
46285.06674125814,46345.06674125814,SYN2-283-D:P0001,G:EXPO:LYBE:SYN2-283-D:P0001,EVTOL_003,EXPO,LYBE,before_boarding,selected_plan,aircraft_busy,aircraft_busy@F000137,departure_finalization,1.0,1.0,0.0,2026-07-31T12:51:25.066741+02:00,2026-07-31T12:52:25.066741+02:00
46285.06674125814,46345.06674125814,SYN2-057-A:P0001,G:LYBE:LYBV:SYN2-057-A:P0001,EVTOL_003,LYBE,LYBV,departure_preparation,committed_flight,departure_preparation,departure_preparation@LYBE,departure_finalization,1.0,0.0,0.0,2026-07-31T12:51:25.066741+02:00,2026-07-31T12:52:25.066741+02:00
46345.06674125814,46385.06674125814,SYN2-283-D:P0001,G:EXPO:LYBE:SYN2-283-D:P0001,EVTOL_003,EXPO,LYBE,before_boarding,selected_plan,aircraft_busy,aircraft_busy@F000137,takeoff,0.6666666666666666,0.6666666666666666,0.0,2026-07-31T12:52:25.066741+02:00,2026-07-31T12:53:05.066741+02:00
46346.69503909232,46544.6562340706,SYN2-059-A:P0001,G:LYBE:BW:SYN2-059-A:P0001,EVTOL_004,LYBE,BW,before_boarding,selected_plan,aircraft_busy,aircraft_busy@F000136,cruise,3.2993532496379583,3.2993532496379583,0.0,2026-07-31T12:52:26.695039+02:00,2026-07-31T12:55:44.656234+02:00
46385.06674125814,46452.398941044055,SYN2-283-D:P0001,G:EXPO:LYBE:SYN2-283-D:P0001,EVTOL_003,EXPO,LYBE,before_boarding,selected_plan,aircraft_busy,aircraft_busy@F000137,cruise,1.1222033297652767,1.1222033297652767,0.0,2026-07-31T12:53:05.066741+02:00,2026-07-31T12:54:12.398941+02:00
46452.398941044055,46512.398941044055,SYN2-064-A:P0001,G:LYBE:JUG:SYN2-064-A:P0001,EVTOL_001,LYBE,JUG,before_boarding,selected_plan,departure_preparation|group_formation,departure_preparation@BW|group_formation@LYBE,departure_finalization,1.0,0.0,0.0,2026-07-31T12:54:12.398941+02:00,2026-07-31T12:55:12.398941+02:00
46452.398941044055,46463.91464111809,SYN2-292-D:P0002,G:BW:LYBE:SYN2-292-D:P0002,EVTOL_002,BW,LYBE,before_boarding,selected_plan,departure_preparation|group_formation,departure_preparation@LYBV|group_formation@BW,departure_finalization,0.19192833456727385,0.0,0.0,2026-07-31T12:54:12.398941+02:00,2026-07-31T12:54:23.914641+02:00
46452.398941044055,46463.91464111809,SYN2-367-D:P0001,G:BW:LYBE:SYN2-292-D:P0002,EVTOL_002,BW,LYBE,before_boarding,selected_plan,departure_preparation|group_formation,departure_preparation@LYBV|group_formation@BW,departure_finalization,0.19192833456727385,0.0,0.0,2026-07-31T12:54:12.398941+02:00,2026-07-31T12:54:23.914641+02:00
46452.398941044055,46631.088410455624,SYN2-293-D:P0001,G:LYBV:LYBE:SYN2-293-D:P0001,EVTOL_003,LYBV,LYBE,before_boarding,selected_plan,aircraft_busy|group_formation,aircraft_busy@F000137|group_formation@LYBV,cruise,2.9781578235261503,0.0,0.0,2026-07-31T12:54:12.398941+02:00,2026-07-31T12:57:11.088410+02:00
46452.398941044055,46721.51492925814,SYN2-283-D:P0001,G:EXPO:LYBE:SYN2-283-D:P0001,,EXPO,LYBE,before_boarding,candidate_set,priority_other_group,,,4.485266470234759,4.485266470234759,0.0,2026-07-31T12:54:12.398941+02:00,2026-07-31T12:58:41.514929+02:00
46463.91464111809,46512.398941044055,SYN2-292-D:P0002,G:BW:LYBE:SYN2-292-D:P0002,EVTOL_002,BW,LYBE,before_boarding,selected_plan,departure_preparation,departure_preparation@LYBV,departure_finalization,0.8080716654327261,0.8080716654327261,0.0,2026-07-31T12:54:23.914641+02:00,2026-07-31T12:55:12.398941+02:00
46463.91464111809,46512.398941044055,SYN2-367-D:P0001,G:BW:LYBE:SYN2-292-D:P0002,EVTOL_002,BW,LYBE,before_boarding,selected_plan,departure_preparation,departure_preparation@LYBV,departure_finalization,0.8080716654327261,0.0,0.0,2026-07-31T12:54:23.914641+02:00,2026-07-31T12:55:12.398941+02:00
46512.398941044055,46552.398941044055,SYN2-064-A:P0001,G:LYBE:JUG:SYN2-064-A:P0001,EVTOL_001,LYBE,JUG,before_boarding,selected_plan,group_formation|repositioning_flight,group_formation@LYBE|repositioning_flight@LYBE,takeoff,0.6666666666666666,0.0,0.0,2026-07-31T12:55:12.398941+02:00,2026-07-31T12:55:52.398941+02:00
46512.398941044055,46552.398941044055,SYN2-292-D:P0002,G:BW:LYBE:SYN2-292-D:P0002,EVTOL_002,BW,LYBE,before_boarding,selected_plan,repositioning_flight,repositioning_flight@BW,takeoff,0.6666666666666666,0.6666666666666666,0.0,2026-07-31T12:55:12.398941+02:00,2026-07-31T12:55:52.398941+02:00
46512.398941044055,46552.398941044055,SYN2-367-D:P0001,G:BW:LYBE:SYN2-292-D:P0002,EVTOL_002,BW,LYBE,before_boarding,selected_plan,repositioning_flight,repositioning_flight@BW,takeoff,0.6666666666666666,0.0,0.0,2026-07-31T12:55:12.398941+02:00,2026-07-31T12:55:52.398941+02:00
46544.6562340706,46604.6562340706,SYN2-059-A:P0001,G:LYBE:BW:SYN2-059-A:P0001,EVTOL_004,LYBE,BW,before_boarding,selected_plan,aircraft_busy,aircraft_busy@F000136,landing,1.0,1.0,0.0,2026-07-31T12:55:44.656234+02:00,2026-07-31T12:56:44.656234+02:00
46552.398941044055,46777.234763044056,SYN2-064-A:P0001,G:LYBE:JUG:SYN2-064-A:P0001,EVTOL_001,LYBE,JUG,before_boarding,selected_plan,group_formation|repositioning_flight,group_formation@LYBE|repositioning_flight@LYBE,cruise,3.747263700000015,0.0,0.0,2026-07-31T12:55:52.398941+02:00,2026-07-31T12:59:37.234763+02:00
46552.398941044055,46646.01130704406,SYN2-292-D:P0002,G:BW:LYBE:SYN2-292-D:P0002,EVTOL_002,BW,LYBE,before_boarding,selected_plan,repositioning_flight,repositioning_flight@BW,cruise,1.56020610000002,1.56020610000002,0.0,2026-07-31T12:55:52.398941+02:00,2026-07-31T12:57:26.011307+02:00
46552.398941044055,46646.01130704406,SYN2-367-D:P0001,G:BW:LYBE:SYN2-292-D:P0002,EVTOL_002,BW,LYBE,before_boarding,selected_plan,repositioning_flight,repositioning_flight@BW,cruise,1.56020610000002,0.0,0.0,2026-07-31T12:55:52.398941+02:00,2026-07-31T12:57:26.011307+02:00
46604.6562340706,46730.6562340706,SYN2-059-A:P0001,G:LYBE:BW:SYN2-059-A:P0001,EVTOL_004,LYBE,BW,before_boarding,selected_plan,aircraft_busy,aircraft_busy@F000136,disembarking,2.1,2.1,0.0,2026-07-31T12:56:44.656234+02:00,2026-07-31T12:58:50.656234+02:00
46631.088410455624,46721.51492925814,SYN2-293-D:P0001,G:LYBV:LYBE:SYN2-293-D:P0001,EVTOL_003,LYBV,LYBE,before_boarding,selected_plan,aircraft_busy,aircraft_busy@F000137,cruise,1.5071086467086086,1.5071086467086086,0.0,2026-07-31T12:57:11.088410+02:00,2026-07-31T12:58:41.514929+02:00
46646.01130704406,46706.01130704406,SYN2-292-D:P0002,G:BW:LYBE:SYN2-292-D:P0002,EVTOL_002,BW,LYBE,before_boarding,selected_plan,repositioning_flight,repositioning_flight@BW,landing,1.0,1.0,0.0,2026-07-31T12:57:26.011307+02:00,2026-07-31T12:58:26.011307+02:00
46646.01130704406,46706.01130704406,SYN2-367-D:P0001,G:BW:LYBE:SYN2-292-D:P0002,EVTOL_002,BW,LYBE,before_boarding,selected_plan,repositioning_flight,repositioning_flight@BW,landing,1.0,0.0,0.0,2026-07-31T12:57:26.011307+02:00,2026-07-31T12:58:26.011307+02:00
46721.51492925814,46781.51492925814,SYN2-293-D:P0001,G:LYBV:LYBE:SYN2-293-D:P0001,EVTOL_003,LYBV,LYBE,before_boarding,selected_plan,aircraft_busy,aircraft_busy@F000137,landing,1.0,1.0,0.0,2026-07-31T12:58:41.514929+02:00,2026-07-31T12:59:41.514929+02:00
46721.51492925814,46766.01130704406,SYN2-283-D:P0001,G:EXPO:LYBE:SYN2-283-D:P0001,EVTOL_002,EXPO,LYBE,before_boarding,selected_plan,aircraft_busy,aircraft_busy@F000140,boarding,0.7416062964319281,0.7416062964319281,0.0,2026-07-31T12:58:41.514929+02:00,2026-07-31T12:59:26.011307+02:00
46766.01130704406,46925.6562340706,SYN2-283-D:P0001,G:EXPO:LYBE:SYN2-283-D:P0001,EVTOL_004,EXPO,LYBE,before_boarding,selected_plan,aircraft_busy,aircraft_busy@F000141,boarding,2.6607487837757313,2.6607487837757313,0.0,2026-07-31T12:59:26.011307+02:00,2026-07-31T13:02:05.656234+02:00
46777.234763044056,46837.234763044056,SYN2-064-A:P0001,G:LYBE:JUG:SYN2-064-A:P0001,EVTOL_001,LYBE,JUG,before_boarding,selected_plan,group_formation|repositioning_flight,group_formation@LYBE|repositioning_flight@LYBE,landing,1.0,0.0,0.0,2026-07-31T12:59:37.234763+02:00,2026-07-31T13:00:37.234763+02:00
46781.51492925814,46907.51492925814,SYN2-293-D:P0001,G:LYBV:LYBE:SYN2-293-D:P0001,EVTOL_003,LYBV,LYBE,before_boarding,selected_plan,aircraft_busy,aircraft_busy@F000137,disembarking,2.1,2.1,0.0,2026-07-31T12:59:41.514929+02:00,2026-07-31T13:01:47.514929+02:00
46837.234763044056,47352.398941044055,SYN2-064-A:P0001,G:LYBE:JUG:SYN2-064-A:P0001,EVTOL_001,LYBE,JUG,before_boarding,selected_plan,group_formation,group_formation@LYBE,idle,8.586069633333318,0.0,0.0,2026-07-31T13:00:37.234763+02:00,2026-07-31T13:09:12.398941+02:00
46925.6562340706,47085.949399729936,SYN2-283-D:P0001,G:EXPO:LYBE:SYN2-283-D:P0001,EVTOL_003,EXPO,LYBE,before_boarding,selected_plan,aircraft_busy,aircraft_busy@F000142,boarding,2.671552760988925,2.671552760988925,0.0,2026-07-31T13:02:05.656234+02:00,2026-07-31T13:04:45.949400+02:00
46925.6562340706,47071.106112966896,SYN2-059-A:P0001,G:LYBE:BW:SYN2-059-A:P0001,EVTOL_004,LYBE,BW,after_boarding,committed_flight,battery_at_origin,battery_at_origin@LYBE,waiting_for_departure,2.4241646482715926,0.0,2.4241646482715926,2026-07-31T13:02:05.656234+02:00,2026-07-31T13:04:31.106113+02:00
46958.13680064154,47352.398941044055,SYN2-061-A:P0001,G:LYBE:JUG:SYN2-064-A:P0001,EVTOL_001,LYBE,JUG,before_boarding,selected_plan,group_formation,group_formation@LYBE,idle,6.571035673375203,0.0,0.0,2026-07-31T13:02:38.136801+02:00,2026-07-31T13:09:12.398941+02:00
46976.01130704406,47103.358658638586,SYN2-292-D:P0002,G:BW:LYBE:SYN2-292-D:P0002,EVTOL_002,BW,LYBE,after_boarding,committed_flight,battery_after_repositioning,battery_after_repositioning@BW,waiting_for_departure,2.1224558599088295,0.0,2.1224558599088295,2026-07-31T13:02:56.011307+02:00,2026-07-31T13:05:03.358659+02:00
46976.01130704406,47103.358658638586,SYN2-367-D:P0001,G:BW:LYBE:SYN2-292-D:P0002,EVTOL_002,BW,LYBE,after_boarding,committed_flight,battery_after_repositioning,battery_after_repositioning@BW,waiting_for_departure,2.1224558599088295,0.0,2.1224558599088295,2026-07-31T13:02:56.011307+02:00,2026-07-31T13:05:03.358659+02:00
47031.9984744818,47352.398941044055,SYN2-064-A:P0002,G:LYBE:JUG:SYN2-064-A:P0001,EVTOL_001,LYBE,JUG,before_boarding,selected_plan,group_formation,group_formation@LYBE,idle,5.3400077760376,0.0,0.0,2026-07-31T13:03:51.998474+02:00,2026-07-31T13:09:12.398941+02:00
47071.106112966896,47131.106112966896,SYN2-059-A:P0001,G:LYBE:BW:SYN2-059-A:P0001,EVTOL_004,LYBE,BW,departure_preparation,committed_flight,departure_preparation,departure_preparation@LYBE,departure_finalization,1.0,0.0,0.0,2026-07-31T13:04:31.106113+02:00,2026-07-31T13:05:31.106113+02:00
47085.949399729936,47102.51492925814,SYN2-166-A:P0001,G:LYBE:EXPO:SYN2-166-A:P0001,EVTOL_003,LYBE,EXPO,before_boarding,selected_plan,aircraft_busy|group_formation,aircraft_busy@F000142|group_formation@LYBE,boarding,0.2760921588034156,0.0,0.0,2026-07-31T13:04:45.949400+02:00,2026-07-31T13:05:02.514929+02:00
47085.949399729936,47131.106112966896,SYN2-283-D:P0001,G:EXPO:LYBE:SYN2-283-D:P0001,EVTOL_004,EXPO,LYBE,before_boarding,selected_plan,aircraft_busy,aircraft_busy@F000141,departure_finalization,0.7526118872826676,0.7526118872826676,0.0,2026-07-31T13:04:45.949400+02:00,2026-07-31T13:05:31.106113+02:00
47102.51492925814,47162.51492925814,SYN2-166-A:P0001,G:LYBE:EXPO:SYN2-166-A:P0001,EVTOL_003,LYBE,EXPO,before_boarding,selected_plan,aircraft_busy|group_formation,aircraft_busy@F000142|group_formation@LYBE,departure_finalization,1.0,0.0,0.0,2026-07-31T13:05:02.514929+02:00,2026-07-31T13:06:02.514929+02:00
47102.51492925814,47162.51492925814,SYN2-293-D:P0001,G:LYBV:LYBE:SYN2-293-D:P0001,EVTOL_003,LYBV,LYBE,departure_preparation,committed_flight,departure_preparation,departure_preparation@LYBV,departure_finalization,1.0,0.0,0.0,2026-07-31T13:05:02.514929+02:00,2026-07-31T13:06:02.514929+02:00
47103.358658638586,47163.358658638586,SYN2-292-D:P0002,G:BW:LYBE:SYN2-292-D:P0002,EVTOL_002,BW,LYBE,departure_preparation,committed_flight,departure_preparation,departure_preparation@BW,departure_finalization,1.0,0.0,0.0,2026-07-31T13:05:03.358659+02:00,2026-07-31T13:06:03.358659+02:00
47103.358658638586,47163.358658638586,SYN2-367-D:P0001,G:BW:LYBE:SYN2-292-D:P0002,EVTOL_002,BW,LYBE,departure_preparation,committed_flight,departure_preparation,departure_preparation@BW,departure_finalization,1.0,0.0,0.0,2026-07-31T13:05:03.358659+02:00,2026-07-31T13:06:03.358659+02:00
47131.106112966896,47171.106112966896,SYN2-283-D:P0001,G:EXPO:LYBE:SYN2-283-D:P0001,EVTOL_004,EXPO,LYBE,before_boarding,selected_plan,aircraft_busy,aircraft_busy@F000141,takeoff,0.6666666666666666,0.6666666666666666,0.0,2026-07-31T13:05:31.106113+02:00,2026-07-31T13:06:11.106113+02:00
47162.51492925814,47202.51492925814,SYN2-166-A:P0001,G:LYBE:EXPO:SYN2-166-A:P0001,EVTOL_003,LYBE,EXPO,before_boarding,selected_plan,aircraft_busy|group_formation,aircraft_busy@F000142|group_formation@LYBE,takeoff,0.6666666666666666,0.0,0.0,2026-07-31T13:06:02.514929+02:00,2026-07-31T13:06:42.514929+02:00
47171.106112966896,47175.83128931378,SYN2-283-D:P0001,G:EXPO:LYBE:SYN2-283-D:P0001,EVTOL_004,EXPO,LYBE,before_boarding,selected_plan,aircraft_busy,aircraft_busy@F000141,cruise,0.07875293911468664,0.07875293911468664,0.0,2026-07-31T13:06:11.106113+02:00,2026-07-31T13:06:15.831289+02:00
47175.83128931378,47395.9419349669,SYN2-294-D:P0002,G:LYBV:LYBE:SYN2-294-D:P0002,EVTOL_004,LYBV,LYBE,before_boarding,selected_plan,aircraft_busy|group_formation,aircraft_busy@F000141|group_formation@LYBV,cruise,3.6685107608853285,0.0,0.0,2026-07-31T13:06:15.831289+02:00,2026-07-31T13:09:55.941935+02:00
47175.83128931378,47180.63891158868,SYN2-283-D:P0001,G:EXPO:LYBE:SYN2-283-D:P0001,EVTOL_002,EXPO,LYBE,before_boarding,selected_plan,aircraft_busy,aircraft_busy@F000140,takeoff,0.08012703791500826,0.08012703791500826,0.0,2026-07-31T13:06:15.831289+02:00,2026-07-31T13:06:20.638912+02:00
47180.63891158868,47203.358658638586,SYN2-065-A:P0001,G:LYBE:DOR:SYN2-065-A:P0001,EVTOL_002,LYBE,DOR,before_boarding,selected_plan,aircraft_busy|group_formation,aircraft_busy@F000140|group_formation@LYBE,takeoff,0.3786624508318103,0.0,0.0,2026-07-31T13:06:20.638912+02:00,2026-07-31T13:06:43.358659+02:00
47180.63891158868,47395.9419349669,SYN2-283-D:P0001,G:EXPO:LYBE:SYN2-283-D:P0001,,EXPO,LYBE,before_boarding,candidate_set,priority_other_group,,,3.5883837229703204,3.5883837229703204,0.0,2026-07-31T13:06:20.638912+02:00,2026-07-31T13:09:55.941935+02:00
47202.51492925814,47538.96311725814,SYN2-166-A:P0001,G:LYBE:EXPO:SYN2-166-A:P0001,EVTOL_003,LYBE,EXPO,before_boarding,selected_plan,aircraft_busy|group_formation,aircraft_busy@F000142|group_formation@LYBE,cruise,5.607469800000035,0.0,0.0,2026-07-31T13:06:42.514929+02:00,2026-07-31T13:12:18.963117+02:00
47203.358658638586,47428.19448063859,SYN2-065-A:P0001,G:LYBE:DOR:SYN2-065-A:P0001,EVTOL_002,LYBE,DOR,before_boarding,selected_plan,aircraft_busy|group_formation,aircraft_busy@F000140|group_formation@LYBE,cruise,3.747263700000015,0.0,0.0,2026-07-31T13:06:43.358659+02:00,2026-07-31T13:10:28.194481+02:00
47395.9419349669,47455.9419349669,SYN2-294-D:P0002,G:LYBV:LYBE:SYN2-294-D:P0002,EVTOL_004,LYBV,LYBE,before_boarding,selected_plan,aircraft_busy|group_formation,aircraft_busy@F000141|group_formation@LYBV,landing,1.0,0.0,0.0,2026-07-31T13:09:55.941935+02:00,2026-07-31T13:10:55.941935+02:00
47395.9419349669,47396.93215103284,SYN2-283-D:P0001,G:EXPO:LYBE:SYN2-283-D:P0001,EVTOL_001,EXPO,LYBE,before_boarding,selected_plan,aircraft_busy,aircraft_busy@F000143,boarding,0.016503601099005512,0.016503601099005512,0.0,2026-07-31T13:09:55.941935+02:00,2026-07-31T13:09:56.932151+02:00
47396.93215103284,47697.398941044055,SYN2-292-D:P0003,G:JUG:LYBE:SYN2-292-D:P0003,EVTOL_001,JUG,LYBE,before_boarding,selected_plan,aircraft_busy|group_formation,aircraft_busy@F000143|group_formation@JUG,boarding,5.007779833520302,0.0,0.0,2026-07-31T13:09:56.932151+02:00,2026-07-31T13:14:57.398941+02:00
47396.93215103284,48009.2611690632,SYN2-283-D:P0001,G:EXPO:LYBE:SYN2-283-D:P0001,,EXPO,LYBE,before_boarding,candidate_set,priority_other_group,,,10.205483633839322,10.205483633839322,0.0,2026-07-31T13:09:56.932151+02:00,2026-07-31T13:20:09.261169+02:00
47428.19448063859,47488.19448063859,SYN2-065-A:P0001,G:LYBE:DOR:SYN2-065-A:P0001,EVTOL_002,LYBE,DOR,before_boarding,selected_plan,aircraft_busy|group_formation,aircraft_busy@F000140|group_formation@LYBE,landing,1.0,0.0,0.0,2026-07-31T13:10:28.194481+02:00,2026-07-31T13:11:28.194481+02:00
47455.9419349669,47581.9419349669,SYN2-294-D:P0002,G:LYBV:LYBE:SYN2-294-D:P0002,EVTOL_004,LYBV,LYBE,before_boarding,selected_plan,aircraft_busy|group_formation,aircraft_busy@F000141|group_formation@LYBV,disembarking,2.1,0.0,0.0,2026-07-31T13:10:55.941935+02:00,2026-07-31T13:13:01.941935+02:00
47488.19448063859,47680.19448063859,SYN2-065-A:P0001,G:LYBE:DOR:SYN2-065-A:P0001,EVTOL_002,LYBE,DOR,before_boarding,selected_plan,aircraft_busy|group_formation,aircraft_busy@F000140|group_formation@LYBE,disembarking,3.2,0.0,0.0,2026-07-31T13:11:28.194481+02:00,2026-07-31T13:14:40.194481+02:00
47538.96311725814,47598.96311725814,SYN2-166-A:P0001,G:LYBE:EXPO:SYN2-166-A:P0001,EVTOL_003,LYBE,EXPO,before_boarding,selected_plan,aircraft_busy|group_formation,aircraft_busy@F000142|group_formation@LYBE,landing,1.0,0.0,0.0,2026-07-31T13:12:18.963117+02:00,2026-07-31T13:13:18.963117+02:00
47581.9419349669,47815.648803063195,SYN2-294-D:P0002,G:LYBV:LYBE:SYN2-294-D:P0002,EVTOL_004,LYBV,LYBE,before_boarding,selected_plan,battery_before_repositioning|group_formation,battery_before_repositioning@BW|group_formation@LYBV,idle,3.8951144682716405,0.0,0.0,2026-07-31T13:13:01.941935+02:00,2026-07-31T13:16:55.648803+02:00
47598.96311725814,47724.96311725814,SYN2-166-A:P0001,G:LYBE:EXPO:SYN2-166-A:P0001,EVTOL_003,LYBE,EXPO,before_boarding,selected_plan,aircraft_busy|group_formation,aircraft_busy@F000142|group_formation@LYBE,disembarking,2.1,0.0,0.0,2026-07-31T13:13:18.963117+02:00,2026-07-31T13:15:24.963117+02:00
47680.19448063859,48080.63891158868,SYN2-065-A:P0001,G:LYBE:DOR:SYN2-065-A:P0001,EVTOL_002,LYBE,DOR,before_boarding,selected_plan,cleaning|group_formation,cleaning@LYBE:cleaner:1|group_formation@LYBE,cleaning,6.674073849168175,0.0,0.0,2026-07-31T13:14:40.194481+02:00,2026-07-31T13:21:20.638912+02:00
47697.398941044055,47757.398941044055,SYN2-292-D:P0003,G:JUG:LYBE:SYN2-292-D:P0003,EVTOL_001,JUG,LYBE,before_boarding,selected_plan,aircraft_busy|group_formation,aircraft_busy@F000143|group_formation@JUG,departure_finalization,1.0,0.0,0.0,2026-07-31T13:14:57.398941+02:00,2026-07-31T13:15:57.398941+02:00
47697.398941044055,47757.398941044055,SYN2-064-A:P0001,G:LYBE:JUG:SYN2-064-A:P0001,EVTOL_001,LYBE,JUG,departure_preparation,committed_flight,departure_preparation,departure_preparation@LYBE,departure_finalization,1.0,0.0,0.0,2026-07-31T13:14:57.398941+02:00,2026-07-31T13:15:57.398941+02:00
47697.398941044055,47757.398941044055,SYN2-061-A:P0001,G:LYBE:JUG:SYN2-064-A:P0001,EVTOL_001,LYBE,JUG,departure_preparation,committed_flight,departure_preparation,departure_preparation@LYBE,departure_finalization,1.0,0.0,0.0,2026-07-31T13:14:57.398941+02:00,2026-07-31T13:15:57.398941+02:00
47697.398941044055,47757.398941044055,SYN2-064-A:P0002,G:LYBE:JUG:SYN2-064-A:P0001,EVTOL_001,LYBE,JUG,departure_preparation,committed_flight,departure_preparation,departure_preparation@LYBE,departure_finalization,1.0,0.0,0.0,2026-07-31T13:14:57.398941+02:00,2026-07-31T13:15:57.398941+02:00
47724.96311725814,47985.949399729936,SYN2-166-A:P0001,G:LYBE:EXPO:SYN2-166-A:P0001,EVTOL_003,LYBE,EXPO,before_boarding,selected_plan,group_formation,group_formation@LYBE,idle,4.349771374529882,0.0,0.0,2026-07-31T13:15:24.963117+02:00,2026-07-31T13:19:45.949400+02:00
47757.398941044055,47797.398941044055,SYN2-292-D:P0003,G:JUG:LYBE:SYN2-292-D:P0003,EVTOL_001,JUG,LYBE,before_boarding,selected_plan,aircraft_busy|group_formation,aircraft_busy@F000143|group_formation@JUG,takeoff,0.6666666666666666,0.0,0.0,2026-07-31T13:15:57.398941+02:00,2026-07-31T13:16:37.398941+02:00
47775.98366000167,47815.648803063195,SYN2-292-D:P0001,G:LYBV:LYBE:SYN2-294-D:P0002,EVTOL_004,LYBV,LYBE,before_boarding,selected_plan,battery_before_repositioning|group_formation,battery_before_repositioning@BW|group_formation@LYBV,idle,0.6610857176920641,0.0,0.0,2026-07-31T13:16:15.983660+02:00,2026-07-31T13:16:55.648803+02:00
47797.398941044055,48115.201253044055,SYN2-292-D:P0003,G:JUG:LYBE:SYN2-292-D:P0003,EVTOL_001,JUG,LYBE,before_boarding,selected_plan,aircraft_busy|group_formation,aircraft_busy@F000143|group_formation@JUG,cruise,5.296705199999996,0.0,0.0,2026-07-31T13:16:37.398941+02:00,2026-07-31T13:21:55.201253+02:00
47815.648803063195,47875.648803063195,SYN2-294-D:P0002,G:LYBV:LYBE:SYN2-294-D:P0002,EVTOL_004,LYBV,LYBE,before_boarding,selected_plan,departure_preparation|group_formation,departure_preparation@BW|group_formation@LYBV,departure_finalization,1.0,0.0,0.0,2026-07-31T13:16:55.648803+02:00,2026-07-31T13:17:55.648803+02:00
47815.648803063195,47875.648803063195,SYN2-292-D:P0001,G:LYBV:LYBE:SYN2-294-D:P0002,EVTOL_004,LYBV,LYBE,before_boarding,selected_plan,departure_preparation|group_formation,departure_preparation@BW|group_formation@LYBV,departure_finalization,1.0,0.0,0.0,2026-07-31T13:16:55.648803+02:00,2026-07-31T13:17:55.648803+02:00
47875.648803063195,47915.648803063195,SYN2-294-D:P0002,G:LYBV:LYBE:SYN2-294-D:P0002,EVTOL_004,LYBV,LYBE,before_boarding,selected_plan,group_formation|repositioning_flight,group_formation@LYBV|repositioning_flight@LYBV,takeoff,0.6666666666666666,0.0,0.0,2026-07-31T13:17:55.648803+02:00,2026-07-31T13:18:35.648803+02:00
47875.648803063195,47915.648803063195,SYN2-292-D:P0001,G:LYBV:LYBE:SYN2-294-D:P0002,EVTOL_004,LYBV,LYBE,before_boarding,selected_plan,group_formation|repositioning_flight,group_formation@LYBV|repositioning_flight@LYBV,takeoff,0.6666666666666666,0.0,0.0,2026-07-31T13:17:55.648803+02:00,2026-07-31T13:18:35.648803+02:00
47915.648803063195,48009.2611690632,SYN2-294-D:P0002,G:LYBV:LYBE:SYN2-294-D:P0002,EVTOL_004,LYBV,LYBE,before_boarding,selected_plan,group_formation|repositioning_flight,group_formation@LYBV|repositioning_flight@LYBV,cruise,1.56020610000002,0.0,0.0,2026-07-31T13:18:35.648803+02:00,2026-07-31T13:20:09.261169+02:00
47915.648803063195,48009.2611690632,SYN2-292-D:P0001,G:LYBV:LYBE:SYN2-294-D:P0002,EVTOL_004,LYBV,LYBE,before_boarding,selected_plan,group_formation|repositioning_flight,group_formation@LYBV|repositioning_flight@LYBV,cruise,1.56020610000002,0.0,0.0,2026-07-31T13:18:35.648803+02:00,2026-07-31T13:20:09.261169+02:00
48009.2611690632,48069.2611690632,SYN2-294-D:P0002,G:LYBV:LYBE:SYN2-294-D:P0002,EVTOL_004,LYBV,LYBE,before_boarding,selected_plan,group_formation|repositioning_flight,group_formation@LYBV|repositioning_flight@LYBV,landing,1.0,0.0,0.0,2026-07-31T13:20:09.261169+02:00,2026-07-31T13:21:09.261169+02:00
48009.2611690632,48069.2611690632,SYN2-292-D:P0001,G:LYBV:LYBE:SYN2-294-D:P0002,EVTOL_004,LYBV,LYBE,before_boarding,selected_plan,group_formation|repositioning_flight,group_formation@LYBV|repositioning_flight@LYBV,landing,1.0,0.0,0.0,2026-07-31T13:20:09.261169+02:00,2026-07-31T13:21:09.261169+02:00
48009.2611690632,48180.949399729936,SYN2-283-D:P0001,G:EXPO:LYBE:SYN2-283-D:P0001,EVTOL_003,EXPO,LYBE,before_boarding,selected_plan,aircraft_busy,aircraft_busy@F000145,boarding,2.8614705111123233,2.8614705111123233,0.0,2026-07-31T13:20:09.261169+02:00,2026-07-31T13:23:00.949400+02:00
48069.2611690632,48075.83128931378,SYN2-294-D:P0002,G:LYBV:LYBE:SYN2-294-D:P0002,EVTOL_004,LYBV,LYBE,before_boarding,selected_plan,group_formation,group_formation@LYBV,idle,0.1095020041763443,0.0,0.0,2026-07-31T13:21:09.261169+02:00,2026-07-31T13:21:15.831289+02:00
48069.2611690632,48075.83128931378,SYN2-292-D:P0001,G:LYBV:LYBE:SYN2-294-D:P0002,EVTOL_004,LYBV,LYBE,before_boarding,selected_plan,group_formation,group_formation@LYBV,idle,0.1095020041763443,0.0,0.0,2026-07-31T13:21:09.261169+02:00,2026-07-31T13:21:15.831289+02:00
48080.08230043169,48080.63891158868,SYN2-067-A:P0001,G:LYBE:DOR:SYN2-065-A:P0001,EVTOL_002,LYBE,DOR,before_boarding,selected_plan,cleaning|group_formation,cleaning@LYBE:cleaner:1|group_formation@LYBE,cleaning,0.009276852616433946,0.0,0.0,2026-07-31T13:21:20.082300+02:00,2026-07-31T13:21:20.638912+02:00
48080.63891158868,48280.19448063859,SYN2-065-A:P0001,G:LYBE:DOR:SYN2-065-A:P0001,EVTOL_002,LYBE,DOR,before_boarding,selected_plan,cleaning,cleaning@LYBE:cleaner:1,cleaning,3.3259261508318256,3.3259261508318256,0.0,2026-07-31T13:21:20.638912+02:00,2026-07-31T13:24:40.194481+02:00
48080.63891158868,48280.19448063859,SYN2-067-A:P0001,G:LYBE:DOR:SYN2-065-A:P0001,EVTOL_002,LYBE,DOR,before_boarding,selected_plan,cleaning,cleaning@LYBE:cleaner:1,cleaning,3.3259261508318256,0.0,0.0,2026-07-31T13:21:20.638912+02:00,2026-07-31T13:24:40.194481+02:00
48115.201253044055,48175.201253044055,SYN2-292-D:P0003,G:JUG:LYBE:SYN2-292-D:P0003,EVTOL_001,JUG,LYBE,before_boarding,selected_plan,aircraft_busy|group_formation,aircraft_busy@F000143|group_formation@JUG,landing,1.0,0.0,0.0,2026-07-31T13:21:55.201253+02:00,2026-07-31T13:22:55.201253+02:00
48175.201253044055,48296.93215103284,SYN2-292-D:P0003,G:JUG:LYBE:SYN2-292-D:P0003,EVTOL_001,JUG,LYBE,before_boarding,selected_plan,aircraft_busy|group_formation,aircraft_busy@F000143|group_formation@JUG,disembarking,2.028848299813035,0.0,0.0,2026-07-31T13:22:55.201253+02:00,2026-07-31T13:24:56.932151+02:00
48180.949399729936,48240.949399729936,SYN2-283-D:P0001,G:EXPO:LYBE:SYN2-283-D:P0001,EVTOL_003,EXPO,LYBE,before_boarding,selected_plan,aircraft_busy,aircraft_busy@F000145,departure_finalization,1.0,1.0,0.0,2026-07-31T13:23:00.949400+02:00,2026-07-31T13:24:00.949400+02:00
48180.949399729936,48240.949399729936,SYN2-166-A:P0001,G:LYBE:EXPO:SYN2-166-A:P0001,EVTOL_003,LYBE,EXPO,departure_preparation,committed_flight,departure_preparation,departure_preparation@LYBE,departure_finalization,1.0,0.0,0.0,2026-07-31T13:23:00.949400+02:00,2026-07-31T13:24:00.949400+02:00
48240.949399729936,48280.949399729936,SYN2-283-D:P0001,G:EXPO:LYBE:SYN2-283-D:P0001,EVTOL_003,EXPO,LYBE,before_boarding,selected_plan,aircraft_busy,aircraft_busy@F000145,takeoff,0.6666666666666666,0.6666666666666666,0.0,2026-07-31T13:24:00.949400+02:00,2026-07-31T13:24:40.949400+02:00
48280.949399729936,48381.711797729935,SYN2-283-D:P0001,G:EXPO:LYBE:SYN2-283-D:P0001,EVTOL_003,EXPO,LYBE,before_boarding,selected_plan,aircraft_busy,aircraft_busy@F000145,cruise,1.6793732999999824,1.6793732999999824,0.0,2026-07-31T13:24:40.949400+02:00,2026-07-31T13:26:21.711798+02:00
48296.93215103284,48433.201253044055,SYN2-292-D:P0003,G:JUG:LYBE:SYN2-292-D:P0003,EVTOL_001,JUG,LYBE,before_boarding,selected_plan,aircraft_busy,aircraft_busy@F000143,disembarking,2.271151700186965,2.271151700186965,0.0,2026-07-31T13:24:56.932151+02:00,2026-07-31T13:27:13.201253+02:00
48345.83128931378,48652.16106357468,SYN2-294-D:P0002,G:LYBV:LYBE:SYN2-294-D:P0002,EVTOL_004,LYBV,LYBE,after_boarding,committed_flight,battery_after_repositioning,battery_after_repositioning@LYBV,waiting_for_departure,5.105496237681654,0.0,5.105496237681654,2026-07-31T13:25:45.831289+02:00,2026-07-31T13:30:52.161064+02:00
48345.83128931378,48652.16106357468,SYN2-292-D:P0001,G:LYBV:LYBE:SYN2-294-D:P0002,EVTOL_004,LYBV,LYBE,after_boarding,committed_flight,battery_after_repositioning,battery_after_repositioning@LYBV,waiting_for_departure,5.105496237681654,0.0,5.105496237681654,2026-07-31T13:25:45.831289+02:00,2026-07-31T13:30:52.161064+02:00
48381.711797729935,48441.711797729935,SYN2-283-D:P0001,G:EXPO:LYBE:SYN2-283-D:P0001,EVTOL_003,EXPO,LYBE,before_boarding,selected_plan,aircraft_busy,aircraft_busy@F000145,landing,1.0,1.0,0.0,2026-07-31T13:26:21.711798+02:00,2026-07-31T13:27:21.711798+02:00
48441.711797729935,48567.711797729935,SYN2-283-D:P0001,G:EXPO:LYBE:SYN2-283-D:P0001,EVTOL_003,EXPO,LYBE,before_boarding,selected_plan,aircraft_busy,aircraft_busy@F000145,disembarking,2.1,2.1,0.0,2026-07-31T13:27:21.711798+02:00,2026-07-31T13:29:27.711798+02:00
48550.19448063859,48610.19448063859,SYN2-065-A:P0001,G:LYBE:DOR:SYN2-065-A:P0001,EVTOL_002,LYBE,DOR,departure_preparation,committed_flight,departure_preparation,departure_preparation@LYBE,departure_finalization,1.0,0.0,0.0,2026-07-31T13:29:10.194481+02:00,2026-07-31T13:30:10.194481+02:00
48550.19448063859,48610.19448063859,SYN2-067-A:P0001,G:LYBE:DOR:SYN2-065-A:P0001,EVTOL_002,LYBE,DOR,departure_preparation,committed_flight,departure_preparation,departure_preparation@LYBE,departure_finalization,1.0,0.0,0.0,2026-07-31T13:29:10.194481+02:00,2026-07-31T13:30:10.194481+02:00
48567.73378520848,48628.201253044055,SYN2-070-A:P0001,G:LYBE:JUG:SYN2-070-A:P0001,EVTOL_001,LYBE,JUG,before_boarding,selected_plan,aircraft_busy|group_formation,aircraft_busy@F000148|group_formation@LYBE,boarding,1.0077911305928864,0.0,0.0,2026-07-31T13:29:27.733785+02:00,2026-07-31T13:30:28.201253+02:00
48628.201253044055,48730.80693957468,SYN2-070-A:P0001,G:LYBE:JUG:SYN2-070-A:P0001,EVTOL_001,LYBE,JUG,before_boarding,selected_plan,aircraft_busy|group_formation,aircraft_busy@F000148|group_formation@LYBE,waiting_for_tlof,1.7100947755103941,0.0,0.0,2026-07-31T13:30:28.201253+02:00,2026-07-31T13:32:10.806940+02:00
48628.201253044055,48730.80693957468,SYN2-292-D:P0003,G:JUG:LYBE:SYN2-292-D:P0003,EVTOL_001,JUG,LYBE,after_boarding,committed_flight,destination_tlof,destination_tlof@LYBE,waiting_for_departure,1.7100947755103941,0.0,1.7100947755103941,2026-07-31T13:30:28.201253+02:00,2026-07-31T13:32:10.806940+02:00
48652.16106357468,48712.16106357468,SYN2-294-D:P0002,G:LYBV:LYBE:SYN2-294-D:P0002,EVTOL_004,LYBV,LYBE,departure_preparation,committed_flight,departure_preparation,departure_preparation@LYBV,departure_finalization,1.0,0.0,0.0,2026-07-31T13:30:52.161064+02:00,2026-07-31T13:31:52.161064+02:00
48652.16106357468,48712.16106357468,SYN2-292-D:P0001,G:LYBV:LYBE:SYN2-294-D:P0002,EVTOL_004,LYBV,LYBE,departure_preparation,committed_flight,departure_preparation,departure_preparation@LYBV,departure_finalization,1.0,0.0,0.0,2026-07-31T13:30:52.161064+02:00,2026-07-31T13:31:52.161064+02:00
48730.80693957468,48790.80693957468,SYN2-070-A:P0001,G:LYBE:JUG:SYN2-070-A:P0001,EVTOL_001,LYBE,JUG,before_boarding,selected_plan,aircraft_busy|group_formation,aircraft_busy@F000148|group_formation@LYBE,departure_finalization,1.0,0.0,0.0,2026-07-31T13:32:10.806940+02:00,2026-07-31T13:33:10.806940+02:00
48730.80693957468,48790.80693957468,SYN2-292-D:P0003,G:JUG:LYBE:SYN2-292-D:P0003,EVTOL_001,JUG,LYBE,departure_preparation,committed_flight,departure_preparation,departure_preparation@JUG,departure_finalization,1.0,0.0,0.0,2026-07-31T13:32:10.806940+02:00,2026-07-31T13:33:10.806940+02:00
48762.711797729935,48822.711797729935,SYN2-283-D:P0001,G:EXPO:LYBE:SYN2-283-D:P0001,EVTOL_003,EXPO,LYBE,departure_preparation,committed_flight,departure_preparation,departure_preparation@EXPO,departure_finalization,1.0,0.0,0.0,2026-07-31T13:32:42.711798+02:00,2026-07-31T13:33:42.711798+02:00
48790.80693957468,48830.80693957468,SYN2-070-A:P0001,G:LYBE:JUG:SYN2-070-A:P0001,EVTOL_001,LYBE,JUG,before_boarding,selected_plan,aircraft_busy|group_formation,aircraft_busy@F000148|group_formation@LYBE,takeoff,0.6666666666666666,0.0,0.0,2026-07-31T13:33:10.806940+02:00,2026-07-31T13:33:50.806940+02:00
48830.80693957468,49148.60925157468,SYN2-070-A:P0001,G:LYBE:JUG:SYN2-070-A:P0001,EVTOL_001,LYBE,JUG,before_boarding,selected_plan,aircraft_busy|group_formation,aircraft_busy@F000148|group_formation@LYBE,cruise,5.296705199999996,0.0,0.0,2026-07-31T13:33:50.806940+02:00,2026-07-31T13:39:08.609252+02:00
49029.717631258754,49149.474195729934,SYN2-071-A:P0001,G:LYBE:BW:SYN2-071-A:P0001,EVTOL_003,LYBE,BW,before_boarding,selected_plan,aircraft_busy|group_formation,aircraft_busy@F000149|group_formation@LYBE,disembarking,1.995942741186324,0.0,0.0,2026-07-31T13:37:09.717631+02:00,2026-07-31T13:39:09.474196+02:00
49148.60925157468,49208.60925157468,SYN2-070-A:P0001,G:LYBE:JUG:SYN2-070-A:P0001,EVTOL_001,LYBE,JUG,before_boarding,selected_plan,aircraft_busy|group_formation,aircraft_busy@F000148|group_formation@LYBE,landing,1.0,0.0,0.0,2026-07-31T13:39:08.609252+02:00,2026-07-31T13:40:08.609252+02:00
49149.474195729934,49929.717631258754,SYN2-071-A:P0001,G:LYBE:BW:SYN2-071-A:P0001,EVTOL_003,LYBE,BW,before_boarding,selected_plan,group_formation,group_formation@LYBE,idle,13.004057258813676,0.0,0.0,2026-07-31T13:39:09.474196+02:00,2026-07-31T13:52:09.717631+02:00
49160.40517434872,49929.717631258754,SYN2-071-A:P0002,G:LYBE:BW:SYN2-071-A:P0001,EVTOL_003,LYBE,BW,before_boarding,selected_plan,group_formation,group_formation@LYBE,idle,12.82187428183388,0.0,0.0,2026-07-31T13:39:20.405174+02:00,2026-07-31T13:52:09.717631+02:00
49186.626758682505,49929.717631258754,SYN2-071-A:P0003,G:LYBE:BW:SYN2-071-A:P0001,EVTOL_003,LYBE,BW,before_boarding,selected_plan,group_formation,group_formation@LYBE,idle,12.38484787627082,0.0,0.0,2026-07-31T13:39:46.626759+02:00,2026-07-31T13:52:09.717631+02:00
49208.60925157468,49334.60925157468,SYN2-070-A:P0001,G:LYBE:JUG:SYN2-070-A:P0001,EVTOL_001,LYBE,JUG,before_boarding,selected_plan,aircraft_busy|group_formation,aircraft_busy@F000148|group_formation@LYBE,disembarking,2.1,0.0,0.0,2026-07-31T13:40:08.609252+02:00,2026-07-31T13:42:14.609252+02:00
49334.60925157468,49467.73378520848,SYN2-070-A:P0001,G:LYBE:JUG:SYN2-070-A:P0001,EVTOL_001,LYBE,JUG,before_boarding,selected_plan,group_formation,group_formation@LYBE,idle,2.2187422272300563,0.0,0.0,2026-07-31T13:42:14.609252+02:00,2026-07-31T13:44:27.733785+02:00
49413.103388764095,49473.103388764095,SYN2-294-D:P0001,G:JUG:LYBE:SYN2-294-D:P0001,EVTOL_002,JUG,LYBE,before_boarding,selected_plan,departure_preparation|group_formation,departure_preparation@DOR|group_formation@JUG,departure_finalization,1.0,0.0,0.0,2026-07-31T13:43:33.103389+02:00,2026-07-31T13:44:33.103389+02:00
49473.103388764095,49513.103388764095,SYN2-294-D:P0001,G:JUG:LYBE:SYN2-294-D:P0001,EVTOL_002,JUG,LYBE,before_boarding,selected_plan,group_formation|repositioning_flight,group_formation@JUG|repositioning_flight@JUG,takeoff,0.6666666666666666,0.0,0.0,2026-07-31T13:44:33.103389+02:00,2026-07-31T13:45:13.103389+02:00
49513.103388764095,49563.5803747641,SYN2-294-D:P0001,G:JUG:LYBE:SYN2-294-D:P0001,EVTOL_002,JUG,LYBE,before_boarding,selected_plan,group_formation|repositioning_flight,group_formation@JUG|repositioning_flight@JUG,cruise,0.8412831000000248,0.0,0.0,2026-07-31T13:45:13.103389+02:00,2026-07-31T13:46:03.580375+02:00
49563.5803747641,49623.5803747641,SYN2-294-D:P0001,G:JUG:LYBE:SYN2-294-D:P0001,EVTOL_002,JUG,LYBE,before_boarding,selected_plan,group_formation|repositioning_flight,group_formation@JUG|repositioning_flight@JUG,landing,1.0,0.0,0.0,2026-07-31T13:46:03.580375+02:00,2026-07-31T13:47:03.580375+02:00
49623.5803747641,50313.103388764095,SYN2-294-D:P0001,G:JUG:LYBE:SYN2-294-D:P0001,EVTOL_002,JUG,LYBE,before_boarding,selected_plan,group_formation,group_formation@JUG,idle,11.492050233333309,0.0,0.0,2026-07-31T13:47:03.580375+02:00,2026-07-31T13:58:33.103389+02:00
49656.829556245764,50556.829556245764,SYN2-169-A:P0001,G:LYBE:EXPO:SYN2-169-A:P0001,EVTOL_004,LYBE,EXPO,before_boarding,selected_plan,group_formation,group_formation@LYBE,idle,15.0,0.0,0.0,2026-07-31T13:47:36.829556+02:00,2026-07-31T14:02:36.829556+02:00
49662.73378520848,49722.73378520848,SYN2-070-A:P0001,G:LYBE:JUG:SYN2-070-A:P0001,EVTOL_001,LYBE,JUG,departure_preparation,committed_flight,departure_preparation,departure_preparation@LYBE,departure_finalization,1.0,0.0,0.0,2026-07-31T13:47:42.733785+02:00,2026-07-31T13:48:42.733785+02:00
49955.768660283284,50313.103388764095,SYN2-298-D:P0001,G:JUG:LYBE:SYN2-294-D:P0001,EVTOL_002,JUG,LYBE,before_boarding,selected_plan,group_formation,group_formation@JUG,idle,5.955578808013525,0.0,0.0,2026-07-31T13:52:35.768660+02:00,2026-07-31T13:58:33.103389+02:00
50274.717631258754,50334.717631258754,SYN2-071-A:P0001,G:LYBE:BW:SYN2-071-A:P0001,EVTOL_003,LYBE,BW,departure_preparation,committed_flight,departure_preparation,departure_preparation@LYBE,departure_finalization,1.0,0.0,0.0,2026-07-31T13:57:54.717631+02:00,2026-07-31T13:58:54.717631+02:00
50274.717631258754,50334.717631258754,SYN2-071-A:P0002,G:LYBE:BW:SYN2-071-A:P0001,EVTOL_003,LYBE,BW,departure_preparation,committed_flight,departure_preparation,departure_preparation@LYBE,departure_finalization,1.0,0.0,0.0,2026-07-31T13:57:54.717631+02:00,2026-07-31T13:58:54.717631+02:00
50274.717631258754,50334.717631258754,SYN2-071-A:P0003,G:LYBE:BW:SYN2-071-A:P0001,EVTOL_003,LYBE,BW,departure_preparation,committed_flight,departure_preparation,departure_preparation@LYBE,departure_finalization,1.0,0.0,0.0,2026-07-31T13:57:54.717631+02:00,2026-07-31T13:58:54.717631+02:00
50442.1975900576,50583.103388764095,SYN2-293-D:P0002,G:EXPO:LYBE:SYN2-293-D:P0002,EVTOL_003,EXPO,LYBE,before_boarding,selected_plan,aircraft_busy|group_formation,aircraft_busy@F000152|group_formation@EXPO,cruise,2.3484299784415876,0.0,0.0,2026-07-31T14:00:42.197590+02:00,2026-07-31T14:03:03.103389+02:00
50583.103388764095,50751.829556245764,SYN2-293-D:P0002,G:EXPO:LYBE:SYN2-293-D:P0002,EVTOL_004,EXPO,LYBE,before_boarding,selected_plan,aircraft_busy|group_formation,aircraft_busy@F000154|group_formation@EXPO,boarding,2.8121027913611516,0.0,0.0,2026-07-31T14:03:03.103389+02:00,2026-07-31T14:05:51.829556+02:00
50583.103388764095,50643.103388764095,SYN2-294-D:P0001,G:JUG:LYBE:SYN2-294-D:P0001,EVTOL_002,JUG,LYBE,departure_preparation,committed_flight,departure_preparation,departure_preparation@JUG,departure_finalization,1.0,0.0,0.0,2026-07-31T14:03:03.103389+02:00,2026-07-31T14:04:03.103389+02:00
50583.103388764095,50643.103388764095,SYN2-298-D:P0001,G:JUG:LYBE:SYN2-294-D:P0001,EVTOL_002,JUG,LYBE,departure_preparation,committed_flight,departure_preparation,departure_preparation@JUG,departure_finalization,1.0,0.0,0.0,2026-07-31T14:03:03.103389+02:00,2026-07-31T14:04:03.103389+02:00
50669.393226538516,50683.103388764095,SYN2-072-A:P0002,G:LYBE:BW:SYN2-072-A:P0002,EVTOL_002,LYBE,BW,before_boarding,selected_plan,aircraft_busy|group_formation,aircraft_busy@F000153|group_formation@LYBE,takeoff,0.2285027037596592,0.0,0.0,2026-07-31T14:04:29.393227+02:00,2026-07-31T14:04:43.103389+02:00
50683.103388764095,51000.905700764095,SYN2-072-A:P0002,G:LYBE:BW:SYN2-072-A:P0002,EVTOL_002,LYBE,BW,before_boarding,selected_plan,aircraft_busy|group_formation,aircraft_busy@F000153|group_formation@LYBE,cruise,5.296705199999996,0.0,0.0,2026-07-31T14:04:43.103389+02:00,2026-07-31T14:10:00.905701+02:00
50751.829556245764,50811.829556245764,SYN2-293-D:P0002,G:EXPO:LYBE:SYN2-293-D:P0002,EVTOL_004,EXPO,LYBE,before_boarding,selected_plan,aircraft_busy|group_formation,aircraft_busy@F000154|group_formation@EXPO,departure_finalization,1.0,0.0,0.0,2026-07-31T14:05:51.829556+02:00,2026-07-31T14:06:51.829556+02:00
50751.829556245764,50811.829556245764,SYN2-169-A:P0001,G:LYBE:EXPO:SYN2-169-A:P0001,EVTOL_004,LYBE,EXPO,departure_preparation,committed_flight,departure_preparation,departure_preparation@LYBE,departure_finalization,1.0,0.0,0.0,2026-07-31T14:05:51.829556+02:00,2026-07-31T14:06:51.829556+02:00
50811.829556245764,50851.829556245764,SYN2-293-D:P0002,G:EXPO:LYBE:SYN2-293-D:P0002,EVTOL_004,EXPO,LYBE,before_boarding,selected_plan,aircraft_busy|group_formation,aircraft_busy@F000154|group_formation@EXPO,takeoff,0.6666666666666666,0.0,0.0,2026-07-31T14:06:51.829556+02:00,2026-07-31T14:07:31.829556+02:00
50851.829556245764,50939.19857277814,SYN2-293-D:P0002,G:EXPO:LYBE:SYN2-293-D:P0002,EVTOL_004,EXPO,LYBE,before_boarding,selected_plan,aircraft_busy|group_formation,aircraft_busy@F000154|group_formation@EXPO,cruise,1.4561502755396456,0.0,0.0,2026-07-31T14:07:31.829556+02:00,2026-07-31T14:08:59.198573+02:00
50939.19857277814,50952.59195424576,SYN2-072-A:P0001,G:LYBE:DOR:SYN2-072-A:P0001,EVTOL_004,LYBE,DOR,before_boarding,selected_plan,aircraft_busy|group_formation,aircraft_busy@F000154|group_formation@LYBE,cruise,0.2232230244603367,0.0,0.0,2026-07-31T14:08:59.198573+02:00,2026-07-31T14:09:12.591954+02:00
50939.19857277814,50999.19857277814,SYN2-293-D:P0002,G:EXPO:LYBE:SYN2-293-D:P0002,EVTOL_003,EXPO,LYBE,before_boarding,selected_plan,departure_preparation|group_formation,departure_preparation@BW|group_formation@EXPO,departure_finalization,1.0,0.0,0.0,2026-07-31T14:08:59.198573+02:00,2026-07-31T14:09:59.198573+02:00
50952.59195424576,51012.59195424576,SYN2-072-A:P0001,G:LYBE:DOR:SYN2-072-A:P0001,EVTOL_004,LYBE,DOR,before_boarding,selected_plan,aircraft_busy|group_formation,aircraft_busy@F000154|group_formation@LYBE,landing,1.0,0.0,0.0,2026-07-31T14:09:12.591954+02:00,2026-07-31T14:10:12.591954+02:00
50999.19857277814,51039.19857277814,SYN2-293-D:P0002,G:EXPO:LYBE:SYN2-293-D:P0002,EVTOL_003,EXPO,LYBE,before_boarding,selected_plan,group_formation|repositioning_flight,group_formation@EXPO|repositioning_flight@EXPO,takeoff,0.6666666666666666,0.0,0.0,2026-07-31T14:09:59.198573+02:00,2026-07-31T14:10:39.198573+02:00
51000.905700764095,51060.905700764095,SYN2-072-A:P0002,G:LYBE:BW:SYN2-072-A:P0002,EVTOL_002,LYBE,BW,before_boarding,selected_plan,aircraft_busy|group_formation,aircraft_busy@F000153|group_formation@LYBE,landing,1.0,0.0,0.0,2026-07-31T14:10:00.905701+02:00,2026-07-31T14:11:00.905701+02:00
51012.59195424576,51138.59195424576,SYN2-072-A:P0001,G:LYBE:DOR:SYN2-072-A:P0001,EVTOL_004,LYBE,DOR,before_boarding,selected_plan,aircraft_busy|group_formation,aircraft_busy@F000154|group_formation@LYBE,disembarking,2.1,0.0,0.0,2026-07-31T14:10:12.591954+02:00,2026-07-31T14:12:18.591954+02:00
51039.19857277814,51258.22221277814,SYN2-293-D:P0002,G:EXPO:LYBE:SYN2-293-D:P0002,EVTOL_003,EXPO,LYBE,before_boarding,selected_plan,group_formation|repositioning_flight,group_formation@EXPO|repositioning_flight@EXPO,cruise,3.6503939999999906,0.0,0.0,2026-07-31T14:10:39.198573+02:00,2026-07-31T14:14:18.222213+02:00
51060.905700764095,51252.905700764095,SYN2-072-A:P0002,G:LYBE:BW:SYN2-072-A:P0002,EVTOL_002,LYBE,BW,before_boarding,selected_plan,aircraft_busy|group_formation,aircraft_busy@F000153|group_formation@LYBE,disembarking,3.2,0.0,0.0,2026-07-31T14:11:00.905701+02:00,2026-07-31T14:14:12.905701+02:00
51138.59195424576,51198.59195424576,SYN2-072-A:P0001,G:LYBE:DOR:SYN2-072-A:P0001,EVTOL_004,LYBE,DOR,before_boarding,selected_plan,departure_preparation|group_formation,departure_preparation@EXPO|group_formation@LYBE,departure_finalization,1.0,0.0,0.0,2026-07-31T14:12:18.591954+02:00,2026-07-31T14:13:18.591954+02:00
51198.59195424576,51238.59195424576,SYN2-072-A:P0001,G:LYBE:DOR:SYN2-072-A:P0001,EVTOL_004,LYBE,DOR,before_boarding,selected_plan,group_formation|repositioning_flight,group_formation@LYBE|repositioning_flight@LYBE,takeoff,0.6666666666666666,0.0,0.0,2026-07-31T14:13:18.591954+02:00,2026-07-31T14:13:58.591954+02:00
51238.59195424576,51339.35435224576,SYN2-072-A:P0001,G:LYBE:DOR:SYN2-072-A:P0001,EVTOL_004,LYBE,DOR,before_boarding,selected_plan,group_formation|repositioning_flight,group_formation@LYBE|repositioning_flight@LYBE,cruise,1.6793732999999824,0.0,0.0,2026-07-31T14:13:58.591954+02:00,2026-07-31T14:15:39.354352+02:00
51252.905700764095,51569.393226538516,SYN2-072-A:P0002,G:LYBE:BW:SYN2-072-A:P0002,EVTOL_002,LYBE,BW,before_boarding,selected_plan,group_formation,group_formation@LYBE,idle,5.274792096240344,0.0,0.0,2026-07-31T14:14:12.905701+02:00,2026-07-31T14:19:29.393227+02:00
51258.22221277814,51318.22221277814,SYN2-293-D:P0002,G:EXPO:LYBE:SYN2-293-D:P0002,EVTOL_003,EXPO,LYBE,before_boarding,selected_plan,group_formation|repositioning_flight,group_formation@EXPO|repositioning_flight@EXPO,landing,1.0,0.0,0.0,2026-07-31T14:14:18.222213+02:00,2026-07-31T14:15:18.222213+02:00
51318.22221277814,51342.1975900576,SYN2-293-D:P0002,G:EXPO:LYBE:SYN2-293-D:P0002,EVTOL_003,EXPO,LYBE,before_boarding,selected_plan,group_formation,group_formation@EXPO,idle,0.39958962132429104,0.0,0.0,2026-07-31T14:15:18.222213+02:00,2026-07-31T14:15:42.197590+02:00
51339.35435224576,51399.35435224576,SYN2-072-A:P0001,G:LYBE:DOR:SYN2-072-A:P0001,EVTOL_004,LYBE,DOR,before_boarding,selected_plan,group_formation|repositioning_flight,group_formation@LYBE|repositioning_flight@LYBE,landing,1.0,0.0,0.0,2026-07-31T14:15:39.354352+02:00,2026-07-31T14:16:39.354352+02:00
51399.35435224576,51839.19857277814,SYN2-072-A:P0001,G:LYBE:DOR:SYN2-072-A:P0001,EVTOL_004,LYBE,DOR,before_boarding,selected_plan,group_formation,group_formation@LYBE,idle,7.330737008873014,0.0,0.0,2026-07-31T14:16:39.354352+02:00,2026-07-31T14:23:59.198573+02:00
51537.1975900576,51597.1975900576,SYN2-293-D:P0002,G:EXPO:LYBE:SYN2-293-D:P0002,EVTOL_003,EXPO,LYBE,departure_preparation,committed_flight,departure_preparation,departure_preparation@EXPO,departure_finalization,1.0,0.0,0.0,2026-07-31T14:18:57.197590+02:00,2026-07-31T14:19:57.197590+02:00
51764.393226538516,51824.393226538516,SYN2-072-A:P0002,G:LYBE:BW:SYN2-072-A:P0002,EVTOL_002,LYBE,BW,departure_preparation,committed_flight,departure_preparation,departure_preparation@LYBE,departure_finalization,1.0,0.0,0.0,2026-07-31T14:22:44.393227+02:00,2026-07-31T14:23:44.393227+02:00
51768.31080431563,51824.393226538516,SYN2-294-D:P0003,G:BW:LYBE:SYN2-294-D:P0003,EVTOL_002,BW,LYBE,before_boarding,selected_plan,aircraft_busy|group_formation,aircraft_busy@F000158|group_formation@BW,departure_finalization,0.9347070370480651,0.0,0.0,2026-07-31T14:22:48.310804+02:00,2026-07-31T14:23:44.393227+02:00
51824.393226538516,51864.393226538516,SYN2-294-D:P0003,G:BW:LYBE:SYN2-294-D:P0003,EVTOL_002,BW,LYBE,before_boarding,selected_plan,aircraft_busy|group_formation,aircraft_busy@F000158|group_formation@BW,takeoff,0.6666666666666666,0.0,0.0,2026-07-31T14:23:44.393227+02:00,2026-07-31T14:24:24.393227+02:00
51864.393226538516,52089.22904853852,SYN2-294-D:P0003,G:BW:LYBE:SYN2-294-D:P0003,EVTOL_002,BW,LYBE,before_boarding,selected_plan,aircraft_busy|group_formation,aircraft_busy@F000158|group_formation@BW,cruise,3.747263700000015,0.0,0.0,2026-07-31T14:24:24.393227+02:00,2026-07-31T14:28:09.229049+02:00
52034.19857277814,52094.19857277814,SYN2-072-A:P0001,G:LYBE:DOR:SYN2-072-A:P0001,EVTOL_004,LYBE,DOR,departure_preparation,committed_flight,departure_preparation,departure_preparation@LYBE,departure_finalization,1.0,0.0,0.0,2026-07-31T14:27:14.198573+02:00,2026-07-31T14:28:14.198573+02:00
52089.22904853852,52149.22904853852,SYN2-294-D:P0003,G:BW:LYBE:SYN2-294-D:P0003,EVTOL_002,BW,LYBE,before_boarding,selected_plan,aircraft_busy|group_formation,aircraft_busy@F000158|group_formation@BW,landing,1.0,0.0,0.0,2026-07-31T14:28:09.229049+02:00,2026-07-31T14:29:09.229049+02:00
52149.22904853852,52275.22904853852,SYN2-294-D:P0003,G:BW:LYBE:SYN2-294-D:P0003,EVTOL_002,BW,LYBE,before_boarding,selected_plan,aircraft_busy|group_formation,aircraft_busy@F000158|group_formation@BW,disembarking,2.1,0.0,0.0,2026-07-31T14:29:09.229049+02:00,2026-07-31T14:31:15.229049+02:00
52275.22904853852,52668.31080431563,SYN2-294-D:P0003,G:BW:LYBE:SYN2-294-D:P0003,EVTOL_002,BW,LYBE,before_boarding,selected_plan,group_formation,group_formation@BW,idle,6.551362596285253,0.0,0.0,2026-07-31T14:31:15.229049+02:00,2026-07-31T14:37:48.310804+02:00
52332.95032084935,52392.95032084935,SYN2-296-D:P0001,G:LYBV:LYBE:SYN2-296-D:P0001,EVTOL_001,LYBV,LYBE,before_boarding,selected_plan,departure_preparation|group_formation,departure_preparation@JUG|group_formation@LYBV,departure_finalization,1.0,0.0,0.0,2026-07-31T14:32:12.950321+02:00,2026-07-31T14:33:12.950321+02:00
52392.95032084935,52432.95032084935,SYN2-296-D:P0001,G:LYBV:LYBE:SYN2-296-D:P0001,EVTOL_001,LYBV,LYBE,before_boarding,selected_plan,group_formation|repositioning_flight,group_formation@LYBV|repositioning_flight@LYBV,takeoff,0.6666666666666666,0.0,0.0,2026-07-31T14:33:12.950321+02:00,2026-07-31T14:33:52.950321+02:00
52429.450670075785,52461.998786778146,SYN2-295-D:P0001,G:DOR:LYBE:SYN2-295-D:P0001,EVTOL_004,DOR,LYBE,before_boarding,selected_plan,aircraft_busy|group_formation,aircraft_busy@F000159|group_formation@DOR,cruise,0.5424686117060143,0.0,0.0,2026-07-31T14:33:49.450670+02:00,2026-07-31T14:34:21.998787+02:00
52432.95032084935,52619.52917684935,SYN2-296-D:P0001,G:LYBV:LYBE:SYN2-296-D:P0001,EVTOL_001,LYBV,LYBE,before_boarding,selected_plan,group_formation|repositioning_flight,group_formation@LYBV|repositioning_flight@LYBV,cruise,3.1096476000000015,0.0,0.0,2026-07-31T14:33:52.950321+02:00,2026-07-31T14:36:59.529177+02:00
52461.998786778146,52521.998786778146,SYN2-295-D:P0001,G:DOR:LYBE:SYN2-295-D:P0001,EVTOL_004,DOR,LYBE,before_boarding,selected_plan,aircraft_busy|group_formation,aircraft_busy@F000159|group_formation@DOR,landing,1.0,0.0,0.0,2026-07-31T14:34:21.998787+02:00,2026-07-31T14:35:21.998787+02:00
52521.998786778146,52647.998786778146,SYN2-295-D:P0001,G:DOR:LYBE:SYN2-295-D:P0001,EVTOL_004,DOR,LYBE,before_boarding,selected_plan,aircraft_busy|group_formation,aircraft_busy@F000159|group_formation@DOR,disembarking,2.1,0.0,0.0,2026-07-31T14:35:21.998787+02:00,2026-07-31T14:37:27.998787+02:00
52619.52917684935,52679.52917684935,SYN2-296-D:P0001,G:LYBV:LYBE:SYN2-296-D:P0001,EVTOL_001,LYBV,LYBE,before_boarding,selected_plan,group_formation|repositioning_flight,group_formation@LYBV|repositioning_flight@LYBV,landing,1.0,0.0,0.0,2026-07-31T14:36:59.529177+02:00,2026-07-31T14:37:59.529177+02:00
52647.998786778146,53247.998786778146,SYN2-295-D:P0001,G:DOR:LYBE:SYN2-295-D:P0001,EVTOL_004,DOR,LYBE,before_boarding,selected_plan,cleaning|group_formation,cleaning@DOR:cleaner:1|group_formation@DOR,cleaning,10.0,0.0,0.0,2026-07-31T14:37:27.998787+02:00,2026-07-31T14:47:27.998787+02:00
52679.52917684935,53232.95032084935,SYN2-296-D:P0001,G:LYBV:LYBE:SYN2-296-D:P0001,EVTOL_001,LYBV,LYBE,before_boarding,selected_plan,group_formation,group_formation@LYBV,idle,9.223685733333332,0.0,0.0,2026-07-31T14:37:59.529177+02:00,2026-07-31T14:47:12.950321+02:00
52863.31080431563,52923.31080431563,SYN2-294-D:P0003,G:BW:LYBE:SYN2-294-D:P0003,EVTOL_002,BW,LYBE,departure_preparation,committed_flight,departure_preparation,departure_preparation@BW,departure_finalization,1.0,0.0,0.0,2026-07-31T14:41:03.310804+02:00,2026-07-31T14:42:03.310804+02:00
53212.449819717316,53232.95032084935,SYN2-317-D:P0001,G:LYBV:LYBE:SYN2-296-D:P0001,EVTOL_001,LYBV,LYBE,before_boarding,selected_plan,group_formation,group_formation@LYBV,idle,0.3416750188671964,0.0,0.0,2026-07-31T14:46:52.449820+02:00,2026-07-31T14:47:12.950321+02:00
53247.998786778146,53329.450670075785,SYN2-295-D:P0001,G:DOR:LYBE:SYN2-295-D:P0001,EVTOL_004,DOR,LYBE,before_boarding,selected_plan,group_formation,group_formation@DOR,idle,1.3575313882939857,0.0,0.0,2026-07-31T14:47:27.998787+02:00,2026-07-31T14:48:49.450670+02:00
53502.95032084935,53562.95032084935,SYN2-296-D:P0001,G:LYBV:LYBE:SYN2-296-D:P0001,EVTOL_001,LYBV,LYBE,departure_preparation,committed_flight,departure_preparation,departure_preparation@LYBV,departure_finalization,1.0,0.0,0.0,2026-07-31T14:51:42.950321+02:00,2026-07-31T14:52:42.950321+02:00
53502.95032084935,53562.95032084935,SYN2-317-D:P0001,G:LYBV:LYBE:SYN2-296-D:P0001,EVTOL_001,LYBV,LYBE,departure_preparation,committed_flight,departure_preparation,departure_preparation@LYBV,departure_finalization,1.0,0.0,0.0,2026-07-31T14:51:42.950321+02:00,2026-07-31T14:52:42.950321+02:00
53524.450670075785,53571.59829484935,SYN2-295-D:P0001,G:DOR:LYBE:SYN2-295-D:P0001,EVTOL_004,DOR,LYBE,after_boarding,committed_flight,destination_tlof,destination_tlof@LYBE,waiting_for_departure,0.7857937462260451,0.0,0.7857937462260451,2026-07-31T14:52:04.450670+02:00,2026-07-31T14:52:51.598295+02:00
53534.60767194917,53594.60767194917,SYN2-311-D:P0001,G:BW:LYBE:SYN2-311-D:P0001,EVTOL_002,BW,LYBE,before_boarding,selected_plan,departure_preparation|group_formation,departure_preparation@LYBE|group_formation@BW,departure_finalization,1.0,0.0,0.0,2026-07-31T14:52:14.607672+02:00,2026-07-31T14:53:14.607672+02:00
53571.59829484935,53631.59829484935,SYN2-295-D:P0001,G:DOR:LYBE:SYN2-295-D:P0001,EVTOL_004,DOR,LYBE,departure_preparation,committed_flight,departure_preparation,departure_preparation@DOR,departure_finalization,1.0,0.0,0.0,2026-07-31T14:52:51.598295+02:00,2026-07-31T14:53:51.598295+02:00
53594.60767194917,53634.60767194917,SYN2-311-D:P0001,G:BW:LYBE:SYN2-311-D:P0001,EVTOL_002,BW,LYBE,before_boarding,selected_plan,group_formation|repositioning_flight,group_formation@BW|repositioning_flight@BW,takeoff,0.6666666666666666,0.0,0.0,2026-07-31T14:53:14.607672+02:00,2026-07-31T14:53:54.607672+02:00
53634.60767194917,53859.44349394917,SYN2-311-D:P0001,G:BW:LYBE:SYN2-311-D:P0001,EVTOL_002,BW,LYBE,before_boarding,selected_plan,group_formation|repositioning_flight,group_formation@BW|repositioning_flight@BW,cruise,3.747263700000015,0.0,0.0,2026-07-31T14:53:54.607672+02:00,2026-07-31T14:57:39.443494+02:00
53739.63782082979,53859.44349394917,SYN2-299-D:P0001,G:BW:LYBE:SYN2-311-D:P0001,EVTOL_002,BW,LYBE,before_boarding,selected_plan,group_formation|repositioning_flight,group_formation@BW|repositioning_flight@BW,cruise,1.9967612186563202,0.0,0.0,2026-07-31T14:55:39.637821+02:00,2026-07-31T14:57:39.443494+02:00
53859.44349394917,53919.44349394917,SYN2-311-D:P0001,G:BW:LYBE:SYN2-311-D:P0001,EVTOL_002,BW,LYBE,before_boarding,selected_plan,group_formation|repositioning_flight,group_formation@BW|repositioning_flight@BW,landing,1.0,0.0,0.0,2026-07-31T14:57:39.443494+02:00,2026-07-31T14:58:39.443494+02:00
53859.44349394917,53919.44349394917,SYN2-299-D:P0001,G:BW:LYBE:SYN2-311-D:P0001,EVTOL_002,BW,LYBE,before_boarding,selected_plan,group_formation|repositioning_flight,group_formation@BW|repositioning_flight@BW,landing,1.0,0.0,0.0,2026-07-31T14:57:39.443494+02:00,2026-07-31T14:58:39.443494+02:00
53919.44349394917,54434.60767194917,SYN2-311-D:P0001,G:BW:LYBE:SYN2-311-D:P0001,EVTOL_002,BW,LYBE,before_boarding,selected_plan,group_formation,group_formation@BW,idle,8.586069633333318,0.0,0.0,2026-07-31T14:58:39.443494+02:00,2026-07-31T15:07:14.607672+02:00
53919.44349394917,54434.60767194917,SYN2-299-D:P0001,G:BW:LYBE:SYN2-311-D:P0001,EVTOL_002,BW,LYBE,before_boarding,selected_plan,group_formation,group_formation@BW,idle,8.586069633333318,0.0,0.0,2026-07-31T14:58:39.443494+02:00,2026-07-31T15:07:14.607672+02:00
54570.54520991195,54630.54520991195,SYN2-326-D:P0002,G:DOR:LYBE:SYN2-326-D:P0002,EVTOL_001,DOR,LYBE,before_boarding,selected_plan,departure_preparation|group_formation,departure_preparation@LYBE|group_formation@DOR,departure_finalization,1.0,0.0,0.0,2026-07-31T15:09:30.545210+02:00,2026-07-31T15:10:30.545210+02:00
54630.54520991195,54670.54520991195,SYN2-326-D:P0002,G:DOR:LYBE:SYN2-326-D:P0002,EVTOL_001,DOR,LYBE,before_boarding,selected_plan,group_formation|repositioning_flight,group_formation@DOR|repositioning_flight@DOR,takeoff,0.6666666666666666,0.0,0.0,2026-07-31T15:10:30.545210+02:00,2026-07-31T15:11:10.545210+02:00
54670.54520991195,54998.34542391195,SYN2-326-D:P0002,G:DOR:LYBE:SYN2-326-D:P0002,EVTOL_001,DOR,LYBE,before_boarding,selected_plan,group_formation|repositioning_flight,group_formation@DOR|repositioning_flight@DOR,cruise,5.463336900000043,0.0,0.0,2026-07-31T15:11:10.545210+02:00,2026-07-31T15:16:38.345424+02:00
54704.60767194917,54764.60767194917,SYN2-311-D:P0001,G:BW:LYBE:SYN2-311-D:P0001,EVTOL_002,BW,LYBE,departure_preparation,committed_flight,departure_preparation,departure_preparation@BW,departure_finalization,1.0,0.0,0.0,2026-07-31T15:11:44.607672+02:00,2026-07-31T15:12:44.607672+02:00
54704.60767194917,54764.60767194917,SYN2-299-D:P0001,G:BW:LYBE:SYN2-311-D:P0001,EVTOL_002,BW,LYBE,departure_preparation,committed_flight,departure_preparation,departure_preparation@BW,departure_finalization,1.0,0.0,0.0,2026-07-31T15:11:44.607672+02:00,2026-07-31T15:12:44.607672+02:00
54910.06865164083,55029.44349394917,SYN2-307-D:P0001,G:JUG:LYBE:SYN2-307-D:P0001,EVTOL_002,JUG,LYBE,before_boarding,selected_plan,aircraft_busy|group_formation,aircraft_busy@F000165|group_formation@JUG,cruise,1.9895807051389662,0.0,0.0,2026-07-31T15:15:10.068652+02:00,2026-07-31T15:17:09.443494+02:00
54998.34542391195,55058.34542391195,SYN2-326-D:P0002,G:DOR:LYBE:SYN2-326-D:P0002,EVTOL_001,DOR,LYBE,before_boarding,selected_plan,group_formation|repositioning_flight,group_formation@DOR|repositioning_flight@DOR,landing,1.0,0.0,0.0,2026-07-31T15:16:38.345424+02:00,2026-07-31T15:17:38.345424+02:00
55029.44349394917,55089.44349394917,SYN2-307-D:P0001,G:JUG:LYBE:SYN2-307-D:P0001,EVTOL_002,JUG,LYBE,before_boarding,selected_plan,aircraft_busy|group_formation,aircraft_busy@F000165|group_formation@JUG,landing,1.0,0.0,0.0,2026-07-31T15:17:09.443494+02:00,2026-07-31T15:18:09.443494+02:00
55058.34542391195,55470.54520991195,SYN2-326-D:P0002,G:DOR:LYBE:SYN2-326-D:P0002,EVTOL_001,DOR,LYBE,before_boarding,selected_plan,group_formation,group_formation@DOR,idle,6.86999643333329,0.0,0.0,2026-07-31T15:17:38.345424+02:00,2026-07-31T15:24:30.545210+02:00
55089.44349394917,55137.16277842079,SYN2-307-D:P0001,G:JUG:LYBE:SYN2-307-D:P0001,EVTOL_002,JUG,LYBE,before_boarding,selected_plan,aircraft_busy|group_formation,aircraft_busy@F000165|group_formation@JUG,disembarking,0.7953214078603196,0.0,0.0,2026-07-31T15:18:09.443494+02:00,2026-07-31T15:18:57.162778+02:00
55137.16277842079,55281.44349394917,SYN2-075-A:P0001,G:LYBE:LYBV:SYN2-075-A:P0001,EVTOL_002,LYBE,LYBV,before_boarding,selected_plan,aircraft_busy|group_formation,aircraft_busy@F000165|group_formation@LYBE,disembarking,2.4046785921396805,0.0,0.0,2026-07-31T15:18:57.162778+02:00,2026-07-31T15:21:21.443494+02:00
55137.16277842079,55197.16277842079,SYN2-307-D:P0001,G:JUG:LYBE:SYN2-307-D:P0001,EVTOL_004,JUG,LYBE,before_boarding,selected_plan,departure_preparation|group_formation,departure_preparation@LYBE|group_formation@JUG,departure_finalization,1.0,0.0,0.0,2026-07-31T15:18:57.162778+02:00,2026-07-31T15:19:57.162778+02:00
55197.16277842079,55237.16277842079,SYN2-307-D:P0001,G:JUG:LYBE:SYN2-307-D:P0001,EVTOL_004,JUG,LYBE,before_boarding,selected_plan,group_formation|repositioning_flight,group_formation@JUG|repositioning_flight@JUG,takeoff,0.6666666666666666,0.0,0.0,2026-07-31T15:19:57.162778+02:00,2026-07-31T15:20:37.162778+02:00
55237.16277842079,55554.96509042079,SYN2-307-D:P0001,G:JUG:LYBE:SYN2-307-D:P0001,EVTOL_004,JUG,LYBE,before_boarding,selected_plan,group_formation|repositioning_flight,group_formation@JUG|repositioning_flight@JUG,cruise,5.296705199999996,0.0,0.0,2026-07-31T15:20:37.162778+02:00,2026-07-31T15:25:54.965090+02:00
55281.44349394917,56037.16277842079,SYN2-075-A:P0001,G:LYBE:LYBV:SYN2-075-A:P0001,EVTOL_002,LYBE,LYBV,before_boarding,selected_plan,group_formation,group_formation@LYBE,idle,12.59532140786032,0.0,0.0,2026-07-31T15:21:21.443494+02:00,2026-07-31T15:33:57.162778+02:00
55554.96509042079,55614.96509042079,SYN2-307-D:P0001,G:JUG:LYBE:SYN2-307-D:P0001,EVTOL_004,JUG,LYBE,before_boarding,selected_plan,group_formation|repositioning_flight,group_formation@JUG|repositioning_flight@JUG,landing,1.0,0.0,0.0,2026-07-31T15:25:54.965090+02:00,2026-07-31T15:26:54.965090+02:00
55614.96509042079,55810.06865164083,SYN2-307-D:P0001,G:JUG:LYBE:SYN2-307-D:P0001,EVTOL_004,JUG,LYBE,before_boarding,selected_plan,group_formation,group_formation@JUG,idle,3.251726020334051,0.0,0.0,2026-07-31T15:26:54.965090+02:00,2026-07-31T15:30:10.068652+02:00
55656.94886362265,55716.94886362265,SYN2-324-D:P0001,G:BW:LYBE:SYN2-324-D:P0001,EVTOL_003,BW,LYBE,before_boarding,selected_plan,departure_preparation|group_formation,departure_preparation@LYBE|group_formation@BW,departure_finalization,1.0,0.0,0.0,2026-07-31T15:27:36.948864+02:00,2026-07-31T15:28:36.948864+02:00
55665.54520991195,55725.54520991195,SYN2-326-D:P0002,G:DOR:LYBE:SYN2-326-D:P0002,EVTOL_001,DOR,LYBE,departure_preparation,committed_flight,departure_preparation,departure_preparation@DOR,departure_finalization,1.0,0.0,0.0,2026-07-31T15:27:45.545210+02:00,2026-07-31T15:28:45.545210+02:00
55716.94886362265,55756.94886362265,SYN2-324-D:P0001,G:BW:LYBE:SYN2-324-D:P0001,EVTOL_003,BW,LYBE,before_boarding,selected_plan,group_formation|repositioning_flight,group_formation@BW|repositioning_flight@BW,takeoff,0.6666666666666666,0.0,0.0,2026-07-31T15:28:36.948864+02:00,2026-07-31T15:29:16.948864+02:00
55756.94886362265,55981.78468562265,SYN2-324-D:P0001,G:BW:LYBE:SYN2-324-D:P0001,EVTOL_003,BW,LYBE,before_boarding,selected_plan,group_formation|repositioning_flight,group_formation@BW|repositioning_flight@BW,cruise,3.747263700000015,0.0,0.0,2026-07-31T15:29:16.948864+02:00,2026-07-31T15:33:01.784686+02:00
55981.78468562265,56041.78468562265,SYN2-324-D:P0001,G:BW:LYBE:SYN2-324-D:P0001,EVTOL_003,BW,LYBE,before_boarding,selected_plan,group_formation|repositioning_flight,group_formation@BW|repositioning_flight@BW,landing,1.0,0.0,0.0,2026-07-31T15:33:01.784686+02:00,2026-07-31T15:34:01.784686+02:00
56005.06865164083,56065.06865164083,SYN2-307-D:P0001,G:JUG:LYBE:SYN2-307-D:P0001,EVTOL_004,JUG,LYBE,departure_preparation,committed_flight,departure_preparation,departure_preparation@JUG,departure_finalization,1.0,0.0,0.0,2026-07-31T15:33:25.068652+02:00,2026-07-31T15:34:25.068652+02:00
56041.78468562265,56556.94886362265,SYN2-324-D:P0001,G:BW:LYBE:SYN2-324-D:P0001,EVTOL_003,BW,LYBE,before_boarding,selected_plan,cleaning|group_formation,cleaning@BW:cleaner:1|group_formation@BW,cleaning,8.586069633333318,0.0,0.0,2026-07-31T15:34:01.784686+02:00,2026-07-31T15:42:36.948864+02:00
56049.626912125386,56232.16277842079,SYN2-320-D:P0001,G:JUG:LYBE:SYN2-320-D:P0001,EVTOL_002,JUG,LYBE,before_boarding,selected_plan,aircraft_busy|group_formation,aircraft_busy@F000171|group_formation@JUG,boarding,3.0422644382567037,0.0,0.0,2026-07-31T15:34:09.626912+02:00,2026-07-31T15:37:12.162778+02:00
56232.16277842079,56292.16277842079,SYN2-320-D:P0001,G:JUG:LYBE:SYN2-320-D:P0001,EVTOL_002,JUG,LYBE,before_boarding,selected_plan,aircraft_busy|group_formation,aircraft_busy@F000171|group_formation@JUG,departure_finalization,1.0,0.0,0.0,2026-07-31T15:37:12.162778+02:00,2026-07-31T15:38:12.162778+02:00
56232.16277842079,56292.16277842079,SYN2-075-A:P0001,G:LYBE:LYBV:SYN2-075-A:P0001,EVTOL_002,LYBE,LYBV,departure_preparation,committed_flight,departure_preparation,departure_preparation@LYBE,departure_finalization,1.0,0.0,0.0,2026-07-31T15:37:12.162778+02:00,2026-07-31T15:38:12.162778+02:00
56292.16277842079,56332.16277842079,SYN2-320-D:P0001,G:JUG:LYBE:SYN2-320-D:P0001,EVTOL_002,JUG,LYBE,before_boarding,selected_plan,aircraft_busy|group_formation,aircraft_busy@F000171|group_formation@JUG,takeoff,0.6666666666666666,0.0,0.0,2026-07-31T15:38:12.162778+02:00,2026-07-31T15:38:52.162778+02:00
56332.16277842079,56668.61096642079,SYN2-320-D:P0001,G:JUG:LYBE:SYN2-320-D:P0001,EVTOL_002,JUG,LYBE,before_boarding,selected_plan,aircraft_busy|group_formation,aircraft_busy@F000171|group_formation@JUG,cruise,5.607469800000035,0.0,0.0,2026-07-31T15:38:52.162778+02:00,2026-07-31T15:44:28.610966+02:00
56556.94886362265,56641.78468562265,SYN2-324-D:P0001,G:BW:LYBE:SYN2-324-D:P0001,EVTOL_003,BW,LYBE,before_boarding,selected_plan,cleaning,cleaning@BW:cleaner:1,cleaning,1.413930366666682,1.413930366666682,0.0,2026-07-31T15:42:36.948864+02:00,2026-07-31T15:44:01.784686+02:00
56668.61096642079,56728.61096642079,SYN2-320-D:P0001,G:JUG:LYBE:SYN2-320-D:P0001,EVTOL_002,JUG,LYBE,before_boarding,selected_plan,aircraft_busy|group_formation,aircraft_busy@F000171|group_formation@JUG,landing,1.0,0.0,0.0,2026-07-31T15:44:28.610966+02:00,2026-07-31T15:45:28.610966+02:00
56701.83566003866,56879.34542391195,SYN2-372-D:P0001,G:DOR:LYBE:SYN2-372-D:P0001,EVTOL_001,DOR,LYBE,before_boarding,selected_plan,cleaning|group_formation,cleaning@LYBE:cleaner:1|group_formation@DOR,cleaning,2.9584960645548564,0.0,0.0,2026-07-31T15:45:01.835660+02:00,2026-07-31T15:47:59.345424+02:00
56728.61096642079,56854.61096642079,SYN2-320-D:P0001,G:JUG:LYBE:SYN2-320-D:P0001,EVTOL_002,JUG,LYBE,before_boarding,selected_plan,aircraft_busy|group_formation,aircraft_busy@F000171|group_formation@JUG,disembarking,2.1,0.0,0.0,2026-07-31T15:45:28.610966+02:00,2026-07-31T15:47:34.610966+02:00
56836.78468562265,56896.78468562265,SYN2-324-D:P0001,G:BW:LYBE:SYN2-324-D:P0001,EVTOL_003,BW,LYBE,departure_preparation,committed_flight,departure_preparation,departure_preparation@BW,departure_finalization,1.0,0.0,0.0,2026-07-31T15:47:16.784686+02:00,2026-07-31T15:48:16.784686+02:00
56854.61096642079,56914.61096642079,SYN2-320-D:P0001,G:JUG:LYBE:SYN2-320-D:P0001,EVTOL_002,JUG,LYBE,before_boarding,selected_plan,departure_preparation|group_formation,departure_preparation@LYBV|group_formation@JUG,departure_finalization,1.0,0.0,0.0,2026-07-31T15:47:34.610966+02:00,2026-07-31T15:48:34.610966+02:00
56879.34542391195,56939.34542391195,SYN2-372-D:P0001,G:DOR:LYBE:SYN2-372-D:P0001,EVTOL_001,DOR,LYBE,before_boarding,selected_plan,departure_preparation|group_formation,departure_preparation@LYBE|group_formation@DOR,departure_finalization,1.0,0.0,0.0,2026-07-31T15:47:59.345424+02:00,2026-07-31T15:48:59.345424+02:00
56914.61096642079,56949.626912125386,SYN2-320-D:P0001,G:JUG:LYBE:SYN2-320-D:P0001,EVTOL_002,JUG,LYBE,before_boarding,selected_plan,group_formation|repositioning_flight,group_formation@JUG|repositioning_flight@JUG,takeoff,0.5835990950765942,0.0,0.0,2026-07-31T15:48:34.610966+02:00,2026-07-31T15:49:09.626912+02:00
56939.34542391195,56979.34542391195,SYN2-372-D:P0001,G:DOR:LYBE:SYN2-372-D:P0001,EVTOL_001,DOR,LYBE,before_boarding,selected_plan,group_formation|repositioning_flight,group_formation@DOR|repositioning_flight@DOR,takeoff,0.6666666666666666,0.0,0.0,2026-07-31T15:48:59.345424+02:00,2026-07-31T15:49:39.345424+02:00
56949.626912125386,56954.61096642079,SYN2-320-D:P0001,G:JUG:LYBE:SYN2-320-D:P0001,EVTOL_002,JUG,LYBE,before_boarding,selected_plan,repositioning_flight,repositioning_flight@JUG,takeoff,0.08306757159007247,0.08306757159007247,0.0,2026-07-31T15:49:09.626912+02:00,2026-07-31T15:49:14.610966+02:00
56954.61096642079,57141.18982242079,SYN2-320-D:P0001,G:JUG:LYBE:SYN2-320-D:P0001,EVTOL_002,JUG,LYBE,before_boarding,selected_plan,repositioning_flight,repositioning_flight@JUG,cruise,3.1096476000000015,3.1096476000000015,0.0,2026-07-31T15:49:14.610966+02:00,2026-07-31T15:52:21.189822+02:00
56979.34542391195,57307.145637911955,SYN2-372-D:P0001,G:DOR:LYBE:SYN2-372-D:P0001,EVTOL_001,DOR,LYBE,before_boarding,selected_plan,group_formation|repositioning_flight,group_formation@DOR|repositioning_flight@DOR,cruise,5.463336900000043,0.0,0.0,2026-07-31T15:49:39.345424+02:00,2026-07-31T15:55:07.145638+02:00
57141.18982242079,57201.18982242079,SYN2-320-D:P0001,G:JUG:LYBE:SYN2-320-D:P0001,EVTOL_002,JUG,LYBE,before_boarding,selected_plan,repositioning_flight,repositioning_flight@JUG,landing,1.0,1.0,0.0,2026-07-31T15:52:21.189822+02:00,2026-07-31T15:53:21.189822+02:00
57185.535821232574,57221.620507622654,SYN2-076-A:P0001,G:LYBE:JUG:SYN2-076-A:P0001,EVTOL_003,LYBE,JUG,before_boarding,selected_plan,aircraft_busy|group_formation,aircraft_busy@F000172|group_formation@LYBE,landing,0.6014114398346767,0.0,0.0,2026-07-31T15:53:05.535821+02:00,2026-07-31T15:53:41.620508+02:00
57221.620507622654,57347.620507622654,SYN2-076-A:P0001,G:LYBE:JUG:SYN2-076-A:P0001,EVTOL_003,LYBE,JUG,before_boarding,selected_plan,aircraft_busy|group_formation,aircraft_busy@F000172|group_formation@LYBE,disembarking,2.1,0.0,0.0,2026-07-31T15:53:41.620508+02:00,2026-07-31T15:55:47.620508+02:00
57307.145637911955,57367.145637911955,SYN2-372-D:P0001,G:DOR:LYBE:SYN2-372-D:P0001,EVTOL_001,DOR,LYBE,before_boarding,selected_plan,group_formation|repositioning_flight,group_formation@DOR|repositioning_flight@DOR,landing,1.0,0.0,0.0,2026-07-31T15:55:07.145638+02:00,2026-07-31T15:56:07.145638+02:00
57347.620507622654,58085.535821232574,SYN2-076-A:P0001,G:LYBE:JUG:SYN2-076-A:P0001,EVTOL_003,LYBE,JUG,before_boarding,selected_plan,group_formation,group_formation@LYBE,idle,12.298588560165323,0.0,0.0,2026-07-31T15:55:47.620508+02:00,2026-07-31T16:08:05.535821+02:00
57367.145637911955,57601.83566003866,SYN2-372-D:P0001,G:DOR:LYBE:SYN2-372-D:P0001,EVTOL_001,DOR,LYBE,before_boarding,selected_plan,group_formation,group_formation@DOR,idle,3.9115003687784338,0.0,0.0,2026-07-31T15:56:07.145638+02:00,2026-07-31T16:00:01.835660+02:00
57379.685620665274,58279.685620665274,SYN2-079-A:P0001,G:LYBE:EXPO:SYN2-079-A:P0001,EVTOL_004,LYBE,EXPO,before_boarding,selected_plan,group_formation,group_formation@LYBE,idle,15.0,0.0,0.0,2026-07-31T15:56:19.685621+02:00,2026-07-31T16:11:19.685621+02:00
57396.18982242079,57541.938265830555,SYN2-320-D:P0001,G:JUG:LYBE:SYN2-320-D:P0001,EVTOL_002,JUG,LYBE,after_boarding,committed_flight,battery_after_repositioning,battery_after_repositioning@JUG,waiting_for_departure,2.429140723496069,0.0,2.429140723496069,2026-07-31T15:56:36.189822+02:00,2026-07-31T15:59:01.938266+02:00
57541.938265830555,57601.938265830555,SYN2-320-D:P0001,G:JUG:LYBE:SYN2-320-D:P0001,EVTOL_002,JUG,LYBE,departure_preparation,committed_flight,departure_preparation,departure_preparation@JUG,departure_finalization,1.0,0.0,0.0,2026-07-31T15:59:01.938266+02:00,2026-07-31T16:00:01.938266+02:00
57690.476823897545,57796.83566003866,SYN2-077-A:P0001,G:LYBE:DOR:SYN2-077-A:P0001,EVTOL_001,LYBE,DOR,before_boarding,selected_plan,aircraft_busy|group_formation,aircraft_busy@F000176|group_formation@LYBE,boarding,1.7726472690186104,0.0,0.0,2026-07-31T16:01:30.476824+02:00,2026-07-31T16:03:16.835660+02:00
57796.83566003866,57856.83566003866,SYN2-077-A:P0001,G:LYBE:DOR:SYN2-077-A:P0001,EVTOL_001,LYBE,DOR,before_boarding,selected_plan,aircraft_busy|group_formation,aircraft_busy@F000176|group_formation@LYBE,departure_finalization,1.0,0.0,0.0,2026-07-31T16:03:16.835660+02:00,2026-07-31T16:04:16.835660+02:00
57796.83566003866,57856.83566003866,SYN2-372-D:P0001,G:DOR:LYBE:SYN2-372-D:P0001,EVTOL_001,DOR,LYBE,departure_preparation,committed_flight,departure_preparation,departure_preparation@DOR,departure_finalization,1.0,0.0,0.0,2026-07-31T16:03:16.835660+02:00,2026-07-31T16:04:16.835660+02:00
57856.83566003866,57896.83566003866,SYN2-077-A:P0001,G:LYBE:DOR:SYN2-077-A:P0001,EVTOL_001,LYBE,DOR,before_boarding,selected_plan,aircraft_busy|group_formation,aircraft_busy@F000176|group_formation@LYBE,takeoff,0.6666666666666666,0.0,0.0,2026-07-31T16:04:16.835660+02:00,2026-07-31T16:04:56.835660+02:00
57896.83566003866,58224.635874038664,SYN2-077-A:P0001,G:LYBE:DOR:SYN2-077-A:P0001,EVTOL_001,LYBE,DOR,before_boarding,selected_plan,aircraft_busy|group_formation,aircraft_busy@F000176|group_formation@LYBE,cruise,5.463336900000043,0.0,0.0,2026-07-31T16:04:56.835660+02:00,2026-07-31T16:10:24.635874+02:00
57955.25026565548,57959.740577830555,SYN2-325-D:P0001,G:JUG:LYBE:SYN2-325-D:P0001,EVTOL_002,JUG,LYBE,before_boarding,selected_plan,aircraft_busy|group_formation,aircraft_busy@F000175|group_formation@JUG,cruise,0.07483853625126358,0.0,0.0,2026-07-31T16:05:55.250266+02:00,2026-07-31T16:05:59.740578+02:00
57959.740577830555,58019.740577830555,SYN2-325-D:P0001,G:JUG:LYBE:SYN2-325-D:P0001,EVTOL_002,JUG,LYBE,before_boarding,selected_plan,aircraft_busy|group_formation,aircraft_busy@F000175|group_formation@JUG,landing,1.0,0.0,0.0,2026-07-31T16:05:59.740578+02:00,2026-07-31T16:06:59.740578+02:00
58019.740577830555,58145.740577830555,SYN2-325-D:P0001,G:JUG:LYBE:SYN2-325-D:P0001,EVTOL_002,JUG,LYBE,before_boarding,selected_plan,aircraft_busy|group_formation,aircraft_busy@F000175|group_formation@JUG,disembarking,2.1,0.0,0.0,2026-07-31T16:06:59.740578+02:00,2026-07-31T16:09:05.740578+02:00
58145.740577830555,58280.535821232574,SYN2-325-D:P0001,G:JUG:LYBE:SYN2-325-D:P0001,EVTOL_003,JUG,LYBE,before_boarding,selected_plan,aircraft_busy|group_formation,aircraft_busy@F000177|group_formation@JUG,boarding,2.2465873900336493,0.0,0.0,2026-07-31T16:09:05.740578+02:00,2026-07-31T16:11:20.535821+02:00
58224.635874038664,58284.635874038664,SYN2-077-A:P0001,G:LYBE:DOR:SYN2-077-A:P0001,EVTOL_001,LYBE,DOR,before_boarding,selected_plan,aircraft_busy|group_formation,aircraft_busy@F000176|group_formation@LYBE,landing,1.0,0.0,0.0,2026-07-31T16:10:24.635874+02:00,2026-07-31T16:11:24.635874+02:00
58280.535821232574,58340.535821232574,SYN2-325-D:P0001,G:JUG:LYBE:SYN2-325-D:P0001,EVTOL_003,JUG,LYBE,before_boarding,selected_plan,aircraft_busy|group_formation,aircraft_busy@F000177|group_formation@JUG,departure_finalization,1.0,0.0,0.0,2026-07-31T16:11:20.535821+02:00,2026-07-31T16:12:20.535821+02:00
58280.535821232574,58340.535821232574,SYN2-076-A:P0001,G:LYBE:JUG:SYN2-076-A:P0001,EVTOL_003,LYBE,JUG,departure_preparation,committed_flight,departure_preparation,departure_preparation@LYBE,departure_finalization,1.0,0.0,0.0,2026-07-31T16:11:20.535821+02:00,2026-07-31T16:12:20.535821+02:00
58284.635874038664,58410.635874038664,SYN2-077-A:P0001,G:LYBE:DOR:SYN2-077-A:P0001,EVTOL_001,LYBE,DOR,before_boarding,selected_plan,aircraft_busy|group_formation,aircraft_busy@F000176|group_formation@LYBE,disembarking,2.1,0.0,0.0,2026-07-31T16:11:24.635874+02:00,2026-07-31T16:13:30.635874+02:00
58340.535821232574,58380.535821232574,SYN2-325-D:P0001,G:JUG:LYBE:SYN2-325-D:P0001,EVTOL_003,JUG,LYBE,before_boarding,selected_plan,aircraft_busy|group_formation,aircraft_busy@F000177|group_formation@JUG,takeoff,0.6666666666666666,0.0,0.0,2026-07-31T16:12:20.535821+02:00,2026-07-31T16:13:00.535821+02:00
58380.535821232574,58698.33813323257,SYN2-325-D:P0001,G:JUG:LYBE:SYN2-325-D:P0001,EVTOL_003,JUG,LYBE,before_boarding,selected_plan,aircraft_busy|group_formation,aircraft_busy@F000177|group_formation@JUG,cruise,5.296705199999996,0.0,0.0,2026-07-31T16:13:00.535821+02:00,2026-07-31T16:18:18.338133+02:00
58410.635874038664,58590.476823897545,SYN2-077-A:P0001,G:LYBE:DOR:SYN2-077-A:P0001,EVTOL_001,LYBE,DOR,before_boarding,selected_plan,group_formation,group_formation@LYBE,idle,2.9973491643146795,0.0,0.0,2026-07-31T16:13:30.635874+02:00,2026-07-31T16:16:30.476824+02:00
58474.685620665274,58534.685620665274,SYN2-079-A:P0001,G:LYBE:EXPO:SYN2-079-A:P0001,EVTOL_004,LYBE,EXPO,departure_preparation,committed_flight,departure_preparation,departure_preparation@LYBE,departure_finalization,1.0,0.0,0.0,2026-07-31T16:14:34.685621+02:00,2026-07-31T16:15:34.685621+02:00
58695.20508892976,58735.44801866527,SYN2-326-D:P0001,G:EXPO:LYBE:SYN2-326-D:P0001,EVTOL_004,EXPO,LYBE,before_boarding,selected_plan,aircraft_busy|group_formation,aircraft_busy@F000178|group_formation@EXPO,landing,0.6707154955918668,0.0,0.0,2026-07-31T16:18:15.205089+02:00,2026-07-31T16:18:55.448019+02:00
58698.33813323257,58758.33813323257,SYN2-325-D:P0001,G:JUG:LYBE:SYN2-325-D:P0001,EVTOL_003,JUG,LYBE,before_boarding,selected_plan,aircraft_busy|group_formation,aircraft_busy@F000177|group_formation@JUG,landing,1.0,0.0,0.0,2026-07-31T16:18:18.338133+02:00,2026-07-31T16:19:18.338133+02:00
58735.44801866527,58861.44801866527,SYN2-326-D:P0001,G:EXPO:LYBE:SYN2-326-D:P0001,EVTOL_004,EXPO,LYBE,before_boarding,selected_plan,aircraft_busy|group_formation,aircraft_busy@F000178|group_formation@EXPO,disembarking,2.1,0.0,0.0,2026-07-31T16:18:55.448019+02:00,2026-07-31T16:21:01.448019+02:00
58758.33813323257,58855.25026565548,SYN2-325-D:P0001,G:JUG:LYBE:SYN2-325-D:P0001,EVTOL_003,JUG,LYBE,before_boarding,selected_plan,aircraft_busy|group_formation,aircraft_busy@F000177|group_formation@JUG,disembarking,1.6152022070484235,0.0,0.0,2026-07-31T16:19:18.338133+02:00,2026-07-31T16:20:55.250266+02:00
58785.476823897545,58845.476823897545,SYN2-077-A:P0001,G:LYBE:DOR:SYN2-077-A:P0001,EVTOL_001,LYBE,DOR,departure_preparation,committed_flight,departure_preparation,departure_preparation@LYBE,departure_finalization,1.0,0.0,0.0,2026-07-31T16:19:45.476824+02:00,2026-07-31T16:20:45.476824+02:00
58855.25026565548,58884.33813323257,SYN2-325-D:P0001,G:JUG:LYBE:SYN2-325-D:P0001,EVTOL_003,JUG,LYBE,before_boarding,selected_plan,aircraft_busy,aircraft_busy@F000177,disembarking,0.48479779295157643,0.48479779295157643,0.0,2026-07-31T16:20:55.250266+02:00,2026-07-31T16:21:24.338133+02:00
58861.44801866527,59595.20508892976,SYN2-326-D:P0001,G:EXPO:LYBE:SYN2-326-D:P0001,EVTOL_004,EXPO,LYBE,before_boarding,selected_plan,group_formation,group_formation@EXPO,idle,12.229284504408133,0.0,0.0,2026-07-31T16:21:01.448019+02:00,2026-07-31T16:33:15.205089+02:00
59079.33813323257,59139.33813323257,SYN2-325-D:P0001,G:JUG:LYBE:SYN2-325-D:P0001,EVTOL_003,JUG,LYBE,departure_preparation,committed_flight,departure_preparation,departure_preparation@JUG,departure_finalization,1.0,0.0,0.0,2026-07-31T16:24:39.338133+02:00,2026-07-31T16:25:39.338133+02:00
59673.2126213696,60573.2126213696,SYN2-082-A:P0001,G:LYBE:BW:SYN2-082-A:P0001,EVTOL_002,LYBE,BW,before_boarding,selected_plan,group_formation,group_formation@LYBE,idle,15.0,0.0,0.0,2026-07-31T16:34:33.212621+02:00,2026-07-31T16:49:33.212621+02:00
59700.128498326376,60600.128498326376,SYN2-171-A:P0001,G:LYBE:JUG:SYN2-171-A:P0001,EVTOL_003,LYBE,JUG,before_boarding,selected_plan,group_formation,group_formation@LYBE,idle,15.0,0.0,0.0,2026-07-31T16:35:00.128498+02:00,2026-07-31T16:50:00.128498+02:00
59704.84153021605,59764.84153021605,SYN2-322-D:P0001,G:BW:LYBE:SYN2-322-D:P0001,EVTOL_001,BW,LYBE,before_boarding,selected_plan,departure_preparation|group_formation,departure_preparation@DOR|group_formation@BW,departure_finalization,1.0,0.0,0.0,2026-07-31T16:35:04.841530+02:00,2026-07-31T16:36:04.841530+02:00
59764.84153021605,59804.84153021605,SYN2-322-D:P0001,G:BW:LYBE:SYN2-322-D:P0001,EVTOL_001,BW,LYBE,before_boarding,selected_plan,group_formation|repositioning_flight,group_formation@BW|repositioning_flight@BW,takeoff,0.6666666666666666,0.0,0.0,2026-07-31T16:36:04.841530+02:00,2026-07-31T16:36:44.841530+02:00
59790.20508892976,59850.20508892976,SYN2-326-D:P0001,G:EXPO:LYBE:SYN2-326-D:P0001,EVTOL_004,EXPO,LYBE,departure_preparation,committed_flight,departure_preparation,departure_preparation@EXPO,departure_finalization,1.0,0.0,0.0,2026-07-31T16:36:30.205089+02:00,2026-07-31T16:37:30.205089+02:00
59804.84153021605,59889.80592221605,SYN2-322-D:P0001,G:BW:LYBE:SYN2-322-D:P0001,EVTOL_001,BW,LYBE,before_boarding,selected_plan,group_formation|repositioning_flight,group_formation@BW|repositioning_flight@BW,cruise,1.416073200000028,0.0,0.0,2026-07-31T16:36:44.841530+02:00,2026-07-31T16:38:09.805922+02:00
59837.66144251678,60573.2126213696,SYN2-082-A:P0002,G:LYBE:BW:SYN2-082-A:P0001,EVTOL_002,LYBE,BW,before_boarding,selected_plan,group_formation,group_formation@LYBE,idle,12.25918631421373,0.0,0.0,2026-07-31T16:37:17.661443+02:00,2026-07-31T16:49:33.212621+02:00
59868.107923682015,59889.80592221605,SYN2-328-D:P0001,G:BW:LYBE:SYN2-322-D:P0001,EVTOL_001,BW,LYBE,before_boarding,selected_plan,group_formation|repositioning_flight,group_formation@BW|repositioning_flight@BW,cruise,0.36163330890061235,0.0,0.0,2026-07-31T16:37:48.107924+02:00,2026-07-31T16:38:09.805922+02:00
59889.80592221605,59949.80592221605,SYN2-322-D:P0001,G:BW:LYBE:SYN2-322-D:P0001,EVTOL_001,BW,LYBE,before_boarding,selected_plan,group_formation|repositioning_flight,group_formation@BW|repositioning_flight@BW,landing,1.0,0.0,0.0,2026-07-31T16:38:09.805922+02:00,2026-07-31T16:39:09.805922+02:00
59889.80592221605,59949.80592221605,SYN2-328-D:P0001,G:BW:LYBE:SYN2-322-D:P0001,EVTOL_001,BW,LYBE,before_boarding,selected_plan,group_formation|repositioning_flight,group_formation@BW|repositioning_flight@BW,landing,1.0,0.0,0.0,2026-07-31T16:38:09.805922+02:00,2026-07-31T16:39:09.805922+02:00
59898.79376526002,60573.2126213696,SYN2-084-A:P0001,G:LYBE:BW:SYN2-082-A:P0001,EVTOL_002,LYBE,BW,before_boarding,selected_plan,group_formation,group_formation@LYBE,idle,11.240314268492996,0.0,0.0,2026-07-31T16:38:18.793765+02:00,2026-07-31T16:49:33.212621+02:00
59949.80592221605,60604.84153021605,SYN2-322-D:P0001,G:BW:LYBE:SYN2-322-D:P0001,EVTOL_001,BW,LYBE,before_boarding,selected_plan,group_formation,group_formation@BW,idle,10.917260133333306,0.0,0.0,2026-07-31T16:39:09.805922+02:00,2026-07-31T16:50:04.841530+02:00
59949.80592221605,60604.84153021605,SYN2-328-D:P0001,G:BW:LYBE:SYN2-322-D:P0001,EVTOL_001,BW,LYBE,before_boarding,selected_plan,group_formation,group_formation@BW,idle,10.917260133333306,0.0,0.0,2026-07-31T16:39:09.805922+02:00,2026-07-31T16:50:04.841530+02:00
60174.16953541504,60176.96748692976,SYN2-326-D:P0003,G:JUG:LYBE:SYN2-326-D:P0003,EVTOL_004,JUG,LYBE,before_boarding,selected_plan,aircraft_busy|group_formation,aircraft_busy@F000181|group_formation@JUG,disembarking,0.046632525245271,0.0,0.0,2026-07-31T16:42:54.169535+02:00,2026-07-31T16:42:56.967487+02:00
60176.96748692976,60236.96748692976,SYN2-326-D:P0003,G:JUG:LYBE:SYN2-326-D:P0003,EVTOL_004,JUG,LYBE,before_boarding,selected_plan,departure_preparation|group_formation,departure_preparation@LYBE|group_formation@JUG,departure_finalization,1.0,0.0,0.0,2026-07-31T16:42:56.967487+02:00,2026-07-31T16:43:56.967487+02:00
60199.90211917658,60594.76979892976,SYN2-174-A:P0001,G:LYBE:EXPO:SYN2-174-A:P0001,,LYBE,EXPO,before_boarding,candidate_set,group_formation|priority_other_group,group_formation@LYBE,,6.581127995886345,0.0,0.0,2026-07-31T16:43:19.902119+02:00,2026-07-31T16:49:54.769799+02:00
60236.96748692976,60276.96748692976,SYN2-326-D:P0003,G:JUG:LYBE:SYN2-326-D:P0003,EVTOL_004,JUG,LYBE,before_boarding,selected_plan,group_formation|repositioning_flight,group_formation@JUG|repositioning_flight@JUG,takeoff,0.6666666666666666,0.0,0.0,2026-07-31T16:43:56.967487+02:00,2026-07-31T16:44:36.967487+02:00
60276.96748692976,60594.76979892976,SYN2-326-D:P0003,G:JUG:LYBE:SYN2-326-D:P0003,EVTOL_004,JUG,LYBE,before_boarding,selected_plan,group_formation|repositioning_flight,group_formation@JUG|repositioning_flight@JUG,cruise,5.296705199999996,0.0,0.0,2026-07-31T16:44:36.967487+02:00,2026-07-31T16:49:54.769799+02:00
60594.76979892976,60604.84153021605,SYN2-174-A:P0001,G:LYBE:EXPO:SYN2-174-A:P0001,EVTOL_002,LYBE,EXPO,before_boarding,selected_plan,aircraft_busy|group_formation,aircraft_busy@F000184|group_formation@LYBE,boarding,0.1678621881048457,0.0,0.0,2026-07-31T16:49:54.769799+02:00,2026-07-31T16:50:04.841530+02:00
60594.76979892976,60654.76979892976,SYN2-326-D:P0003,G:JUG:LYBE:SYN2-326-D:P0003,EVTOL_004,JUG,LYBE,before_boarding,selected_plan,group_formation|repositioning_flight,group_formation@JUG|repositioning_flight@JUG,landing,1.0,0.0,0.0,2026-07-31T16:49:54.769799+02:00,2026-07-31T16:50:54.769799+02:00
60604.84153021605,60654.76979892976,SYN2-174-A:P0001,G:LYBE:EXPO:SYN2-174-A:P0001,EVTOL_003,LYBE,EXPO,before_boarding,selected_plan,aircraft_busy|group_formation,aircraft_busy@F000185|group_formation@LYBE,boarding,0.8321378118951543,0.0,0.0,2026-07-31T16:50:04.841530+02:00,2026-07-31T16:50:54.769799+02:00
60654.76979892976,60874.84153021605,SYN2-174-A:P0001,G:LYBE:EXPO:SYN2-174-A:P0001,EVTOL_001,LYBE,EXPO,before_boarding,selected_plan,aircraft_busy|group_formation,aircraft_busy@F000186|group_formation@LYBE,boarding,3.667862188104846,0.0,0.0,2026-07-31T16:50:54.769799+02:00,2026-07-31T16:54:34.841530+02:00
60654.76979892976,61074.16953541504,SYN2-326-D:P0003,G:JUG:LYBE:SYN2-326-D:P0003,EVTOL_004,JUG,LYBE,before_boarding,selected_plan,group_formation,group_formation@JUG,idle,6.989995608088066,0.0,0.0,2026-07-31T16:50:54.769799+02:00,2026-07-31T16:57:54.169535+02:00
60795.128498326376,60855.128498326376,SYN2-171-A:P0001,G:LYBE:JUG:SYN2-171-A:P0001,EVTOL_003,LYBE,JUG,departure_preparation,committed_flight,departure_preparation,departure_preparation@LYBE,departure_finalization,1.0,0.0,0.0,2026-07-31T16:53:15.128498+02:00,2026-07-31T16:54:15.128498+02:00
60818.92603506104,60855.128498326376,SYN2-089-A:P0001,G:LYBE:BW:SYN2-089-A:P0001,EVTOL_003,LYBE,BW,before_boarding,selected_plan,aircraft_busy|group_formation,aircraft_busy@F000185|group_formation@LYBE,departure_finalization,0.6033743877555632,0.0,0.0,2026-07-31T16:53:38.926035+02:00,2026-07-31T16:54:15.128498+02:00
60845.269389208275,60855.128498326376,SYN2-086-A:P0001,G:LYBE:BW:SYN2-089-A:P0001,EVTOL_003,LYBE,BW,before_boarding,selected_plan,aircraft_busy|group_formation,aircraft_busy@F000185|group_formation@LYBE,departure_finalization,0.16431848530167675,0.0,0.0,2026-07-31T16:54:05.269389+02:00,2026-07-31T16:54:15.128498+02:00
60855.128498326376,60895.128498326376,SYN2-089-A:P0001,G:LYBE:BW:SYN2-089-A:P0001,EVTOL_003,LYBE,BW,before_boarding,selected_plan,aircraft_busy|group_formation,aircraft_busy@F000185|group_formation@LYBE,takeoff,0.6666666666666666,0.0,0.0,2026-07-31T16:54:15.128498+02:00,2026-07-31T16:54:55.128498+02:00
60855.128498326376,60895.128498326376,SYN2-086-A:P0001,G:LYBE:BW:SYN2-089-A:P0001,EVTOL_003,LYBE,BW,before_boarding,selected_plan,aircraft_busy|group_formation,aircraft_busy@F000185|group_formation@LYBE,takeoff,0.6666666666666666,0.0,0.0,2026-07-31T16:54:15.128498+02:00,2026-07-31T16:54:55.128498+02:00
60865.324589163996,60874.84153021605,SYN2-096-A:P0001,G:LYBE:EXPO:SYN2-174-A:P0001,EVTOL_001,LYBE,EXPO,before_boarding,selected_plan,aircraft_busy|group_formation,aircraft_busy@F000186|group_formation@LYBE,boarding,0.158615684200898,0.0,0.0,2026-07-31T16:54:25.324589+02:00,2026-07-31T16:54:34.841530+02:00
60874.84153021605,60934.84153021605,SYN2-174-A:P0001,G:LYBE:EXPO:SYN2-174-A:P0001,EVTOL_001,LYBE,EXPO,before_boarding,selected_plan,aircraft_busy|group_formation,aircraft_busy@F000186|group_formation@LYBE,departure_finalization,1.0,0.0,0.0,2026-07-31T16:54:34.841530+02:00,2026-07-31T16:55:34.841530+02:00
60874.84153021605,60934.84153021605,SYN2-096-A:P0001,G:LYBE:EXPO:SYN2-174-A:P0001,EVTOL_001,LYBE,EXPO,before_boarding,selected_plan,aircraft_busy|group_formation,aircraft_busy@F000186|group_formation@LYBE,departure_finalization,1.0,0.0,0.0,2026-07-31T16:54:34.841530+02:00,2026-07-31T16:55:34.841530+02:00
60874.84153021605,60934.84153021605,SYN2-322-D:P0001,G:BW:LYBE:SYN2-322-D:P0001,EVTOL_001,BW,LYBE,departure_preparation,committed_flight,departure_preparation,departure_preparation@BW,departure_finalization,1.0,0.0,0.0,2026-07-31T16:54:34.841530+02:00,2026-07-31T16:55:34.841530+02:00
60874.84153021605,60934.84153021605,SYN2-328-D:P0001,G:BW:LYBE:SYN2-322-D:P0001,EVTOL_001,BW,LYBE,departure_preparation,committed_flight,departure_preparation,departure_preparation@BW,departure_finalization,1.0,0.0,0.0,2026-07-31T16:54:34.841530+02:00,2026-07-31T16:55:34.841530+02:00
60895.128498326376,61099.90211917658,SYN2-089-A:P0001,G:LYBE:BW:SYN2-089-A:P0001,EVTOL_003,LYBE,BW,before_boarding,selected_plan,aircraft_busy|group_formation,aircraft_busy@F000185|group_formation@LYBE,cruise,3.4128936808367145,0.0,0.0,2026-07-31T16:54:55.128498+02:00,2026-07-31T16:58:19.902119+02:00
60895.128498326376,61099.90211917658,SYN2-086-A:P0001,G:LYBE:BW:SYN2-089-A:P0001,EVTOL_003,LYBE,BW,before_boarding,selected_plan,aircraft_busy|group_formation,aircraft_busy@F000185|group_formation@LYBE,cruise,3.4128936808367145,0.0,0.0,2026-07-31T16:54:55.128498+02:00,2026-07-31T16:58:19.902119+02:00
60918.2126213696,60978.2126213696,SYN2-082-A:P0001,G:LYBE:BW:SYN2-082-A:P0001,EVTOL_002,LYBE,BW,departure_preparation,committed_flight,departure_preparation,departure_preparation@LYBE,departure_finalization,1.0,0.0,0.0,2026-07-31T16:55:18.212621+02:00,2026-07-31T16:56:18.212621+02:00
60918.2126213696,60978.2126213696,SYN2-082-A:P0002,G:LYBE:BW:SYN2-082-A:P0001,EVTOL_002,LYBE,BW,departure_preparation,committed_flight,departure_preparation,departure_preparation@LYBE,departure_finalization,1.0,0.0,0.0,2026-07-31T16:55:18.212621+02:00,2026-07-31T16:56:18.212621+02:00
60918.2126213696,60978.2126213696,SYN2-084-A:P0001,G:LYBE:BW:SYN2-082-A:P0001,EVTOL_002,LYBE,BW,departure_preparation,committed_flight,departure_preparation,departure_preparation@LYBE,departure_finalization,1.0,0.0,0.0,2026-07-31T16:55:18.212621+02:00,2026-07-31T16:56:18.212621+02:00
60934.84153021605,60974.84153021605,SYN2-174-A:P0001,G:LYBE:EXPO:SYN2-174-A:P0001,EVTOL_001,LYBE,EXPO,before_boarding,selected_plan,aircraft_busy|group_formation,aircraft_busy@F000186|group_formation@LYBE,takeoff,0.6666666666666666,0.0,0.0,2026-07-31T16:55:34.841530+02:00,2026-07-31T16:56:14.841530+02:00
60934.84153021605,60974.84153021605,SYN2-096-A:P0001,G:LYBE:EXPO:SYN2-174-A:P0001,EVTOL_001,LYBE,EXPO,before_boarding,selected_plan,aircraft_busy|group_formation,aircraft_busy@F000186|group_formation@LYBE,takeoff,0.6666666666666666,0.0,0.0,2026-07-31T16:55:34.841530+02:00,2026-07-31T16:56:14.841530+02:00
60974.84153021605,61099.90211917658,SYN2-174-A:P0001,G:LYBE:EXPO:SYN2-174-A:P0001,EVTOL_001,LYBE,EXPO,before_boarding,selected_plan,aircraft_busy|group_formation,aircraft_busy@F000186|group_formation@LYBE,cruise,2.0843431493421423,0.0,0.0,2026-07-31T16:56:14.841530+02:00,2026-07-31T16:58:19.902119+02:00
60974.84153021605,61099.90211917658,SYN2-096-A:P0001,G:LYBE:EXPO:SYN2-174-A:P0001,EVTOL_001,LYBE,EXPO,before_boarding,selected_plan,aircraft_busy|group_formation,aircraft_busy@F000186|group_formation@LYBE,cruise,2.0843431493421423,0.0,0.0,2026-07-31T16:56:14.841530+02:00,2026-07-31T16:58:19.902119+02:00
60997.984419678316,61031.119175512205,SYN2-102-A:P0001,G:LYBE:JUG:SYN2-102-A:P0001,,LYBE,JUG,before_boarding,candidate_set,destination_stand|group_formation|priority_other_group,destination_stand@JUG|group_formation@LYBE,,0.5522459305648226,0.0,0.0,2026-07-31T16:56:37.984420+02:00,2026-07-31T16:57:11.119176+02:00
61031.119175512205,61099.90211917658,SYN2-102-A:P0001,G:LYBE:JUG:SYN2-102-A:P0001,,LYBE,JUG,before_boarding,candidate_set,group_formation|priority_other_group,group_formation@LYBE,,1.1463823944062217,0.0,0.0,2026-07-31T16:57:11.119176+02:00,2026-07-31T16:58:19.902119+02:00
61031.119175512205,61243.048443369604,SYN2-100-A:P0002,G:LYBE:DOR:SYN2-100-A:P0002,EVTOL_002,LYBE,DOR,before_boarding,selected_plan,aircraft_busy|group_formation,aircraft_busy@F000184|group_formation@LYBE,cruise,3.532154464289973,0.0,0.0,2026-07-31T16:57:11.119176+02:00,2026-07-31T17:00:43.048443+02:00
61099.90211917658,61199.67735221605,SYN2-174-A:P0001,G:LYBE:EXPO:SYN2-174-A:P0001,EVTOL_001,LYBE,EXPO,before_boarding,selected_plan,aircraft_busy,aircraft_busy@F000186,cruise,1.6629205506578728,1.6629205506578728,0.0,2026-07-31T16:58:19.902119+02:00,2026-07-31T16:59:59.677352+02:00
61099.90211917658,61199.67735221605,SYN2-096-A:P0001,G:LYBE:EXPO:SYN2-174-A:P0001,EVTOL_001,LYBE,EXPO,before_boarding,selected_plan,aircraft_busy,aircraft_busy@F000186,cruise,1.6629205506578728,0.0,0.0,2026-07-31T16:58:19.902119+02:00,2026-07-31T16:59:59.677352+02:00
61099.90211917658,61269.16953541504,SYN2-089-A:P0001,G:LYBE:BW:SYN2-089-A:P0001,EVTOL_004,LYBE,BW,before_boarding,selected_plan,aircraft_busy|group_formation,aircraft_busy@F000187|group_formation@LYBE,boarding,2.821123603974411,0.0,0.0,2026-07-31T16:58:19.902119+02:00,2026-07-31T17:01:09.169535+02:00
61099.90211917658,61269.16953541504,SYN2-086-A:P0001,G:LYBE:BW:SYN2-089-A:P0001,EVTOL_004,LYBE,BW,before_boarding,selected_plan,aircraft_busy|group_formation,aircraft_busy@F000187|group_formation@LYBE,boarding,2.821123603974411,0.0,0.0,2026-07-31T16:58:19.902119+02:00,2026-07-31T17:01:09.169535+02:00
61099.90211917658,61212.930810326376,SYN2-102-A:P0001,G:LYBE:JUG:SYN2-102-A:P0001,EVTOL_003,LYBE,JUG,before_boarding,selected_plan,aircraft_busy|group_formation,aircraft_busy@F000185|group_formation@LYBE,cruise,1.8838115191632823,0.0,0.0,2026-07-31T16:58:19.902119+02:00,2026-07-31T17:00:12.930810+02:00
61164.79238147301,61212.930810326376,SYN2-087-A:P0001,G:LYBE:JUG:SYN2-102-A:P0001,EVTOL_003,LYBE,JUG,before_boarding,selected_plan,aircraft_busy|group_formation,aircraft_busy@F000185|group_formation@LYBE,cruise,0.8023071475561058,0.0,0.0,2026-07-31T16:59:24.792381+02:00,2026-07-31T17:00:12.930810+02:00
61199.67735221605,61259.67735221605,SYN2-174-A:P0001,G:LYBE:EXPO:SYN2-174-A:P0001,EVTOL_001,LYBE,EXPO,before_boarding,selected_plan,aircraft_busy,aircraft_busy@F000186,landing,1.0,1.0,0.0,2026-07-31T16:59:59.677352+02:00,2026-07-31T17:00:59.677352+02:00
61199.67735221605,61259.67735221605,SYN2-096-A:P0001,G:LYBE:EXPO:SYN2-174-A:P0001,EVTOL_001,LYBE,EXPO,before_boarding,selected_plan,aircraft_busy,aircraft_busy@F000186,landing,1.0,0.0,0.0,2026-07-31T16:59:59.677352+02:00,2026-07-31T17:00:59.677352+02:00
61212.930810326376,61272.930810326376,SYN2-102-A:P0001,G:LYBE:JUG:SYN2-102-A:P0001,EVTOL_003,LYBE,JUG,before_boarding,selected_plan,aircraft_busy|group_formation,aircraft_busy@F000185|group_formation@LYBE,landing,1.0,0.0,0.0,2026-07-31T17:00:12.930810+02:00,2026-07-31T17:01:12.930810+02:00
61212.930810326376,61272.930810326376,SYN2-087-A:P0001,G:LYBE:JUG:SYN2-102-A:P0001,EVTOL_003,LYBE,JUG,before_boarding,selected_plan,aircraft_busy|group_formation,aircraft_busy@F000185|group_formation@LYBE,landing,1.0,0.0,0.0,2026-07-31T17:00:12.930810+02:00,2026-07-31T17:01:12.930810+02:00
61216.09107511105,61269.16953541504,SYN2-100-A:P0001,G:LYBE:BW:SYN2-089-A:P0001,EVTOL_004,LYBE,BW,before_boarding,selected_plan,aircraft_busy|group_formation,aircraft_busy@F000187|group_formation@LYBE,boarding,0.884641005066563,0.0,0.0,2026-07-31T17:00:16.091075+02:00,2026-07-31T17:01:09.169535+02:00
61243.048443369604,61303.048443369604,SYN2-100-A:P0002,G:LYBE:DOR:SYN2-100-A:P0002,EVTOL_002,LYBE,DOR,before_boarding,selected_plan,aircraft_busy|group_formation,aircraft_busy@F000184|group_formation@LYBE,landing,1.0,0.0,0.0,2026-07-31T17:00:43.048443+02:00,2026-07-31T17:01:43.048443+02:00
61250.75271969478,61272.930810326376,SYN2-086-A:P0002,G:LYBE:JUG:SYN2-102-A:P0001,EVTOL_003,LYBE,JUG,before_boarding,selected_plan,aircraft_busy|group_formation,aircraft_busy@F000185|group_formation@LYBE,landing,0.3696348438599671,0.0,0.0,2026-07-31T17:00:50.752720+02:00,2026-07-31T17:01:12.930810+02:00
61259.67735221605,61451.67735221605,SYN2-174-A:P0001,G:LYBE:EXPO:SYN2-174-A:P0001,EVTOL_001,LYBE,EXPO,before_boarding,selected_plan,aircraft_busy,aircraft_busy@F000186,disembarking,3.2,3.2,0.0,2026-07-31T17:00:59.677352+02:00,2026-07-31T17:04:11.677352+02:00
61259.67735221605,61451.67735221605,SYN2-096-A:P0001,G:LYBE:EXPO:SYN2-174-A:P0001,EVTOL_001,LYBE,EXPO,before_boarding,selected_plan,aircraft_busy,aircraft_busy@F000186,disembarking,3.2,0.0,0.0,2026-07-31T17:00:59.677352+02:00,2026-07-31T17:04:11.677352+02:00
61269.16953541504,61329.16953541504,SYN2-089-A:P0001,G:LYBE:BW:SYN2-089-A:P0001,EVTOL_004,LYBE,BW,before_boarding,selected_plan,aircraft_busy|group_formation,aircraft_busy@F000187|group_formation@LYBE,departure_finalization,1.0,0.0,0.0,2026-07-31T17:01:09.169535+02:00,2026-07-31T17:02:09.169535+02:00
61269.16953541504,61329.16953541504,SYN2-086-A:P0001,G:LYBE:BW:SYN2-089-A:P0001,EVTOL_004,LYBE,BW,before_boarding,selected_plan,aircraft_busy|group_formation,aircraft_busy@F000187|group_formation@LYBE,departure_finalization,1.0,0.0,0.0,2026-07-31T17:01:09.169535+02:00,2026-07-31T17:02:09.169535+02:00
61269.16953541504,61329.16953541504,SYN2-100-A:P0001,G:LYBE:BW:SYN2-089-A:P0001,EVTOL_004,LYBE,BW,before_boarding,selected_plan,aircraft_busy|group_formation,aircraft_busy@F000187|group_formation@LYBE,departure_finalization,1.0,0.0,0.0,2026-07-31T17:01:09.169535+02:00,2026-07-31T17:02:09.169535+02:00
61269.16953541504,61329.16953541504,SYN2-326-D:P0003,G:JUG:LYBE:SYN2-326-D:P0003,EVTOL_004,JUG,LYBE,departure_preparation,committed_flight,departure_preparation,departure_preparation@JUG,departure_finalization,1.0,0.0,0.0,2026-07-31T17:01:09.169535+02:00,2026-07-31T17:02:09.169535+02:00
61272.930810326376,61398.930810326376,SYN2-102-A:P0001,G:LYBE:JUG:SYN2-102-A:P0001,EVTOL_003,LYBE,JUG,before_boarding,selected_plan,aircraft_busy|group_formation,aircraft_busy@F000185|group_formation@LYBE,disembarking,2.1,0.0,0.0,2026-07-31T17:01:12.930810+02:00,2026-07-31T17:03:18.930810+02:00
61272.930810326376,61398.930810326376,SYN2-087-A:P0001,G:LYBE:JUG:SYN2-102-A:P0001,EVTOL_003,LYBE,JUG,before_boarding,selected_plan,aircraft_busy|group_formation,aircraft_busy@F000185|group_formation@LYBE,disembarking,2.1,0.0,0.0,2026-07-31T17:01:12.930810+02:00,2026-07-31T17:03:18.930810+02:00
61272.930810326376,61398.930810326376,SYN2-086-A:P0002,G:LYBE:JUG:SYN2-102-A:P0001,EVTOL_003,LYBE,JUG,before_boarding,selected_plan,aircraft_busy|group_formation,aircraft_busy@F000185|group_formation@LYBE,disembarking,2.1,0.0,0.0,2026-07-31T17:01:12.930810+02:00,2026-07-31T17:03:18.930810+02:00
61303.048443369604,61561.048443369604,SYN2-100-A:P0002,G:LYBE:DOR:SYN2-100-A:P0002,EVTOL_002,LYBE,DOR,before_boarding,selected_plan,aircraft_busy|group_formation,aircraft_busy@F000184|group_formation@LYBE,disembarking,4.3,0.0,0.0,2026-07-31T17:01:43.048443+02:00,2026-07-31T17:06:01.048443+02:00
61329.16953541504,61369.16953541504,SYN2-089-A:P0001,G:LYBE:BW:SYN2-089-A:P0001,EVTOL_004,LYBE,BW,before_boarding,selected_plan,aircraft_busy|group_formation,aircraft_busy@F000187|group_formation@LYBE,takeoff,0.6666666666666666,0.0,0.0,2026-07-31T17:02:09.169535+02:00,2026-07-31T17:02:49.169535+02:00
61329.16953541504,61369.16953541504,SYN2-086-A:P0001,G:LYBE:BW:SYN2-089-A:P0001,EVTOL_004,LYBE,BW,before_boarding,selected_plan,aircraft_busy|group_formation,aircraft_busy@F000187|group_formation@LYBE,takeoff,0.6666666666666666,0.0,0.0,2026-07-31T17:02:09.169535+02:00,2026-07-31T17:02:49.169535+02:00
61329.16953541504,61369.16953541504,SYN2-100-A:P0001,G:LYBE:BW:SYN2-089-A:P0001,EVTOL_004,LYBE,BW,before_boarding,selected_plan,aircraft_busy|group_formation,aircraft_busy@F000187|group_formation@LYBE,takeoff,0.6666666666666666,0.0,0.0,2026-07-31T17:02:09.169535+02:00,2026-07-31T17:02:49.169535+02:00
61332.34166319689,61561.048443369604,SYN2-105-A:P0001,G:LYBE:DOR:SYN2-100-A:P0002,EVTOL_002,LYBE,DOR,before_boarding,selected_plan,aircraft_busy|group_formation,aircraft_busy@F000184|group_formation@LYBE,disembarking,3.8117796695452855,0.0,0.0,2026-07-31T17:02:12.341663+02:00,2026-07-31T17:06:01.048443+02:00
61369.16953541504,61686.97184741504,SYN2-089-A:P0001,G:LYBE:BW:SYN2-089-A:P0001,EVTOL_004,LYBE,BW,before_boarding,selected_plan,aircraft_busy|group_formation,aircraft_busy@F000187|group_formation@LYBE,cruise,5.296705199999996,0.0,0.0,2026-07-31T17:02:49.169535+02:00,2026-07-31T17:08:06.971847+02:00
61369.16953541504,61686.97184741504,SYN2-086-A:P0001,G:LYBE:BW:SYN2-089-A:P0001,EVTOL_004,LYBE,BW,before_boarding,selected_plan,aircraft_busy|group_formation,aircraft_busy@F000187|group_formation@LYBE,cruise,5.296705199999996,0.0,0.0,2026-07-31T17:02:49.169535+02:00,2026-07-31T17:08:06.971847+02:00
61369.16953541504,61686.97184741504,SYN2-100-A:P0001,G:LYBE:BW:SYN2-089-A:P0001,EVTOL_004,LYBE,BW,before_boarding,selected_plan,aircraft_busy|group_formation,aircraft_busy@F000187|group_formation@LYBE,cruise,5.296705199999996,0.0,0.0,2026-07-31T17:02:49.169535+02:00,2026-07-31T17:08:06.971847+02:00
61398.930810326376,61458.930810326376,SYN2-102-A:P0001,G:LYBE:JUG:SYN2-102-A:P0001,EVTOL_003,LYBE,JUG,before_boarding,selected_plan,departure_preparation|group_formation,departure_preparation@JUG|group_formation@LYBE,departure_finalization,1.0,0.0,0.0,2026-07-31T17:03:18.930810+02:00,2026-07-31T17:04:18.930810+02:00
61398.930810326376,61458.930810326376,SYN2-087-A:P0001,G:LYBE:JUG:SYN2-102-A:P0001,EVTOL_003,LYBE,JUG,before_boarding,selected_plan,departure_preparation|group_formation,departure_preparation@JUG|group_formation@LYBE,departure_finalization,1.0,0.0,0.0,2026-07-31T17:03:18.930810+02:00,2026-07-31T17:04:18.930810+02:00
61398.930810326376,61458.930810326376,SYN2-086-A:P0002,G:LYBE:JUG:SYN2-102-A:P0001,EVTOL_003,LYBE,JUG,before_boarding,selected_plan,departure_preparation|group_formation,departure_preparation@JUG|group_formation@LYBE,departure_finalization,1.0,0.0,0.0,2026-07-31T17:03:18.930810+02:00,2026-07-31T17:04:18.930810+02:00
61458.930810326376,61498.930810326376,SYN2-102-A:P0001,G:LYBE:JUG:SYN2-102-A:P0001,EVTOL_003,LYBE,JUG,before_boarding,selected_plan,group_formation|repositioning_flight,group_formation@LYBE|repositioning_flight@LYBE,takeoff,0.6666666666666666,0.0,0.0,2026-07-31T17:04:18.930810+02:00,2026-07-31T17:04:58.930810+02:00
61458.930810326376,61498.930810326376,SYN2-087-A:P0001,G:LYBE:JUG:SYN2-102-A:P0001,EVTOL_003,LYBE,JUG,before_boarding,selected_plan,group_formation|repositioning_flight,group_formation@LYBE|repositioning_flight@LYBE,takeoff,0.6666666666666666,0.0,0.0,2026-07-31T17:04:18.930810+02:00,2026-07-31T17:04:58.930810+02:00
61458.930810326376,61498.930810326376,SYN2-086-A:P0002,G:LYBE:JUG:SYN2-102-A:P0001,EVTOL_003,LYBE,JUG,before_boarding,selected_plan,group_formation|repositioning_flight,group_formation@LYBE|repositioning_flight@LYBE,takeoff,0.6666666666666666,0.0,0.0,2026-07-31T17:04:18.930810+02:00,2026-07-31T17:04:58.930810+02:00
61498.930810326376,61501.22871876582,SYN2-102-A:P0001,G:LYBE:JUG:SYN2-102-A:P0001,EVTOL_003,LYBE,JUG,before_boarding,selected_plan,group_formation|repositioning_flight,group_formation@LYBE|repositioning_flight@LYBE,cruise,0.03829847399077456,0.0,0.0,2026-07-31T17:04:58.930810+02:00,2026-07-31T17:05:01.228719+02:00
61498.930810326376,61501.22871876582,SYN2-087-A:P0001,G:LYBE:JUG:SYN2-102-A:P0001,EVTOL_003,LYBE,JUG,before_boarding,selected_plan,group_formation|repositioning_flight,group_formation@LYBE|repositioning_flight@LYBE,cruise,0.03829847399077456,0.0,0.0,2026-07-31T17:04:58.930810+02:00,2026-07-31T17:05:01.228719+02:00
61498.930810326376,61501.22871876582,SYN2-086-A:P0002,G:LYBE:JUG:SYN2-102-A:P0001,EVTOL_003,LYBE,JUG,before_boarding,selected_plan,group_formation|repositioning_flight,group_formation@LYBE|repositioning_flight@LYBE,cruise,0.03829847399077456,0.0,0.0,2026-07-31T17:04:58.930810+02:00,2026-07-31T17:05:01.228719+02:00
61501.22871876582,61816.733122326375,SYN2-102-A:P0001,G:LYBE:JUG:SYN2-102-A:P0001,EVTOL_003,LYBE,JUG,before_boarding,selected_plan,repositioning_flight,repositioning_flight@LYBE,cruise,5.258406726009222,0.0,0.0,2026-07-31T17:05:01.228719+02:00,2026-07-31T17:10:16.733122+02:00
61501.22871876582,61816.733122326375,SYN2-087-A:P0001,G:LYBE:JUG:SYN2-102-A:P0001,EVTOL_003,LYBE,JUG,before_boarding,selected_plan,repositioning_flight,repositioning_flight@LYBE,cruise,5.258406726009222,0.0,0.0,2026-07-31T17:05:01.228719+02:00,2026-07-31T17:10:16.733122+02:00
61501.22871876582,61816.733122326375,SYN2-086-A:P0002,G:LYBE:JUG:SYN2-102-A:P0001,EVTOL_003,LYBE,JUG,before_boarding,selected_plan,repositioning_flight,repositioning_flight@LYBE,cruise,5.258406726009222,0.0,0.0,2026-07-31T17:05:01.228719+02:00,2026-07-31T17:10:16.733122+02:00
61501.22871876582,61816.733122326375,SYN2-086-A:P0003,G:LYBE:JUG:SYN2-102-A:P0001,EVTOL_003,LYBE,JUG,before_boarding,selected_plan,repositioning_flight,repositioning_flight@LYBE,cruise,5.258406726009222,0.0,0.0,2026-07-31T17:05:01.228719+02:00,2026-07-31T17:10:16.733122+02:00
61561.048443369604,61591.897300326375,SYN2-100-A:P0002,G:LYBE:DOR:SYN2-100-A:P0002,EVTOL_002,LYBE,DOR,before_boarding,selected_plan,destination_tlof|group_formation,destination_tlof@LYBE|group_formation@LYBE,idle,0.5141476159461793,0.0,0.0,2026-07-31T17:06:01.048443+02:00,2026-07-31T17:06:31.897300+02:00
61561.048443369604,61591.897300326375,SYN2-105-A:P0001,G:LYBE:DOR:SYN2-100-A:P0002,EVTOL_002,LYBE,DOR,before_boarding,selected_plan,destination_tlof|group_formation,destination_tlof@LYBE|group_formation@LYBE,idle,0.5141476159461793,0.0,0.0,2026-07-31T17:06:01.048443+02:00,2026-07-31T17:06:31.897300+02:00
61591.897300326375,61651.897300326375,SYN2-100-A:P0002,G:LYBE:DOR:SYN2-100-A:P0002,EVTOL_002,LYBE,DOR,before_boarding,selected_plan,departure_preparation|group_formation,departure_preparation@BW|group_formation@LYBE,departure_finalization,1.0,0.0,0.0,2026-07-31T17:06:31.897300+02:00,2026-07-31T17:07:31.897300+02:00
61591.897300326375,61651.897300326375,SYN2-105-A:P0001,G:LYBE:DOR:SYN2-100-A:P0002,EVTOL_002,LYBE,DOR,before_boarding,selected_plan,departure_preparation|group_formation,departure_preparation@BW|group_formation@LYBE,departure_finalization,1.0,0.0,0.0,2026-07-31T17:06:31.897300+02:00,2026-07-31T17:07:31.897300+02:00
61651.897300326375,61691.897300326375,SYN2-100-A:P0002,G:LYBE:DOR:SYN2-100-A:P0002,EVTOL_002,LYBE,DOR,before_boarding,selected_plan,group_formation|repositioning_flight,group_formation@LYBE|repositioning_flight@LYBE,takeoff,0.6666666666666666,0.0,0.0,2026-07-31T17:07:31.897300+02:00,2026-07-31T17:08:11.897300+02:00
61651.897300326375,61691.897300326375,SYN2-105-A:P0001,G:LYBE:DOR:SYN2-100-A:P0002,EVTOL_002,LYBE,DOR,before_boarding,selected_plan,group_formation|repositioning_flight,group_formation@LYBE|repositioning_flight@LYBE,takeoff,0.6666666666666666,0.0,0.0,2026-07-31T17:07:31.897300+02:00,2026-07-31T17:08:11.897300+02:00
61686.97184741504,61718.92603506104,SYN2-089-A:P0001,G:LYBE:BW:SYN2-089-A:P0001,EVTOL_004,LYBE,BW,before_boarding,selected_plan,aircraft_busy|group_formation,aircraft_busy@F000187|group_formation@LYBE,landing,0.5325697940999816,0.0,0.0,2026-07-31T17:08:06.971847+02:00,2026-07-31T17:08:38.926035+02:00
61686.97184741504,61718.92603506104,SYN2-086-A:P0001,G:LYBE:BW:SYN2-089-A:P0001,EVTOL_004,LYBE,BW,before_boarding,selected_plan,aircraft_busy|group_formation,aircraft_busy@F000187|group_formation@LYBE,landing,0.5325697940999816,0.0,0.0,2026-07-31T17:08:06.971847+02:00,2026-07-31T17:08:38.926035+02:00
61686.97184741504,61718.92603506104,SYN2-100-A:P0001,G:LYBE:BW:SYN2-089-A:P0001,EVTOL_004,LYBE,BW,before_boarding,selected_plan,aircraft_busy|group_formation,aircraft_busy@F000187|group_formation@LYBE,landing,0.5325697940999816,0.0,0.0,2026-07-31T17:08:06.971847+02:00,2026-07-31T17:08:38.926035+02:00
61691.897300326375,61916.733122326375,SYN2-100-A:P0002,G:LYBE:DOR:SYN2-100-A:P0002,EVTOL_002,LYBE,DOR,before_boarding,selected_plan,group_formation|repositioning_flight,group_formation@LYBE|repositioning_flight@LYBE,cruise,3.747263700000015,0.0,0.0,2026-07-31T17:08:11.897300+02:00,2026-07-31T17:11:56.733122+02:00
61691.897300326375,61916.733122326375,SYN2-105-A:P0001,G:LYBE:DOR:SYN2-100-A:P0002,EVTOL_002,LYBE,DOR,before_boarding,selected_plan,group_formation|repositioning_flight,group_formation@LYBE|repositioning_flight@LYBE,cruise,3.747263700000015,0.0,0.0,2026-07-31T17:08:11.897300+02:00,2026-07-31T17:11:56.733122+02:00
61718.92603506104,61746.97184741504,SYN2-089-A:P0001,G:LYBE:BW:SYN2-089-A:P0001,EVTOL_004,LYBE,BW,before_boarding,selected_plan,aircraft_busy,aircraft_busy@F000187,landing,0.4674302059000183,0.4674302059000183,0.0,2026-07-31T17:08:38.926035+02:00,2026-07-31T17:09:06.971847+02:00
61718.92603506104,61746.97184741504,SYN2-086-A:P0001,G:LYBE:BW:SYN2-089-A:P0001,EVTOL_004,LYBE,BW,before_boarding,selected_plan,aircraft_busy,aircraft_busy@F000187,landing,0.4674302059000183,0.028374303446131913,0.0,2026-07-31T17:08:38.926035+02:00,2026-07-31T17:09:06.971847+02:00
61718.92603506104,61746.97184741504,SYN2-100-A:P0001,G:LYBE:BW:SYN2-089-A:P0001,EVTOL_004,LYBE,BW,before_boarding,selected_plan,aircraft_busy,aircraft_busy@F000187,landing,0.4674302059000183,0.0,0.0,2026-07-31T17:08:38.926035+02:00,2026-07-31T17:09:06.971847+02:00
61721.67735221605,61816.733122326375,SYN2-174-A:P0001,G:LYBE:EXPO:SYN2-174-A:P0001,EVTOL_001,LYBE,EXPO,after_boarding,committed_flight,origin_tlof,origin_tlof@LYBE,waiting_for_departure,1.584262835172073,0.0,1.584262835172073,2026-07-31T17:08:41.677352+02:00,2026-07-31T17:10:16.733122+02:00
61721.67735221605,61816.733122326375,SYN2-096-A:P0001,G:LYBE:EXPO:SYN2-174-A:P0001,EVTOL_001,LYBE,EXPO,after_boarding,committed_flight,origin_tlof,origin_tlof@LYBE,waiting_for_departure,1.584262835172073,0.0,1.584262835172073,2026-07-31T17:08:41.677352+02:00,2026-07-31T17:10:16.733122+02:00
61746.97184741504,61872.97184741504,SYN2-089-A:P0001,G:LYBE:BW:SYN2-089-A:P0001,EVTOL_004,LYBE,BW,before_boarding,selected_plan,aircraft_busy,aircraft_busy@F000187,disembarking,2.1,2.1,0.0,2026-07-31T17:09:06.971847+02:00,2026-07-31T17:11:12.971847+02:00
61746.97184741504,61872.97184741504,SYN2-086-A:P0001,G:LYBE:BW:SYN2-089-A:P0001,EVTOL_004,LYBE,BW,before_boarding,selected_plan,aircraft_busy,aircraft_busy@F000187,disembarking,2.1,2.1,0.0,2026-07-31T17:09:06.971847+02:00,2026-07-31T17:11:12.971847+02:00
61746.97184741504,61872.97184741504,SYN2-100-A:P0001,G:LYBE:BW:SYN2-089-A:P0001,EVTOL_004,LYBE,BW,before_boarding,selected_plan,aircraft_busy,aircraft_busy@F000187,disembarking,2.1,0.0,0.0,2026-07-31T17:09:06.971847+02:00,2026-07-31T17:11:12.971847+02:00
61816.733122326375,61876.733122326375,SYN2-102-A:P0001,G:LYBE:JUG:SYN2-102-A:P0001,EVTOL_003,LYBE,JUG,before_boarding,selected_plan,repositioning_flight,repositioning_flight@LYBE,landing,1.0,0.0,0.0,2026-07-31T17:10:16.733122+02:00,2026-07-31T17:11:16.733122+02:00
61816.733122326375,61876.733122326375,SYN2-087-A:P0001,G:LYBE:JUG:SYN2-102-A:P0001,EVTOL_003,LYBE,JUG,before_boarding,selected_plan,repositioning_flight,repositioning_flight@LYBE,landing,1.0,0.0,0.0,2026-07-31T17:10:16.733122+02:00,2026-07-31T17:11:16.733122+02:00
61816.733122326375,61876.733122326375,SYN2-086-A:P0002,G:LYBE:JUG:SYN2-102-A:P0001,EVTOL_003,LYBE,JUG,before_boarding,selected_plan,repositioning_flight,repositioning_flight@LYBE,landing,1.0,0.0,0.0,2026-07-31T17:10:16.733122+02:00,2026-07-31T17:11:16.733122+02:00
61816.733122326375,61876.733122326375,SYN2-086-A:P0003,G:LYBE:JUG:SYN2-102-A:P0001,EVTOL_003,LYBE,JUG,before_boarding,selected_plan,repositioning_flight,repositioning_flight@LYBE,landing,1.0,0.0,0.0,2026-07-31T17:10:16.733122+02:00,2026-07-31T17:11:16.733122+02:00
61816.733122326375,61876.733122326375,SYN2-174-A:P0001,G:LYBE:EXPO:SYN2-174-A:P0001,EVTOL_001,LYBE,EXPO,departure_preparation,committed_flight,departure_preparation,departure_preparation@LYBE,departure_finalization,1.0,0.0,0.0,2026-07-31T17:10:16.733122+02:00,2026-07-31T17:11:16.733122+02:00
61816.733122326375,61876.733122326375,SYN2-096-A:P0001,G:LYBE:EXPO:SYN2-174-A:P0001,EVTOL_001,LYBE,EXPO,departure_preparation,committed_flight,departure_preparation,departure_preparation@LYBE,departure_finalization,1.0,0.0,0.0,2026-07-31T17:10:16.733122+02:00,2026-07-31T17:11:16.733122+02:00
61916.733122326375,61931.119175512205,SYN2-100-A:P0002,G:LYBE:DOR:SYN2-100-A:P0002,EVTOL_002,LYBE,DOR,before_boarding,selected_plan,group_formation|repositioning_flight,group_formation@LYBE|repositioning_flight@LYBE,landing,0.23976755309716585,0.0,0.0,2026-07-31T17:11:56.733122+02:00,2026-07-31T17:12:11.119176+02:00
61916.733122326375,61931.119175512205,SYN2-105-A:P0001,G:LYBE:DOR:SYN2-100-A:P0002,EVTOL_002,LYBE,DOR,before_boarding,selected_plan,group_formation|repositioning_flight,group_formation@LYBE|repositioning_flight@LYBE,landing,0.23976755309716585,0.0,0.0,2026-07-31T17:11:56.733122+02:00,2026-07-31T17:12:11.119176+02:00
61931.119175512205,61976.733122326375,SYN2-100-A:P0002,G:LYBE:DOR:SYN2-100-A:P0002,EVTOL_002,LYBE,DOR,before_boarding,selected_plan,repositioning_flight,repositioning_flight@LYBE,landing,0.7602324469028342,0.7602324469028342,0.0,2026-07-31T17:12:11.119176+02:00,2026-07-31T17:12:56.733122+02:00
61931.119175512205,61976.733122326375,SYN2-105-A:P0001,G:LYBE:DOR:SYN2-100-A:P0002,EVTOL_002,LYBE,DOR,before_boarding,selected_plan,repositioning_flight,repositioning_flight@LYBE,landing,0.7602324469028342,0.0,0.0,2026-07-31T17:12:11.119176+02:00,2026-07-31T17:12:56.733122+02:00
62009.42043246459,62017.495520326374,SYN2-176-A:P0002,G:LYBE:JUG:SYN2-176-A:P0002,EVTOL_001,LYBE,JUG,before_boarding,selected_plan,aircraft_busy|group_formation,aircraft_busy@F000189|group_formation@LYBE,cruise,0.13458479769639478,0.0,0.0,2026-07-31T17:13:29.420432+02:00,2026-07-31T17:13:37.495520+02:00
62017.495520326374,62077.495520326374,SYN2-176-A:P0002,G:LYBE:JUG:SYN2-176-A:P0002,EVTOL_001,LYBE,JUG,before_boarding,selected_plan,aircraft_busy|group_formation,aircraft_busy@F000189|group_formation@LYBE,landing,1.0,0.0,0.0,2026-07-31T17:13:37.495520+02:00,2026-07-31T17:14:37.495520+02:00
62077.495520326374,62269.495520326374,SYN2-176-A:P0002,G:LYBE:JUG:SYN2-176-A:P0002,EVTOL_001,LYBE,JUG,before_boarding,selected_plan,aircraft_busy|group_formation,aircraft_busy@F000189|group_formation@LYBE,disembarking,3.2,0.0,0.0,2026-07-31T17:14:37.495520+02:00,2026-07-31T17:17:49.495520+02:00
62106.5314314047,62217.97184741504,SYN2-176-A:P0001,G:LYBE:EXPO:SYN2-176-A:P0001,EVTOL_004,LYBE,EXPO,before_boarding,selected_plan,aircraft_busy|group_formation,aircraft_busy@F000191|group_formation@LYBE,boarding,1.8573402668390675,0.0,0.0,2026-07-31T17:15:06.531431+02:00,2026-07-31T17:16:57.971847+02:00
62149.96290471815,62246.733122326375,SYN2-104-A:P0001,G:LYBE:LYBV:SYN2-104-A:P0001,EVTOL_002,LYBE,LYBV,before_boarding,selected_plan,aircraft_busy|group_formation,aircraft_busy@F000193|group_formation@LYBE,boarding,1.6128369601370651,0.0,0.0,2026-07-31T17:15:49.962905+02:00,2026-07-31T17:17:26.733122+02:00
62217.97184741504,62277.97184741504,SYN2-176-A:P0001,G:LYBE:EXPO:SYN2-176-A:P0001,EVTOL_004,LYBE,EXPO,before_boarding,selected_plan,aircraft_busy|group_formation,aircraft_busy@F000191|group_formation@LYBE,departure_finalization,1.0,0.0,0.0,2026-07-31T17:16:57.971847+02:00,2026-07-31T17:17:57.971847+02:00
62217.97184741504,62277.97184741504,SYN2-089-A:P0001,G:LYBE:BW:SYN2-089-A:P0001,EVTOL_004,LYBE,BW,departure_preparation,committed_flight,departure_preparation,departure_preparation@LYBE,departure_finalization,1.0,0.0,0.0,2026-07-31T17:16:57.971847+02:00,2026-07-31T17:17:57.971847+02:00
62217.97184741504,62277.97184741504,SYN2-086-A:P0001,G:LYBE:BW:SYN2-089-A:P0001,EVTOL_004,LYBE,BW,departure_preparation,committed_flight,departure_preparation,departure_preparation@LYBE,departure_finalization,1.0,0.0,0.0,2026-07-31T17:16:57.971847+02:00,2026-07-31T17:17:57.971847+02:00
62217.97184741504,62277.97184741504,SYN2-100-A:P0001,G:LYBE:BW:SYN2-089-A:P0001,EVTOL_004,LYBE,BW,departure_preparation,committed_flight,departure_preparation,departure_preparation@LYBE,departure_finalization,1.0,0.0,0.0,2026-07-31T17:16:57.971847+02:00,2026-07-31T17:17:57.971847+02:00
62246.733122326375,62257.97184741504,SYN2-104-A:P0001,G:LYBE:LYBV:SYN2-104-A:P0001,EVTOL_002,LYBE,LYBV,before_boarding,selected_plan,aircraft_busy|group_formation,aircraft_busy@F000193|group_formation@LYBE,waiting_for_tlof,0.18731208481112843,0.0,0.0,2026-07-31T17:17:26.733122+02:00,2026-07-31T17:17:37.971847+02:00
62246.733122326375,62257.97184741504,SYN2-100-A:P0002,G:LYBE:DOR:SYN2-100-A:P0002,EVTOL_002,LYBE,DOR,after_boarding,committed_flight,origin_tlof,origin_tlof@LYBE,waiting_for_departure,0.18731208481112843,0.0,0.18731208481112843,2026-07-31T17:17:26.733122+02:00,2026-07-31T17:17:37.971847+02:00
62246.733122326375,62257.97184741504,SYN2-105-A:P0001,G:LYBE:DOR:SYN2-100-A:P0002,EVTOL_002,LYBE,DOR,after_boarding,committed_flight,origin_tlof,origin_tlof@LYBE,waiting_for_departure,0.18731208481112843,0.0,0.18731208481112843,2026-07-31T17:17:26.733122+02:00,2026-07-31T17:17:37.971847+02:00
62257.97184741504,62317.97184741504,SYN2-104-A:P0001,G:LYBE:LYBV:SYN2-104-A:P0001,EVTOL_002,LYBE,LYBV,before_boarding,selected_plan,aircraft_busy|group_formation,aircraft_busy@F000193|group_formation@LYBE,departure_finalization,1.0,0.0,0.0,2026-07-31T17:17:37.971847+02:00,2026-07-31T17:18:37.971847+02:00
62257.97184741504,62317.97184741504,SYN2-100-A:P0002,G:LYBE:DOR:SYN2-100-A:P0002,EVTOL_002,LYBE,DOR,departure_preparation,committed_flight,departure_preparation,departure_preparation@LYBE,departure_finalization,1.0,0.0,0.0,2026-07-31T17:17:37.971847+02:00,2026-07-31T17:18:37.971847+02:00
62257.97184741504,62317.97184741504,SYN2-105-A:P0001,G:LYBE:DOR:SYN2-100-A:P0002,EVTOL_002,LYBE,DOR,departure_preparation,committed_flight,departure_preparation,departure_preparation@LYBE,departure_finalization,1.0,0.0,0.0,2026-07-31T17:17:37.971847+02:00,2026-07-31T17:18:37.971847+02:00
62269.495520326374,62329.495520326374,SYN2-176-A:P0002,G:LYBE:JUG:SYN2-176-A:P0002,EVTOL_001,LYBE,JUG,before_boarding,selected_plan,departure_preparation|group_formation,departure_preparation@EXPO|group_formation@LYBE,departure_finalization,1.0,0.0,0.0,2026-07-31T17:17:49.495520+02:00,2026-07-31T17:18:49.495520+02:00
62277.97184741504,62317.97184741504,SYN2-176-A:P0001,G:LYBE:EXPO:SYN2-176-A:P0001,EVTOL_004,LYBE,EXPO,before_boarding,selected_plan,aircraft_busy|group_formation,aircraft_busy@F000191|group_formation@LYBE,takeoff,0.6666666666666666,0.0,0.0,2026-07-31T17:17:57.971847+02:00,2026-07-31T17:18:37.971847+02:00
62296.733122326375,62321.245257583614,SYN2-102-A:P0001,G:LYBE:JUG:SYN2-102-A:P0001,EVTOL_003,LYBE,JUG,after_boarding,committed_flight,battery_after_repositioning,battery_after_repositioning@LYBE,waiting_for_departure,0.40853558762064496,0.0,0.40853558762064496,2026-07-31T17:18:16.733122+02:00,2026-07-31T17:18:41.245258+02:00
62296.733122326375,62321.245257583614,SYN2-087-A:P0001,G:LYBE:JUG:SYN2-102-A:P0001,EVTOL_003,LYBE,JUG,after_boarding,committed_flight,battery_after_repositioning,battery_after_repositioning@LYBE,waiting_for_departure,0.40853558762064496,0.0,0.40853558762064496,2026-07-31T17:18:16.733122+02:00,2026-07-31T17:18:41.245258+02:00
62296.733122326375,62321.245257583614,SYN2-086-A:P0002,G:LYBE:JUG:SYN2-102-A:P0001,EVTOL_003,LYBE,JUG,after_boarding,committed_flight,battery_after_repositioning,battery_after_repositioning@LYBE,waiting_for_departure,0.40853558762064496,0.0,0.40853558762064496,2026-07-31T17:18:16.733122+02:00,2026-07-31T17:18:41.245258+02:00
62296.733122326375,62321.245257583614,SYN2-086-A:P0003,G:LYBE:JUG:SYN2-102-A:P0001,EVTOL_003,LYBE,JUG,after_boarding,committed_flight,battery_after_repositioning,battery_after_repositioning@LYBE,waiting_for_departure,0.40853558762064496,0.0,0.40853558762064496,2026-07-31T17:18:16.733122+02:00,2026-07-31T17:18:41.245258+02:00
62317.97184741504,62542.807669415044,SYN2-176-A:P0001,G:LYBE:EXPO:SYN2-176-A:P0001,EVTOL_004,LYBE,EXPO,before_boarding,selected_plan,aircraft_busy|group_formation,aircraft_busy@F000191|group_formation@LYBE,cruise,3.747263700000015,0.0,0.0,2026-07-31T17:18:37.971847+02:00,2026-07-31T17:22:22.807669+02:00
62317.97184741504,62357.97184741504,SYN2-104-A:P0001,G:LYBE:LYBV:SYN2-104-A:P0001,EVTOL_002,LYBE,LYBV,before_boarding,selected_plan,aircraft_busy|group_formation,aircraft_busy@F000193|group_formation@LYBE,takeoff,0.6666666666666666,0.0,0.0,2026-07-31T17:18:37.971847+02:00,2026-07-31T17:19:17.971847+02:00
62321.245257583614,62381.245257583614,SYN2-102-A:P0001,G:LYBE:JUG:SYN2-102-A:P0001,EVTOL_003,LYBE,JUG,departure_preparation,committed_flight,departure_preparation,departure_preparation@LYBE,departure_finalization,1.0,0.0,0.0,2026-07-31T17:18:41.245258+02:00,2026-07-31T17:19:41.245258+02:00
62321.245257583614,62381.245257583614,SYN2-087-A:P0001,G:LYBE:JUG:SYN2-102-A:P0001,EVTOL_003,LYBE,JUG,departure_preparation,committed_flight,departure_preparation,departure_preparation@LYBE,departure_finalization,1.0,0.0,0.0,2026-07-31T17:18:41.245258+02:00,2026-07-31T17:19:41.245258+02:00
62321.245257583614,62381.245257583614,SYN2-086-A:P0002,G:LYBE:JUG:SYN2-102-A:P0001,EVTOL_003,LYBE,JUG,departure_preparation,committed_flight,departure_preparation,departure_preparation@LYBE,departure_finalization,1.0,0.0,0.0,2026-07-31T17:18:41.245258+02:00,2026-07-31T17:19:41.245258+02:00
62321.245257583614,62381.245257583614,SYN2-086-A:P0003,G:LYBE:JUG:SYN2-102-A:P0001,EVTOL_003,LYBE,JUG,departure_preparation,committed_flight,departure_preparation,departure_preparation@LYBE,departure_finalization,1.0,0.0,0.0,2026-07-31T17:18:41.245258+02:00,2026-07-31T17:19:41.245258+02:00
62329.495520326374,62369.495520326374,SYN2-176-A:P0002,G:LYBE:JUG:SYN2-176-A:P0002,EVTOL_001,LYBE,JUG,before_boarding,selected_plan,group_formation|repositioning_flight,group_formation@LYBE|repositioning_flight@LYBE,takeoff,0.6666666666666666,0.0,0.0,2026-07-31T17:18:49.495520+02:00,2026-07-31T17:19:29.495520+02:00
62357.97184741504,62685.772061415046,SYN2-104-A:P0001,G:LYBE:LYBV:SYN2-104-A:P0001,EVTOL_002,LYBE,LYBV,before_boarding,selected_plan,aircraft_busy|group_formation,aircraft_busy@F000193|group_formation@LYBE,cruise,5.463336900000043,0.0,0.0,2026-07-31T17:19:17.971847+02:00,2026-07-31T17:24:45.772061+02:00
62369.495520326374,62470.25791832637,SYN2-176-A:P0002,G:LYBE:JUG:SYN2-176-A:P0002,EVTOL_001,LYBE,JUG,before_boarding,selected_plan,group_formation|repositioning_flight,group_formation@LYBE|repositioning_flight@LYBE,cruise,1.6793732999999824,0.0,0.0,2026-07-31T17:19:29.495520+02:00,2026-07-31T17:21:10.257918+02:00
62470.25791832637,62530.25791832637,SYN2-176-A:P0002,G:LYBE:JUG:SYN2-176-A:P0002,EVTOL_001,LYBE,JUG,before_boarding,selected_plan,group_formation|repositioning_flight,group_formation@LYBE|repositioning_flight@LYBE,landing,1.0,0.0,0.0,2026-07-31T17:21:10.257918+02:00,2026-07-31T17:22:10.257918+02:00
62530.25791832637,62909.42043246459,SYN2-176-A:P0002,G:LYBE:JUG:SYN2-176-A:P0002,EVTOL_001,LYBE,JUG,before_boarding,selected_plan,group_formation,group_formation@LYBE,idle,6.319375235636956,0.0,0.0,2026-07-31T17:22:10.257918+02:00,2026-07-31T17:28:29.420432+02:00
62542.807669415044,62602.807669415044,SYN2-176-A:P0001,G:LYBE:EXPO:SYN2-176-A:P0001,EVTOL_004,LYBE,EXPO,before_boarding,selected_plan,aircraft_busy|group_formation,aircraft_busy@F000191|group_formation@LYBE,landing,1.0,0.0,0.0,2026-07-31T17:22:22.807669+02:00,2026-07-31T17:23:22.807669+02:00
62602.807669415044,62860.807669415044,SYN2-176-A:P0001,G:LYBE:EXPO:SYN2-176-A:P0001,EVTOL_004,LYBE,EXPO,before_boarding,selected_plan,aircraft_busy|group_formation,aircraft_busy@F000191|group_formation@LYBE,disembarking,4.3,0.0,0.0,2026-07-31T17:23:22.807669+02:00,2026-07-31T17:27:40.807669+02:00
62685.772061415046,62745.772061415046,SYN2-104-A:P0001,G:LYBE:LYBV:SYN2-104-A:P0001,EVTOL_002,LYBE,LYBV,before_boarding,selected_plan,aircraft_busy|group_formation,aircraft_busy@F000193|group_formation@LYBE,landing,1.0,0.0,0.0,2026-07-31T17:24:45.772061+02:00,2026-07-31T17:25:45.772061+02:00
62745.772061415046,62937.772061415046,SYN2-104-A:P0001,G:LYBE:LYBV:SYN2-104-A:P0001,EVTOL_002,LYBE,LYBV,before_boarding,selected_plan,aircraft_busy|group_formation,aircraft_busy@F000193|group_formation@LYBE,disembarking,3.2,0.0,0.0,2026-07-31T17:25:45.772061+02:00,2026-07-31T17:28:57.772061+02:00
62860.807669415044,62920.807669415044,SYN2-176-A:P0001,G:LYBE:EXPO:SYN2-176-A:P0001,EVTOL_004,LYBE,EXPO,before_boarding,selected_plan,departure_preparation|group_formation,departure_preparation@BW|group_formation@LYBE,departure_finalization,1.0,0.0,0.0,2026-07-31T17:27:40.807669+02:00,2026-07-31T17:28:40.807669+02:00
62920.807669415044,62960.807669415044,SYN2-176-A:P0001,G:LYBE:EXPO:SYN2-176-A:P0001,EVTOL_004,LYBE,EXPO,before_boarding,selected_plan,group_formation|repositioning_flight,group_formation@LYBE|repositioning_flight@LYBE,takeoff,0.6666666666666666,0.0,0.0,2026-07-31T17:28:40.807669+02:00,2026-07-31T17:29:20.807669+02:00
62937.772061415046,63049.96290471815,SYN2-104-A:P0001,G:LYBE:LYBV:SYN2-104-A:P0001,EVTOL_002,LYBE,LYBV,before_boarding,selected_plan,battery_before_repositioning|group_formation,battery_before_repositioning@DOR|group_formation@LYBE,idle,1.8698473883850966,0.0,0.0,2026-07-31T17:28:57.772061+02:00,2026-07-31T17:30:49.962905+02:00
62960.807669415044,63006.5314314047,SYN2-176-A:P0001,G:LYBE:EXPO:SYN2-176-A:P0001,EVTOL_004,LYBE,EXPO,before_boarding,selected_plan,group_formation|repositioning_flight,group_formation@LYBE|repositioning_flight@LYBE,cruise,0.7620626998275839,0.0,0.0,2026-07-31T17:29:20.807669+02:00,2026-07-31T17:30:06.531431+02:00
63006.5314314047,63185.643491415045,SYN2-176-A:P0001,G:LYBE:EXPO:SYN2-176-A:P0001,EVTOL_004,LYBE,EXPO,before_boarding,selected_plan,repositioning_flight,repositioning_flight@LYBE,cruise,2.9852010001724314,2.9852010001724314,0.0,2026-07-31T17:30:06.531431+02:00,2026-07-31T17:33:05.643491+02:00
63049.96290471815,63096.11943904931,SYN2-104-A:P0001,G:LYBE:LYBV:SYN2-104-A:P0001,EVTOL_002,LYBE,LYBV,before_boarding,selected_plan,battery_before_repositioning,battery_before_repositioning@DOR,idle,0.7692755721859915,0.7692755721859915,0.0,2026-07-31T17:30:49.962905+02:00,2026-07-31T17:31:36.119439+02:00
63096.11943904931,63156.11943904931,SYN2-104-A:P0001,G:LYBE:LYBV:SYN2-104-A:P0001,EVTOL_002,LYBE,LYBV,before_boarding,selected_plan,departure_preparation,departure_preparation@DOR,departure_finalization,1.0,1.0,0.0,2026-07-31T17:31:36.119439+02:00,2026-07-31T17:32:36.119439+02:00
63104.42043246459,63185.643491415045,SYN2-176-A:P0002,G:LYBE:JUG:SYN2-176-A:P0002,EVTOL_001,LYBE,JUG,after_boarding,committed_flight,origin_tlof,origin_tlof@LYBE,waiting_for_departure,1.3537176491742382,0.0,1.3537176491742382,2026-07-31T17:31:44.420432+02:00,2026-07-31T17:33:05.643491+02:00
63156.11943904931,63196.11943904931,SYN2-104-A:P0001,G:LYBE:LYBV:SYN2-104-A:P0001,EVTOL_002,LYBE,LYBV,before_boarding,selected_plan,repositioning_flight,repositioning_flight@LYBE,takeoff,0.6666666666666666,0.6666666666666666,0.0,2026-07-31T17:32:36.119439+02:00,2026-07-31T17:33:16.119439+02:00
63185.643491415045,63245.643491415045,SYN2-176-A:P0001,G:LYBE:EXPO:SYN2-176-A:P0001,EVTOL_004,LYBE,EXPO,before_boarding,selected_plan,repositioning_flight,repositioning_flight@LYBE,landing,1.0,1.0,0.0,2026-07-31T17:33:05.643491+02:00,2026-07-31T17:34:05.643491+02:00
63185.643491415045,63245.643491415045,SYN2-176-A:P0002,G:LYBE:JUG:SYN2-176-A:P0002,EVTOL_001,LYBE,JUG,departure_preparation,committed_flight,departure_preparation,departure_preparation@LYBE,departure_finalization,1.0,0.0,0.0,2026-07-31T17:33:05.643491+02:00,2026-07-31T17:34:05.643491+02:00
63196.11943904931,63523.91965304931,SYN2-104-A:P0001,G:LYBE:LYBV:SYN2-104-A:P0001,EVTOL_002,LYBE,LYBV,before_boarding,selected_plan,repositioning_flight,repositioning_flight@LYBE,cruise,5.463336900000043,5.463336900000043,0.0,2026-07-31T17:33:16.119439+02:00,2026-07-31T17:38:43.919653+02:00
63396.82939581135,63456.82939581135,SYN2-108-A:P0001,G:LYBE:JUG:SYN2-108-A:P0001,EVTOL_003,LYBE,JUG,before_boarding,selected_plan,departure_preparation|group_formation,departure_preparation@JUG|group_formation@LYBE,departure_finalization,1.0,0.0,0.0,2026-07-31T17:36:36.829396+02:00,2026-07-31T17:37:36.829396+02:00
63440.643491415045,63541.546356522565,SYN2-176-A:P0001,G:LYBE:EXPO:SYN2-176-A:P0001,EVTOL_004,LYBE,EXPO,after_boarding,committed_flight,battery_after_repositioning,battery_after_repositioning@LYBE,waiting_for_departure,1.6817144184586748,0.0,1.6817144184586748,2026-07-31T17:37:20.643491+02:00,2026-07-31T17:39:01.546357+02:00
63456.82939581135,63496.82939581135,SYN2-108-A:P0001,G:LYBE:JUG:SYN2-108-A:P0001,EVTOL_003,LYBE,JUG,before_boarding,selected_plan,group_formation|repositioning_flight,group_formation@LYBE|repositioning_flight@LYBE,takeoff,0.6666666666666666,0.0,0.0,2026-07-31T17:37:36.829396+02:00,2026-07-31T17:38:16.829396+02:00
63496.82939581135,63814.63170781135,SYN2-108-A:P0001,G:LYBE:JUG:SYN2-108-A:P0001,EVTOL_003,LYBE,JUG,before_boarding,selected_plan,group_formation|repositioning_flight,group_formation@LYBE|repositioning_flight@LYBE,cruise,5.296705199999996,0.0,0.0,2026-07-31T17:38:16.829396+02:00,2026-07-31T17:43:34.631708+02:00
63523.91965304931,63583.91965304931,SYN2-104-A:P0001,G:LYBE:LYBV:SYN2-104-A:P0001,EVTOL_002,LYBE,LYBV,before_boarding,selected_plan,repositioning_flight,repositioning_flight@LYBE,landing,1.0,1.0,0.0,2026-07-31T17:38:43.919653+02:00,2026-07-31T17:39:43.919653+02:00
63541.546356522565,63601.546356522565,SYN2-176-A:P0001,G:LYBE:EXPO:SYN2-176-A:P0001,EVTOL_004,LYBE,EXPO,departure_preparation,committed_flight,departure_preparation,departure_preparation@LYBE,departure_finalization,1.0,0.0,0.0,2026-07-31T17:39:01.546357+02:00,2026-07-31T17:40:01.546357+02:00
63778.91965304931,64148.17125596079,SYN2-104-A:P0001,G:LYBE:LYBV:SYN2-104-A:P0001,EVTOL_002,LYBE,LYBV,after_boarding,committed_flight,battery_after_repositioning,battery_after_repositioning@LYBE,waiting_for_departure,6.1541933818579615,0.0,6.1541933818579615,2026-07-31T17:42:58.919653+02:00,2026-07-31T17:49:08.171256+02:00
63814.63170781135,63874.63170781135,SYN2-108-A:P0001,G:LYBE:JUG:SYN2-108-A:P0001,EVTOL_003,LYBE,JUG,before_boarding,selected_plan,group_formation|repositioning_flight,group_formation@LYBE|repositioning_flight@LYBE,landing,1.0,0.0,0.0,2026-07-31T17:43:34.631708+02:00,2026-07-31T17:44:34.631708+02:00
63840.597772732996,63900.597772732996,SYN2-376-D:P0001,G:BW:LYBE:SYN2-376-D:P0001,EVTOL_001,BW,LYBE,before_boarding,selected_plan,departure_preparation|group_formation,departure_preparation@JUG|group_formation@BW,departure_finalization,1.0,0.0,0.0,2026-07-31T17:44:00.597773+02:00,2026-07-31T17:45:00.597773+02:00
63874.63170781135,64296.82939581135,SYN2-108-A:P0001,G:LYBE:JUG:SYN2-108-A:P0001,EVTOL_003,LYBE,JUG,before_boarding,selected_plan,group_formation,group_formation@LYBE,idle,7.036628133333337,0.0,0.0,2026-07-31T17:44:34.631708+02:00,2026-07-31T17:51:36.829396+02:00
63900.42907591023,63928.308754522564,SYN2-109-A:P0001,G:LYBE:DOR:SYN2-109-A:P0001,EVTOL_004,LYBE,DOR,before_boarding,selected_plan,aircraft_busy|group_formation,aircraft_busy@F000198|group_formation@LYBE,disembarking,0.4646613102055805,0.0,0.0,2026-07-31T17:45:00.429076+02:00,2026-07-31T17:45:28.308755+02:00
63900.597772732996,63940.597772732996,SYN2-376-D:P0001,G:BW:LYBE:SYN2-376-D:P0001,EVTOL_001,BW,LYBE,before_boarding,selected_plan,group_formation|repositioning_flight,group_formation@BW|repositioning_flight@BW,takeoff,0.6666666666666666,0.0,0.0,2026-07-31T17:45:00.597773+02:00,2026-07-31T17:45:40.597773+02:00
63928.308754522564,64528.308754522564,SYN2-109-A:P0001,G:LYBE:DOR:SYN2-109-A:P0001,EVTOL_004,LYBE,DOR,before_boarding,selected_plan,cleaning|group_formation,cleaning@EXPO:cleaner:1|group_formation@LYBE,cleaning,10.0,0.0,0.0,2026-07-31T17:45:28.308755+02:00,2026-07-31T17:55:28.308755+02:00
63940.597772732996,64015.564262732994,SYN2-376-D:P0001,G:BW:LYBE:SYN2-376-D:P0001,EVTOL_001,BW,LYBE,before_boarding,selected_plan,group_formation|repositioning_flight,group_formation@BW|repositioning_flight@BW,cruise,1.2494414999999814,0.0,0.0,2026-07-31T17:45:40.597773+02:00,2026-07-31T17:46:55.564263+02:00
64015.564262732994,64075.564262732994,SYN2-376-D:P0001,G:BW:LYBE:SYN2-376-D:P0001,EVTOL_001,BW,LYBE,before_boarding,selected_plan,group_formation|repositioning_flight,group_formation@BW|repositioning_flight@BW,landing,1.0,0.0,0.0,2026-07-31T17:46:55.564263+02:00,2026-07-31T17:47:55.564263+02:00
64075.564262732994,64740.597772732996,SYN2-376-D:P0001,G:BW:LYBE:SYN2-376-D:P0001,EVTOL_001,BW,LYBE,before_boarding,selected_plan,group_formation,group_formation@BW,idle,11.083891833333352,0.0,0.0,2026-07-31T17:47:55.564263+02:00,2026-07-31T17:59:00.597773+02:00
64148.17125596079,64208.17125596079,SYN2-104-A:P0001,G:LYBE:LYBV:SYN2-104-A:P0001,EVTOL_002,LYBE,LYBV,departure_preparation,committed_flight,departure_preparation,departure_preparation@LYBE,departure_finalization,1.0,0.0,0.0,2026-07-31T17:49:08.171256+02:00,2026-07-31T17:50:08.171256+02:00
64279.749494154996,64740.597772732996,SYN2-334-D:P0001,G:BW:LYBE:SYN2-376-D:P0001,EVTOL_001,BW,LYBE,before_boarding,selected_plan,group_formation,group_formation@BW,idle,7.680804642966662,0.0,0.0,2026-07-31T17:51:19.749494+02:00,2026-07-31T17:59:00.597773+02:00
64491.82939581135,64551.82939581135,SYN2-108-A:P0001,G:LYBE:JUG:SYN2-108-A:P0001,EVTOL_003,LYBE,JUG,departure_preparation,committed_flight,departure_preparation,departure_preparation@LYBE,departure_finalization,1.0,0.0,0.0,2026-07-31T17:54:51.829396+02:00,2026-07-31T17:55:51.829396+02:00
64528.308754522564,64588.308754522564,SYN2-109-A:P0001,G:LYBE:DOR:SYN2-109-A:P0001,EVTOL_004,LYBE,DOR,before_boarding,selected_plan,departure_preparation|group_formation,departure_preparation@EXPO|group_formation@LYBE,departure_finalization,1.0,0.0,0.0,2026-07-31T17:55:28.308755+02:00,2026-07-31T17:56:28.308755+02:00
64588.308754522564,64628.308754522564,SYN2-109-A:P0001,G:LYBE:DOR:SYN2-109-A:P0001,EVTOL_004,LYBE,DOR,before_boarding,selected_plan,group_formation|repositioning_flight,group_formation@LYBE|repositioning_flight@LYBE,takeoff,0.6666666666666666,0.0,0.0,2026-07-31T17:56:28.308755+02:00,2026-07-31T17:57:08.308755+02:00
64615.77477995957,64740.597772732996,SYN2-376-D:P0002,G:BW:LYBE:SYN2-376-D:P0001,EVTOL_001,BW,LYBE,before_boarding,selected_plan,group_formation,group_formation@BW,idle,2.0803832128904713,0.0,0.0,2026-07-31T17:56:55.774780+02:00,2026-07-31T17:59:00.597773+02:00
64628.308754522564,64729.07115252256,SYN2-109-A:P0001,G:LYBE:DOR:SYN2-109-A:P0001,EVTOL_004,LYBE,DOR,before_boarding,selected_plan,group_formation|repositioning_flight,group_formation@LYBE|repositioning_flight@LYBE,cruise,1.6793732999999824,0.0,0.0,2026-07-31T17:57:08.308755+02:00,2026-07-31T17:58:49.071153+02:00
64729.07115252256,64789.07115252256,SYN2-109-A:P0001,G:LYBE:DOR:SYN2-109-A:P0001,EVTOL_004,LYBE,DOR,before_boarding,selected_plan,group_formation|repositioning_flight,group_formation@LYBE|repositioning_flight@LYBE,landing,1.0,0.0,0.0,2026-07-31T17:58:49.071153+02:00,2026-07-31T17:59:49.071153+02:00
64789.07115252256,64800.42907591023,SYN2-109-A:P0001,G:LYBE:DOR:SYN2-109-A:P0001,EVTOL_004,LYBE,DOR,before_boarding,selected_plan,group_formation,group_formation@LYBE,idle,0.18929872312777055,0.0,0.0,2026-07-31T17:59:49.071153+02:00,2026-07-31T18:00:00.429076+02:00
64986.253332830034,65095.63170781135,SYN2-334-D:P0002,G:BW:LYBE:SYN2-334-D:P0002,EVTOL_003,BW,LYBE,before_boarding,selected_plan,aircraft_busy|group_formation,aircraft_busy@F000202|group_formation@BW,disembarking,1.8229729163552595,0.0,0.0,2026-07-31T18:03:06.253333+02:00,2026-07-31T18:04:55.631708+02:00
64995.42907591023,65028.85773200702,SYN2-109-A:P0001,G:LYBE:DOR:SYN2-109-A:P0001,EVTOL_004,LYBE,DOR,after_boarding,committed_flight,battery_after_repositioning,battery_after_repositioning@LYBE,waiting_for_departure,0.5571442682798079,0.0,0.5571442682798079,2026-07-31T18:03:15.429076+02:00,2026-07-31T18:03:48.857732+02:00
65028.85773200702,65088.85773200702,SYN2-109-A:P0001,G:LYBE:DOR:SYN2-109-A:P0001,EVTOL_004,LYBE,DOR,departure_preparation,committed_flight,departure_preparation,departure_preparation@LYBE,departure_finalization,1.0,0.0,0.0,2026-07-31T18:03:48.857732+02:00,2026-07-31T18:04:48.857732+02:00
65077.44055487143,65137.44055487143,SYN2-333-D:P0001,G:JUG:LYBE:SYN2-333-D:P0001,EVTOL_002,JUG,LYBE,before_boarding,selected_plan,departure_preparation|group_formation,departure_preparation@LYBV|group_formation@JUG,departure_finalization,1.0,0.0,0.0,2026-07-31T18:04:37.440555+02:00,2026-07-31T18:05:37.440555+02:00
65085.597772732996,65145.597772732996,SYN2-376-D:P0001,G:BW:LYBE:SYN2-376-D:P0001,EVTOL_001,BW,LYBE,departure_preparation,committed_flight,departure_preparation,departure_preparation@BW,departure_finalization,1.0,0.0,0.0,2026-07-31T18:04:45.597773+02:00,2026-07-31T18:05:45.597773+02:00
65085.597772732996,65145.597772732996,SYN2-334-D:P0001,G:BW:LYBE:SYN2-376-D:P0001,EVTOL_001,BW,LYBE,departure_preparation,committed_flight,departure_preparation,departure_preparation@BW,departure_finalization,1.0,0.0,0.0,2026-07-31T18:04:45.597773+02:00,2026-07-31T18:05:45.597773+02:00
65085.597772732996,65145.597772732996,SYN2-376-D:P0002,G:BW:LYBE:SYN2-376-D:P0001,EVTOL_001,BW,LYBE,departure_preparation,committed_flight,departure_preparation,departure_preparation@BW,departure_finalization,1.0,0.0,0.0,2026-07-31T18:04:45.597773+02:00,2026-07-31T18:05:45.597773+02:00
65095.63170781135,65196.96564714833,SYN2-334-D:P0002,G:BW:LYBE:SYN2-334-D:P0002,EVTOL_003,BW,LYBE,before_boarding,selected_plan,battery_before_repositioning|group_formation,battery_before_repositioning@JUG|group_formation@BW,idle,1.6888989889497072,0.0,0.0,2026-07-31T18:04:55.631708+02:00,2026-07-31T18:06:36.965647+02:00
65137.44055487143,65177.44055487143,SYN2-333-D:P0001,G:JUG:LYBE:SYN2-333-D:P0001,EVTOL_002,JUG,LYBE,before_boarding,selected_plan,group_formation|repositioning_flight,group_formation@JUG|repositioning_flight@JUG,takeoff,0.6666666666666666,0.0,0.0,2026-07-31T18:05:37.440555+02:00,2026-07-31T18:06:17.440555+02:00
65140.220378612576,65196.96564714833,SYN2-330-D:P0001,G:BW:LYBE:SYN2-334-D:P0002,EVTOL_003,BW,LYBE,before_boarding,selected_plan,battery_before_repositioning|group_formation,battery_before_repositioning@JUG|group_formation@BW,idle,0.9457544755959437,0.0,0.0,2026-07-31T18:05:40.220379+02:00,2026-07-31T18:06:36.965647+02:00
65177.44055487143,65364.01941087143,SYN2-333-D:P0001,G:JUG:LYBE:SYN2-333-D:P0001,EVTOL_002,JUG,LYBE,before_boarding,selected_plan,group_formation|repositioning_flight,group_formation@JUG|repositioning_flight@JUG,cruise,3.1096476000000015,0.0,0.0,2026-07-31T18:06:17.440555+02:00,2026-07-31T18:09:24.019411+02:00
65196.96564714833,65256.96564714833,SYN2-334-D:P0002,G:BW:LYBE:SYN2-334-D:P0002,EVTOL_003,BW,LYBE,before_boarding,selected_plan,departure_preparation|group_formation,departure_preparation@JUG|group_formation@BW,departure_finalization,1.0,0.0,0.0,2026-07-31T18:06:36.965647+02:00,2026-07-31T18:07:36.965647+02:00
65196.96564714833,65256.96564714833,SYN2-330-D:P0001,G:BW:LYBE:SYN2-334-D:P0002,EVTOL_003,BW,LYBE,before_boarding,selected_plan,departure_preparation|group_formation,departure_preparation@JUG|group_formation@BW,departure_finalization,1.0,0.0,0.0,2026-07-31T18:06:36.965647+02:00,2026-07-31T18:07:36.965647+02:00
65256.96564714833,65296.96564714833,SYN2-334-D:P0002,G:BW:LYBE:SYN2-334-D:P0002,EVTOL_003,BW,LYBE,before_boarding,selected_plan,group_formation|repositioning_flight,group_formation@BW|repositioning_flight@BW,takeoff,0.6666666666666666,0.0,0.0,2026-07-31T18:07:36.965647+02:00,2026-07-31T18:08:16.965647+02:00
65256.96564714833,65296.96564714833,SYN2-330-D:P0001,G:BW:LYBE:SYN2-334-D:P0002,EVTOL_003,BW,LYBE,before_boarding,selected_plan,group_formation|repositioning_flight,group_formation@BW|repositioning_flight@BW,takeoff,0.6666666666666666,0.0,0.0,2026-07-31T18:07:36.965647+02:00,2026-07-31T18:08:16.965647+02:00
65296.96564714833,65371.93213714833,SYN2-334-D:P0002,G:BW:LYBE:SYN2-334-D:P0002,EVTOL_003,BW,LYBE,before_boarding,selected_plan,group_formation|repositioning_flight,group_formation@BW|repositioning_flight@BW,cruise,1.2494414999999814,0.0,0.0,2026-07-31T18:08:16.965647+02:00,2026-07-31T18:09:31.932137+02:00
65296.96564714833,65371.93213714833,SYN2-330-D:P0001,G:BW:LYBE:SYN2-334-D:P0002,EVTOL_003,BW,LYBE,before_boarding,selected_plan,group_formation|repositioning_flight,group_formation@BW|repositioning_flight@BW,cruise,1.2494414999999814,0.0,0.0,2026-07-31T18:08:16.965647+02:00,2026-07-31T18:09:31.932137+02:00
65364.01941087143,65424.01941087143,SYN2-333-D:P0001,G:JUG:LYBE:SYN2-333-D:P0001,EVTOL_002,JUG,LYBE,before_boarding,selected_plan,group_formation|repositioning_flight,group_formation@JUG|repositioning_flight@JUG,landing,1.0,0.0,0.0,2026-07-31T18:09:24.019411+02:00,2026-07-31T18:10:24.019411+02:00
65371.93213714833,65431.93213714833,SYN2-334-D:P0002,G:BW:LYBE:SYN2-334-D:P0002,EVTOL_003,BW,LYBE,before_boarding,selected_plan,group_formation|repositioning_flight,group_formation@BW|repositioning_flight@BW,landing,1.0,0.0,0.0,2026-07-31T18:09:31.932137+02:00,2026-07-31T18:10:31.932137+02:00
65371.93213714833,65431.93213714833,SYN2-330-D:P0001,G:BW:LYBE:SYN2-334-D:P0002,EVTOL_003,BW,LYBE,before_boarding,selected_plan,group_formation|repositioning_flight,group_formation@BW|repositioning_flight@BW,landing,1.0,0.0,0.0,2026-07-31T18:09:31.932137+02:00,2026-07-31T18:10:31.932137+02:00
65424.01941087143,65977.44055487143,SYN2-333-D:P0001,G:JUG:LYBE:SYN2-333-D:P0001,EVTOL_002,JUG,LYBE,before_boarding,selected_plan,group_formation,group_formation@JUG,idle,9.223685733333332,0.0,0.0,2026-07-31T18:10:24.019411+02:00,2026-07-31T18:19:37.440555+02:00
65431.93213714833,65886.25333283003,SYN2-334-D:P0002,G:BW:LYBE:SYN2-334-D:P0002,EVTOL_003,BW,LYBE,before_boarding,selected_plan,group_formation,group_formation@BW,idle,7.572019928028385,0.0,0.0,2026-07-31T18:10:31.932137+02:00,2026-07-31T18:18:06.253333+02:00
65431.93213714833,65886.25333283003,SYN2-330-D:P0001,G:BW:LYBE:SYN2-334-D:P0002,EVTOL_003,BW,LYBE,before_boarding,selected_plan,group_formation,group_formation@BW,idle,7.572019928028385,0.0,0.0,2026-07-31T18:10:31.932137+02:00,2026-07-31T18:18:06.253333+02:00
65771.8891485285,66328.433594733,SYN2-112-A:P0001,G:LYBE:LYBV:SYN2-112-A:P0001,EVTOL_001,LYBE,LYBV,before_boarding,selected_plan,cleaning|group_formation,cleaning@LYBE:cleaner:1|group_formation@LYBE,cleaning,9.275740770074966,0.0,0.0,2026-07-31T18:16:11.889149+02:00,2026-07-31T18:25:28.433595+02:00
65950.63750773614,66068.20596440331,SYN2-377-D:P0003,G:EXPO:LYBE:SYN2-377-D:P0003,EVTOL_004,EXPO,LYBE,before_boarding,selected_plan,battery_before_repositioning|group_formation,battery_before_repositioning@DOR|group_formation@EXPO,idle,1.9594742777861636,0.0,0.0,2026-07-31T18:19:10.637508+02:00,2026-07-31T18:21:08.205964+02:00
66068.20596440331,66128.20596440331,SYN2-377-D:P0003,G:EXPO:LYBE:SYN2-377-D:P0003,EVTOL_004,EXPO,LYBE,before_boarding,selected_plan,departure_preparation|group_formation,departure_preparation@DOR|group_formation@EXPO,departure_finalization,1.0,0.0,0.0,2026-07-31T18:21:08.205964+02:00,2026-07-31T18:22:08.205964+02:00
66122.46913780404,66172.44055487143,SYN2-377-D:P0002,G:JUG:LYBE:SYN2-377-D:P0002,EVTOL_002,JUG,LYBE,before_boarding,selected_plan,aircraft_busy|group_formation,aircraft_busy@F000209|group_formation@JUG,boarding,0.832856951123055,0.0,0.0,2026-07-31T18:22:02.469138+02:00,2026-07-31T18:22:52.440555+02:00
66128.20596440331,66168.20596440331,SYN2-377-D:P0003,G:EXPO:LYBE:SYN2-377-D:P0003,EVTOL_004,EXPO,LYBE,before_boarding,selected_plan,group_formation|repositioning_flight,group_formation@EXPO|repositioning_flight@EXPO,takeoff,0.6666666666666666,0.0,0.0,2026-07-31T18:22:08.205964+02:00,2026-07-31T18:22:48.205964+02:00
66156.25333283003,66216.25333283003,SYN2-334-D:P0002,G:BW:LYBE:SYN2-334-D:P0002,EVTOL_003,BW,LYBE,departure_preparation,committed_flight,departure_preparation,departure_preparation@BW,departure_finalization,1.0,0.0,0.0,2026-07-31T18:22:36.253333+02:00,2026-07-31T18:23:36.253333+02:00
66156.25333283003,66216.25333283003,SYN2-330-D:P0001,G:BW:LYBE:SYN2-334-D:P0002,EVTOL_003,BW,LYBE,departure_preparation,committed_flight,departure_preparation,departure_preparation@BW,departure_finalization,1.0,0.0,0.0,2026-07-31T18:22:36.253333+02:00,2026-07-31T18:23:36.253333+02:00
66168.20596440331,66490.19399640331,SYN2-377-D:P0003,G:EXPO:LYBE:SYN2-377-D:P0003,EVTOL_004,EXPO,LYBE,before_boarding,selected_plan,group_formation|repositioning_flight,group_formation@EXPO|repositioning_flight@EXPO,cruise,5.366467199999898,0.0,0.0,2026-07-31T18:22:48.205964+02:00,2026-07-31T18:28:10.193996+02:00
66172.44055487143,66232.44055487143,SYN2-377-D:P0002,G:JUG:LYBE:SYN2-377-D:P0002,EVTOL_002,JUG,LYBE,before_boarding,selected_plan,aircraft_busy|group_formation,aircraft_busy@F000209|group_formation@JUG,departure_finalization,1.0,0.0,0.0,2026-07-31T18:22:52.440555+02:00,2026-07-31T18:23:52.440555+02:00
66172.44055487143,66232.44055487143,SYN2-333-D:P0001,G:JUG:LYBE:SYN2-333-D:P0001,EVTOL_002,JUG,LYBE,departure_preparation,committed_flight,departure_preparation,departure_preparation@JUG,departure_finalization,1.0,0.0,0.0,2026-07-31T18:22:52.440555+02:00,2026-07-31T18:23:52.440555+02:00
66232.44055487143,66272.44055487143,SYN2-377-D:P0002,G:JUG:LYBE:SYN2-377-D:P0002,EVTOL_002,JUG,LYBE,before_boarding,selected_plan,aircraft_busy|group_formation,aircraft_busy@F000209|group_formation@JUG,takeoff,0.6666666666666666,0.0,0.0,2026-07-31T18:23:52.440555+02:00,2026-07-31T18:24:32.440555+02:00
66272.44055487143,66590.24286687143,SYN2-377-D:P0002,G:JUG:LYBE:SYN2-377-D:P0002,EVTOL_002,JUG,LYBE,before_boarding,selected_plan,aircraft_busy|group_formation,aircraft_busy@F000209|group_formation@JUG,cruise,5.296705199999996,0.0,0.0,2026-07-31T18:24:32.440555+02:00,2026-07-31T18:29:50.242867+02:00
66328.433594733,66671.8891485285,SYN2-112-A:P0001,G:LYBE:LYBV:SYN2-112-A:P0001,EVTOL_001,LYBE,LYBV,before_boarding,selected_plan,group_formation,group_formation@LYBE,idle,5.7242592299250346,0.0,0.0,2026-07-31T18:25:28.433595+02:00,2026-07-31T18:31:11.889149+02:00
66350.94305979683,66590.24286687143,SYN2-377-D:P0001,G:JUG:LYBE:SYN2-377-D:P0002,EVTOL_002,JUG,LYBE,before_boarding,selected_plan,aircraft_busy|group_formation,aircraft_busy@F000209|group_formation@JUG,cruise,3.9883301179099364,0.0,0.0,2026-07-31T18:25:50.943060+02:00,2026-07-31T18:29:50.242867+02:00
66490.19399640331,66550.19399640331,SYN2-377-D:P0003,G:EXPO:LYBE:SYN2-377-D:P0003,EVTOL_004,EXPO,LYBE,before_boarding,selected_plan,group_formation|repositioning_flight,group_formation@EXPO|repositioning_flight@EXPO,landing,1.0,0.0,0.0,2026-07-31T18:28:10.193996+02:00,2026-07-31T18:29:10.193996+02:00
66550.19399640331,66850.63750773614,SYN2-377-D:P0003,G:EXPO:LYBE:SYN2-377-D:P0003,EVTOL_004,EXPO,LYBE,before_boarding,selected_plan,group_formation,group_formation@EXPO,idle,5.007391855547272,0.0,0.0,2026-07-31T18:29:10.193996+02:00,2026-07-31T18:34:10.637508+02:00
66590.24286687143,66650.24286687143,SYN2-377-D:P0002,G:JUG:LYBE:SYN2-377-D:P0002,EVTOL_002,JUG,LYBE,before_boarding,selected_plan,aircraft_busy|group_formation,aircraft_busy@F000209|group_formation@JUG,landing,1.0,0.0,0.0,2026-07-31T18:29:50.242867+02:00,2026-07-31T18:30:50.242867+02:00
66590.24286687143,66650.24286687143,SYN2-377-D:P0001,G:JUG:LYBE:SYN2-377-D:P0002,EVTOL_002,JUG,LYBE,before_boarding,selected_plan,aircraft_busy|group_formation,aircraft_busy@F000209|group_formation@JUG,landing,1.0,0.0,0.0,2026-07-31T18:29:50.242867+02:00,2026-07-31T18:30:50.242867+02:00
66650.24286687143,66776.24286687143,SYN2-377-D:P0002,G:JUG:LYBE:SYN2-377-D:P0002,EVTOL_002,JUG,LYBE,before_boarding,selected_plan,aircraft_busy|group_formation,aircraft_busy@F000209|group_formation@JUG,disembarking,2.1,0.0,0.0,2026-07-31T18:30:50.242867+02:00,2026-07-31T18:32:56.242867+02:00
66650.24286687143,66776.24286687143,SYN2-377-D:P0001,G:JUG:LYBE:SYN2-377-D:P0002,EVTOL_002,JUG,LYBE,before_boarding,selected_plan,aircraft_busy|group_formation,aircraft_busy@F000209|group_formation@JUG,disembarking,2.1,0.0,0.0,2026-07-31T18:30:50.242867+02:00,2026-07-31T18:32:56.242867+02:00
66776.24286687143,67022.46913780404,SYN2-377-D:P0002,G:JUG:LYBE:SYN2-377-D:P0002,EVTOL_002,JUG,LYBE,before_boarding,selected_plan,battery_before_repositioning|group_formation,battery_before_repositioning@LYBE|group_formation@JUG,idle,4.103771182210282,0.0,0.0,2026-07-31T18:32:56.242867+02:00,2026-07-31T18:37:02.469138+02:00
66776.24286687143,67022.46913780404,SYN2-377-D:P0001,G:JUG:LYBE:SYN2-377-D:P0002,EVTOL_002,JUG,LYBE,before_boarding,selected_plan,battery_before_repositioning|group_formation,battery_before_repositioning@LYBE|group_formation@JUG,idle,4.103771182210282,0.0,0.0,2026-07-31T18:32:56.242867+02:00,2026-07-31T18:37:02.469138+02:00
66866.8891485285,66926.8891485285,SYN2-112-A:P0001,G:LYBE:LYBV:SYN2-112-A:P0001,EVTOL_001,LYBE,LYBV,departure_preparation,committed_flight,departure_preparation,departure_preparation@LYBE,departure_finalization,1.0,0.0,0.0,2026-07-31T18:34:26.889149+02:00,2026-07-31T18:35:26.889149+02:00
67022.46913780404,67030.58771964986,SYN2-377-D:P0002,G:JUG:LYBE:SYN2-377-D:P0002,EVTOL_002,JUG,LYBE,before_boarding,selected_plan,battery_before_repositioning,battery_before_repositioning@LYBE,idle,0.13530969743029952,0.13530969743029952,0.0,2026-07-31T18:37:02.469138+02:00,2026-07-31T18:37:10.587720+02:00
67022.46913780404,67030.58771964986,SYN2-377-D:P0001,G:JUG:LYBE:SYN2-377-D:P0002,EVTOL_002,JUG,LYBE,before_boarding,selected_plan,battery_before_repositioning,battery_before_repositioning@LYBE,idle,0.13530969743029952,0.0,0.0,2026-07-31T18:37:02.469138+02:00,2026-07-31T18:37:10.587720+02:00
67030.58771964986,67090.58771964986,SYN2-377-D:P0002,G:JUG:LYBE:SYN2-377-D:P0002,EVTOL_002,JUG,LYBE,before_boarding,selected_plan,departure_preparation,departure_preparation@LYBE,departure_finalization,1.0,1.0,0.0,2026-07-31T18:37:10.587720+02:00,2026-07-31T18:38:10.587720+02:00
67030.58771964986,67090.58771964986,SYN2-377-D:P0001,G:JUG:LYBE:SYN2-377-D:P0002,EVTOL_002,JUG,LYBE,before_boarding,selected_plan,departure_preparation,departure_preparation@LYBE,departure_finalization,1.0,0.0,0.0,2026-07-31T18:37:10.587720+02:00,2026-07-31T18:38:10.587720+02:00
67045.63750773614,67105.63750773614,SYN2-377-D:P0003,G:EXPO:LYBE:SYN2-377-D:P0003,EVTOL_004,EXPO,LYBE,departure_preparation,committed_flight,departure_preparation,departure_preparation@EXPO,departure_finalization,1.0,0.0,0.0,2026-07-31T18:37:25.637508+02:00,2026-07-31T18:38:25.637508+02:00
67090.58771964986,67130.58771964986,SYN2-377-D:P0002,G:JUG:LYBE:SYN2-377-D:P0002,EVTOL_002,JUG,LYBE,before_boarding,selected_plan,repositioning_flight,repositioning_flight@JUG,takeoff,0.6666666666666666,0.6666666666666666,0.0,2026-07-31T18:38:10.587720+02:00,2026-07-31T18:38:50.587720+02:00
67090.58771964986,67130.58771964986,SYN2-377-D:P0001,G:JUG:LYBE:SYN2-377-D:P0002,EVTOL_002,JUG,LYBE,before_boarding,selected_plan,repositioning_flight,repositioning_flight@JUG,takeoff,0.6666666666666666,0.0,0.0,2026-07-31T18:38:10.587720+02:00,2026-07-31T18:38:50.587720+02:00
67104.55546005254,67333.08915483003,SYN2-113-A:P0002,G:LYBE:JUG:SYN2-113-A:P0002,EVTOL_003,LYBE,JUG,before_boarding,selected_plan,cleaning|group_formation,cleaning@LYBE:cleaner:1|group_formation@LYBE,cleaning,3.8088949129582033,0.0,0.0,2026-07-31T18:38:24.555460+02:00,2026-07-31T18:42:13.089155+02:00
67130.58771964986,67448.39003164986,SYN2-377-D:P0002,G:JUG:LYBE:SYN2-377-D:P0002,EVTOL_002,JUG,LYBE,before_boarding,selected_plan,repositioning_flight,repositioning_flight@JUG,cruise,5.296705199999996,5.296705199999996,0.0,2026-07-31T18:38:50.587720+02:00,2026-07-31T18:44:08.390032+02:00
67130.58771964986,67448.39003164986,SYN2-377-D:P0001,G:JUG:LYBE:SYN2-377-D:P0002,EVTOL_002,JUG,LYBE,before_boarding,selected_plan,repositioning_flight,repositioning_flight@JUG,cruise,5.296705199999996,3.2907828642171806,0.0,2026-07-31T18:38:50.587720+02:00,2026-07-31T18:44:08.390032+02:00
67333.08915483003,68004.55546005254,SYN2-113-A:P0002,G:LYBE:JUG:SYN2-113-A:P0002,EVTOL_003,LYBE,JUG,before_boarding,selected_plan,group_formation,group_formation@LYBE,idle,11.191105087041796,0.0,0.0,2026-07-31T18:42:13.089155+02:00,2026-07-31T18:53:24.555460+02:00
67379.63169645432,67432.39990573615,SYN2-178-A:P0001,G:LYBE:BW:SYN2-178-A:P0001,EVTOL_004,LYBE,BW,before_boarding,selected_plan,aircraft_busy|group_formation,aircraft_busy@F000212|group_formation@LYBE,disembarking,0.8794701546971434,0.0,0.0,2026-07-31T18:42:59.631696+02:00,2026-07-31T18:43:52.399906+02:00
67432.39990573615,68279.63169645432,SYN2-178-A:P0001,G:LYBE:BW:SYN2-178-A:P0001,EVTOL_004,LYBE,BW,before_boarding,selected_plan,group_formation,group_formation@LYBE,idle,14.120529845302856,0.0,0.0,2026-07-31T18:43:52.399906+02:00,2026-07-31T18:57:59.631696+02:00
67448.39003164986,67508.39003164986,SYN2-377-D:P0002,G:JUG:LYBE:SYN2-377-D:P0002,EVTOL_002,JUG,LYBE,before_boarding,selected_plan,repositioning_flight,repositioning_flight@JUG,landing,1.0,1.0,0.0,2026-07-31T18:44:08.390032+02:00,2026-07-31T18:45:08.390032+02:00
67448.39003164986,67508.39003164986,SYN2-377-D:P0001,G:JUG:LYBE:SYN2-377-D:P0002,EVTOL_002,JUG,LYBE,before_boarding,selected_plan,repositioning_flight,repositioning_flight@JUG,landing,1.0,1.0,0.0,2026-07-31T18:44:08.390032+02:00,2026-07-31T18:45:08.390032+02:00
67670.04203947812,67730.04203947812,SYN2-113-A:P0001,G:LYBE:EXPO:SYN2-113-A:P0001,EVTOL_001,LYBE,EXPO,before_boarding,selected_plan,departure_preparation|group_formation,departure_preparation@LYBV|group_formation@LYBE,departure_finalization,1.0,0.0,0.0,2026-07-31T18:47:50.042039+02:00,2026-07-31T18:48:50.042039+02:00
67730.04203947812,67770.04203947812,SYN2-113-A:P0001,G:LYBE:EXPO:SYN2-113-A:P0001,EVTOL_001,LYBE,EXPO,before_boarding,selected_plan,group_formation|repositioning_flight,group_formation@LYBE|repositioning_flight@LYBE,takeoff,0.6666666666666666,0.0,0.0,2026-07-31T18:48:50.042039+02:00,2026-07-31T18:49:30.042039+02:00
67770.04203947812,68106.49022747812,SYN2-113-A:P0001,G:LYBE:EXPO:SYN2-113-A:P0001,EVTOL_001,LYBE,EXPO,before_boarding,selected_plan,group_formation|repositioning_flight,group_formation@LYBE|repositioning_flight@LYBE,cruise,5.607469799999914,0.0,0.0,2026-07-31T18:49:30.042039+02:00,2026-07-31T18:55:06.490227+02:00
67778.39003164986,68057.06779861283,SYN2-377-D:P0002,G:JUG:LYBE:SYN2-377-D:P0002,EVTOL_002,JUG,LYBE,after_boarding,committed_flight,battery_after_repositioning,battery_after_repositioning@JUG,waiting_for_departure,4.644629449382774,0.0,4.644629449382774,2026-07-31T18:49:38.390032+02:00,2026-07-31T18:54:17.067799+02:00
67778.39003164986,68057.06779861283,SYN2-377-D:P0001,G:JUG:LYBE:SYN2-377-D:P0002,EVTOL_002,JUG,LYBE,after_boarding,committed_flight,battery_after_repositioning,battery_after_repositioning@JUG,waiting_for_departure,4.644629449382774,0.0,4.644629449382774,2026-07-31T18:49:38.390032+02:00,2026-07-31T18:54:17.067799+02:00
68057.06779861283,68117.06779861283,SYN2-377-D:P0002,G:JUG:LYBE:SYN2-377-D:P0002,EVTOL_002,JUG,LYBE,departure_preparation,committed_flight,departure_preparation,departure_preparation@JUG,departure_finalization,1.0,0.0,0.0,2026-07-31T18:54:17.067799+02:00,2026-07-31T18:55:17.067799+02:00
68057.06779861283,68117.06779861283,SYN2-377-D:P0001,G:JUG:LYBE:SYN2-377-D:P0002,EVTOL_002,JUG,LYBE,departure_preparation,committed_flight,departure_preparation,departure_preparation@JUG,departure_finalization,1.0,0.0,0.0,2026-07-31T18:54:17.067799+02:00,2026-07-31T18:55:17.067799+02:00
68106.49022747812,68166.49022747812,SYN2-113-A:P0001,G:LYBE:EXPO:SYN2-113-A:P0001,EVTOL_001,LYBE,EXPO,before_boarding,selected_plan,group_formation|repositioning_flight,group_formation@LYBE|repositioning_flight@LYBE,landing,1.0,0.0,0.0,2026-07-31T18:55:06.490227+02:00,2026-07-31T18:56:06.490227+02:00
68166.49022747812,68570.04203947812,SYN2-113-A:P0001,G:LYBE:EXPO:SYN2-113-A:P0001,EVTOL_001,LYBE,EXPO,before_boarding,selected_plan,group_formation,group_formation@LYBE,idle,6.72586353333342,0.0,0.0,2026-07-31T18:56:06.490227+02:00,2026-07-31T19:02:50.042039+02:00
68199.55546005254,68259.55546005254,SYN2-113-A:P0002,G:LYBE:JUG:SYN2-113-A:P0002,EVTOL_003,LYBE,JUG,departure_preparation,committed_flight,departure_preparation,departure_preparation@LYBE,departure_finalization,1.0,0.0,0.0,2026-07-31T18:56:39.555460+02:00,2026-07-31T18:57:39.555460+02:00
68474.63169645432,68474.87011061283,SYN2-178-A:P0001,G:LYBE:BW:SYN2-178-A:P0001,EVTOL_004,LYBE,BW,after_boarding,committed_flight,origin_tlof,origin_tlof@LYBE,waiting_for_departure,0.003973569308436708,0.0,0.003973569308436708,2026-07-31T19:01:14.631696+02:00,2026-07-31T19:01:14.870111+02:00
68474.87011061283,68534.87011061283,SYN2-178-A:P0001,G:LYBE:BW:SYN2-178-A:P0001,EVTOL_004,LYBE,BW,departure_preparation,committed_flight,departure_preparation,departure_preparation@LYBE,departure_finalization,1.0,0.0,0.0,2026-07-31T19:01:14.870111+02:00,2026-07-31T19:02:14.870111+02:00
68765.04203947812,68825.04203947812,SYN2-113-A:P0001,G:LYBE:EXPO:SYN2-113-A:P0001,EVTOL_001,LYBE,EXPO,departure_preparation,committed_flight,departure_preparation,departure_preparation@LYBE,departure_finalization,1.0,0.0,0.0,2026-07-31T19:06:05.042039+02:00,2026-07-31T19:07:05.042039+02:00
69260.67728270302,70160.67728270302,SYN2-337-D:P0001,G:JUG:LYBE:SYN2-337-D:P0001,EVTOL_003,JUG,LYBE,before_boarding,selected_plan,group_formation,group_formation@JUG,idle,15.0,0.0,0.0,2026-07-31T19:14:20.677283+02:00,2026-07-31T19:29:20.677283+02:00
70355.67728270302,70415.67728270302,SYN2-337-D:P0001,G:JUG:LYBE:SYN2-337-D:P0001,EVTOL_003,JUG,LYBE,departure_preparation,committed_flight,departure_preparation,departure_preparation@JUG,departure_finalization,1.0,0.0,0.0,2026-07-31T19:32:35.677283+02:00,2026-07-31T19:33:35.677283+02:00
71304.6394808475,72204.6394808475,SYN2-116-A:P0001,G:LYBE:BW:SYN2-116-A:P0001,EVTOL_002,LYBE,BW,before_boarding,selected_plan,group_formation,group_formation@LYBE,idle,15.0,0.0,0.0,2026-07-31T19:48:24.639481+02:00,2026-07-31T20:03:24.639481+02:00
72399.6394808475,72459.6394808475,SYN2-116-A:P0001,G:LYBE:BW:SYN2-116-A:P0001,EVTOL_002,LYBE,BW,departure_preparation,committed_flight,departure_preparation,departure_preparation@LYBE,departure_finalization,1.0,0.0,0.0,2026-07-31T20:06:39.639481+02:00,2026-07-31T20:07:39.639481+02:00
73274.43603007599,74174.43603007599,SYN2-118-A:P0001,G:LYBE:LYBV:SYN2-118-A:P0001,EVTOL_003,LYBE,LYBV,before_boarding,selected_plan,group_formation,group_formation@LYBE,idle,15.0,0.0,0.0,2026-07-31T20:21:14.436030+02:00,2026-07-31T20:36:14.436030+02:00
74369.43603007599,74429.43603007599,SYN2-118-A:P0001,G:LYBE:LYBV:SYN2-118-A:P0001,EVTOL_003,LYBE,LYBV,departure_preparation,committed_flight,departure_preparation,departure_preparation@LYBE,departure_finalization,1.0,0.0,0.0,2026-07-31T20:39:29.436030+02:00,2026-07-31T20:40:29.436030+02:00
74854.73146226152,74914.73146226152,SYN2-340-D:P0001,G:DOR:LYBE:SYN2-340-D:P0001,EVTOL_002,DOR,LYBE,before_boarding,selected_plan,departure_preparation|group_formation,departure_preparation@BW|group_formation@DOR,departure_finalization,1.0,0.0,0.0,2026-07-31T20:47:34.731462+02:00,2026-07-31T20:48:34.731462+02:00
74914.73146226152,74954.73146226152,SYN2-340-D:P0001,G:DOR:LYBE:SYN2-340-D:P0001,EVTOL_002,DOR,LYBE,before_boarding,selected_plan,group_formation|repositioning_flight,group_formation@DOR|repositioning_flight@DOR,takeoff,0.6666666666666666,0.0,0.0,2026-07-31T20:48:34.731462+02:00,2026-07-31T20:49:14.731462+02:00
74954.73146226152,75039.69585426152,SYN2-340-D:P0001,G:DOR:LYBE:SYN2-340-D:P0001,EVTOL_002,DOR,LYBE,before_boarding,selected_plan,group_formation|repositioning_flight,group_formation@DOR|repositioning_flight@DOR,cruise,1.4160731999999068,0.0,0.0,2026-07-31T20:49:14.731462+02:00,2026-07-31T20:50:39.695854+02:00
75007.72675539037,75039.69585426152,SYN2-341-D:P0001,G:DOR:LYBE:SYN2-340-D:P0001,EVTOL_002,DOR,LYBE,before_boarding,selected_plan,group_formation|repositioning_flight,group_formation@DOR|repositioning_flight@DOR,cruise,0.5328183145191967,0.0,0.0,2026-07-31T20:50:07.726755+02:00,2026-07-31T20:50:39.695854+02:00
75039.69585426152,75099.69585426152,SYN2-340-D:P0001,G:DOR:LYBE:SYN2-340-D:P0001,EVTOL_002,DOR,LYBE,before_boarding,selected_plan,group_formation|repositioning_flight,group_formation@DOR|repositioning_flight@DOR,landing,1.0,0.0,0.0,2026-07-31T20:50:39.695854+02:00,2026-07-31T20:51:39.695854+02:00
75039.69585426152,75099.69585426152,SYN2-341-D:P0001,G:DOR:LYBE:SYN2-340-D:P0001,EVTOL_002,DOR,LYBE,before_boarding,selected_plan,group_formation|repositioning_flight,group_formation@DOR|repositioning_flight@DOR,landing,1.0,0.0,0.0,2026-07-31T20:50:39.695854+02:00,2026-07-31T20:51:39.695854+02:00
75099.69585426152,75754.73146226152,SYN2-340-D:P0001,G:DOR:LYBE:SYN2-340-D:P0001,EVTOL_002,DOR,LYBE,before_boarding,selected_plan,group_formation,group_formation@DOR,idle,10.917260133333427,0.0,0.0,2026-07-31T20:51:39.695854+02:00,2026-07-31T21:02:34.731462+02:00
75099.69585426152,75754.73146226152,SYN2-341-D:P0001,G:DOR:LYBE:SYN2-340-D:P0001,EVTOL_002,DOR,LYBE,before_boarding,selected_plan,group_formation,group_formation@DOR,idle,10.917260133333427,0.0,0.0,2026-07-31T20:51:39.695854+02:00,2026-07-31T21:02:34.731462+02:00
76024.73146226152,76084.73146226152,SYN2-340-D:P0001,G:DOR:LYBE:SYN2-340-D:P0001,EVTOL_002,DOR,LYBE,departure_preparation,committed_flight,departure_preparation,departure_preparation@DOR,departure_finalization,1.0,0.0,0.0,2026-07-31T21:07:04.731462+02:00,2026-07-31T21:08:04.731462+02:00
76024.73146226152,76084.73146226152,SYN2-341-D:P0001,G:DOR:LYBE:SYN2-340-D:P0001,EVTOL_002,DOR,LYBE,departure_preparation,committed_flight,departure_preparation,departure_preparation@DOR,departure_finalization,1.0,0.0,0.0,2026-07-31T21:07:04.731462+02:00,2026-07-31T21:08:04.731462+02:00
76249.57152745148,76452.53167626153,SYN2-180-A:P0001,G:LYBE:BW:SYN2-180-A:P0001,EVTOL_002,LYBE,BW,before_boarding,selected_plan,aircraft_busy|group_formation,aircraft_busy@F000223|group_formation@LYBE,cruise,3.382669146834087,0.0,0.0,2026-07-31T21:10:49.571527+02:00,2026-07-31T21:14:12.531676+02:00
76452.53167626153,76512.53167626153,SYN2-180-A:P0001,G:LYBE:BW:SYN2-180-A:P0001,EVTOL_002,LYBE,BW,before_boarding,selected_plan,aircraft_busy|group_formation,aircraft_busy@F000223|group_formation@LYBE,landing,1.0,0.0,0.0,2026-07-31T21:14:12.531676+02:00,2026-07-31T21:15:12.531676+02:00
76483.95577200805,76512.53167626153,SYN2-121-A:P0001,G:LYBE:BW:SYN2-180-A:P0001,EVTOL_002,LYBE,BW,before_boarding,selected_plan,aircraft_busy|group_formation,aircraft_busy@F000223|group_formation@LYBE,landing,0.4762650708912891,0.0,0.0,2026-07-31T21:14:43.955772+02:00,2026-07-31T21:15:12.531676+02:00
76512.53167626153,76704.53167626153,SYN2-180-A:P0001,G:LYBE:BW:SYN2-180-A:P0001,EVTOL_002,LYBE,BW,before_boarding,selected_plan,aircraft_busy|group_formation,aircraft_busy@F000223|group_formation@LYBE,disembarking,3.2,0.0,0.0,2026-07-31T21:15:12.531676+02:00,2026-07-31T21:18:24.531676+02:00
76512.53167626153,76704.53167626153,SYN2-121-A:P0001,G:LYBE:BW:SYN2-180-A:P0001,EVTOL_002,LYBE,BW,before_boarding,selected_plan,aircraft_busy|group_formation,aircraft_busy@F000223|group_formation@LYBE,disembarking,3.2,0.0,0.0,2026-07-31T21:15:12.531676+02:00,2026-07-31T21:18:24.531676+02:00
76704.53167626153,77149.57152745148,SYN2-180-A:P0001,G:LYBE:BW:SYN2-180-A:P0001,EVTOL_002,LYBE,BW,before_boarding,selected_plan,group_formation,group_formation@LYBE,idle,7.417330853165913,0.0,0.0,2026-07-31T21:18:24.531676+02:00,2026-07-31T21:25:49.571527+02:00
76704.53167626153,77149.57152745148,SYN2-121-A:P0001,G:LYBE:BW:SYN2-180-A:P0001,EVTOL_002,LYBE,BW,before_boarding,selected_plan,group_formation,group_formation@LYBE,idle,7.417330853165913,0.0,0.0,2026-07-31T21:18:24.531676+02:00,2026-07-31T21:25:49.571527+02:00
77189.21813117022,77249.21813117022,SYN2-121-A:P0003,G:LYBE:BW:SYN2-121-A:P0003,EVTOL_001,LYBE,BW,before_boarding,selected_plan,departure_preparation|group_formation,departure_preparation@EXPO|group_formation@LYBE,departure_finalization,1.0,0.0,0.0,2026-07-31T21:26:29.218131+02:00,2026-07-31T21:27:29.218131+02:00
77249.21813117022,77289.21813117022,SYN2-121-A:P0003,G:LYBE:BW:SYN2-121-A:P0003,EVTOL_001,LYBE,BW,before_boarding,selected_plan,group_formation|repositioning_flight,group_formation@LYBE|repositioning_flight@LYBE,takeoff,0.6666666666666666,0.0,0.0,2026-07-31T21:27:29.218131+02:00,2026-07-31T21:28:09.218131+02:00
77289.21813117022,77389.98052917022,SYN2-121-A:P0003,G:LYBE:BW:SYN2-121-A:P0003,EVTOL_001,LYBE,BW,before_boarding,selected_plan,group_formation|repositioning_flight,group_formation@LYBE|repositioning_flight@LYBE,cruise,1.6793733000001037,0.0,0.0,2026-07-31T21:28:09.218131+02:00,2026-07-31T21:29:49.980529+02:00
77389.98052917022,77449.98052917022,SYN2-121-A:P0003,G:LYBE:BW:SYN2-121-A:P0003,EVTOL_001,LYBE,BW,before_boarding,selected_plan,group_formation|repositioning_flight,group_formation@LYBE|repositioning_flight@LYBE,landing,1.0,0.0,0.0,2026-07-31T21:29:49.980529+02:00,2026-07-31T21:30:49.980529+02:00
77419.57152745148,77479.57152745148,SYN2-180-A:P0001,G:LYBE:BW:SYN2-180-A:P0001,EVTOL_002,LYBE,BW,departure_preparation,committed_flight,departure_preparation,departure_preparation@LYBE,departure_finalization,1.0,0.0,0.0,2026-07-31T21:30:19.571527+02:00,2026-07-31T21:31:19.571527+02:00
77419.57152745148,77479.57152745148,SYN2-121-A:P0001,G:LYBE:BW:SYN2-180-A:P0001,EVTOL_002,LYBE,BW,departure_preparation,committed_flight,departure_preparation,departure_preparation@LYBE,departure_finalization,1.0,0.0,0.0,2026-07-31T21:30:19.571527+02:00,2026-07-31T21:31:19.571527+02:00
77425.55008378945,77485.55008378945,SYN2-121-A:P0002,G:LYBE:DOR:SYN2-121-A:P0002,EVTOL_004,LYBE,DOR,before_boarding,selected_plan,departure_preparation|group_formation,departure_preparation@BW|group_formation@LYBE,departure_finalization,1.0,0.0,0.0,2026-07-31T21:30:25.550084+02:00,2026-07-31T21:31:25.550084+02:00
77449.98052917022,78089.21813117022,SYN2-121-A:P0003,G:LYBE:BW:SYN2-121-A:P0003,EVTOL_001,LYBE,BW,before_boarding,selected_plan,group_formation,group_formation@LYBE,idle,10.65396003333323,0.0,0.0,2026-07-31T21:30:49.980529+02:00,2026-07-31T21:41:29.218131+02:00
77457.83026859499,78089.21813117022,SYN2-122-A:P0001,G:LYBE:BW:SYN2-121-A:P0003,EVTOL_001,LYBE,BW,before_boarding,selected_plan,group_formation,group_formation@LYBE,idle,10.523131042920431,0.0,0.0,2026-07-31T21:30:57.830269+02:00,2026-07-31T21:41:29.218131+02:00
77485.55008378945,77525.55008378945,SYN2-121-A:P0002,G:LYBE:DOR:SYN2-121-A:P0002,EVTOL_004,LYBE,DOR,before_boarding,selected_plan,group_formation|repositioning_flight,group_formation@LYBE|repositioning_flight@LYBE,takeoff,0.6666666666666666,0.0,0.0,2026-07-31T21:31:25.550084+02:00,2026-07-31T21:32:05.550084+02:00
77525.55008378945,77750.38590578944,SYN2-121-A:P0002,G:LYBE:DOR:SYN2-121-A:P0002,EVTOL_004,LYBE,DOR,before_boarding,selected_plan,group_formation|repositioning_flight,group_formation@LYBE|repositioning_flight@LYBE,cruise,3.747263699999894,0.0,0.0,2026-07-31T21:32:05.550084+02:00,2026-07-31T21:35:50.385906+02:00
77750.38590578944,77810.38590578944,SYN2-121-A:P0002,G:LYBE:DOR:SYN2-121-A:P0002,EVTOL_004,LYBE,DOR,before_boarding,selected_plan,group_formation|repositioning_flight,group_formation@LYBE|repositioning_flight@LYBE,landing,1.0,0.0,0.0,2026-07-31T21:35:50.385906+02:00,2026-07-31T21:36:50.385906+02:00
77810.38590578944,78325.55008378945,SYN2-121-A:P0002,G:LYBE:DOR:SYN2-121-A:P0002,EVTOL_004,LYBE,DOR,before_boarding,selected_plan,group_formation,group_formation@LYBE,idle,8.58606963333344,0.0,0.0,2026-07-31T21:36:50.385906+02:00,2026-07-31T21:45:25.550084+02:00
78359.21813117022,78419.21813117022,SYN2-121-A:P0003,G:LYBE:BW:SYN2-121-A:P0003,EVTOL_001,LYBE,BW,departure_preparation,committed_flight,departure_preparation,departure_preparation@LYBE,departure_finalization,1.0,0.0,0.0,2026-07-31T21:45:59.218131+02:00,2026-07-31T21:46:59.218131+02:00
78359.21813117022,78419.21813117022,SYN2-122-A:P0001,G:LYBE:BW:SYN2-121-A:P0003,EVTOL_001,LYBE,BW,departure_preparation,committed_flight,departure_preparation,departure_preparation@LYBE,departure_finalization,1.0,0.0,0.0,2026-07-31T21:45:59.218131+02:00,2026-07-31T21:46:59.218131+02:00
78520.55008378945,78580.55008378945,SYN2-121-A:P0002,G:LYBE:DOR:SYN2-121-A:P0002,EVTOL_004,LYBE,DOR,departure_preparation,committed_flight,departure_preparation,departure_preparation@LYBE,departure_finalization,1.0,0.0,0.0,2026-07-31T21:48:40.550084+02:00,2026-07-31T21:49:40.550084+02:00
81237.43878912872,81297.43878912872,SYN2-182-A:P0001,G:LYBE:BW:SYN2-182-A:P0001,EVTOL_001,LYBE,BW,before_boarding,selected_plan,departure_preparation|group_formation,departure_preparation@BW|group_formation@LYBE,departure_finalization,1.0,0.0,0.0,2026-07-31T22:33:57.438789+02:00,2026-07-31T22:34:57.438789+02:00
81297.43878912872,81337.43878912872,SYN2-182-A:P0001,G:LYBE:BW:SYN2-182-A:P0001,EVTOL_001,LYBE,BW,before_boarding,selected_plan,group_formation|repositioning_flight,group_formation@LYBE|repositioning_flight@LYBE,takeoff,0.6666666666666666,0.0,0.0,2026-07-31T22:34:57.438789+02:00,2026-07-31T22:35:37.438789+02:00
81337.43878912872,81562.27461112871,SYN2-182-A:P0001,G:LYBE:BW:SYN2-182-A:P0001,EVTOL_001,LYBE,BW,before_boarding,selected_plan,group_formation|repositioning_flight,group_formation@LYBE|repositioning_flight@LYBE,cruise,3.747263699999894,0.0,0.0,2026-07-31T22:35:37.438789+02:00,2026-07-31T22:39:22.274611+02:00
81339.92441574708,81399.92441574708,SYN2-125-A:P0001,G:LYBE:DOR:SYN2-125-A:P0001,EVTOL_002,LYBE,DOR,before_boarding,selected_plan,departure_preparation|group_formation,departure_preparation@BW|group_formation@LYBE,departure_finalization,1.0,0.0,0.0,2026-07-31T22:35:39.924416+02:00,2026-07-31T22:36:39.924416+02:00
81367.6608474296,81427.6608474296,SYN2-126-A:P0001,G:LYBE:LYBV:SYN2-126-A:P0001,EVTOL_004,LYBE,LYBV,before_boarding,selected_plan,departure_preparation|group_formation,departure_preparation@DOR|group_formation@LYBE,departure_finalization,1.0,0.0,0.0,2026-07-31T22:36:07.660847+02:00,2026-07-31T22:37:07.660847+02:00
81399.92441574708,81439.92441574708,SYN2-125-A:P0001,G:LYBE:DOR:SYN2-125-A:P0001,EVTOL_002,LYBE,DOR,before_boarding,selected_plan,group_formation|repositioning_flight,group_formation@LYBE|repositioning_flight@LYBE,takeoff,0.6666666666666666,0.0,0.0,2026-07-31T22:36:39.924416+02:00,2026-07-31T22:37:19.924416+02:00
81427.6608474296,81467.6608474296,SYN2-126-A:P0001,G:LYBE:LYBV:SYN2-126-A:P0001,EVTOL_004,LYBE,LYBV,before_boarding,selected_plan,group_formation|repositioning_flight,group_formation@LYBE|repositioning_flight@LYBE,takeoff,0.6666666666666666,0.0,0.0,2026-07-31T22:37:07.660847+02:00,2026-07-31T22:37:47.660847+02:00
81439.92441574708,81664.76023774708,SYN2-125-A:P0001,G:LYBE:DOR:SYN2-125-A:P0001,EVTOL_002,LYBE,DOR,before_boarding,selected_plan,group_formation|repositioning_flight,group_formation@LYBE|repositioning_flight@LYBE,cruise,3.747263699999894,0.0,0.0,2026-07-31T22:37:19.924416+02:00,2026-07-31T22:41:04.760238+02:00
81467.6608474296,81795.4610614296,SYN2-126-A:P0001,G:LYBE:LYBV:SYN2-126-A:P0001,EVTOL_004,LYBE,LYBV,before_boarding,selected_plan,group_formation|repositioning_flight,group_formation@LYBE|repositioning_flight@LYBE,cruise,5.463336900000043,0.0,0.0,2026-07-31T22:37:47.660847+02:00,2026-07-31T22:43:15.461061+02:00
81562.27461112871,81622.27461112871,SYN2-182-A:P0001,G:LYBE:BW:SYN2-182-A:P0001,EVTOL_001,LYBE,BW,before_boarding,selected_plan,group_formation|repositioning_flight,group_formation@LYBE|repositioning_flight@LYBE,landing,1.0,0.0,0.0,2026-07-31T22:39:22.274611+02:00,2026-07-31T22:40:22.274611+02:00
81622.27461112871,82137.43878912872,SYN2-182-A:P0001,G:LYBE:BW:SYN2-182-A:P0001,EVTOL_001,LYBE,BW,before_boarding,selected_plan,group_formation,group_formation@LYBE,idle,8.58606963333344,0.0,0.0,2026-07-31T22:40:22.274611+02:00,2026-07-31T22:48:57.438789+02:00
81664.76023774708,81724.76023774708,SYN2-125-A:P0001,G:LYBE:DOR:SYN2-125-A:P0001,EVTOL_002,LYBE,DOR,before_boarding,selected_plan,group_formation|repositioning_flight,group_formation@LYBE|repositioning_flight@LYBE,landing,1.0,0.0,0.0,2026-07-31T22:41:04.760238+02:00,2026-07-31T22:42:04.760238+02:00
81724.76023774708,82239.92441574708,SYN2-125-A:P0001,G:LYBE:DOR:SYN2-125-A:P0001,EVTOL_002,LYBE,DOR,before_boarding,selected_plan,group_formation,group_formation@LYBE,idle,8.58606963333344,0.0,0.0,2026-07-31T22:42:04.760238+02:00,2026-07-31T22:50:39.924416+02:00
81741.43533944854,82239.92441574708,SYN2-127-A:P0001,G:LYBE:DOR:SYN2-125-A:P0001,EVTOL_002,LYBE,DOR,before_boarding,selected_plan,group_formation,group_formation@LYBE,idle,8.30815127164242,0.0,0.0,2026-07-31T22:42:21.435339+02:00,2026-07-31T22:50:39.924416+02:00
81795.4610614296,81855.4610614296,SYN2-126-A:P0001,G:LYBE:LYBV:SYN2-126-A:P0001,EVTOL_004,LYBE,LYBV,before_boarding,selected_plan,group_formation|repositioning_flight,group_formation@LYBE|repositioning_flight@LYBE,landing,1.0,0.0,0.0,2026-07-31T22:43:15.461061+02:00,2026-07-31T22:44:15.461061+02:00
81855.4610614296,82267.6608474296,SYN2-126-A:P0001,G:LYBE:LYBV:SYN2-126-A:P0001,EVTOL_004,LYBE,LYBV,before_boarding,selected_plan,group_formation,group_formation@LYBE,idle,6.86999643333329,0.0,0.0,2026-07-31T22:44:15.461061+02:00,2026-07-31T22:51:07.660847+02:00
82330.3208607202,82332.43878912872,SYN2-130-A:P0001,G:LYBE:DOR:SYN2-130-A:P0001,EVTOL_001,LYBE,DOR,before_boarding,selected_plan,aircraft_busy|group_formation,aircraft_busy@F000232|group_formation@LYBE,boarding,0.03529880680871429,0.0,0.0,2026-07-31T22:52:10.320861+02:00,2026-07-31T22:52:12.438789+02:00
82332.43878912872,82392.43878912872,SYN2-130-A:P0001,G:LYBE:DOR:SYN2-130-A:P0001,EVTOL_001,LYBE,DOR,before_boarding,selected_plan,aircraft_busy|group_formation,aircraft_busy@F000232|group_formation@LYBE,departure_finalization,1.0,0.0,0.0,2026-07-31T22:52:12.438789+02:00,2026-07-31T22:53:12.438789+02:00
82332.43878912872,82392.43878912872,SYN2-182-A:P0001,G:LYBE:BW:SYN2-182-A:P0001,EVTOL_001,LYBE,BW,departure_preparation,committed_flight,departure_preparation,departure_preparation@LYBE,departure_finalization,1.0,0.0,0.0,2026-07-31T22:52:12.438789+02:00,2026-07-31T22:53:12.438789+02:00
82334.40869179284,82392.43878912872,SYN2-184-A:P0001,G:LYBE:DOR:SYN2-130-A:P0001,EVTOL_001,LYBE,DOR,before_boarding,selected_plan,aircraft_busy|group_formation,aircraft_busy@F000232|group_formation@LYBE,departure_finalization,0.9671682889313767,0.0,0.0,2026-07-31T22:52:14.408692+02:00,2026-07-31T22:53:12.438789+02:00
82342.44907025978,82402.44907025978,SYN2-132-A:P0001,G:LYBE:JUG:SYN2-132-A:P0001,EVTOL_003,LYBE,JUG,before_boarding,selected_plan,departure_preparation|group_formation,departure_preparation@LYBV|group_formation@LYBE,departure_finalization,1.0,0.0,0.0,2026-07-31T22:52:22.449070+02:00,2026-07-31T22:53:22.449070+02:00
82392.43878912872,82432.43878912872,SYN2-130-A:P0001,G:LYBE:DOR:SYN2-130-A:P0001,EVTOL_001,LYBE,DOR,before_boarding,selected_plan,aircraft_busy|group_formation,aircraft_busy@F000232|group_formation@LYBE,takeoff,0.6666666666666666,0.0,0.0,2026-07-31T22:53:12.438789+02:00,2026-07-31T22:53:52.438789+02:00
82392.43878912872,82432.43878912872,SYN2-184-A:P0001,G:LYBE:DOR:SYN2-130-A:P0001,EVTOL_001,LYBE,DOR,before_boarding,selected_plan,aircraft_busy|group_formation,aircraft_busy@F000232|group_formation@LYBE,takeoff,0.6666666666666666,0.0,0.0,2026-07-31T22:53:12.438789+02:00,2026-07-31T22:53:52.438789+02:00
82402.44907025978,82442.44907025978,SYN2-132-A:P0001,G:LYBE:JUG:SYN2-132-A:P0001,EVTOL_003,LYBE,JUG,before_boarding,selected_plan,group_formation|repositioning_flight,group_formation@LYBE|repositioning_flight@LYBE,takeoff,0.6666666666666666,0.0,0.0,2026-07-31T22:53:22.449070+02:00,2026-07-31T22:54:02.449070+02:00
82432.43878912872,82657.27461112871,SYN2-130-A:P0001,G:LYBE:DOR:SYN2-130-A:P0001,EVTOL_001,LYBE,DOR,before_boarding,selected_plan,aircraft_busy|group_formation,aircraft_busy@F000232|group_formation@LYBE,cruise,3.747263699999894,0.0,0.0,2026-07-31T22:53:52.438789+02:00,2026-07-31T22:57:37.274611+02:00
82432.43878912872,82657.27461112871,SYN2-184-A:P0001,G:LYBE:DOR:SYN2-130-A:P0001,EVTOL_001,LYBE,DOR,before_boarding,selected_plan,aircraft_busy|group_formation,aircraft_busy@F000232|group_formation@LYBE,cruise,3.747263699999894,0.0,0.0,2026-07-31T22:53:52.438789+02:00,2026-07-31T22:57:37.274611+02:00
82442.44907025978,82778.89725825978,SYN2-132-A:P0001,G:LYBE:JUG:SYN2-132-A:P0001,EVTOL_003,LYBE,JUG,before_boarding,selected_plan,group_formation|repositioning_flight,group_formation@LYBE|repositioning_flight@LYBE,cruise,5.607469799999914,0.0,0.0,2026-07-31T22:54:02.449070+02:00,2026-07-31T22:59:38.897258+02:00
82462.6608474296,82522.6608474296,SYN2-126-A:P0001,G:LYBE:LYBV:SYN2-126-A:P0001,EVTOL_004,LYBE,LYBV,departure_preparation,committed_flight,departure_preparation,departure_preparation@LYBE,departure_finalization,1.0,0.0,0.0,2026-07-31T22:54:22.660847+02:00,2026-07-31T22:55:22.660847+02:00
82504.04738233962,82657.27461112871,SYN2-134-A:P0001,G:LYBE:DOR:SYN2-130-A:P0001,EVTOL_001,LYBE,DOR,before_boarding,selected_plan,aircraft_busy|group_formation,aircraft_busy@F000232|group_formation@LYBE,cruise,2.5537871464849258,0.0,0.0,2026-07-31T22:55:04.047382+02:00,2026-07-31T22:57:37.274611+02:00
82509.92441574708,82569.92441574708,SYN2-125-A:P0001,G:LYBE:DOR:SYN2-125-A:P0001,EVTOL_002,LYBE,DOR,departure_preparation,committed_flight,departure_preparation,departure_preparation@LYBE,departure_finalization,1.0,0.0,0.0,2026-07-31T22:55:09.924416+02:00,2026-07-31T22:56:09.924416+02:00
82509.92441574708,82569.92441574708,SYN2-127-A:P0001,G:LYBE:DOR:SYN2-125-A:P0001,EVTOL_002,LYBE,DOR,departure_preparation,committed_flight,departure_preparation,departure_preparation@LYBE,departure_finalization,1.0,0.0,0.0,2026-07-31T22:55:09.924416+02:00,2026-07-31T22:56:09.924416+02:00
82657.27461112871,82717.27461112871,SYN2-130-A:P0001,G:LYBE:DOR:SYN2-130-A:P0001,EVTOL_001,LYBE,DOR,before_boarding,selected_plan,aircraft_busy|group_formation,aircraft_busy@F000232|group_formation@LYBE,landing,1.0,0.0,0.0,2026-07-31T22:57:37.274611+02:00,2026-07-31T22:58:37.274611+02:00
82657.27461112871,82717.27461112871,SYN2-184-A:P0001,G:LYBE:DOR:SYN2-130-A:P0001,EVTOL_001,LYBE,DOR,before_boarding,selected_plan,aircraft_busy|group_formation,aircraft_busy@F000232|group_formation@LYBE,landing,1.0,0.0,0.0,2026-07-31T22:57:37.274611+02:00,2026-07-31T22:58:37.274611+02:00
82657.27461112871,82717.27461112871,SYN2-134-A:P0001,G:LYBE:DOR:SYN2-130-A:P0001,EVTOL_001,LYBE,DOR,before_boarding,selected_plan,aircraft_busy|group_formation,aircraft_busy@F000232|group_formation@LYBE,landing,1.0,0.0,0.0,2026-07-31T22:57:37.274611+02:00,2026-07-31T22:58:37.274611+02:00
82717.27461112871,82843.27461112871,SYN2-130-A:P0001,G:LYBE:DOR:SYN2-130-A:P0001,EVTOL_001,LYBE,DOR,before_boarding,selected_plan,aircraft_busy|group_formation,aircraft_busy@F000232|group_formation@LYBE,disembarking,2.1,0.0,0.0,2026-07-31T22:58:37.274611+02:00,2026-07-31T23:00:43.274611+02:00
82717.27461112871,82843.27461112871,SYN2-184-A:P0001,G:LYBE:DOR:SYN2-130-A:P0001,EVTOL_001,LYBE,DOR,before_boarding,selected_plan,aircraft_busy|group_formation,aircraft_busy@F000232|group_formation@LYBE,disembarking,2.1,0.0,0.0,2026-07-31T22:58:37.274611+02:00,2026-07-31T23:00:43.274611+02:00
82717.27461112871,82843.27461112871,SYN2-134-A:P0001,G:LYBE:DOR:SYN2-130-A:P0001,EVTOL_001,LYBE,DOR,before_boarding,selected_plan,aircraft_busy|group_formation,aircraft_busy@F000232|group_formation@LYBE,disembarking,2.1,0.0,0.0,2026-07-31T22:58:37.274611+02:00,2026-07-31T23:00:43.274611+02:00
82778.89725825978,82838.89725825978,SYN2-132-A:P0001,G:LYBE:JUG:SYN2-132-A:P0001,EVTOL_003,LYBE,JUG,before_boarding,selected_plan,group_formation|repositioning_flight,group_formation@LYBE|repositioning_flight@LYBE,landing,1.0,0.0,0.0,2026-07-31T22:59:38.897258+02:00,2026-07-31T23:00:38.897258+02:00
82827.47458733906,82937.72462974708,SYN2-135-A:P0001,G:LYBE:BW:SYN2-135-A:P0001,EVTOL_002,LYBE,BW,before_boarding,selected_plan,aircraft_busy|group_formation,aircraft_busy@F000233|group_formation@LYBE,cruise,1.837500706800347,0.0,0.0,2026-07-31T23:00:27.474587+02:00,2026-07-31T23:02:17.724630+02:00
82838.89725825978,83242.44907025978,SYN2-132-A:P0001,G:LYBE:JUG:SYN2-132-A:P0001,EVTOL_003,LYBE,JUG,before_boarding,selected_plan,group_formation,group_formation@LYBE,idle,6.72586353333342,0.0,0.0,2026-07-31T23:00:38.897258+02:00,2026-07-31T23:07:22.449070+02:00
82843.27461112871,82903.27461112871,SYN2-130-A:P0001,G:LYBE:DOR:SYN2-130-A:P0001,EVTOL_001,LYBE,DOR,before_boarding,selected_plan,departure_preparation|group_formation,departure_preparation@BW|group_formation@LYBE,departure_finalization,1.0,0.0,0.0,2026-07-31T23:00:43.274611+02:00,2026-07-31T23:01:43.274611+02:00
82843.27461112871,82903.27461112871,SYN2-184-A:P0001,G:LYBE:DOR:SYN2-130-A:P0001,EVTOL_001,LYBE,DOR,before_boarding,selected_plan,departure_preparation|group_formation,departure_preparation@BW|group_formation@LYBE,departure_finalization,1.0,0.0,0.0,2026-07-31T23:00:43.274611+02:00,2026-07-31T23:01:43.274611+02:00
82843.27461112871,82903.27461112871,SYN2-134-A:P0001,G:LYBE:DOR:SYN2-130-A:P0001,EVTOL_001,LYBE,DOR,before_boarding,selected_plan,departure_preparation|group_formation,departure_preparation@BW|group_formation@LYBE,departure_finalization,1.0,0.0,0.0,2026-07-31T23:00:43.274611+02:00,2026-07-31T23:01:43.274611+02:00
82903.27461112871,82943.27461112871,SYN2-130-A:P0001,G:LYBE:DOR:SYN2-130-A:P0001,EVTOL_001,LYBE,DOR,before_boarding,selected_plan,group_formation|repositioning_flight,group_formation@LYBE|repositioning_flight@LYBE,takeoff,0.6666666666666666,0.0,0.0,2026-07-31T23:01:43.274611+02:00,2026-07-31T23:02:23.274611+02:00
82903.27461112871,82943.27461112871,SYN2-184-A:P0001,G:LYBE:DOR:SYN2-130-A:P0001,EVTOL_001,LYBE,DOR,before_boarding,selected_plan,group_formation|repositioning_flight,group_formation@LYBE|repositioning_flight@LYBE,takeoff,0.6666666666666666,0.0,0.0,2026-07-31T23:01:43.274611+02:00,2026-07-31T23:02:23.274611+02:00
82903.27461112871,82943.27461112871,SYN2-134-A:P0001,G:LYBE:DOR:SYN2-130-A:P0001,EVTOL_001,LYBE,DOR,before_boarding,selected_plan,group_formation|repositioning_flight,group_formation@LYBE|repositioning_flight@LYBE,takeoff,0.6666666666666666,0.0,0.0,2026-07-31T23:01:43.274611+02:00,2026-07-31T23:02:23.274611+02:00
82937.72462974708,82997.72462974708,SYN2-135-A:P0001,G:LYBE:BW:SYN2-135-A:P0001,EVTOL_002,LYBE,BW,before_boarding,selected_plan,aircraft_busy|group_formation,aircraft_busy@F000233|group_formation@LYBE,landing,1.0,0.0,0.0,2026-07-31T23:02:17.724630+02:00,2026-07-31T23:03:17.724630+02:00
82943.27461112871,83168.1104331287,SYN2-130-A:P0001,G:LYBE:DOR:SYN2-130-A:P0001,EVTOL_001,LYBE,DOR,before_boarding,selected_plan,group_formation|repositioning_flight,group_formation@LYBE|repositioning_flight@LYBE,cruise,3.747263699999894,0.0,0.0,2026-07-31T23:02:23.274611+02:00,2026-07-31T23:06:08.110433+02:00
82943.27461112871,83168.1104331287,SYN2-184-A:P0001,G:LYBE:DOR:SYN2-130-A:P0001,EVTOL_001,LYBE,DOR,before_boarding,selected_plan,group_formation|repositioning_flight,group_formation@LYBE|repositioning_flight@LYBE,cruise,3.747263699999894,0.0,0.0,2026-07-31T23:02:23.274611+02:00,2026-07-31T23:06:08.110433+02:00
82943.27461112871,83168.1104331287,SYN2-134-A:P0001,G:LYBE:DOR:SYN2-130-A:P0001,EVTOL_001,LYBE,DOR,before_boarding,selected_plan,group_formation|repositioning_flight,group_formation@LYBE|repositioning_flight@LYBE,cruise,3.747263699999894,0.0,0.0,2026-07-31T23:02:23.274611+02:00,2026-07-31T23:06:08.110433+02:00
82997.72462974708,83189.72462974708,SYN2-135-A:P0001,G:LYBE:BW:SYN2-135-A:P0001,EVTOL_002,LYBE,BW,before_boarding,selected_plan,aircraft_busy|group_formation,aircraft_busy@F000233|group_formation@LYBE,disembarking,3.2,0.0,0.0,2026-07-31T23:03:17.724630+02:00,2026-07-31T23:06:29.724630+02:00
83168.1104331287,83228.1104331287,SYN2-130-A:P0001,G:LYBE:DOR:SYN2-130-A:P0001,EVTOL_001,LYBE,DOR,before_boarding,selected_plan,group_formation|repositioning_flight,group_formation@LYBE|repositioning_flight@LYBE,landing,1.0,0.0,0.0,2026-07-31T23:06:08.110433+02:00,2026-07-31T23:07:08.110433+02:00
83168.1104331287,83228.1104331287,SYN2-184-A:P0001,G:LYBE:DOR:SYN2-130-A:P0001,EVTOL_001,LYBE,DOR,before_boarding,selected_plan,group_formation|repositioning_flight,group_formation@LYBE|repositioning_flight@LYBE,landing,1.0,0.0,0.0,2026-07-31T23:06:08.110433+02:00,2026-07-31T23:07:08.110433+02:00
83168.1104331287,83228.1104331287,SYN2-134-A:P0001,G:LYBE:DOR:SYN2-130-A:P0001,EVTOL_001,LYBE,DOR,before_boarding,selected_plan,group_formation|repositioning_flight,group_formation@LYBE|repositioning_flight@LYBE,landing,1.0,0.0,0.0,2026-07-31T23:06:08.110433+02:00,2026-07-31T23:07:08.110433+02:00
83189.72462974708,83249.72462974708,SYN2-135-A:P0001,G:LYBE:BW:SYN2-135-A:P0001,EVTOL_002,LYBE,BW,before_boarding,selected_plan,departure_preparation|group_formation,departure_preparation@DOR|group_formation@LYBE,departure_finalization,1.0,0.0,0.0,2026-07-31T23:06:29.724630+02:00,2026-07-31T23:07:29.724630+02:00
83228.1104331287,83230.3208607202,SYN2-130-A:P0001,G:LYBE:DOR:SYN2-130-A:P0001,EVTOL_001,LYBE,DOR,before_boarding,selected_plan,group_formation,group_formation@LYBE,idle,0.036840459858164344,0.0,0.0,2026-07-31T23:07:08.110433+02:00,2026-07-31T23:07:10.320861+02:00
83228.1104331287,83230.3208607202,SYN2-184-A:P0001,G:LYBE:DOR:SYN2-130-A:P0001,EVTOL_001,LYBE,DOR,before_boarding,selected_plan,group_formation,group_formation@LYBE,idle,0.036840459858164344,0.0,0.0,2026-07-31T23:07:08.110433+02:00,2026-07-31T23:07:10.320861+02:00
83228.1104331287,83230.3208607202,SYN2-134-A:P0001,G:LYBE:DOR:SYN2-130-A:P0001,EVTOL_001,LYBE,DOR,before_boarding,selected_plan,group_formation,group_formation@LYBE,idle,0.036840459858164344,0.0,0.0,2026-07-31T23:07:08.110433+02:00,2026-07-31T23:07:10.320861+02:00
83249.72462974708,83289.72462974708,SYN2-135-A:P0001,G:LYBE:BW:SYN2-135-A:P0001,EVTOL_002,LYBE,BW,before_boarding,selected_plan,group_formation|repositioning_flight,group_formation@LYBE|repositioning_flight@LYBE,takeoff,0.6666666666666666,0.0,0.0,2026-07-31T23:07:29.724630+02:00,2026-07-31T23:08:09.724630+02:00
83289.72462974708,83617.52484374709,SYN2-135-A:P0001,G:LYBE:BW:SYN2-135-A:P0001,EVTOL_002,LYBE,BW,before_boarding,selected_plan,group_formation|repositioning_flight,group_formation@LYBE|repositioning_flight@LYBE,cruise,5.463336900000043,0.0,0.0,2026-07-31T23:08:09.724630+02:00,2026-07-31T23:13:37.524844+02:00
83437.44907025978,83497.44907025978,SYN2-132-A:P0001,G:LYBE:JUG:SYN2-132-A:P0001,EVTOL_003,LYBE,JUG,departure_preparation,committed_flight,departure_preparation,departure_preparation@LYBE,departure_finalization,1.0,0.0,0.0,2026-07-31T23:10:37.449070+02:00,2026-07-31T23:11:37.449070+02:00
83575.3208607202,83617.52484374709,SYN2-130-A:P0001,G:LYBE:DOR:SYN2-130-A:P0001,EVTOL_001,LYBE,DOR,after_boarding,committed_flight,origin_tlof,origin_tlof@LYBE,waiting_for_departure,0.703399717114856,0.0,0.703399717114856,2026-07-31T23:12:55.320861+02:00,2026-07-31T23:13:37.524844+02:00
83575.3208607202,83617.52484374709,SYN2-184-A:P0001,G:LYBE:DOR:SYN2-130-A:P0001,EVTOL_001,LYBE,DOR,after_boarding,committed_flight,origin_tlof,origin_tlof@LYBE,waiting_for_departure,0.703399717114856,0.0,0.703399717114856,2026-07-31T23:12:55.320861+02:00,2026-07-31T23:13:37.524844+02:00
83575.3208607202,83617.52484374709,SYN2-134-A:P0001,G:LYBE:DOR:SYN2-130-A:P0001,EVTOL_001,LYBE,DOR,after_boarding,committed_flight,origin_tlof,origin_tlof@LYBE,waiting_for_departure,0.703399717114856,0.0,0.703399717114856,2026-07-31T23:12:55.320861+02:00,2026-07-31T23:13:37.524844+02:00
83617.52484374709,83677.52484374709,SYN2-135-A:P0001,G:LYBE:BW:SYN2-135-A:P0001,EVTOL_002,LYBE,BW,before_boarding,selected_plan,group_formation|repositioning_flight,group_formation@LYBE|repositioning_flight@LYBE,landing,1.0,0.0,0.0,2026-07-31T23:13:37.524844+02:00,2026-07-31T23:14:37.524844+02:00
83617.52484374709,83677.52484374709,SYN2-130-A:P0001,G:LYBE:DOR:SYN2-130-A:P0001,EVTOL_001,LYBE,DOR,departure_preparation,committed_flight,departure_preparation,departure_preparation@LYBE,departure_finalization,1.0,0.0,0.0,2026-07-31T23:13:37.524844+02:00,2026-07-31T23:14:37.524844+02:00
83617.52484374709,83677.52484374709,SYN2-184-A:P0001,G:LYBE:DOR:SYN2-130-A:P0001,EVTOL_001,LYBE,DOR,departure_preparation,committed_flight,departure_preparation,departure_preparation@LYBE,departure_finalization,1.0,0.0,0.0,2026-07-31T23:13:37.524844+02:00,2026-07-31T23:14:37.524844+02:00
83617.52484374709,83677.52484374709,SYN2-134-A:P0001,G:LYBE:DOR:SYN2-130-A:P0001,EVTOL_001,LYBE,DOR,departure_preparation,committed_flight,departure_preparation,departure_preparation@LYBE,departure_finalization,1.0,0.0,0.0,2026-07-31T23:13:37.524844+02:00,2026-07-31T23:14:37.524844+02:00
83677.52484374709,83727.47458733906,SYN2-135-A:P0001,G:LYBE:BW:SYN2-135-A:P0001,EVTOL_002,LYBE,BW,before_boarding,selected_plan,group_formation,group_formation@LYBE,idle,0.8324957265329431,0.0,0.0,2026-07-31T23:14:37.524844+02:00,2026-07-31T23:15:27.474587+02:00
83922.47458733906,83982.47458733906,SYN2-135-A:P0001,G:LYBE:BW:SYN2-135-A:P0001,EVTOL_002,LYBE,BW,departure_preparation,committed_flight,departure_preparation,departure_preparation@LYBE,departure_finalization,1.0,0.0,0.0,2026-07-31T23:18:42.474587+02:00,2026-07-31T23:19:42.474587+02:00
84139.30049713698,84199.30049713698,SYN2-139-A:P0001,G:LYBE:BW:SYN2-139-A:P0001,EVTOL_003,LYBE,BW,before_boarding,selected_plan,departure_preparation|group_formation,departure_preparation@JUG|group_formation@LYBE,departure_finalization,1.0,0.0,0.0,2026-07-31T23:22:19.300497+02:00,2026-07-31T23:23:19.300497+02:00
84166.63690835034,84199.30049713698,SYN2-142-A:P0002,G:LYBE:BW:SYN2-139-A:P0001,EVTOL_003,LYBE,BW,before_boarding,selected_plan,departure_preparation|group_formation,departure_preparation@JUG|group_formation@LYBE,departure_finalization,0.5443931464440539,0.0,0.0,2026-07-31T23:22:46.636908+02:00,2026-07-31T23:23:19.300497+02:00
84199.30049713698,84239.30049713698,SYN2-139-A:P0001,G:LYBE:BW:SYN2-139-A:P0001,EVTOL_003,LYBE,BW,before_boarding,selected_plan,group_formation|repositioning_flight,group_formation@LYBE|repositioning_flight@LYBE,takeoff,0.6666666666666666,0.0,0.0,2026-07-31T23:23:19.300497+02:00,2026-07-31T23:23:59.300497+02:00
84199.30049713698,84239.30049713698,SYN2-142-A:P0002,G:LYBE:BW:SYN2-139-A:P0001,EVTOL_003,LYBE,BW,before_boarding,selected_plan,group_formation|repositioning_flight,group_formation@LYBE|repositioning_flight@LYBE,takeoff,0.6666666666666666,0.0,0.0,2026-07-31T23:23:19.300497+02:00,2026-07-31T23:23:59.300497+02:00
84239.30049713698,84557.10280913698,SYN2-139-A:P0001,G:LYBE:BW:SYN2-139-A:P0001,EVTOL_003,LYBE,BW,before_boarding,selected_plan,group_formation|repositioning_flight,group_formation@LYBE|repositioning_flight@LYBE,cruise,5.296705199999996,0.0,0.0,2026-07-31T23:23:59.300497+02:00,2026-07-31T23:29:17.102809+02:00
84239.30049713698,84557.10280913698,SYN2-142-A:P0002,G:LYBE:BW:SYN2-139-A:P0001,EVTOL_003,LYBE,BW,before_boarding,selected_plan,group_formation|repositioning_flight,group_formation@LYBE|repositioning_flight@LYBE,cruise,5.296705199999996,0.0,0.0,2026-07-31T23:23:59.300497+02:00,2026-07-31T23:29:17.102809+02:00
84313.62056683555,84433.31040933906,SYN2-137-A:P0001,G:LYBE:JUG:SYN2-137-A:P0001,EVTOL_002,LYBE,JUG,before_boarding,selected_plan,aircraft_busy|group_formation,aircraft_busy@F000240|group_formation@LYBE,disembarking,1.9948307083917218,0.0,0.0,2026-07-31T23:25:13.620567+02:00,2026-07-31T23:27:13.310409+02:00
84433.31040933906,84772.89290440384,SYN2-137-A:P0001,G:LYBE:JUG:SYN2-137-A:P0001,EVTOL_002,LYBE,JUG,before_boarding,selected_plan,battery_before_repositioning|group_formation,battery_before_repositioning@BW|group_formation@LYBE,idle,5.65970825107967,0.0,0.0,2026-07-31T23:27:13.310409+02:00,2026-07-31T23:32:52.892904+02:00
84557.10280913698,84617.10280913698,SYN2-139-A:P0001,G:LYBE:BW:SYN2-139-A:P0001,EVTOL_003,LYBE,BW,before_boarding,selected_plan,group_formation|repositioning_flight,group_formation@LYBE|repositioning_flight@LYBE,landing,1.0,0.0,0.0,2026-07-31T23:29:17.102809+02:00,2026-07-31T23:30:17.102809+02:00
84557.10280913698,84617.10280913698,SYN2-142-A:P0002,G:LYBE:BW:SYN2-139-A:P0001,EVTOL_003,LYBE,BW,before_boarding,selected_plan,group_formation|repositioning_flight,group_formation@LYBE|repositioning_flight@LYBE,landing,1.0,0.0,0.0,2026-07-31T23:29:17.102809+02:00,2026-07-31T23:30:17.102809+02:00
84617.10280913698,85039.30049713698,SYN2-139-A:P0001,G:LYBE:BW:SYN2-139-A:P0001,EVTOL_003,LYBE,BW,before_boarding,selected_plan,group_formation,group_formation@LYBE,idle,7.036628133333337,0.0,0.0,2026-07-31T23:30:17.102809+02:00,2026-07-31T23:37:19.300497+02:00
84617.10280913698,85039.30049713698,SYN2-142-A:P0002,G:LYBE:BW:SYN2-139-A:P0001,EVTOL_003,LYBE,BW,before_boarding,selected_plan,group_formation,group_formation@LYBE,idle,7.036628133333337,0.0,0.0,2026-07-31T23:30:17.102809+02:00,2026-07-31T23:37:19.300497+02:00
84772.89290440384,84832.89290440384,SYN2-137-A:P0001,G:LYBE:JUG:SYN2-137-A:P0001,EVTOL_002,LYBE,JUG,before_boarding,selected_plan,departure_preparation|group_formation,departure_preparation@BW|group_formation@LYBE,departure_finalization,1.0,0.0,0.0,2026-07-31T23:32:52.892904+02:00,2026-07-31T23:33:52.892904+02:00
84783.65276820802,84832.89290440384,SYN2-145-A:P0001,G:LYBE:JUG:SYN2-137-A:P0001,EVTOL_002,LYBE,JUG,before_boarding,selected_plan,departure_preparation|group_formation,departure_preparation@BW|group_formation@LYBE,departure_finalization,0.8206689365969699,0.0,0.0,2026-07-31T23:33:03.652768+02:00,2026-07-31T23:33:52.892904+02:00
84832.89290440384,84872.89290440384,SYN2-137-A:P0001,G:LYBE:JUG:SYN2-137-A:P0001,EVTOL_002,LYBE,JUG,before_boarding,selected_plan,group_formation|repositioning_flight,group_formation@LYBE|repositioning_flight@LYBE,takeoff,0.6666666666666666,0.0,0.0,2026-07-31T23:33:52.892904+02:00,2026-07-31T23:34:32.892904+02:00
84832.89290440384,84872.89290440384,SYN2-145-A:P0001,G:LYBE:JUG:SYN2-137-A:P0001,EVTOL_002,LYBE,JUG,before_boarding,selected_plan,group_formation|repositioning_flight,group_formation@LYBE|repositioning_flight@LYBE,takeoff,0.6666666666666666,0.0,0.0,2026-07-31T23:33:52.892904+02:00,2026-07-31T23:34:32.892904+02:00
84872.89290440384,85097.72872640383,SYN2-137-A:P0001,G:LYBE:JUG:SYN2-137-A:P0001,EVTOL_002,LYBE,JUG,before_boarding,selected_plan,group_formation|repositioning_flight,group_formation@LYBE|repositioning_flight@LYBE,cruise,3.747263699999894,0.0,0.0,2026-07-31T23:34:32.892904+02:00,2026-07-31T23:38:17.728726+02:00
84872.89290440384,85097.72872640383,SYN2-145-A:P0001,G:LYBE:JUG:SYN2-137-A:P0001,EVTOL_002,LYBE,JUG,before_boarding,selected_plan,group_formation|repositioning_flight,group_formation@LYBE|repositioning_flight@LYBE,cruise,3.747263699999894,0.0,0.0,2026-07-31T23:34:32.892904+02:00,2026-07-31T23:38:17.728726+02:00
85097.72872640383,85157.72872640383,SYN2-137-A:P0001,G:LYBE:JUG:SYN2-137-A:P0001,EVTOL_002,LYBE,JUG,before_boarding,selected_plan,group_formation|repositioning_flight,group_formation@LYBE|repositioning_flight@LYBE,landing,1.0,0.0,0.0,2026-07-31T23:38:17.728726+02:00,2026-07-31T23:39:17.728726+02:00
85097.72872640383,85157.72872640383,SYN2-145-A:P0001,G:LYBE:JUG:SYN2-137-A:P0001,EVTOL_002,LYBE,JUG,before_boarding,selected_plan,group_formation|repositioning_flight,group_formation@LYBE|repositioning_flight@LYBE,landing,1.0,0.0,0.0,2026-07-31T23:38:17.728726+02:00,2026-07-31T23:39:17.728726+02:00
85110.65327470153,85170.65327470153,SYN2-142-A:P0001,G:LYBE:LYBV:SYN2-142-A:P0001,EVTOL_001,LYBE,LYBV,before_boarding,selected_plan,departure_preparation|group_formation,departure_preparation@DOR|group_formation@LYBE,departure_finalization,1.0,0.0,0.0,2026-07-31T23:38:30.653275+02:00,2026-07-31T23:39:30.653275+02:00
85157.72872640383,85213.62056683555,SYN2-137-A:P0001,G:LYBE:JUG:SYN2-137-A:P0001,EVTOL_002,LYBE,JUG,before_boarding,selected_plan,group_formation,group_formation@LYBE,idle,0.9315306738620469,0.0,0.0,2026-07-31T23:39:17.728726+02:00,2026-07-31T23:40:13.620567+02:00
85157.72872640383,85213.62056683555,SYN2-145-A:P0001,G:LYBE:JUG:SYN2-137-A:P0001,EVTOL_002,LYBE,JUG,before_boarding,selected_plan,group_formation,group_formation@LYBE,idle,0.9315306738620469,0.0,0.0,2026-07-31T23:39:17.728726+02:00,2026-07-31T23:40:13.620567+02:00
85170.65327470153,85210.65327470153,SYN2-142-A:P0001,G:LYBE:LYBV:SYN2-142-A:P0001,EVTOL_001,LYBE,LYBV,before_boarding,selected_plan,group_formation|repositioning_flight,group_formation@LYBE|repositioning_flight@LYBE,takeoff,0.6666666666666666,0.0,0.0,2026-07-31T23:39:30.653275+02:00,2026-07-31T23:40:10.653275+02:00
85210.65327470153,85538.45348870153,SYN2-142-A:P0001,G:LYBE:LYBV:SYN2-142-A:P0001,EVTOL_001,LYBE,LYBV,before_boarding,selected_plan,group_formation|repositioning_flight,group_formation@LYBE|repositioning_flight@LYBE,cruise,5.463336900000043,0.0,0.0,2026-07-31T23:40:10.653275+02:00,2026-07-31T23:45:38.453489+02:00
85282.6868122836,85538.45348870153,SYN2-188-A:P0002,G:LYBE:LYBV:SYN2-142-A:P0001,EVTOL_001,LYBE,LYBV,before_boarding,selected_plan,group_formation|repositioning_flight,group_formation@LYBE|repositioning_flight@LYBE,cruise,4.262777940298838,0.0,0.0,2026-07-31T23:41:22.686812+02:00,2026-07-31T23:45:38.453489+02:00
85309.30049713698,85369.30049713698,SYN2-139-A:P0001,G:LYBE:BW:SYN2-139-A:P0001,EVTOL_003,LYBE,BW,departure_preparation,committed_flight,departure_preparation,departure_preparation@LYBE,departure_finalization,1.0,0.0,0.0,2026-07-31T23:41:49.300497+02:00,2026-07-31T23:42:49.300497+02:00
85309.30049713698,85369.30049713698,SYN2-142-A:P0002,G:LYBE:BW:SYN2-139-A:P0001,EVTOL_003,LYBE,BW,departure_preparation,committed_flight,departure_preparation,departure_preparation@LYBE,departure_finalization,1.0,0.0,0.0,2026-07-31T23:41:49.300497+02:00,2026-07-31T23:42:49.300497+02:00
85409.0433316314,85409.30049713698,SYN2-147-A:P0001,G:LYBE:JUG:SYN2-147-A:P0001,EVTOL_003,LYBE,JUG,before_boarding,selected_plan,aircraft_busy|group_formation,aircraft_busy@F000243|group_formation@LYBE,takeoff,0.004286091759665093,0.0,0.0,2026-07-31T23:43:29.043332+02:00,2026-07-31T23:43:29.300497+02:00
85409.30049713698,85634.13631913697,SYN2-147-A:P0001,G:LYBE:JUG:SYN2-147-A:P0001,EVTOL_003,LYBE,JUG,before_boarding,selected_plan,aircraft_busy|group_formation,aircraft_busy@F000243|group_formation@LYBE,cruise,3.747263699999894,0.0,0.0,2026-07-31T23:43:29.300497+02:00,2026-07-31T23:47:14.136319+02:00
85483.62056683555,85713.80938053345,SYN2-137-A:P0001,G:LYBE:JUG:SYN2-137-A:P0001,EVTOL_002,LYBE,JUG,after_boarding,committed_flight,battery_after_repositioning,battery_after_repositioning@LYBE,waiting_for_departure,3.836480228298266,0.0,3.836480228298266,2026-07-31T23:44:43.620567+02:00,2026-07-31T23:48:33.809381+02:00
85483.62056683555,85713.80938053345,SYN2-145-A:P0001,G:LYBE:JUG:SYN2-137-A:P0001,EVTOL_002,LYBE,JUG,after_boarding,committed_flight,battery_after_repositioning,battery_after_repositioning@LYBE,waiting_for_departure,3.836480228298266,0.0,3.836480228298266,2026-07-31T23:44:43.620567+02:00,2026-07-31T23:48:33.809381+02:00
85538.45348870153,85598.45348870153,SYN2-142-A:P0001,G:LYBE:LYBV:SYN2-142-A:P0001,EVTOL_001,LYBE,LYBV,before_boarding,selected_plan,group_formation|repositioning_flight,group_formation@LYBE|repositioning_flight@LYBE,landing,1.0,0.0,0.0,2026-07-31T23:45:38.453489+02:00,2026-07-31T23:46:38.453489+02:00
85538.45348870153,85598.45348870153,SYN2-188-A:P0002,G:LYBE:LYBV:SYN2-142-A:P0001,EVTOL_001,LYBE,LYBV,before_boarding,selected_plan,group_formation|repositioning_flight,group_formation@LYBE|repositioning_flight@LYBE,landing,1.0,0.0,0.0,2026-07-31T23:45:38.453489+02:00,2026-07-31T23:46:38.453489+02:00
85556.25078146881,85634.13631913697,SYN2-188-A:P0003,G:LYBE:JUG:SYN2-147-A:P0001,EVTOL_003,LYBE,JUG,before_boarding,selected_plan,aircraft_busy|group_formation,aircraft_busy@F000243|group_formation@LYBE,cruise,1.2980922944693398,0.0,0.0,2026-07-31T23:45:56.250781+02:00,2026-07-31T23:47:14.136319+02:00
85581.8708378132,85641.8708378132,SYN2-188-A:P0001,G:LYBE:BW:SYN2-188-A:P0001,EVTOL_004,LYBE,BW,before_boarding,selected_plan,departure_preparation|group_formation,departure_preparation@LYBV|group_formation@LYBE,departure_finalization,1.0,0.0,0.0,2026-07-31T23:46:21.870838+02:00,2026-07-31T23:47:21.870838+02:00
85598.45348870153,86010.65327470153,SYN2-142-A:P0001,G:LYBE:LYBV:SYN2-142-A:P0001,EVTOL_001,LYBE,LYBV,before_boarding,selected_plan,cleaning|group_formation,cleaning@LYBE:cleaner:1|group_formation@LYBE,cleaning,6.86999643333329,0.0,0.0,2026-07-31T23:46:38.453489+02:00,2026-07-31T23:53:30.653275+02:00
85598.45348870153,86010.65327470153,SYN2-188-A:P0002,G:LYBE:LYBV:SYN2-142-A:P0001,EVTOL_001,LYBE,LYBV,before_boarding,selected_plan,cleaning|group_formation,cleaning@LYBE:cleaner:1|group_formation@LYBE,cleaning,6.86999643333329,0.0,0.0,2026-07-31T23:46:38.453489+02:00,2026-07-31T23:53:30.653275+02:00
85634.13631913697,85694.13631913697,SYN2-147-A:P0001,G:LYBE:JUG:SYN2-147-A:P0001,EVTOL_003,LYBE,JUG,before_boarding,selected_plan,aircraft_busy|group_formation,aircraft_busy@F000243|group_formation@LYBE,landing,1.0,0.0,0.0,2026-07-31T23:47:14.136319+02:00,2026-07-31T23:48:14.136319+02:00
85634.13631913697,85694.13631913697,SYN2-188-A:P0003,G:LYBE:JUG:SYN2-147-A:P0001,EVTOL_003,LYBE,JUG,before_boarding,selected_plan,aircraft_busy|group_formation,aircraft_busy@F000243|group_formation@LYBE,landing,1.0,0.0,0.0,2026-07-31T23:47:14.136319+02:00,2026-07-31T23:48:14.136319+02:00
85641.8708378132,85681.8708378132,SYN2-188-A:P0001,G:LYBE:BW:SYN2-188-A:P0001,EVTOL_004,LYBE,BW,before_boarding,selected_plan,group_formation|repositioning_flight,group_formation@LYBE|repositioning_flight@LYBE,takeoff,0.6666666666666666,0.0,0.0,2026-07-31T23:47:21.870838+02:00,2026-07-31T23:48:01.870838+02:00
85642.47019152266,85681.8708378132,SYN2-148-A:P0001,G:LYBE:BW:SYN2-188-A:P0001,EVTOL_004,LYBE,BW,before_boarding,selected_plan,group_formation|repositioning_flight,group_formation@LYBE|repositioning_flight@LYBE,takeoff,0.6566774381756356,0.0,0.0,2026-07-31T23:47:22.470192+02:00,2026-07-31T23:48:01.870838+02:00
85681.8708378132,86018.3190258132,SYN2-188-A:P0001,G:LYBE:BW:SYN2-188-A:P0001,EVTOL_004,LYBE,BW,before_boarding,selected_plan,group_formation|repositioning_flight,group_formation@LYBE|repositioning_flight@LYBE,cruise,5.607469799999914,0.0,0.0,2026-07-31T23:48:01.870838+02:00,2026-07-31T23:53:38.319026+02:00
85681.8708378132,86018.3190258132,SYN2-148-A:P0001,G:LYBE:BW:SYN2-188-A:P0001,EVTOL_004,LYBE,BW,before_boarding,selected_plan,group_formation|repositioning_flight,group_formation@LYBE|repositioning_flight@LYBE,cruise,5.607469799999914,0.0,0.0,2026-07-31T23:48:01.870838+02:00,2026-07-31T23:53:38.319026+02:00
85694.13631913697,85886.13631913697,SYN2-147-A:P0001,G:LYBE:JUG:SYN2-147-A:P0001,EVTOL_003,LYBE,JUG,before_boarding,selected_plan,aircraft_busy|group_formation,aircraft_busy@F000243|group_formation@LYBE,disembarking,3.2,0.0,0.0,2026-07-31T23:48:14.136319+02:00,2026-07-31T23:51:26.136319+02:00
85694.13631913697,85886.13631913697,SYN2-188-A:P0003,G:LYBE:JUG:SYN2-147-A:P0001,EVTOL_003,LYBE,JUG,before_boarding,selected_plan,aircraft_busy|group_formation,aircraft_busy@F000243|group_formation@LYBE,disembarking,3.2,0.0,0.0,2026-07-31T23:48:14.136319+02:00,2026-07-31T23:51:26.136319+02:00
85713.80938053345,85773.80938053345,SYN2-137-A:P0001,G:LYBE:JUG:SYN2-137-A:P0001,EVTOL_002,LYBE,JUG,departure_preparation,committed_flight,departure_preparation,departure_preparation@LYBE,departure_finalization,1.0,0.0,0.0,2026-07-31T23:48:33.809381+02:00,2026-07-31T23:49:33.809381+02:00
85713.80938053345,85773.80938053345,SYN2-145-A:P0001,G:LYBE:JUG:SYN2-137-A:P0001,EVTOL_002,LYBE,JUG,departure_preparation,committed_flight,departure_preparation,departure_preparation@LYBE,departure_finalization,1.0,0.0,0.0,2026-07-31T23:48:33.809381+02:00,2026-07-31T23:49:33.809381+02:00
85886.13631913697,85946.13631913697,SYN2-147-A:P0001,G:LYBE:JUG:SYN2-147-A:P0001,EVTOL_003,LYBE,JUG,before_boarding,selected_plan,departure_preparation|group_formation,departure_preparation@BW|group_formation@LYBE,departure_finalization,1.0,0.0,0.0,2026-07-31T23:51:26.136319+02:00,2026-07-31T23:52:26.136319+02:00
85886.13631913697,85946.13631913697,SYN2-188-A:P0003,G:LYBE:JUG:SYN2-147-A:P0001,EVTOL_003,LYBE,JUG,before_boarding,selected_plan,departure_preparation|group_formation,departure_preparation@BW|group_formation@LYBE,departure_finalization,1.0,0.0,0.0,2026-07-31T23:51:26.136319+02:00,2026-07-31T23:52:26.136319+02:00
85946.13631913697,85986.13631913697,SYN2-147-A:P0001,G:LYBE:JUG:SYN2-147-A:P0001,EVTOL_003,LYBE,JUG,before_boarding,selected_plan,group_formation|repositioning_flight,group_formation@LYBE|repositioning_flight@LYBE,takeoff,0.6666666666666666,0.0,0.0,2026-07-31T23:52:26.136319+02:00,2026-07-31T23:53:06.136319+02:00
85946.13631913697,85986.13631913697,SYN2-188-A:P0003,G:LYBE:JUG:SYN2-147-A:P0001,EVTOL_003,LYBE,JUG,before_boarding,selected_plan,group_formation|repositioning_flight,group_formation@LYBE|repositioning_flight@LYBE,takeoff,0.6666666666666666,0.0,0.0,2026-07-31T23:52:26.136319+02:00,2026-07-31T23:53:06.136319+02:00
85986.13631913697,86210.97214113697,SYN2-147-A:P0001,G:LYBE:JUG:SYN2-147-A:P0001,EVTOL_003,LYBE,JUG,before_boarding,selected_plan,group_formation|repositioning_flight,group_formation@LYBE|repositioning_flight@LYBE,cruise,3.747263699999894,0.0,0.0,2026-07-31T23:53:06.136319+02:00,2026-07-31T23:56:50.972141+02:00
85986.13631913697,86210.97214113697,SYN2-188-A:P0003,G:LYBE:JUG:SYN2-147-A:P0001,EVTOL_003,LYBE,JUG,before_boarding,selected_plan,group_formation|repositioning_flight,group_formation@LYBE|repositioning_flight@LYBE,cruise,3.747263699999894,0.0,0.0,2026-07-31T23:53:06.136319+02:00,2026-07-31T23:56:50.972141+02:00
86010.65327470153,86198.45348870153,SYN2-142-A:P0001,G:LYBE:LYBV:SYN2-142-A:P0001,EVTOL_001,LYBE,LYBV,before_boarding,selected_plan,cleaning,cleaning@LYBE:cleaner:1,cleaning,3.13000356666671,3.13000356666671,0.0,2026-07-31T23:53:30.653275+02:00,2026-07-31T23:56:38.453489+02:00
86010.65327470153,86198.45348870153,SYN2-188-A:P0002,G:LYBE:LYBV:SYN2-142-A:P0001,EVTOL_001,LYBE,LYBV,before_boarding,selected_plan,cleaning,cleaning@LYBE:cleaner:1,cleaning,3.13000356666671,0.26277794029883805,0.0,2026-07-31T23:53:30.653275+02:00,2026-07-31T23:56:38.453489+02:00
86018.3190258132,86078.3190258132,SYN2-188-A:P0001,G:LYBE:BW:SYN2-188-A:P0001,EVTOL_004,LYBE,BW,before_boarding,selected_plan,group_formation|repositioning_flight,group_formation@LYBE|repositioning_flight@LYBE,landing,1.0,0.0,0.0,2026-07-31T23:53:38.319026+02:00,2026-07-31T23:54:38.319026+02:00
86018.3190258132,86078.3190258132,SYN2-148-A:P0001,G:LYBE:BW:SYN2-188-A:P0001,EVTOL_004,LYBE,BW,before_boarding,selected_plan,group_formation|repositioning_flight,group_formation@LYBE|repositioning_flight@LYBE,landing,1.0,0.0,0.0,2026-07-31T23:53:38.319026+02:00,2026-07-31T23:54:38.319026+02:00
86078.3190258132,86198.45348870153,SYN2-188-A:P0001,G:LYBE:BW:SYN2-188-A:P0001,EVTOL_004,LYBE,BW,before_boarding,selected_plan,cleaning_crew|group_formation,cleaning_crew@LYBE:cleaner:1|group_formation@LYBE,idle,2.002241048138967,0.0,0.0,2026-07-31T23:54:38.319026+02:00,2026-07-31T23:56:38.453489+02:00
86078.3190258132,86198.45348870153,SYN2-148-A:P0001,G:LYBE:BW:SYN2-188-A:P0001,EVTOL_004,LYBE,BW,before_boarding,selected_plan,cleaning_crew|group_formation,cleaning_crew@LYBE:cleaner:1|group_formation@LYBE,idle,2.002241048138967,0.0,0.0,2026-07-31T23:54:38.319026+02:00,2026-07-31T23:56:38.453489+02:00
86198.45348870153,86481.8708378132,SYN2-188-A:P0001,G:LYBE:BW:SYN2-188-A:P0001,EVTOL_004,LYBE,BW,before_boarding,selected_plan,cleaning|group_formation,cleaning@LYBE:cleaner:1|group_formation@LYBE,cleaning,4.723622485194452,0.0,0.0,2026-07-31T23:56:38.453489+02:00,2026-08-01T00:01:21.870838+02:00
86198.45348870153,86481.8708378132,SYN2-148-A:P0001,G:LYBE:BW:SYN2-188-A:P0001,EVTOL_004,LYBE,BW,before_boarding,selected_plan,cleaning|group_formation,cleaning@LYBE:cleaner:1|group_formation@LYBE,cleaning,4.723622485194452,0.0,0.0,2026-07-31T23:56:38.453489+02:00,2026-08-01T00:01:21.870838+02:00
86210.97214113697,86270.97214113697,SYN2-147-A:P0001,G:LYBE:JUG:SYN2-147-A:P0001,EVTOL_003,LYBE,JUG,before_boarding,selected_plan,group_formation|repositioning_flight,group_formation@LYBE|repositioning_flight@LYBE,landing,1.0,0.0,0.0,2026-07-31T23:56:50.972141+02:00,2026-07-31T23:57:50.972141+02:00
86210.97214113697,86270.97214113697,SYN2-188-A:P0003,G:LYBE:JUG:SYN2-147-A:P0001,EVTOL_003,LYBE,JUG,before_boarding,selected_plan,group_formation|repositioning_flight,group_formation@LYBE|repositioning_flight@LYBE,landing,1.0,0.0,0.0,2026-07-31T23:56:50.972141+02:00,2026-07-31T23:57:50.972141+02:00
86270.97214113697,86309.0433316314,SYN2-147-A:P0001,G:LYBE:JUG:SYN2-147-A:P0001,EVTOL_003,LYBE,JUG,before_boarding,selected_plan,group_formation,group_formation@LYBE,idle,0.6345198415738802,0.0,0.0,2026-07-31T23:57:50.972141+02:00,2026-07-31T23:58:29.043332+02:00
86270.97214113697,86309.0433316314,SYN2-188-A:P0003,G:LYBE:JUG:SYN2-147-A:P0001,EVTOL_003,LYBE,JUG,before_boarding,selected_plan,group_formation,group_formation@LYBE,idle,0.6345198415738802,0.0,0.0,2026-07-31T23:57:50.972141+02:00,2026-07-31T23:58:29.043332+02:00
86468.45348870153,86528.45348870153,SYN2-142-A:P0001,G:LYBE:LYBV:SYN2-142-A:P0001,EVTOL_001,LYBE,LYBV,departure_preparation,committed_flight,departure_preparation,departure_preparation@LYBE,departure_finalization,1.0,0.0,0.0,2026-08-01T00:01:08.453489+02:00,2026-08-01T00:02:08.453489+02:00
86468.45348870153,86528.45348870153,SYN2-188-A:P0002,G:LYBE:LYBV:SYN2-142-A:P0001,EVTOL_001,LYBE,LYBV,departure_preparation,committed_flight,departure_preparation,departure_preparation@LYBE,departure_finalization,1.0,0.0,0.0,2026-08-01T00:01:08.453489+02:00,2026-08-01T00:02:08.453489+02:00
86481.8708378132,86798.45348870153,SYN2-188-A:P0001,G:LYBE:BW:SYN2-188-A:P0001,EVTOL_004,LYBE,BW,before_boarding,selected_plan,cleaning,cleaning@LYBE:cleaner:1,cleaning,5.276377514805548,5.276377514805548,0.0,2026-08-01T00:01:21.870838+02:00,2026-08-01T00:06:38.453489+02:00
86481.8708378132,86798.45348870153,SYN2-148-A:P0001,G:LYBE:BW:SYN2-188-A:P0001,EVTOL_004,LYBE,BW,before_boarding,selected_plan,cleaning,cleaning@LYBE:cleaner:1,cleaning,5.276377514805548,4.266388286314517,0.0,2026-08-01T00:01:21.870838+02:00,2026-08-01T00:06:38.453489+02:00
86579.0433316314,86736.73639124795,SYN2-147-A:P0001,G:LYBE:JUG:SYN2-147-A:P0001,EVTOL_003,LYBE,JUG,after_boarding,committed_flight,battery_after_repositioning,battery_after_repositioning@LYBE,waiting_for_departure,2.6282176602757925,0.0,2.6282176602757925,2026-08-01T00:02:59.043332+02:00,2026-08-01T00:05:36.736391+02:00
86579.0433316314,86736.73639124795,SYN2-188-A:P0003,G:LYBE:JUG:SYN2-147-A:P0001,EVTOL_003,LYBE,JUG,after_boarding,committed_flight,battery_after_repositioning,battery_after_repositioning@LYBE,waiting_for_departure,2.6282176602757925,0.0,2.6282176602757925,2026-08-01T00:02:59.043332+02:00,2026-08-01T00:05:36.736391+02:00
86646.43272483784,86904.90167670153,SYN2-152-A:P0002,G:LYBE:LYBV:SYN2-152-A:P0002,EVTOL_001,LYBE,LYBV,before_boarding,selected_plan,aircraft_busy|group_formation,aircraft_busy@F000248|group_formation@LYBE,cruise,4.307815864394797,0.0,0.0,2026-08-01T00:04:06.432725+02:00,2026-08-01T00:08:24.901677+02:00
86736.73639124795,86796.73639124795,SYN2-147-A:P0001,G:LYBE:JUG:SYN2-147-A:P0001,EVTOL_003,LYBE,JUG,departure_preparation,committed_flight,departure_preparation,departure_preparation@LYBE,departure_finalization,1.0,0.0,0.0,2026-08-01T00:05:36.736391+02:00,2026-08-01T00:06:36.736391+02:00
86736.73639124795,86796.73639124795,SYN2-188-A:P0003,G:LYBE:JUG:SYN2-147-A:P0001,EVTOL_003,LYBE,JUG,departure_preparation,committed_flight,departure_preparation,departure_preparation@LYBE,departure_finalization,1.0,0.0,0.0,2026-08-01T00:05:36.736391+02:00,2026-08-01T00:06:36.736391+02:00
86904.90167670153,86964.90167670153,SYN2-152-A:P0002,G:LYBE:LYBV:SYN2-152-A:P0002,EVTOL_001,LYBE,LYBV,before_boarding,selected_plan,aircraft_busy|group_formation,aircraft_busy@F000248|group_formation@LYBE,landing,1.0,0.0,0.0,2026-08-01T00:08:24.901677+02:00,2026-08-01T00:09:24.901677+02:00
86964.90167670153,87156.90167670153,SYN2-152-A:P0002,G:LYBE:LYBV:SYN2-152-A:P0002,EVTOL_001,LYBE,LYBV,before_boarding,selected_plan,aircraft_busy|group_formation,aircraft_busy@F000248|group_formation@LYBE,disembarking,3.2,0.0,0.0,2026-08-01T00:09:24.901677+02:00,2026-08-01T00:12:36.901677+02:00
86973.53953508406,87156.90167670153,SYN2-152-A:P0003,G:LYBE:LYBV:SYN2-152-A:P0002,EVTOL_001,LYBE,LYBV,before_boarding,selected_plan,aircraft_busy|group_formation,aircraft_busy@F000248|group_formation@LYBE,disembarking,3.056035693624532,0.0,0.0,2026-08-01T00:09:33.539535+02:00,2026-08-01T00:12:36.901677+02:00
86998.12324706969,87058.12324706969,SYN2-151-A:P0001,G:LYBE:JUG:SYN2-151-A:P0001,EVTOL_002,LYBE,JUG,before_boarding,selected_plan,departure_preparation|group_formation,departure_preparation@JUG|group_formation@LYBE,departure_finalization,1.0,0.0,0.0,2026-08-01T00:09:58.123247+02:00,2026-08-01T00:10:58.123247+02:00
87058.12324706969,87098.12324706969,SYN2-151-A:P0001,G:LYBE:JUG:SYN2-151-A:P0001,EVTOL_002,LYBE,JUG,before_boarding,selected_plan,group_formation|repositioning_flight,group_formation@LYBE|repositioning_flight@LYBE,takeoff,0.6666666666666666,0.0,0.0,2026-08-01T00:10:58.123247+02:00,2026-08-01T00:11:38.123247+02:00
87068.45348870153,87128.45348870153,SYN2-188-A:P0001,G:LYBE:BW:SYN2-188-A:P0001,EVTOL_004,LYBE,BW,departure_preparation,committed_flight,departure_preparation,departure_preparation@LYBE,departure_finalization,1.0,0.0,0.0,2026-08-01T00:11:08.453489+02:00,2026-08-01T00:12:08.453489+02:00
87068.45348870153,87128.45348870153,SYN2-148-A:P0001,G:LYBE:BW:SYN2-188-A:P0001,EVTOL_004,LYBE,BW,departure_preparation,committed_flight,departure_preparation,departure_preparation@LYBE,departure_finalization,1.0,0.0,0.0,2026-08-01T00:11:08.453489+02:00,2026-08-01T00:12:08.453489+02:00
87098.12324706969,87415.92555906968,SYN2-151-A:P0001,G:LYBE:JUG:SYN2-151-A:P0001,EVTOL_002,LYBE,JUG,before_boarding,selected_plan,group_formation|repositioning_flight,group_formation@LYBE|repositioning_flight@LYBE,cruise,5.296705199999996,0.0,0.0,2026-08-01T00:11:38.123247+02:00,2026-08-01T00:16:55.925559+02:00
87156.90167670153,87216.90167670153,SYN2-152-A:P0002,G:LYBE:LYBV:SYN2-152-A:P0002,EVTOL_001,LYBE,LYBV,before_boarding,selected_plan,departure_preparation|group_formation,departure_preparation@LYBV|group_formation@LYBE,departure_finalization,1.0,0.0,0.0,2026-08-01T00:12:36.901677+02:00,2026-08-01T00:13:36.901677+02:00
87156.90167670153,87216.90167670153,SYN2-152-A:P0003,G:LYBE:LYBV:SYN2-152-A:P0002,EVTOL_001,LYBE,LYBV,before_boarding,selected_plan,departure_preparation|group_formation,departure_preparation@LYBV|group_formation@LYBE,departure_finalization,1.0,0.0,0.0,2026-08-01T00:12:36.901677+02:00,2026-08-01T00:13:36.901677+02:00
87216.90167670153,87256.90167670153,SYN2-152-A:P0002,G:LYBE:LYBV:SYN2-152-A:P0002,EVTOL_001,LYBE,LYBV,before_boarding,selected_plan,group_formation|repositioning_flight,group_formation@LYBE|repositioning_flight@LYBE,takeoff,0.6666666666666666,0.0,0.0,2026-08-01T00:13:36.901677+02:00,2026-08-01T00:14:16.901677+02:00
87216.90167670153,87256.90167670153,SYN2-152-A:P0003,G:LYBE:LYBV:SYN2-152-A:P0002,EVTOL_001,LYBE,LYBV,before_boarding,selected_plan,group_formation|repositioning_flight,group_formation@LYBE|repositioning_flight@LYBE,takeoff,0.6666666666666666,0.0,0.0,2026-08-01T00:13:36.901677+02:00,2026-08-01T00:14:16.901677+02:00
87256.90167670153,87546.43272483784,SYN2-152-A:P0002,G:LYBE:LYBV:SYN2-152-A:P0002,EVTOL_001,LYBE,LYBV,before_boarding,selected_plan,group_formation|repositioning_flight,group_formation@LYBE|repositioning_flight@LYBE,cruise,4.8255174689385365,0.0,0.0,2026-08-01T00:14:16.901677+02:00,2026-08-01T00:19:06.432725+02:00
87256.90167670153,87546.43272483784,SYN2-152-A:P0003,G:LYBE:LYBV:SYN2-152-A:P0002,EVTOL_001,LYBE,LYBV,before_boarding,selected_plan,group_formation|repositioning_flight,group_formation@LYBE|repositioning_flight@LYBE,cruise,4.8255174689385365,0.0,0.0,2026-08-01T00:14:16.901677+02:00,2026-08-01T00:19:06.432725+02:00
87415.92555906968,87475.92555906968,SYN2-151-A:P0001,G:LYBE:JUG:SYN2-151-A:P0001,EVTOL_002,LYBE,JUG,before_boarding,selected_plan,group_formation|repositioning_flight,group_formation@LYBE|repositioning_flight@LYBE,landing,1.0,0.0,0.0,2026-08-01T00:16:55.925559+02:00,2026-08-01T00:17:55.925559+02:00
87475.92555906968,87898.12324706969,SYN2-151-A:P0001,G:LYBE:JUG:SYN2-151-A:P0001,EVTOL_002,LYBE,JUG,before_boarding,selected_plan,cleaning|group_formation,cleaning@LYBE:cleaner:1|group_formation@LYBE,cleaning,7.036628133333337,0.0,0.0,2026-08-01T00:17:55.925559+02:00,2026-08-01T00:24:58.123247+02:00
87503.26945012911,87645.28931070153,SYN2-152-A:P0001,G:LYBE:BW:SYN2-152-A:P0001,EVTOL_004,LYBE,BW,before_boarding,selected_plan,aircraft_busy|group_formation,aircraft_busy@F000250|group_formation@LYBE,disembarking,2.366997676206908,0.0,0.0,2026-08-01T00:18:23.269450+02:00,2026-08-01T00:20:45.289311+02:00
87546.43272483784,87593.34986470152,SYN2-152-A:P0002,G:LYBE:LYBV:SYN2-152-A:P0002,EVTOL_001,LYBE,LYBV,before_boarding,selected_plan,repositioning_flight,repositioning_flight@LYBE,cruise,0.781952331061378,0.781952331061378,0.0,2026-08-01T00:19:06.432725+02:00,2026-08-01T00:19:53.349865+02:00
87546.43272483784,87593.34986470152,SYN2-152-A:P0003,G:LYBE:LYBV:SYN2-152-A:P0002,EVTOL_001,LYBE,LYBV,before_boarding,selected_plan,repositioning_flight,repositioning_flight@LYBE,cruise,0.781952331061378,0.0,0.0,2026-08-01T00:19:06.432725+02:00,2026-08-01T00:19:53.349865+02:00
87593.34986470152,87653.34986470152,SYN2-152-A:P0002,G:LYBE:LYBV:SYN2-152-A:P0002,EVTOL_001,LYBE,LYBV,before_boarding,selected_plan,repositioning_flight,repositioning_flight@LYBE,landing,1.0,1.0,0.0,2026-08-01T00:19:53.349865+02:00,2026-08-01T00:20:53.349865+02:00
87593.34986470152,87653.34986470152,SYN2-152-A:P0003,G:LYBE:LYBV:SYN2-152-A:P0002,EVTOL_001,LYBE,LYBV,before_boarding,selected_plan,repositioning_flight,repositioning_flight@LYBE,landing,1.0,0.0,0.0,2026-08-01T00:19:53.349865+02:00,2026-08-01T00:20:53.349865+02:00
87645.28931070153,87705.28931070153,SYN2-152-A:P0001,G:LYBE:BW:SYN2-152-A:P0001,EVTOL_004,LYBE,BW,before_boarding,selected_plan,departure_preparation|group_formation,departure_preparation@BW|group_formation@LYBE,departure_finalization,1.0,0.0,0.0,2026-08-01T00:20:45.289311+02:00,2026-08-01T00:21:45.289311+02:00
87705.28931070153,87745.28931070153,SYN2-152-A:P0001,G:LYBE:BW:SYN2-152-A:P0001,EVTOL_004,LYBE,BW,before_boarding,selected_plan,group_formation|repositioning_flight,group_formation@LYBE|repositioning_flight@LYBE,takeoff,0.6666666666666666,0.0,0.0,2026-08-01T00:21:45.289311+02:00,2026-08-01T00:22:25.289311+02:00
87745.28931070153,87970.12513270152,SYN2-152-A:P0001,G:LYBE:BW:SYN2-152-A:P0001,EVTOL_004,LYBE,BW,before_boarding,selected_plan,group_formation|repositioning_flight,group_formation@LYBE|repositioning_flight@LYBE,cruise,3.747263699999894,0.0,0.0,2026-08-01T00:22:25.289311+02:00,2026-08-01T00:26:10.125133+02:00
87898.12324706969,88075.92555906968,SYN2-151-A:P0001,G:LYBE:JUG:SYN2-151-A:P0001,EVTOL_002,LYBE,JUG,before_boarding,selected_plan,cleaning,cleaning@LYBE:cleaner:1,cleaning,2.9633718666666633,2.9633718666666633,0.0,2026-08-01T00:24:58.123247+02:00,2026-08-01T00:27:55.925559+02:00
87923.34986470152,88156.800358664,SYN2-152-A:P0002,G:LYBE:LYBV:SYN2-152-A:P0002,EVTOL_001,LYBE,LYBV,after_boarding,committed_flight,battery_after_repositioning,battery_after_repositioning@LYBE,waiting_for_departure,3.8908415660412476,0.0,3.8908415660412476,2026-08-01T00:25:23.349865+02:00,2026-08-01T00:29:16.800359+02:00
87923.34986470152,88156.800358664,SYN2-152-A:P0003,G:LYBE:LYBV:SYN2-152-A:P0002,EVTOL_001,LYBE,LYBV,after_boarding,committed_flight,battery_after_repositioning,battery_after_repositioning@LYBE,waiting_for_departure,3.8908415660412476,0.0,3.8908415660412476,2026-08-01T00:25:23.349865+02:00,2026-08-01T00:29:16.800359+02:00
87970.12513270152,88030.12513270152,SYN2-152-A:P0001,G:LYBE:BW:SYN2-152-A:P0001,EVTOL_004,LYBE,BW,before_boarding,selected_plan,group_formation|repositioning_flight,group_formation@LYBE|repositioning_flight@LYBE,landing,1.0,0.0,0.0,2026-08-01T00:26:10.125133+02:00,2026-08-01T00:27:10.125133+02:00
88030.12513270152,88403.26945012911,SYN2-152-A:P0001,G:LYBE:BW:SYN2-152-A:P0001,EVTOL_004,LYBE,BW,before_boarding,selected_plan,group_formation,group_formation@LYBE,idle,6.219071957126531,0.0,0.0,2026-08-01T00:27:10.125133+02:00,2026-08-01T00:33:23.269450+02:00
88156.800358664,88216.800358664,SYN2-152-A:P0002,G:LYBE:LYBV:SYN2-152-A:P0002,EVTOL_001,LYBE,LYBV,departure_preparation,committed_flight,departure_preparation,departure_preparation@LYBE,departure_finalization,1.0,0.0,0.0,2026-08-01T00:29:16.800359+02:00,2026-08-01T00:30:16.800359+02:00
88156.800358664,88216.800358664,SYN2-152-A:P0003,G:LYBE:LYBV:SYN2-152-A:P0002,EVTOL_001,LYBE,LYBV,departure_preparation,committed_flight,departure_preparation,departure_preparation@LYBE,departure_finalization,1.0,0.0,0.0,2026-08-01T00:29:16.800359+02:00,2026-08-01T00:30:16.800359+02:00
88270.92555906968,88330.92555906968,SYN2-151-A:P0001,G:LYBE:JUG:SYN2-151-A:P0001,EVTOL_002,LYBE,JUG,departure_preparation,committed_flight,departure_preparation,departure_preparation@LYBE,departure_finalization,1.0,0.0,0.0,2026-08-01T00:31:10.925559+02:00,2026-08-01T00:32:10.925559+02:00
88598.26945012911,88658.26945012911,SYN2-152-A:P0001,G:LYBE:BW:SYN2-152-A:P0001,EVTOL_004,LYBE,BW,departure_preparation,committed_flight,departure_preparation,departure_preparation@LYBE,departure_finalization,1.0,0.0,0.0,2026-08-01T00:36:38.269450+02:00,2026-08-01T00:37:38.269450+02:00
