id,airline_flight_id,origin,destination,request_time_s,latest_desired_takeoff_s,latest_terminal_arrival_s,terminal_access_duration_s,status,group_id,flight_id,boarding_start_s,takeoff_start_s,landing_end_s,disembarking_end_s,terminal_arrival_s,journey_end_s,boarding_end_s,waiting_time_min,within_wait_limit,wait_exceedance_min,request_to_takeoff_min,extra_after_boarding_min,journey_duration_min,terminal_target_lateness_min,wait_constraints,request_time_local,boarding_start_local,boarding_end_local,takeoff_start_local,landing_end_local,journey_end_local,terminal_arrival_local
SYN2-192-D:P0001,SYN2-192-D,BW,LYBE,-10476.269339413662,-9096.269339413662,-7835.830503761948,611.6030136517129,completed,G:BW:LYBE:SYN2-192-D:P0001,F000001,-9576.269339413662,-9321.269339413662,-8996.433517413661,-8870.433517413661,-8258.830503761948,-8258.830503761948,-9381.269339413662,15.0,True,0.0,19.25,0.0,36.95731392752857,0.0,group_formation,2026-07-30T21:05:23.730661+02:00,2026-07-30T21:20:23.730661+02:00,2026-07-30T21:23:38.730661+02:00,2026-07-30T21:24:38.730661+02:00,2026-07-30T21:30:03.566483+02:00,2026-07-30T21:42:21.169496+02:00,2026-07-30T21:42:21.169496+02:00
SYN2-343-D:P0001,SYN2-343-D,BW,LYBE,-8994.300230493682,-7614.300230493681,-6316.3624095866035,649.101998907077,completed,G:BW:LYBE:SYN2-343-D:P0001,F000003,-8094.300230493682,-7839.300230493682,-7514.464408493682,-7388.464408493682,-6739.362409586604,-6739.362409586604,-7899.300230493682,15.0,True,0.0,19.25,0.0,37.58229701511796,0.0,departure_preparation|group_formation|repositioning_flight,2026-07-30T21:30:05.699770+02:00,2026-07-30T21:45:05.699770+02:00,2026-07-30T21:48:20.699770+02:00,2026-07-30T21:49:20.699770+02:00,2026-07-30T21:54:45.535592+02:00,2026-07-30T22:07:40.637590+02:00,2026-07-30T22:07:40.637590+02:00
SYN2-193-D:P0001,SYN2-193-D,LYBV,LYBE,-7867.877857624137,-6487.877857624137,-5142.933637448337,584.4960321757992,completed,G:LYBV:LYBE:SYN2-193-D:P0001,F000005,-6967.877857624137,-6712.877857624137,-6276.429669624136,-6150.429669624136,-5565.933637448337,-5565.933637448337,-6772.877857624137,15.0,True,0.0,19.25,0.0,38.36573700292999,0.0,departure_preparation|group_formation|repositioning_flight,2026-07-30T21:48:52.122142+02:00,2026-07-30T22:03:52.122142+02:00,2026-07-30T22:07:07.122142+02:00,2026-07-30T22:08:07.122142+02:00,2026-07-30T22:15:23.570330+02:00,2026-07-30T22:27:14.066363+02:00,2026-07-30T22:27:14.066363+02:00
SYN2-190-D:P0001,SYN2-190-D,BW,LYBE,-6847.079570779751,-5467.079570779751,-4239.177515258344,579.0662335214065,completed,G:BW:LYBE:SYN2-190-D:P0001,F000008,-5947.079570779751,-5542.079570779751,-5217.243748779751,-4959.243748779751,-4380.177515258344,-4380.177515258344,-5602.079570779751,15.0,True,0.0,21.75,0.0,41.11503425869011,0.0,departure_preparation|group_formation|repositioning_flight,2026-07-30T22:05:52.920429+02:00,2026-07-30T22:20:52.920429+02:00,2026-07-30T22:26:37.920429+02:00,2026-07-30T22:27:37.920429+02:00,2026-07-30T22:33:02.756251+02:00,2026-07-30T22:46:59.822485+02:00,2026-07-30T22:46:59.822485+02:00
SYN2-197-D:P0003,SYN2-197-D,EXPO,LYBE,-6796.814578951901,-5416.814578951901,-4306.254536859049,585.7976440928527,completed,G:EXPO:LYBE:SYN2-197-D:P0003,F000009,-5896.814578951901,-5641.814578951901,-5441.052180951901,-5315.052180951901,-4729.254536859049,-4729.254536859049,-5701.814578951901,15.0,True,0.0,19.25,0.0,34.45933403488087,0.0,departure_preparation|group_formation|repositioning_flight,2026-07-30T22:06:43.185421+02:00,2026-07-30T22:21:43.185421+02:00,2026-07-30T22:24:58.185421+02:00,2026-07-30T22:25:58.185421+02:00,2026-07-30T22:29:18.947819+02:00,2026-07-30T22:41:10.745463+02:00,2026-07-30T22:41:10.745463+02:00
SYN2-342-D:P0002,SYN2-342-D,BW,LYBE,-6623.157832970343,-5243.157832970343,-3974.138546510805,620.183464459538,completed,G:BW:LYBE:SYN2-190-D:P0001,F000008,-5947.079570779751,-5542.079570779751,-5217.243748779751,-4959.243748779751,-4339.060284320212,-4339.060284320212,-5602.079570779751,11.26797103650988,True,0.0,18.01797103650988,0.0,38.06829247750218,0.0,group_formation|repositioning_flight,2026-07-30T22:09:36.842167+02:00,2026-07-30T22:20:52.920429+02:00,2026-07-30T22:26:37.920429+02:00,2026-07-30T22:27:37.920429+02:00,2026-07-30T22:33:02.756251+02:00,2026-07-30T22:47:40.939716+02:00,2026-07-30T22:47:40.939716+02:00
SYN2-342-D:P0001,SYN2-342-D,BW,LYBE,-6273.75933252657,-4893.75933252657,-3685.1408337322428,559.782676794327,completed,G:BW:LYBE:SYN2-190-D:P0001,F000008,-5947.079570779751,-5542.079570779751,-5217.243748779751,-4959.243748779751,-4399.461071985424,-4399.461071985424,-5602.079570779751,5.44466269578032,True,0.0,12.19466269578032,0.0,31.238304342352436,0.0,group_formation,2026-07-30T22:15:26.240667+02:00,2026-07-30T22:20:52.920429+02:00,2026-07-30T22:26:37.920429+02:00,2026-07-30T22:27:37.920429+02:00,2026-07-30T22:33:02.756251+02:00,2026-07-30T22:46:40.538928+02:00,2026-07-30T22:46:40.538928+02:00
SYN2-197-D:P0002,SYN2-197-D,BW,LYBE,-5697.356146532356,-4317.356146532356,-3003.8036608952225,664.7166636371337,completed,G:BW:LYBE:SYN2-197-D:P0002,F000011,-4797.356146532356,-4467.356146532356,-4142.520324532356,-3950.5203245323564,-3285.8036608952225,-3285.8036608952225,-4527.356146532356,15.0,True,0.0,20.5,0.0,40.19254142728557,0.0,departure_preparation|group_formation|repositioning_flight,2026-07-30T22:25:02.643853+02:00,2026-07-30T22:40:02.643853+02:00,2026-07-30T22:44:32.643853+02:00,2026-07-30T22:45:32.643853+02:00,2026-07-30T22:50:57.479675+02:00,2026-07-30T23:05:14.196339+02:00,2026-07-30T23:05:14.196339+02:00
SYN2-197-D:P0001,SYN2-197-D,BW,LYBE,-5312.762971047229,-3932.7629710472293,-2633.944197604893,649.9829514423363,completed,G:BW:LYBE:SYN2-197-D:P0002,F000011,-4797.356146532356,-4467.356146532356,-4142.520324532356,-3950.5203245323564,-3300.53737309002,-3300.53737309002,-4527.356146532356,8.590113741914546,True,0.0,14.090113741914546,0.0,33.537093299286816,0.0,group_formation|repositioning_flight,2026-07-30T22:31:27.237029+02:00,2026-07-30T22:40:02.643853+02:00,2026-07-30T22:44:32.643853+02:00,2026-07-30T22:45:32.643853+02:00,2026-07-30T22:50:57.479675+02:00,2026-07-30T23:04:59.462627+02:00,2026-07-30T23:04:59.462627+02:00
SYN2-194-D:P0001,SYN2-194-D,EXPO,LYBE,-4755.330940561123,-3375.3309405611226,-2254.040149284644,596.5283932764786,completed,G:EXPO:LYBE:SYN2-194-D:P0001,F000014,-3855.3309405611226,-3600.3309405611226,-3399.5685425611227,-3273.5685425611227,-2677.040149284644,-2677.040149284644,-3660.3309405611226,15.0,True,0.0,19.25,0.0,34.638179854607976,0.0,departure_preparation|group_formation|repositioning_flight,2026-07-30T22:40:44.669059+02:00,2026-07-30T22:55:44.669059+02:00,2026-07-30T22:58:59.669059+02:00,2026-07-30T22:59:59.669059+02:00,2026-07-30T23:03:20.431457+02:00,2026-07-30T23:15:22.959851+02:00,2026-07-30T23:15:22.959851+02:00
SYN2-195-D:P0001,SYN2-195-D,JUG,LYBE,-4566.181744557622,-3186.1817445576216,-1780.5598837305488,663.8195488270726,completed,G:JUG:LYBE:SYN2-195-D:P0001,F000015,-3666.1817445576216,-3411.1817445576216,-2993.379432557622,-2867.379432557622,-2203.5598837305492,-2203.5598837305492,-3471.1817445576216,15.0,True,0.0,19.25,0.0,39.37703101378454,0.0,departure_preparation|group_formation|repositioning_flight,2026-07-30T22:43:53.818255+02:00,2026-07-30T22:58:53.818255+02:00,2026-07-30T23:02:08.818255+02:00,2026-07-30T23:03:08.818255+02:00,2026-07-30T23:10:06.620567+02:00,2026-07-30T23:23:16.440116+02:00,2026-07-30T23:23:16.440116+02:00
SYN2-002-A:P0001,SYN2-002-A,LYBE,EXPO,6095.428099285272,,,656.9324358497499,completed,G:LYBE:EXPO:SYN2-002-A:P0001,F000016,6995.428099285272,7250.428099285272,7451.190497285272,7577.190497285272,,7577.190497285272,7190.428099285272,15.0,True,0.0,19.25,0.0,24.696039966666664,,group_formation,2026-07-31T01:41:35.428099+02:00,2026-07-31T01:56:35.428099+02:00,2026-07-31T01:59:50.428099+02:00,2026-07-31T02:00:50.428099+02:00,2026-07-31T02:04:11.190497+02:00,2026-07-31T02:06:17.190497+02:00,
SYN2-003-A:P0002,SYN2-003-A,LYBE,BW,6277.665323532941,,,594.5905278570393,completed,G:LYBE:BW:SYN2-003-A:P0002,F000017,7177.665323532941,7432.665323532941,7757.501145532941,7883.501145532941,,7883.501145532941,7372.665323532941,15.0,True,0.0,19.25,0.0,26.763930366666667,,group_formation,2026-07-31T01:44:37.665324+02:00,2026-07-31T01:59:37.665324+02:00,2026-07-31T02:02:52.665324+02:00,2026-07-31T02:03:52.665324+02:00,2026-07-31T02:09:17.501146+02:00,2026-07-31T02:11:23.501146+02:00,
SYN2-003-A:P0001,SYN2-003-A,LYBE,LYBV,6976.813593248996,,,668.1773639800975,completed,G:LYBE:LYBV:SYN2-003-A:P0001,F000018,7876.813593248996,8131.813593248996,8568.261781248995,8694.261781248995,,8694.261781248995,8071.813593248996,15.0,True,0.0,19.25,0.0,28.624136466666656,,group_formation,2026-07-31T01:56:16.813593+02:00,2026-07-31T02:11:16.813593+02:00,2026-07-31T02:14:31.813593+02:00,2026-07-31T02:15:31.813593+02:00,2026-07-31T02:22:48.261781+02:00,2026-07-31T02:24:54.261781+02:00,
SYN2-345-D:P0003,SYN2-345-D,LYBV,LYBE,7589.9329442891485,8969.932944289149,10336.31387585395,605.9327435648001,completed,G:LYBV:LYBE:SYN2-345-D:P0003,F000021,8489.932944289149,8744.932944289149,9181.381132289149,9307.381132289149,9913.31387585395,9913.31387585395,8684.932944289149,15.0,True,0.0,19.25,0.0,38.723015526080026,0.0,aircraft_busy|departure_preparation|group_formation|repositioning_flight,2026-07-31T02:06:29.932944+02:00,2026-07-31T02:21:29.932944+02:00,2026-07-31T02:24:44.932944+02:00,2026-07-31T02:25:44.932944+02:00,2026-07-31T02:33:01.381132+02:00,2026-07-31T02:45:13.313876+02:00,2026-07-31T02:45:13.313876+02:00
SYN2-201-D:P0001,SYN2-201-D,DOR,LYBE,8089.2097747251555,9469.209774725156,10887.842148169571,666.8321594444146,completed,G:DOR:LYBE:SYN2-201-D:P0001,F000023,8989.209774725156,9244.209774725156,9672.009988725156,9798.009988725156,10464.842148169571,10464.842148169571,9184.209774725156,15.0,True,0.0,19.25,0.0,39.593872890740265,0.0,departure_preparation|group_formation|repositioning_flight,2026-07-31T02:14:49.209775+02:00,2026-07-31T02:29:49.209775+02:00,2026-07-31T02:33:04.209775+02:00,2026-07-31T02:34:04.209775+02:00,2026-07-31T02:41:12.009989+02:00,2026-07-31T02:54:24.842148+02:00,2026-07-31T02:54:24.842148+02:00
SYN2-345-D:P0001,SYN2-345-D,JUG,LYBE,8418.268381141666,9798.268381141666,11184.838957240754,644.7682640990876,completed,G:JUG:LYBE:SYN2-345-D:P0001,F000025,9318.268381141666,9573.268381141666,9991.070693141666,10117.070693141666,10761.838957240754,10761.838957240754,9513.268381141666,15.0,True,0.0,19.25,0.0,39.05950960165146,0.0,aircraft_busy|departure_preparation|group_formation|origin_tlof|repositioning_flight,2026-07-31T02:20:18.268381+02:00,2026-07-31T02:35:18.268381+02:00,2026-07-31T02:38:33.268381+02:00,2026-07-31T02:39:33.268381+02:00,2026-07-31T02:46:31.070693+02:00,2026-07-31T02:59:21.838957+02:00,2026-07-31T02:59:21.838957+02:00
SYN2-006-A:P0001,SYN2-006-A,LYBE,BW,8831.77902909776,,,598.304936918427,completed,G:LYBE:BW:SYN2-006-A:P0001,F000026,9731.77902909776,9991.070693141666,10315.906515141665,10441.906515141665,,10441.906515141665,9926.77902909776,15.0,True,0.0,19.321527734065118,0.07152773406511793,26.83545810073177,,aircraft_busy|group_formation,2026-07-31T02:27:11.779029+02:00,2026-07-31T02:42:11.779029+02:00,2026-07-31T02:45:26.779029+02:00,2026-07-31T02:46:31.070693+02:00,2026-07-31T02:51:55.906515+02:00,2026-07-31T02:54:01.906515+02:00,
SYN2-220-D:P0002,SYN2-220-D,LYBV,LYBE,9095.093146521776,10475.093146521776,11863.533128366276,627.9917938445001,completed,G:LYBV:LYBE:SYN2-220-D:P0002,F000027,9995.093146521776,10325.093146521776,10761.541334521777,10953.541334521777,11581.533128366276,11581.533128366276,10265.093146521776,15.0,True,0.0,20.5,0.0,41.440666364075,0.0,departure_preparation|group_formation|origin_tlof|repositioning_flight,2026-07-31T02:31:35.093147+02:00,2026-07-31T02:46:35.093147+02:00,2026-07-31T02:51:05.093147+02:00,2026-07-31T02:52:05.093147+02:00,2026-07-31T02:59:21.541335+02:00,2026-07-31T03:13:01.533128+02:00,2026-07-31T03:13:01.533128+02:00
SYN2-345-D:P0002,SYN2-345-D,BW,LYBE,9391.172641669054,10771.172641669054,12008.75773160782,588.7492679387651,completed,G:BW:LYBE:SYN2-345-D:P0002,F000030,10441.906515141665,10771.906515141665,11096.742337141666,11288.742337141666,11877.491605080431,11877.491605080431,10711.906515141665,17.512231224543516,False,2.5122312245435143,23.012231224543516,0.0,41.43864939018962,0.0,aircraft_busy|group_formation,2026-07-31T02:36:31.172642+02:00,2026-07-31T02:54:01.906515+02:00,2026-07-31T02:58:31.906515+02:00,2026-07-31T02:59:31.906515+02:00,2026-07-31T03:04:56.742337+02:00,2026-07-31T03:17:57.491605+02:00,2026-07-31T03:17:57.491605+02:00
SYN2-206-D:P0001,SYN2-206-D,DOR,LYBE,9447.26296300275,10827.26296300275,12187.601018734547,608.5378417317966,completed,G:DOR:LYBE:SYN2-206-D:P0001,F000031,10705.193471662771,11297.18929436647,11724.98950836647,11850.98950836647,12459.527350098268,12459.527350098268,10900.193471662771,20.965508477667026,False,5.965508477667027,30.83210552272867,5.616597045061644,50.204406451591964,4.532105522728671,aircraft_busy|battery_before_repositioning|departure_preparation|group_formation|origin_tlof|repositioning_flight,2026-07-31T02:37:27.262963+02:00,2026-07-31T02:58:25.193472+02:00,2026-07-31T03:01:40.193472+02:00,2026-07-31T03:08:17.189294+02:00,2026-07-31T03:15:24.989508+02:00,2026-07-31T03:27:39.527350+02:00,2026-07-31T03:27:39.527350+02:00
SYN2-344-D:P0001,SYN2-344-D,LYBV,LYBE,9698.944929701136,11078.944929701136,12517.047835122896,677.6547174217591,completed,G:LYBV:LYBE:SYN2-220-D:P0002,F000027,9995.093146521776,10325.093146521776,10761.541334521777,10953.541334521777,11631.196051943536,11631.196051943536,10265.093146521776,4.935803613677338,True,0.0,10.435803613677338,0.0,32.20418537070667,0.0,group_formation,2026-07-31T02:41:38.944930+02:00,2026-07-31T02:46:35.093147+02:00,2026-07-31T02:51:05.093147+02:00,2026-07-31T02:52:05.093147+02:00,2026-07-31T02:59:21.541335+02:00,2026-07-31T03:13:51.196052+02:00,2026-07-31T03:13:51.196052+02:00
SYN2-220-D:P0001,SYN2-220-D,JUG,LYBE,10177.39325766277,11557.39325766277,12932.749982090416,633.5544124276455,completed,G:JUG:LYBE:SYN2-220-D:P0001,F000033,11255.19556966277,11510.19556966277,11927.99788166277,12053.99788166277,12687.552294090416,12687.552294090416,11450.19556966277,17.963371866666662,False,2.9633718666666633,22.213371866666662,0.0,41.83598394046076,0.0,cleaning|departure_preparation|group_formation|repositioning_flight,2026-07-31T02:49:37.393258+02:00,2026-07-31T03:07:35.195570+02:00,2026-07-31T03:10:50.195570+02:00,2026-07-31T03:11:50.195570+02:00,2026-07-31T03:18:47.997882+02:00,2026-07-31T03:31:27.552294+02:00,2026-07-31T03:31:27.552294+02:00
SYN2-203-D:P0001,SYN2-203-D,BW,LYBE,10261.937961304033,11641.937961304033,12981.733422892557,690.9596395885258,completed,G:BW:LYBE:SYN2-345-D:P0002,F000030,10441.906515141665,10771.906515141665,11096.742337141666,11288.742337141666,11979.701976730192,11979.701976730192,10711.906515141665,2.999475897293875,True,0.0,8.499475897293875,0.0,28.62940025710265,0.0,aircraft_busy|group_formation,2026-07-31T02:51:01.937961+02:00,2026-07-31T02:54:01.906515+02:00,2026-07-31T02:58:31.906515+02:00,2026-07-31T02:59:31.906515+02:00,2026-07-31T03:04:56.742337+02:00,2026-07-31T03:19:39.701977+02:00,2026-07-31T03:19:39.701977+02:00
SYN2-200-D:P0001,SYN2-200-D,LYBV,LYBE,10770.76882854983,12150.76882854983,13516.816644821149,605.5996282713185,completed,G:LYBV:LYBE:SYN2-200-D:P0001,F000037,12402.376769046867,12657.376769046867,13093.824957046867,13219.824957046867,13825.424585318186,13825.424585318186,12597.376769046867,27.193465674950616,False,12.193465674950614,31.443465674950616,0.0,50.9109292794726,5.143465674950615,aircraft_busy|battery_before_repositioning|cleaning|departure_preparation|group_formation|repositioning_flight,2026-07-31T02:59:30.768829+02:00,2026-07-31T03:26:42.376769+02:00,2026-07-31T03:29:57.376769+02:00,2026-07-31T03:30:57.376769+02:00,2026-07-31T03:38:13.824957+02:00,2026-07-31T03:50:25.424585+02:00,2026-07-31T03:50:25.424585+02:00
SYN2-348-D:P0001,SYN2-348-D,BW,LYBE,10920.566175545653,12300.566175545653,13627.771604703346,678.3696071576933,completed,G:BW:LYBE:SYN2-348-D:P0001,F000035,11820.566175545653,12150.566175545653,12475.401997545654,12667.401997545654,13345.771604703346,13345.771604703346,12090.566175545653,15.0,True,0.0,20.5,0.0,40.42009048596155,0.0,aircraft_busy|departure_preparation|group_formation|origin_tlof|repositioning_flight,2026-07-31T03:02:00.566176+02:00,2026-07-31T03:17:00.566176+02:00,2026-07-31T03:21:30.566176+02:00,2026-07-31T03:22:30.566176+02:00,2026-07-31T03:27:55.401998+02:00,2026-07-31T03:42:25.771605+02:00,2026-07-31T03:42:25.771605+02:00
SYN2-210-D:P0001,SYN2-210-D,BW,LYBE,11115.937362751993,12495.937362751993,13734.182862850408,589.4096780984141,completed,G:BW:LYBE:SYN2-348-D:P0001,F000035,11820.566175545653,12150.566175545653,12475.401997545654,12667.401997545654,13256.811675644069,13256.811675644069,12090.566175545653,11.743813546561007,True,0.0,17.243813546561007,0.0,35.681238548201264,0.0,group_formation|repositioning_flight,2026-07-31T03:05:15.937363+02:00,2026-07-31T03:17:00.566176+02:00,2026-07-31T03:21:30.566176+02:00,2026-07-31T03:22:30.566176+02:00,2026-07-31T03:27:55.401998+02:00,2026-07-31T03:40:56.811676+02:00,2026-07-31T03:40:56.811676+02:00
SYN2-351-D:P0002,SYN2-351-D,DOR,LYBE,12192.99541038633,13572.99541038633,14923.03457705025,598.2389526639192,completed,G:DOR:LYBE:SYN2-351-D:P0002,F000039,13092.99541038633,13422.99541038633,13850.79562438633,14042.79562438633,14641.03457705025,14641.03457705025,13362.99541038633,15.0,True,0.0,20.5,0.0,40.80065277773201,0.0,departure_preparation|group_formation|repositioning_flight,2026-07-31T03:23:12.995410+02:00,2026-07-31T03:38:12.995410+02:00,2026-07-31T03:42:42.995410+02:00,2026-07-31T03:43:42.995410+02:00,2026-07-31T03:50:50.795624+02:00,2026-07-31T04:04:01.034577+02:00,2026-07-31T04:04:01.034577+02:00
SYN2-226-D:P0001,SYN2-226-D,JUG,LYBE,12494.406691386523,13874.406691386523,15265.122373715243,648.9133703287208,completed,G:JUG:LYBE:SYN2-226-D:P0001,F000040,13394.406691386523,13701.331171803813,14119.133483803813,14245.133483803813,14894.046854132534,14894.046854132534,13589.406691386523,15.0,True,0.0,20.11540800695484,0.86540800695484,39.99400271243351,0.0,aircraft_busy|departure_preparation|group_formation|repositioning_flight,2026-07-31T03:28:14.406691+02:00,2026-07-31T03:43:14.406691+02:00,2026-07-31T03:46:29.406691+02:00,2026-07-31T03:48:21.331172+02:00,2026-07-31T03:55:19.133484+02:00,2026-07-31T04:08:14.046854+02:00,2026-07-31T04:08:14.046854+02:00
SYN2-202-D:P0001,SYN2-202-D,DOR,LYBE,13009.984685464926,14389.984685464926,15693.58150361791,551.7966041529833,completed,G:DOR:LYBE:SYN2-351-D:P0002,F000039,13092.99541038633,13422.99541038633,13850.79562438633,14042.79562438633,14594.592228539314,14594.592228539314,13362.99541038633,1.3835120820233897,True,0.0,6.8835120820233895,0.0,26.41012571790646,0.0,group_formation,2026-07-31T03:36:49.984685+02:00,2026-07-31T03:38:12.995410+02:00,2026-07-31T03:42:42.995410+02:00,2026-07-31T03:43:42.995410+02:00,2026-07-31T03:50:50.795624+02:00,2026-07-31T04:03:14.592229+02:00,2026-07-31T04:03:14.592229+02:00
SYN2-217-D:P0001,SYN2-217-D,LYBV,LYBE,13440.641101028112,14820.641101028112,16243.211110003536,662.1218209754236,completed,G:LYBV:LYBE:SYN2-217-D:P0001,F000043,14340.641101028112,14745.641101028112,15182.089289028112,15440.089289028112,16102.211110003536,16102.211110003536,14685.641101028112,15.0,True,0.0,21.75,0.0,44.35950014959041,0.0,battery_before_repositioning|departure_preparation|group_formation|repositioning_flight,2026-07-31T03:44:00.641101+02:00,2026-07-31T03:59:00.641101+02:00,2026-07-31T04:04:45.641101+02:00,2026-07-31T04:05:45.641101+02:00,2026-07-31T04:13:02.089289+02:00,2026-07-31T04:28:22.211110+02:00,2026-07-31T04:28:22.211110+02:00
SYN2-211-D:P0001,SYN2-211-D,BW,LYBE,13909.071346268516,15289.071346268516,16489.078928742303,551.1717604737883,completed,G:BW:LYBE:SYN2-211-D:P0001,F000044,14809.071346268516,15064.071346268516,15388.907168268517,15514.907168268517,16066.078928742305,16066.078928742305,15004.071346268516,15.0,True,0.0,19.25,0.0,35.95012637456315,0.0,aircraft_busy|battery_before_repositioning|departure_preparation|group_formation|repositioning_flight,2026-07-31T03:51:49.071346+02:00,2026-07-31T04:06:49.071346+02:00,2026-07-31T04:10:04.071346+02:00,2026-07-31T04:11:04.071346+02:00,2026-07-31T04:16:28.907168+02:00,2026-07-31T04:27:46.078929+02:00,2026-07-31T04:27:46.078929+02:00
SYN2-214-D:P0002,SYN2-214-D,LYBV,LYBE,14083.208330879826,15463.208330879826,16868.274581673522,644.6180627936952,completed,G:LYBV:LYBE:SYN2-217-D:P0001,F000043,14340.641101028112,14745.641101028112,15182.089289028112,15440.089289028112,16084.707351821808,16084.707351821808,14685.641101028112,4.2905461691380875,True,0.0,11.040546169138088,0.0,33.35831701569968,0.0,group_formation,2026-07-31T03:54:43.208331+02:00,2026-07-31T03:59:00.641101+02:00,2026-07-31T04:04:45.641101+02:00,2026-07-31T04:05:45.641101+02:00,2026-07-31T04:13:02.089289+02:00,2026-07-31T04:28:04.707352+02:00,2026-07-31T04:28:04.707352+02:00
SYN2-349-D:P0001,SYN2-349-D,LYBV,LYBE,14163.040714364806,15543.040714364806,16849.679721954588,546.1908195897822,completed,G:LYBV:LYBE:SYN2-217-D:P0001,F000043,14340.641101028112,14745.641101028112,15182.089289028112,15440.089289028112,15986.280108617895,15986.280108617895,14685.641101028112,2.9600064443884246,True,0.0,9.710006444388425,0.0,30.38732323755148,0.0,group_formation,2026-07-31T03:56:03.040714+02:00,2026-07-31T03:59:00.641101+02:00,2026-07-31T04:04:45.641101+02:00,2026-07-31T04:05:45.641101+02:00,2026-07-31T04:13:02.089289+02:00,2026-07-31T04:26:26.280109+02:00,2026-07-31T04:26:26.280109+02:00
SYN2-235-D:P0001,SYN2-235-D,LYBV,LYBE,14913.918401359026,16293.918401359026,17625.71365440615,571.3470650471259,completed,G:LYBV:LYBE:SYN2-235-D:P0001,F000048,15813.918401359026,16068.918401359026,16505.366589359026,16631.366589359026,17202.71365440615,17202.71365440615,16008.918401359026,15.0,True,0.0,19.25,0.0,38.14658755078541,0.0,departure_preparation|group_formation|repositioning_flight,2026-07-31T04:08:33.918401+02:00,2026-07-31T04:23:33.918401+02:00,2026-07-31T04:26:48.918401+02:00,2026-07-31T04:27:48.918401+02:00,2026-07-31T04:35:05.366589+02:00,2026-07-31T04:46:42.713654+02:00,2026-07-31T04:46:42.713654+02:00
SYN2-351-D:P0001,SYN2-351-D,DOR,LYBE,14973.006634478768,16353.006634478768,17778.035842082492,673.2289936037234,completed,G:DOR:LYBE:SYN2-351-D:P0001,F000051,16060.80684847877,16380.416429599574,16808.216643599575,16934.216643599575,17607.4456372033,17607.4456372033,16255.80684847877,18.13000356666668,False,3.1300035666666797,23.4568299186801,1.0768263520134194,43.9073167120755,0.0,cleaning|departure_preparation|group_formation|repositioning_flight,2026-07-31T04:09:33.006634+02:00,2026-07-31T04:27:40.806848+02:00,2026-07-31T04:30:55.806848+02:00,2026-07-31T04:33:00.416430+02:00,2026-07-31T04:40:08.216644+02:00,2026-07-31T04:53:27.445637+02:00,2026-07-31T04:53:27.445637+02:00
SYN2-216-D:P0001,SYN2-216-D,BW,LYBE,15003.522600469383,16383.522600469383,17633.772212161493,601.4137896921108,completed,G:BW:LYBE:SYN2-216-D:P0001,F000049,15903.522600469383,16423.380821599574,16748.216643599575,16940.216643599575,17541.630433291684,17541.630433291684,16173.522600469383,15.0,True,0.0,23.66430368550318,3.1643036855031825,42.30179721370502,0.0,aircraft_busy|battery_before_repositioning|departure_preparation|group_formation|repositioning_flight,2026-07-31T04:10:03.522600+02:00,2026-07-31T04:25:03.522600+02:00,2026-07-31T04:29:33.522600+02:00,2026-07-31T04:33:43.380822+02:00,2026-07-31T04:39:08.216644+02:00,2026-07-31T04:52:21.630433+02:00,2026-07-31T04:52:21.630433+02:00
SYN2-233-D:P0001,SYN2-233-D,BW,LYBE,15471.77209070688,16851.77209070688,18160.5597869868,659.9518742799181,completed,G:BW:LYBE:SYN2-216-D:P0001,F000049,15903.522600469383,16423.380821599574,16748.216643599575,16940.216643599575,17600.168517879494,17600.168517879494,16173.522600469383,7.195841829375058,True,0.0,15.86014551487824,3.1643036855031825,35.47327378621024,0.0,battery_before_repositioning|departure_preparation|group_formation|repositioning_flight,2026-07-31T04:17:51.772091+02:00,2026-07-31T04:25:03.522600+02:00,2026-07-31T04:29:33.522600+02:00,2026-07-31T04:33:43.380822+02:00,2026-07-31T04:39:08.216644+02:00,2026-07-31T04:53:20.168518+02:00,2026-07-31T04:53:20.168518+02:00
SYN2-232-D:P0001,SYN2-232-D,JUG,LYBE,15653.48940284651,17033.48940284651,18351.590348409944,576.2986335634346,completed,G:JUG:LYBE:SYN2-232-D:P0001,F000052,16553.48940284651,17012.72324270822,17430.52555470822,17688.52555470822,18264.824188271654,18264.824188271654,16898.48940284651,15.0,True,0.0,22.653897331028507,0.9038973310285049,43.52224642375241,0.0,battery_before_repositioning|departure_preparation|group_formation|repositioning_flight,2026-07-31T04:20:53.489403+02:00,2026-07-31T04:35:53.489403+02:00,2026-07-31T04:41:38.489403+02:00,2026-07-31T04:43:32.723243+02:00,2026-07-31T04:50:30.525555+02:00,2026-07-31T05:04:24.824188+02:00,2026-07-31T05:04:24.824188+02:00
SYN2-234-D:P0001,SYN2-234-D,JUG,LYBE,15937.161488559683,17317.161488559683,18721.64518014389,662.6813795842046,completed,G:JUG:LYBE:SYN2-232-D:P0001,F000052,16553.48940284651,17012.72324270822,17430.52555470822,17688.52555470822,18351.206934292426,18351.206934292426,16898.48940284651,10.272131904780448,True,0.0,17.92602923580895,0.9038973310285049,40.23409076221239,0.0,departure_preparation|group_formation|repositioning_flight,2026-07-31T04:25:37.161489+02:00,2026-07-31T04:35:53.489403+02:00,2026-07-31T04:41:38.489403+02:00,2026-07-31T04:43:32.723243+02:00,2026-07-31T04:50:30.525555+02:00,2026-07-31T05:05:51.206934+02:00,2026-07-31T05:05:51.206934+02:00
SYN2-231-D:P0001,SYN2-231-D,JUG,LYBE,16210.489996684802,17590.489996684802,18964.346164721097,632.0538560362946,completed,G:JUG:LYBE:SYN2-232-D:P0001,F000052,16553.48940284651,17012.72324270822,17430.52555470822,17688.52555470822,18320.579410744514,18320.579410744514,16898.48940284651,5.716656769361786,True,0.0,13.37055410039029,0.9038973310285049,35.1681569009952,0.0,group_formation|repositioning_flight,2026-07-31T04:30:10.489997+02:00,2026-07-31T04:35:53.489403+02:00,2026-07-31T04:41:38.489403+02:00,2026-07-31T04:43:32.723243+02:00,2026-07-31T04:50:30.525555+02:00,2026-07-31T05:05:20.579411+02:00,2026-07-31T05:05:20.579411+02:00
SYN2-214-D:P0001,SYN2-214-D,JUG,LYBE,16641.53511457393,18021.53511457393,19436.803654352898,673.4662277789675,completed,G:JUG:LYBE:SYN2-214-D:P0001,F000054,17541.53511457393,17881.560210849682,18299.362522849682,18425.362522849682,19098.82875062865,19098.82875062865,17736.53511457393,15.0,True,0.0,20.66708493792921,1.417084937929212,40.95489393424535,0.0,aircraft_busy|departure_preparation|group_formation|repositioning_flight,2026-07-31T04:37:21.535115+02:00,2026-07-31T04:52:21.535115+02:00,2026-07-31T04:55:36.535115+02:00,2026-07-31T04:58:01.560211+02:00,2026-07-31T05:04:59.362523+02:00,2026-07-31T05:18:18.828751+02:00,2026-07-31T05:18:18.828751+02:00
SYN2-234-D:P0002,SYN2-234-D,JUG,LYBE,17620.824249839374,19000.824249839374,20356.389095505445,613.7625336660708,completed,G:JUG:LYBE:SYN2-234-D:P0002,F000056,18520.824249839374,19065.683400634145,19483.485712634145,19609.485712634145,20223.248246300216,20223.248246300216,18715.824249839374,15.0,True,0.0,24.08098584657952,4.830985846579521,43.37373327434737,0.0,aircraft_busy|battery_before_repositioning|departure_preparation|group_formation|repositioning_flight,2026-07-31T04:53:40.824250+02:00,2026-07-31T05:08:40.824250+02:00,2026-07-31T05:11:55.824250+02:00,2026-07-31T05:17:45.683401+02:00,2026-07-31T05:24:43.485713+02:00,2026-07-31T05:37:03.248246+02:00,2026-07-31T05:37:03.248246+02:00
SYN2-009-A:P0001,SYN2-009-A,LYBE,LYBV,20277.80321043103,,,678.3904543906503,completed,G:LYBE:LYBV:SYN2-009-A:P0001,F000057,21177.80321043103,21507.80321043103,21944.251398431028,22136.251398431028,,22136.251398431028,21447.80321043103,15.0,True,0.0,20.5,0.0,30.974136466666643,,group_formation,2026-07-31T05:37:57.803210+02:00,2026-07-31T05:52:57.803210+02:00,2026-07-31T05:57:27.803210+02:00,2026-07-31T05:58:27.803210+02:00,2026-07-31T06:05:44.251398+02:00,2026-07-31T06:08:56.251398+02:00,
SYN2-010-A:P0001,SYN2-010-A,LYBE,BW,20554.437456960703,,,590.4777159630283,completed,G:LYBE:BW:SYN2-010-A:P0001,F000058,21454.437456960703,21709.437456960703,22034.273278960703,22160.273278960703,,22160.273278960703,21649.437456960703,15.0,True,0.0,19.25,0.0,26.76393036666668,,group_formation,2026-07-31T05:42:34.437457+02:00,2026-07-31T05:57:34.437457+02:00,2026-07-31T06:00:49.437457+02:00,2026-07-31T06:01:49.437457+02:00,2026-07-31T06:07:14.273279+02:00,2026-07-31T06:09:20.273279+02:00,
SYN2-015-A:P0001,SYN2-015-A,LYBE,EXPO,20562.003095445805,,,627.708890748104,completed,G:LYBE:EXPO:SYN2-015-A:P0001,F000059,21462.003095445805,21749.437456960703,21950.1998549607,22076.1998549607,,22076.1998549607,21657.003095445805,15.0,True,0.0,19.790572691914956,0.5405726919149553,25.236612658581603,,group_formation,2026-07-31T05:42:42.003095+02:00,2026-07-31T05:57:42.003095+02:00,2026-07-31T06:00:57.003095+02:00,2026-07-31T06:02:29.437457+02:00,2026-07-31T06:05:50.199855+02:00,2026-07-31T06:07:56.199855+02:00,
SYN2-017-A:P0002,SYN2-017-A,LYBE,DOR,20650.408268370757,,,604.0849763340769,completed,G:LYBE:DOR:SYN2-017-A:P0002,F000060,21550.408268370757,21955.408268370757,22383.208482370756,22641.208482370756,,22641.208482370756,21895.408268370757,15.0,True,0.0,21.75,0.0,33.18000356666665,,group_formation,2026-07-31T05:44:10.408268+02:00,2026-07-31T05:59:10.408268+02:00,2026-07-31T06:04:55.408268+02:00,2026-07-31T06:05:55.408268+02:00,2026-07-31T06:13:03.208482+02:00,2026-07-31T06:17:21.208482+02:00,
SYN2-236-D:P0001,SYN2-236-D,BW,LYBE,20665.689133786494,22045.689133786494,23249.80239495967,555.2774391731768,completed,G:BW:LYBE:SYN2-236-D:P0001,F000066,22989.86376443103,23319.86376443103,23644.69958643103,23836.69958643103,24391.977025604207,24391.977025604207,23259.86376443103,38.73624384407558,False,23.73624384407558,44.23624384407558,0.0,62.104798196961866,19.036243844075578,aircraft_busy|cleaning|departure_preparation|group_formation|priority_other_group|repositioning_flight,2026-07-31T05:44:25.689134+02:00,2026-07-31T06:23:09.863764+02:00,2026-07-31T06:27:39.863764+02:00,2026-07-31T06:28:39.863764+02:00,2026-07-31T06:34:04.699586+02:00,2026-07-31T06:46:31.977026+02:00,2026-07-31T06:46:31.977026+02:00
SYN2-009-A:P0002,SYN2-009-A,LYBE,DOR,20666.09528792066,,,672.4250015358176,completed,G:LYBE:DOR:SYN2-017-A:P0002,F000060,21550.408268370757,21955.408268370757,22383.208482370756,22641.208482370756,,22641.208482370756,21895.408268370757,14.73854967416828,True,0.0,21.48854967416828,0.0,32.91855324083493,,group_formation,2026-07-31T05:44:26.095288+02:00,2026-07-31T05:59:10.408268+02:00,2026-07-31T06:04:55.408268+02:00,2026-07-31T06:05:55.408268+02:00,2026-07-31T06:13:03.208482+02:00,2026-07-31T06:17:21.208482+02:00,
SYN2-014-A:P0001,SYN2-014-A,LYBE,LYBV,21175.664614224595,,,617.9441005140609,completed,G:LYBE:LYBV:SYN2-009-A:P0001,F000057,21177.80321043103,21507.80321043103,21944.251398431028,22136.251398431028,,22136.251398431028,21447.80321043103,0.035643270107235975,True,0.0,5.535643270107236,0.0,16.009779736773876,,group_formation,2026-07-31T05:52:55.664614+02:00,2026-07-31T05:52:57.803210+02:00,2026-07-31T05:57:27.803210+02:00,2026-07-31T05:58:27.803210+02:00,2026-07-31T06:05:44.251398+02:00,2026-07-31T06:08:56.251398+02:00,
SYN2-017-A:P0001,SYN2-017-A,LYBE,DOR,21335.821643243427,,,608.4468476555733,completed,G:LYBE:DOR:SYN2-017-A:P0002,F000060,21550.408268370757,21955.408268370757,22383.208482370756,22641.208482370756,,22641.208482370756,21895.408268370757,3.576443752122153,True,0.0,10.326443752122152,0.0,21.7564473187888,,group_formation,2026-07-31T05:55:35.821643+02:00,2026-07-31T05:59:10.408268+02:00,2026-07-31T06:04:55.408268+02:00,2026-07-31T06:05:55.408268+02:00,2026-07-31T06:13:03.208482+02:00,2026-07-31T06:17:21.208482+02:00,
SYN2-019-A:P0001,SYN2-019-A,LYBE,LYBV,21733.705321996273,,,628.0754227420824,completed,G:LYBE:LYBV:SYN2-019-A:P0001,F000063,22633.705321996273,22888.705321996273,23325.15350999627,23451.15350999627,,23451.15350999627,22828.705321996273,15.0,True,0.0,19.25,0.0,28.62413646666664,,aircraft_busy|departure_preparation|group_formation|repositioning_flight,2026-07-31T06:02:13.705322+02:00,2026-07-31T06:17:13.705322+02:00,2026-07-31T06:20:28.705322+02:00,2026-07-31T06:21:28.705322+02:00,2026-07-31T06:28:45.153510+02:00,2026-07-31T06:30:51.153510+02:00,
SYN2-019-A:P0002,SYN2-019-A,LYBE,JUG,21873.83092331889,,,555.208309187826,completed,G:LYBE:JUG:SYN2-019-A:P0002,F000065,22773.83092331889,23028.83092331889,23446.63323531889,23572.63323531889,,23572.63323531889,22968.83092331889,15.0,True,0.0,19.25,0.0,28.313371866666664,,aircraft_busy|departure_preparation|group_formation|repositioning_flight,2026-07-31T06:04:33.830923+02:00,2026-07-31T06:19:33.830923+02:00,2026-07-31T06:22:48.830923+02:00,2026-07-31T06:23:48.830923+02:00,2026-07-31T06:30:46.633235+02:00,2026-07-31T06:32:52.633235+02:00,
SYN2-241-D:P0001,SYN2-241-D,BW,LYBE,22090.02646457314,23470.02646457314,24816.46242831224,697.6001417390997,completed,G:BW:LYBE:SYN2-236-D:P0001,F000066,22989.86376443103,23319.86376443103,23644.69958643103,23836.69958643103,24534.29972817013,24534.29972817013,23259.86376443103,14.997288330964814,True,0.0,20.497288330964814,0.0,40.737887726616464,0.0,aircraft_busy|cleaning|departure_preparation|repositioning_flight,2026-07-31T06:08:10.026465+02:00,2026-07-31T06:23:09.863764+02:00,2026-07-31T06:27:39.863764+02:00,2026-07-31T06:28:39.863764+02:00,2026-07-31T06:34:04.699586+02:00,2026-07-31T06:48:54.299728+02:00,2026-07-31T06:48:54.299728+02:00
SYN2-353-D:P0001,SYN2-353-D,JUG,LYBE,22136.319521225003,23516.319521225003,24871.75770131561,613.6358680906083,completed,G:JUG:LYBE:SYN2-353-D:P0001,F000068,23506.63323531889,23761.63323531889,24179.435547318888,24305.435547318888,24919.071415409497,24919.071415409497,23701.63323531889,22.838561901564752,False,7.838561901564754,27.088561901564752,0.0,46.37919823640823,0.7885619015647535,aircraft_busy|cleaning|departure_preparation|destination_tlof|group_formation|repositioning_flight,2026-07-31T06:08:56.319521+02:00,2026-07-31T06:31:46.633235+02:00,2026-07-31T06:35:01.633235+02:00,2026-07-31T06:36:01.633235+02:00,2026-07-31T06:42:59.435547+02:00,2026-07-31T06:55:19.071415+02:00,2026-07-31T06:55:19.071415+02:00
SYN2-242-D:P0001,SYN2-242-D,JUG,LYBE,24775.239550854796,26155.239550854796,27538.219450676195,641.1775878213991,completed,G:JUG:LYBE:SYN2-242-D:P0001,F000071,25675.239550854796,25930.239550854796,26348.041862854796,26474.041862854796,27115.219450676195,27115.219450676195,25870.239550854796,15.0,True,0.0,19.25,0.0,38.99966499702332,0.0,departure_preparation|group_formation|repositioning_flight,2026-07-31T06:52:55.239551+02:00,2026-07-31T07:07:55.239551+02:00,2026-07-31T07:11:10.239551+02:00,2026-07-31T07:12:10.239551+02:00,2026-07-31T07:19:08.041863+02:00,2026-07-31T07:31:55.219451+02:00,2026-07-31T07:31:55.219451+02:00
SYN2-237-D:P0001,SYN2-237-D,BW,LYBE,24993.442179245856,26373.442179245856,27679.604868407954,657.3268671620965,completed,G:BW:LYBE:SYN2-237-D:P0001,F000072,25893.442179245856,26148.442179245856,26473.278001245857,26599.278001245857,27256.604868407954,27256.604868407954,26088.442179245856,15.0,True,0.0,19.25,0.0,37.71937815270164,0.0,departure_preparation|group_formation|repositioning_flight,2026-07-31T06:56:33.442179+02:00,2026-07-31T07:11:33.442179+02:00,2026-07-31T07:14:48.442179+02:00,2026-07-31T07:15:48.442179+02:00,2026-07-31T07:21:13.278001+02:00,2026-07-31T07:34:16.604868+02:00,2026-07-31T07:34:16.604868+02:00
SYN2-246-D:P0001,SYN2-246-D,LYBV,LYBE,26374.713834224855,27754.713834224855,29157.499771187828,642.3377489629744,completed,G:LYBV:LYBE:SYN2-246-D:P0001,F000075,27274.713834224855,27604.713834224855,28041.162022224853,28233.162022224853,28875.499771187828,28875.499771187828,27544.713834224855,15.0,True,0.0,20.5,0.0,41.67976561604955,0.0,departure_preparation|group_formation|origin_tlof|repositioning_flight,2026-07-31T07:19:34.713834+02:00,2026-07-31T07:34:34.713834+02:00,2026-07-31T07:39:04.713834+02:00,2026-07-31T07:40:04.713834+02:00,2026-07-31T07:47:21.162022+02:00,2026-07-31T08:01:15.499771+02:00,2026-07-31T08:01:15.499771+02:00
SYN2-245-D:P0001,SYN2-245-D,LYBV,LYBE,26666.84917321565,28046.84917321565,29360.638589353843,553.3412281381932,completed,G:LYBV:LYBE:SYN2-246-D:P0001,F000075,27274.713834224855,27604.713834224855,28041.162022224853,28233.162022224853,28786.503250363046,28786.503250363046,27544.713834224855,10.131077683486728,True,0.0,15.631077683486728,0.0,35.32756795245659,0.0,group_formation|repositioning_flight,2026-07-31T07:24:26.849173+02:00,2026-07-31T07:34:34.713834+02:00,2026-07-31T07:39:04.713834+02:00,2026-07-31T07:40:04.713834+02:00,2026-07-31T07:47:21.162022+02:00,2026-07-31T07:59:46.503250+02:00,2026-07-31T07:59:46.503250+02:00
SYN2-243-D:P0001,SYN2-243-D,BW,LYBE,26819.626134787482,28199.626134787482,29437.092264127823,588.6303073403379,completed,G:BW:LYBE:SYN2-243-D:P0001,F000076,27719.626134787482,27974.626134787482,28299.461956787483,28425.461956787483,29014.092264127823,29014.092264127823,27914.626134787482,15.0,True,0.0,19.25,0.0,36.57443548900567,0.0,cleaning|departure_preparation|group_formation|repositioning_flight,2026-07-31T07:26:59.626135+02:00,2026-07-31T07:41:59.626135+02:00,2026-07-31T07:45:14.626135+02:00,2026-07-31T07:46:14.626135+02:00,2026-07-31T07:51:39.461957+02:00,2026-07-31T08:03:34.092264+02:00,2026-07-31T08:03:34.092264+02:00
SYN2-249-D:P0002,SYN2-249-D,BW,LYBE,28734.3212764861,30114.3212764861,31321.796935762533,558.6398372764339,completed,G:BW:LYBE:SYN2-249-D:P0002,F000079,29634.3212764861,29889.3212764861,30214.1570984861,30340.1570984861,30898.796935762533,30898.796935762533,29829.3212764861,15.0,True,0.0,19.25,0.0,36.07459432127392,0.0,departure_preparation|group_formation|repositioning_flight,2026-07-31T07:58:54.321276+02:00,2026-07-31T08:13:54.321276+02:00,2026-07-31T08:17:09.321276+02:00,2026-07-31T08:18:09.321276+02:00,2026-07-31T08:23:34.157098+02:00,2026-07-31T08:34:58.796936+02:00,2026-07-31T08:34:58.796936+02:00
SYN2-356-D:P0001,SYN2-356-D,LYBV,LYBE,29169.18586788682,30549.18586788682,31887.08192983123,577.4478739444133,completed,G:LYBV:LYBE:SYN2-356-D:P0001,F000080,30069.18586788682,30324.18586788682,30760.634055886818,30886.634055886818,31464.08192983123,31464.08192983123,30264.18586788682,15.0,True,0.0,19.25,0.0,38.24826769907352,0.0,departure_preparation|group_formation|repositioning_flight,2026-07-31T08:06:09.185868+02:00,2026-07-31T08:21:09.185868+02:00,2026-07-31T08:24:24.185868+02:00,2026-07-31T08:25:24.185868+02:00,2026-07-31T08:32:40.634056+02:00,2026-07-31T08:44:24.081930+02:00,2026-07-31T08:44:24.081930+02:00
SYN2-356-D:P0003,SYN2-356-D,LYBV,LYBE,30429.657255408452,31809.657255408452,33138.79731918512,568.6918757766686,completed,G:LYBV:LYBE:SYN2-356-D:P0003,F000083,31329.657255408452,31659.657255408452,32096.10544340845,32288.10544340845,32856.79731918512,32856.79731918512,31599.657255408452,15.0,True,0.0,20.5,0.0,40.45233439627779,0.0,departure_preparation|group_formation|repositioning_flight,2026-07-31T08:27:09.657255+02:00,2026-07-31T08:42:09.657255+02:00,2026-07-31T08:46:39.657255+02:00,2026-07-31T08:47:39.657255+02:00,2026-07-31T08:54:56.105443+02:00,2026-07-31T09:07:36.797319+02:00,2026-07-31T09:07:36.797319+02:00
SYN2-249-D:P0001,SYN2-249-D,LYBV,LYBE,30861.179854833932,32241.179854833932,33639.11114929507,637.4831064611393,completed,G:LYBV:LYBE:SYN2-356-D:P0003,F000083,31329.657255408452,31659.657255408452,32096.10544340845,32288.10544340845,32925.58854986959,32925.58854986959,31599.657255408452,7.8079566762420045,True,0.0,13.307956676242005,0.0,34.40681158392769,0.0,group_formation|repositioning_flight,2026-07-31T08:34:21.179855+02:00,2026-07-31T08:42:09.657255+02:00,2026-07-31T08:46:39.657255+02:00,2026-07-31T08:47:39.657255+02:00,2026-07-31T08:54:56.105443+02:00,2026-07-31T09:08:45.588550+02:00,2026-07-31T09:08:45.588550+02:00
SYN2-356-D:P0002,SYN2-356-D,DOR,LYBE,31063.12534593749,32443.12534593749,33812.22316991848,617.2976099809869,completed,G:DOR:LYBE:SYN2-356-D:P0002,F000085,31963.12534593749,32218.12534593749,32645.92555993749,32771.92555993749,33389.22316991848,33389.22316991848,32158.12534593749,15.0,True,0.0,19.25,0.0,38.7682970663498,0.0,departure_preparation|group_formation|repositioning_flight,2026-07-31T08:37:43.125346+02:00,2026-07-31T08:52:43.125346+02:00,2026-07-31T08:55:58.125346+02:00,2026-07-31T08:56:58.125346+02:00,2026-07-31T09:04:05.925560+02:00,2026-07-31T09:16:29.223170+02:00,2026-07-31T09:16:29.223170+02:00
SYN2-253-D:P0002,SYN2-253-D,BW,LYBE,31822.94433290555,33202.94433290555,34458.84512008148,607.0649651759296,completed,G:BW:LYBE:SYN2-253-D:P0002,F000086,32722.94433290555,32977.94433290555,33302.78015490555,33428.78015490555,34035.84512008148,34035.84512008148,32917.94433290555,15.0,True,0.0,19.25,0.0,36.88167978626552,0.0,departure_preparation|group_formation|repositioning_flight,2026-07-31T08:50:22.944333+02:00,2026-07-31T09:05:22.944333+02:00,2026-07-31T09:08:37.944333+02:00,2026-07-31T09:09:37.944333+02:00,2026-07-31T09:15:02.780155+02:00,2026-07-31T09:27:15.845120+02:00,2026-07-31T09:27:15.845120+02:00
SYN2-023-A:P0003,SYN2-023-A,LYBE,BW,31926.81901284181,,,551.9568471535227,completed,G:LYBE:BW:SYN2-023-A:P0003,F000087,32826.81901284181,33156.81901284181,33481.65483484181,33673.65483484181,,33673.65483484181,33096.81901284181,14.99999999999994,True,0.0,20.49999999999994,0.0,29.113930366666622,,aircraft_busy|group_formation,2026-07-31T08:52:06.819013+02:00,2026-07-31T09:07:06.819013+02:00,2026-07-31T09:11:36.819013+02:00,2026-07-31T09:12:36.819013+02:00,2026-07-31T09:18:01.654835+02:00,2026-07-31T09:21:13.654835+02:00,
SYN2-023-A:P0002,SYN2-023-A,LYBE,DOR,31953.8223478915,,,654.0712220595459,completed,G:LYBE:DOR:SYN2-023-A:P0002,F000088,32853.8223478915,33196.81901284181,33624.61922684181,33816.61922684181,,33816.61922684181,33123.8223478915,15.00000000000006,True,6.063298011819522e-14,20.71661108250513,0.2166110825050661,31.046614649171836,,aircraft_busy|group_formation,2026-07-31T08:52:33.822348+02:00,2026-07-31T09:07:33.822348+02:00,2026-07-31T09:12:03.822348+02:00,2026-07-31T09:13:16.819013+02:00,2026-07-31T09:20:24.619227+02:00,2026-07-31T09:23:36.619227+02:00,
SYN2-254-D:P0001,SYN2-254-D,LYBV,LYBE,32002.33068287823,33382.33068287823,34752.38874128745,609.6098704092119,completed,G:LYBV:LYBE:SYN2-254-D:P0001,F000092,33865.22834290555,34120.22834290555,34556.676530905555,34682.676530905555,35292.28640131477,35292.28640131477,34060.22834290555,31.048294333788725,False,16.048294333788725,35.298294333788725,0.0,54.832595307275675,8.998294333788726,aircraft_busy|group_formation|origin_tlof|priority_other_group,2026-07-31T08:53:22.330683+02:00,2026-07-31T09:24:25.228343+02:00,2026-07-31T09:27:40.228343+02:00,2026-07-31T09:28:40.228343+02:00,2026-07-31T09:35:56.676531+02:00,2026-07-31T09:48:12.286401+02:00,2026-07-31T09:48:12.286401+02:00
SYN2-157-A:P0001,SYN2-157-A,LYBE,LYBV,32033.0018437256,,,617.7857383360315,completed,G:LYBE:LYBV:SYN2-157-A:P0001,F000089,32933.0018437256,33302.78015490555,33739.22834290555,33865.22834290555,,33865.22834290555,33128.0018437256,15.0,True,0.0,21.16297185299918,1.9129718529991806,30.537108319665883,,group_formation,2026-07-31T08:53:53.001844+02:00,2026-07-31T09:08:53.001844+02:00,2026-07-31T09:12:08.001844+02:00,2026-07-31T09:15:02.780155+02:00,2026-07-31T09:22:19.228343+02:00,2026-07-31T09:24:25.228343+02:00,
SYN2-022-A:P0001,SYN2-022-A,LYBE,DOR,32037.121583473265,,,558.5218486958034,completed,G:LYBE:DOR:SYN2-023-A:P0002,F000088,32853.8223478915,33196.81901284181,33624.61922684181,33816.61922684181,,33816.61922684181,33123.8223478915,13.611679406970628,True,0.0,19.328290489475695,0.2166110825050661,29.658294056142402,,aircraft_busy|group_formation,2026-07-31T08:53:57.121583+02:00,2026-07-31T09:07:33.822348+02:00,2026-07-31T09:12:03.822348+02:00,2026-07-31T09:13:16.819013+02:00,2026-07-31T09:20:24.619227+02:00,2026-07-31T09:23:36.619227+02:00,
SYN2-021-A:P0001,SYN2-021-A,LYBE,BW,32200.559320340875,,,592.6762410697022,completed,G:LYBE:BW:SYN2-023-A:P0003,F000087,32826.81901284181,33156.81901284181,33481.65483484181,33673.65483484181,,33673.65483484181,33096.81901284181,10.437661541682186,True,0.0,15.937661541682186,0.0,24.55159190834887,,aircraft_busy|group_formation,2026-07-31T08:56:40.559320+02:00,2026-07-31T09:07:06.819013+02:00,2026-07-31T09:11:36.819013+02:00,2026-07-31T09:12:36.819013+02:00,2026-07-31T09:18:01.654835+02:00,2026-07-31T09:21:13.654835+02:00,
SYN2-250-D:P0001,SYN2-250-D,DOR,LYBE,32301.47888255032,33681.47888255032,35103.95866711747,670.6795705671493,completed,G:DOR:LYBE:SYN2-250-D:P0001,F000091,33816.61922684181,34193.93869111634,34621.73890511634,34747.73890511634,35418.41847568349,35418.41847568349,34011.61922684181,25.252339071524815,False,10.252339071524814,31.540996809433636,2.0386577379088218,51.94899321888612,5.2409968094336365,aircraft_busy|group_formation|priority_other_group,2026-07-31T08:58:21.478883+02:00,2026-07-31T09:23:36.619227+02:00,2026-07-31T09:26:51.619227+02:00,2026-07-31T09:29:53.938691+02:00,2026-07-31T09:37:01.738905+02:00,2026-07-31T09:50:18.418476+02:00,2026-07-31T09:50:18.418476+02:00
SYN2-259-D:P0001,SYN2-259-D,BW,LYBE,32774.27742442932,34154.27742442932,35454.46381643391,651.3505700045969,completed,G:BW:LYBE:SYN2-259-D:P0001,F000090,33674.27742442932,34004.27742442932,34329.11324642932,34521.11324642932,35172.46381643391,35172.46381643391,33944.27742442932,15.0,True,0.0,20.5,0.0,39.969773200076574,0.0,aircraft_busy|group_formation,2026-07-31T09:06:14.277424+02:00,2026-07-31T09:21:14.277424+02:00,2026-07-31T09:25:44.277424+02:00,2026-07-31T09:26:44.277424+02:00,2026-07-31T09:32:09.113246+02:00,2026-07-31T09:46:12.463816+02:00,2026-07-31T09:46:12.463816+02:00
SYN2-253-D:P0001,SYN2-253-D,BW,LYBE,32792.1786749687,34172.1786749687,35424.70857348569,603.6940765169868,completed,G:BW:LYBE:SYN2-259-D:P0001,F000090,33674.27742442932,34004.27742442932,34329.11324642932,34521.11324642932,35124.807322946304,35124.807322946304,33944.27742442932,14.701645824343602,True,0.0,20.2016458243436,0.0,38.87714413296005,0.0,aircraft_busy|group_formation,2026-07-31T09:06:32.178675+02:00,2026-07-31T09:21:14.277424+02:00,2026-07-31T09:25:44.277424+02:00,2026-07-31T09:26:44.277424+02:00,2026-07-31T09:32:09.113246+02:00,2026-07-31T09:45:24.807323+02:00,2026-07-31T09:45:24.807323+02:00
SYN2-157-A:P0002,SYN2-157-A,LYBE,BW,32974.42084425072,,,667.075666255517,completed,G:LYBE:BW:SYN2-157-A:P0002,F000093,34028.78015490555,34433.78015490555,34758.61597690555,35016.61597690555,,35016.61597690555,34373.78015490555,17.57265517758048,False,2.572655177580479,24.32265517758048,0.0,34.03658554424716,,aircraft_busy|cleaning|group_formation,2026-07-31T09:09:34.420844+02:00,2026-07-31T09:27:08.780155+02:00,2026-07-31T09:32:53.780155+02:00,2026-07-31T09:33:53.780155+02:00,2026-07-31T09:39:18.615977+02:00,2026-07-31T09:43:36.615977+02:00,
SYN2-023-A:P0001,SYN2-023-A,LYBE,BW,33098.756599839915,,,599.7110953548992,completed,G:LYBE:BW:SYN2-157-A:P0002,F000093,34028.78015490555,34433.78015490555,34758.61597690555,35016.61597690555,,35016.61597690555,34373.78015490555,15.500392584427269,False,0.5003925844272695,22.25039258442727,0.0,31.96432295109395,,aircraft_busy|cleaning|group_formation,2026-07-31T09:11:38.756600+02:00,2026-07-31T09:27:08.780155+02:00,2026-07-31T09:32:53.780155+02:00,2026-07-31T09:33:53.780155+02:00,2026-07-31T09:39:18.615977+02:00,2026-07-31T09:43:36.615977+02:00,
SYN2-260-D:P0001,SYN2-260-D,BW,LYBE,33873.24379896115,35253.24379896115,36577.21443037109,675.1348094099366,completed,G:BW:LYBE:SYN2-260-D:P0001,F000094,35016.61597690555,35421.61597690555,35746.45179890555,36004.45179890555,36679.58660831549,36679.58660831549,35361.61597690555,19.056202965740038,False,4.056202965740037,25.806202965740038,0.0,46.77238015590568,1.7062029657400368,aircraft_busy|group_formation,2026-07-31T09:24:33.243799+02:00,2026-07-31T09:43:36.615977+02:00,2026-07-31T09:49:21.615977+02:00,2026-07-31T09:50:21.615977+02:00,2026-07-31T09:55:46.451799+02:00,2026-07-31T10:11:19.586608+02:00,2026-07-31T10:11:19.586608+02:00
SYN2-026-A:P0001,SYN2-026-A,LYBE,BW,33975.38815157781,,,672.3159825722503,completed,G:LYBE:BW:SYN2-157-A:P0002,F000093,34028.78015490555,34433.78015490555,34758.61597690555,35016.61597690555,,35016.61597690555,34373.78015490555,0.8898667221289845,True,0.0,7.639866722128985,0.0,17.353797088795666,,cleaning,2026-07-31T09:26:15.388152+02:00,2026-07-31T09:27:08.780155+02:00,2026-07-31T09:32:53.780155+02:00,2026-07-31T09:33:53.780155+02:00,2026-07-31T09:39:18.615977+02:00,2026-07-31T09:43:36.615977+02:00,
SYN2-358-D:P0001,SYN2-358-D,BW,LYBE,34227.8316121829,35607.8316121829,36948.888823586705,692.2213894038067,completed,G:BW:LYBE:SYN2-260-D:P0001,F000094,35016.61597690555,35421.61597690555,35746.45179890555,36004.45179890555,36696.67318830936,36696.67318830936,35361.61597690555,13.146406078710909,True,0.0,19.89640607871091,0.0,41.147359602107706,0.0,aircraft_busy|group_formation,2026-07-31T09:30:27.831612+02:00,2026-07-31T09:43:36.615977+02:00,2026-07-31T09:49:21.615977+02:00,2026-07-31T09:50:21.615977+02:00,2026-07-31T09:55:46.451799+02:00,2026-07-31T10:11:36.673188+02:00,2026-07-31T10:11:36.673188+02:00
SYN2-360-D:P0001,SYN2-360-D,BW,LYBE,34740.06636657142,36120.06636657142,37358.75270587959,589.8505173081691,completed,G:BW:LYBE:SYN2-260-D:P0001,F000094,35016.61597690555,35421.61597690555,35746.45179890555,36004.45179890555,36594.302316213725,36594.302316213725,35361.61597690555,4.609160172235594,True,0.0,11.359160172235594,0.0,30.90393249403848,0.0,aircraft_busy|group_formation,2026-07-31T09:39:00.066367+02:00,2026-07-31T09:43:36.615977+02:00,2026-07-31T09:49:21.615977+02:00,2026-07-31T09:50:21.615977+02:00,2026-07-31T09:55:46.451799+02:00,2026-07-31T10:09:54.302316+02:00,2026-07-31T10:09:54.302316+02:00
SYN2-254-D:P0002,SYN2-254-D,LYBV,LYBE,34835.488713797036,36215.488713797036,37581.02130293504,605.0844011380027,completed,G:LYBV:LYBE:SYN2-254-D:P0002,F000097,35735.488713797036,35990.488713797036,36426.93690179704,36552.93690179704,37158.02130293504,37158.02130293504,35930.488713797036,15.0,True,0.0,19.25,0.0,38.70887648563342,0.0,cleaning|departure_preparation|group_formation|repositioning_flight,2026-07-31T09:40:35.488714+02:00,2026-07-31T09:55:35.488714+02:00,2026-07-31T09:58:50.488714+02:00,2026-07-31T09:59:50.488714+02:00,2026-07-31T10:07:06.936902+02:00,2026-07-31T10:19:18.021303+02:00,2026-07-31T10:19:18.021303+02:00
SYN2-255-D:P0001,SYN2-255-D,EXPO,LYBE,35340.64000022498,36720.64000022498,37888.5261751014,643.1237768764169,completed,G:EXPO:LYBE:SYN2-255-D:P0001,F000099,36240.64000022498,36495.64000022498,36696.40239822498,36822.40239822498,37465.5261751014,37465.5261751014,36435.64000022498,15.0,True,0.0,19.25,0.0,35.414769581273625,0.0,departure_preparation|group_formation|repositioning_flight,2026-07-31T09:49:00.640000+02:00,2026-07-31T10:04:00.640000+02:00,2026-07-31T10:07:15.640000+02:00,2026-07-31T10:08:15.640000+02:00,2026-07-31T10:11:36.402398+02:00,2026-07-31T10:24:25.526175+02:00,2026-07-31T10:24:25.526175+02:00
SYN2-263-D:P0001,SYN2-263-D,DOR,LYBE,35969.56084663348,37349.56084663348,38710.010645878385,608.649585244902,completed,G:DOR:LYBE:SYN2-263-D:P0001,F000100,36869.56084663348,37199.56084663348,37627.361060633484,37819.361060633484,38428.010645878385,38428.010645878385,37139.56084663348,15.0,True,0.0,20.5,0.0,40.97416332074839,0.0,aircraft_busy|departure_preparation|group_formation|repositioning_flight,2026-07-31T09:59:29.560847+02:00,2026-07-31T10:14:29.560847+02:00,2026-07-31T10:18:59.560847+02:00,2026-07-31T10:19:59.560847+02:00,2026-07-31T10:27:07.361061+02:00,2026-07-31T10:40:28.010646+02:00,2026-07-31T10:40:28.010646+02:00
SYN2-030-A:P0001,SYN2-030-A,LYBE,JUG,36321.31907235825,,,592.6848434275232,completed,G:LYBE:JUG:SYN2-030-A:P0001,F000101,37221.31907235825,37476.31907235825,37894.12138435825,38020.12138435825,,38020.12138435825,37416.31907235825,15.0,True,0.0,19.25,0.0,28.313371866666664,,aircraft_busy|group_formation,2026-07-31T10:05:21.319072+02:00,2026-07-31T10:20:21.319072+02:00,2026-07-31T10:23:36.319072+02:00,2026-07-31T10:24:36.319072+02:00,2026-07-31T10:31:34.121384+02:00,2026-07-31T10:33:40.121384+02:00,
SYN2-288-D:P0001,SYN2-288-D,DOR,LYBE,36621.71132088437,38001.71132088437,39356.43487831151,602.9233434271341,completed,G:DOR:LYBE:SYN2-263-D:P0001,F000100,36869.56084663348,37199.56084663348,37627.361060633484,37819.361060633484,38422.28440406062,38422.28440406062,37139.56084663348,4.13082542915181,True,0.0,9.630825429151809,0.0,30.009551386270807,0.0,group_formation,2026-07-31T10:10:21.711321+02:00,2026-07-31T10:14:29.560847+02:00,2026-07-31T10:18:59.560847+02:00,2026-07-31T10:19:59.560847+02:00,2026-07-31T10:27:07.361061+02:00,2026-07-31T10:40:22.284404+02:00,2026-07-31T10:40:22.284404+02:00
SYN2-361-D:P0001,SYN2-361-D,JUG,LYBE,37603.2755741492,38983.2755741492,40321.87819786351,596.8003117143099,completed,G:JUG:LYBE:SYN2-361-D:P0001,F000104,38814.72234405215,39219.72234405215,39637.52465605215,39895.52465605215,40492.32496776646,40492.32496776646,39159.72234405215,20.190779498382472,False,5.190779498382471,26.940779498382472,0.0,48.15082322695428,2.8407794983824717,aircraft_busy|departure_preparation|group_formation|repositioning_flight,2026-07-31T10:26:43.275574+02:00,2026-07-31T10:46:54.722344+02:00,2026-07-31T10:52:39.722344+02:00,2026-07-31T10:53:39.722344+02:00,2026-07-31T11:00:37.524656+02:00,2026-07-31T11:14:52.324968+02:00,2026-07-31T11:14:52.324968+02:00
SYN2-159-A:P0002,SYN2-159-A,LYBE,DOR,38076.48485751364,,,586.8292528557439,completed,G:LYBE:DOR:SYN2-159-A:P0002,F000105,38976.48485751364,39231.48485751364,39659.285071513645,39785.285071513645,,39785.285071513645,39171.48485751364,15.0,True,0.0,19.25,0.0,28.48000356666671,,group_formation,2026-07-31T10:34:36.484858+02:00,2026-07-31T10:49:36.484858+02:00,2026-07-31T10:52:51.484858+02:00,2026-07-31T10:53:51.484858+02:00,2026-07-31T11:00:59.285072+02:00,2026-07-31T11:03:05.285072+02:00,
SYN2-271-D:P0002,SYN2-271-D,JUG,LYBE,38163.74010635352,39543.74010635352,40905.70179329597,620.1593749424497,completed,G:JUG:LYBE:SYN2-361-D:P0001,F000104,38814.72234405215,39219.72234405215,39637.52465605215,39895.52465605215,40515.6840309946,40515.6840309946,39159.72234405215,10.849703961643778,True,0.0,17.59970396164378,0.0,39.19906541068461,0.0,departure_preparation|group_formation|repositioning_flight,2026-07-31T10:36:03.740106+02:00,2026-07-31T10:46:54.722344+02:00,2026-07-31T10:52:39.722344+02:00,2026-07-31T10:53:39.722344+02:00,2026-07-31T11:00:37.524656+02:00,2026-07-31T11:15:15.684031+02:00,2026-07-31T11:15:15.684031+02:00
SYN2-271-D:P0001,SYN2-271-D,JUG,LYBE,38224.79641444117,39604.79641444117,40961.87737583906,615.2786493978894,completed,G:JUG:LYBE:SYN2-361-D:P0001,F000104,38814.72234405215,39219.72234405215,39637.52465605215,39895.52465605215,40510.80330545004,40510.80330545004,39159.72234405215,9.832098826849688,True,0.0,16.582098826849688,0.0,38.1001148501479,0.0,departure_preparation|group_formation|repositioning_flight,2026-07-31T10:37:04.796414+02:00,2026-07-31T10:46:54.722344+02:00,2026-07-31T10:52:39.722344+02:00,2026-07-31T10:53:39.722344+02:00,2026-07-31T11:00:37.524656+02:00,2026-07-31T11:15:10.803305+02:00,2026-07-31T11:15:10.803305+02:00
SYN2-159-A:P0003,SYN2-159-A,LYBE,EXPO,38258.0190516311,,,610.248687711033,completed,G:LYBE:EXPO:SYN2-159-A:P0003,F000106,39158.0190516311,39413.0190516311,39613.7814496311,39739.7814496311,,39739.7814496311,39353.0190516311,15.0,True,0.0,19.25,0.0,24.69603996666665,,group_formation,2026-07-31T10:37:38.019052+02:00,2026-07-31T10:52:38.019052+02:00,2026-07-31T10:55:53.019052+02:00,2026-07-31T10:56:53.019052+02:00,2026-07-31T11:00:13.781450+02:00,2026-07-31T11:02:19.781450+02:00,
SYN2-265-D:P0001,SYN2-265-D,BW,LYBE,38336.92003205215,39716.92003205215,40942.33798261914,576.5821285669878,completed,G:BW:LYBE:SYN2-265-D:P0001,F000107,39236.92003205215,39641.92003205215,39966.75585405215,40224.75585405215,40801.33798261914,40801.33798261914,39581.92003205215,15.0,True,0.0,21.75,0.0,41.073632509449816,0.0,departure_preparation|group_formation|repositioning_flight,2026-07-31T10:38:56.920032+02:00,2026-07-31T10:53:56.920032+02:00,2026-07-31T10:59:41.920032+02:00,2026-07-31T11:00:41.920032+02:00,2026-07-31T11:06:06.755854+02:00,2026-07-31T11:20:01.337983+02:00,2026-07-31T11:20:01.337983+02:00
SYN2-284-D:P0001,SYN2-284-D,BW,LYBE,38422.36548397377,39802.36548397377,41118.37402364248,667.1727176687072,completed,G:BW:LYBE:SYN2-265-D:P0001,F000107,39236.92003205215,39641.92003205215,39966.75585405215,40224.75585405215,40891.928571720855,40891.928571720855,39581.92003205215,13.57590913463961,True,0.0,20.325909134639613,0.0,41.15938479578472,0.0,group_formation|repositioning_flight,2026-07-31T10:40:22.365484+02:00,2026-07-31T10:53:56.920032+02:00,2026-07-31T10:59:41.920032+02:00,2026-07-31T11:00:41.920032+02:00,2026-07-31T11:06:06.755854+02:00,2026-07-31T11:21:31.928572+02:00,2026-07-31T11:21:31.928572+02:00
SYN2-286-D:P0001,SYN2-286-D,DOR,LYBE,38445.06109839003,39825.06109839003,41240.52401313475,663.6627007447155,completed,G:DOR:LYBE:SYN2-286-D:P0001,F000121,42499.753387930825,42924.39244722712,43352.19266122712,43478.19266122712,44141.85536197184,44141.85536197184,42694.753387930825,67.57820482567986,False,52.57820482567986,74.65552248061807,2.827317654938209,94.94657105969672,48.35552248061807,aircraft_busy|group_formation|priority_other_group,2026-07-31T10:40:45.061098+02:00,2026-07-31T11:48:19.753388+02:00,2026-07-31T11:51:34.753388+02:00,2026-07-31T11:55:24.392447+02:00,2026-07-31T12:02:32.192661+02:00,2026-07-31T12:15:41.855362+02:00,2026-07-31T12:15:41.855362+02:00
SYN2-159-A:P0001,SYN2-159-A,LYBE,LYBV,38717.0513026789,,,665.5817186645249,completed,G:LYBE:LYBV:SYN2-159-A:P0001,F000110,39895.52465605215,40225.52465605215,40661.97284405215,40853.97284405215,,40853.97284405215,40165.52465605215,19.641222556220843,False,4.641222556220843,25.141222556220843,0.0,35.615359022887546,,aircraft_busy|group_formation|priority_other_group,2026-07-31T10:45:17.051303+02:00,2026-07-31T11:04:55.524656+02:00,2026-07-31T11:09:25.524656+02:00,2026-07-31T11:10:25.524656+02:00,2026-07-31T11:17:41.972844+02:00,2026-07-31T11:20:53.972844+02:00,
SYN2-032-A:P0001,SYN2-032-A,LYBE,BW,38810.22154757295,,,685.4989782756618,completed,G:LYBE:BW:SYN2-032-A:P0001,F000111,40026.75585405215,40356.75585405215,40681.59167605215,40873.59167605215,,40873.59167605215,40296.75585405215,20.275571774653265,False,5.275571774653266,25.775571774653265,0.0,34.389502141319944,,aircraft_busy|departure_preparation|destination_tlof|group_formation|priority_other_group|repositioning_flight,2026-07-31T10:46:50.221548+02:00,2026-07-31T11:07:06.755854+02:00,2026-07-31T11:11:36.755854+02:00,2026-07-31T11:12:36.755854+02:00,2026-07-31T11:18:01.591676+02:00,2026-07-31T11:21:13.591676+02:00,
SYN2-032-A:P0002,SYN2-032-A,LYBE,BW,38977.03897660966,,,603.9568337657286,completed,G:LYBE:BW:SYN2-032-A:P0001,F000111,40026.75585405215,40356.75585405215,40681.59167605215,40873.59167605215,,40873.59167605215,40296.75585405215,17.495281290708103,False,2.495281290708105,22.995281290708103,0.0,31.609211657374786,,aircraft_busy|departure_preparation|destination_tlof|group_formation|repositioning_flight,2026-07-31T10:49:37.038977+02:00,2026-07-31T11:07:06.755854+02:00,2026-07-31T11:11:36.755854+02:00,2026-07-31T11:12:36.755854+02:00,2026-07-31T11:18:01.591676+02:00,2026-07-31T11:21:13.591676+02:00,
SYN2-283-D:P0002,SYN2-283-D,BW,LYBE,39111.30382970655,40491.30382970655,41784.40714050746,644.2674888009062,completed,G:BW:LYBE:SYN2-265-D:P0001,F000107,39236.92003205215,39641.92003205215,39966.75585405215,40224.75585405215,40869.023342853056,40869.023342853056,39581.92003205215,2.0936033724266356,True,0.0,8.843603372426635,0.0,29.295325219108417,0.0,group_formation,2026-07-31T10:51:51.303830+02:00,2026-07-31T10:53:56.920032+02:00,2026-07-31T10:59:41.920032+02:00,2026-07-31T11:00:41.920032+02:00,2026-07-31T11:06:06.755854+02:00,2026-07-31T11:21:09.023343+02:00,2026-07-31T11:21:09.023343+02:00
SYN2-033-A:P0001,SYN2-033-A,LYBE,LYBV,39124.39160290777,,,654.9829052824923,completed,G:LYBE:LYBV:SYN2-159-A:P0001,F000110,39895.52465605215,40225.52465605215,40661.97284405215,40853.97284405215,,40853.97284405215,40165.52465605215,12.852217552406243,True,0.0,18.35221755240624,0.0,28.826354019072944,,aircraft_busy|group_formation,2026-07-31T10:52:04.391603+02:00,2026-07-31T11:04:55.524656+02:00,2026-07-31T11:09:25.524656+02:00,2026-07-31T11:10:25.524656+02:00,2026-07-31T11:17:41.972844+02:00,2026-07-31T11:20:53.972844+02:00,
SYN2-032-A:P0003,SYN2-032-A,LYBE,JUG,39213.41002112537,,,645.8590258300649,completed,G:LYBE:JUG:SYN2-032-A:P0003,F000112,40224.75585405215,40554.75585405215,40972.55816605215,41164.55816605215,,41164.55816605215,40494.75585405215,16.855763882113024,False,1.855763882113024,22.355763882113024,0.0,32.51913574877969,,aircraft_busy|group_formation,2026-07-31T10:53:33.410021+02:00,2026-07-31T11:10:24.755854+02:00,2026-07-31T11:14:54.755854+02:00,2026-07-31T11:15:54.755854+02:00,2026-07-31T11:22:52.558166+02:00,2026-07-31T11:26:04.558166+02:00,
SYN2-270-D:P0001,SYN2-270-D,BW,LYBE,39722.290228247635,41102.290228247635,42339.276029089844,588.1499788422099,completed,G:BW:LYBE:SYN2-270-D:P0001,F000113,40622.290228247635,40952.290228247635,41277.126050247636,41469.126050247636,42057.276029089844,42057.276029089844,40892.290228247635,15.0,True,0.0,20.5,0.0,38.91643001403681,0.0,aircraft_busy|departure_preparation|group_formation|repositioning_flight,2026-07-31T11:02:02.290228+02:00,2026-07-31T11:17:02.290228+02:00,2026-07-31T11:21:32.290228+02:00,2026-07-31T11:22:32.290228+02:00,2026-07-31T11:27:57.126050+02:00,2026-07-31T11:40:57.276029+02:00,2026-07-31T11:40:57.276029+02:00
SYN2-277-D:P0001,SYN2-277-D,BW,LYBE,39804.905746373704,41184.905746373704,42444.60287899766,610.8613106239541,completed,G:BW:LYBE:SYN2-270-D:P0001,F000113,40622.290228247635,40952.290228247635,41277.126050247636,41469.126050247636,42079.98736087159,42079.98736087159,40892.290228247635,13.623074697898847,True,0.0,19.123074697898847,0.0,37.91802690829815,0.0,departure_preparation|group_formation|repositioning_flight,2026-07-31T11:03:24.905746+02:00,2026-07-31T11:17:02.290228+02:00,2026-07-31T11:21:32.290228+02:00,2026-07-31T11:22:32.290228+02:00,2026-07-31T11:27:57.126050+02:00,2026-07-31T11:41:19.987361+02:00,2026-07-31T11:41:19.987361+02:00
SYN2-031-A:P0001,SYN2-031-A,LYBE,JUG,39834.76146489913,,,621.2990190459612,completed,G:LYBE:JUG:SYN2-032-A:P0003,F000112,40224.75585405215,40554.75585405215,40972.55816605215,41164.55816605215,,41164.55816605215,40494.75585405215,6.4999064858836695,True,0.0,11.999906485883669,0.0,22.163278352550332,,aircraft_busy|group_formation,2026-07-31T11:03:54.761465+02:00,2026-07-31T11:10:24.755854+02:00,2026-07-31T11:14:54.755854+02:00,2026-07-31T11:15:54.755854+02:00,2026-07-31T11:22:52.558166+02:00,2026-07-31T11:26:04.558166+02:00,
SYN2-160-A:P0001,SYN2-160-A,LYBE,DOR,39930.491873260056,,,584.706430140809,completed,G:LYBE:DOR:SYN2-160-A:P0001,F000118,41438.27972002309,41879.95317393082,42307.753387930825,42499.753387930825,,42499.753387930825,41708.27972002309,25.129797446050603,False,10.129797446050604,32.4910216778461,1.8612242317954952,42.82102524451281,,aircraft_busy|departure_preparation|destination_tlof|group_formation|origin_tlof|repositioning_flight,2026-07-31T11:05:30.491873+02:00,2026-07-31T11:30:38.279720+02:00,2026-07-31T11:35:08.279720+02:00,2026-07-31T11:37:59.953174+02:00,2026-07-31T11:45:07.753388+02:00,2026-07-31T11:48:19.753388+02:00,
SYN2-033-A:P0002,SYN2-033-A,LYBE,LYBV,40336.4828448576,,,557.1475152718433,completed,G:LYBE:LYBV:SYN2-033-A:P0002,F000117,41378.27972002309,42001.84268796791,42438.29087596791,42630.29087596791,,42630.29087596791,41648.27972002309,17.363281252758195,False,2.363281252758194,27.75599738517182,4.892716132413625,38.230133851838524,,aircraft_busy|battery_before_repositioning|departure_preparation|group_formation|repositioning_flight,2026-07-31T11:12:16.482845+02:00,2026-07-31T11:29:38.279720+02:00,2026-07-31T11:34:08.279720+02:00,2026-07-31T11:40:01.842688+02:00,2026-07-31T11:47:18.290876+02:00,2026-07-31T11:50:30.290876+02:00,
SYN2-036-A:P0003,SYN2-036-A,LYBE,DOR,40522.68835263792,,,598.9239039231635,completed,G:LYBE:DOR:SYN2-160-A:P0001,F000118,41438.27972002309,41879.95317393082,42307.753387930825,42499.753387930825,,42499.753387930825,41708.27972002309,15.259856123086259,False,0.2598561230862591,22.621080354881755,1.8612242317954952,32.95108392154847,,aircraft_busy|departure_preparation|destination_tlof|group_formation|origin_tlof|repositioning_flight,2026-07-31T11:15:22.688353+02:00,2026-07-31T11:30:38.279720+02:00,2026-07-31T11:35:08.279720+02:00,2026-07-31T11:37:59.953174+02:00,2026-07-31T11:45:07.753388+02:00,2026-07-31T11:48:19.753388+02:00,
SYN2-161-A:P0001,SYN2-161-A,LYBE,LYBV,40601.39207670909,,,687.4927197732237,completed,G:LYBE:LYBV:SYN2-033-A:P0002,F000117,41378.27972002309,42001.84268796791,42438.29087596791,42630.29087596791,,42630.29087596791,41648.27972002309,12.948127388566718,True,0.0,23.340843520980343,4.892716132413625,33.81497998764704,,aircraft_busy|battery_before_repositioning|departure_preparation|group_formation|repositioning_flight,2026-07-31T11:16:41.392077+02:00,2026-07-31T11:29:38.279720+02:00,2026-07-31T11:34:08.279720+02:00,2026-07-31T11:40:01.842688+02:00,2026-07-31T11:47:18.290876+02:00,2026-07-31T11:50:30.290876+02:00,
SYN2-283-D:P0001,SYN2-283-D,EXPO,LYBE,40699.29246873345,42079.29246873345,43189.881280726404,585.8264139929488,completed,G:EXPO:LYBE:SYN2-283-D:P0001,F000149,48567.711797729935,48822.711797729935,49023.474195729934,49149.474195729934,49735.30060972288,49735.30060972288,48762.711797729935,131.14032214994137,False,116.14032214994137,135.39032214994137,0.0,150.6001356831571,109.09032214994126,aircraft_busy|battery_before_repositioning|group_formation|priority_other_group,2026-07-31T11:18:19.292469+02:00,2026-07-31T13:29:27.711798+02:00,2026-07-31T13:32:42.711798+02:00,2026-07-31T13:33:42.711798+02:00,2026-07-31T13:37:03.474196+02:00,2026-07-31T13:48:55.300610+02:00,2026-07-31T13:48:55.300610+02:00
SYN2-036-A:P0001,SYN2-036-A,LYBE,BW,40742.240114319364,,,606.5097061323247,completed,G:LYBE:BW:SYN2-036-A:P0001,F000119,41638.526887961714,42118.526887961714,42443.362709961715,42767.362709961715,,42767.362709961715,42058.526887961714,14.938112894039174,True,0.0,22.938112894039175,0.0,33.752043260705854,,aircraft_busy|group_formation,2026-07-31T11:19:02.240114+02:00,2026-07-31T11:33:58.526888+02:00,2026-07-31T11:40:58.526888+02:00,2026-07-31T11:41:58.526888+02:00,2026-07-31T11:47:23.362710+02:00,2026-07-31T11:52:47.362710+02:00,
SYN2-036-A:P0002,SYN2-036-A,LYBE,EXPO,41141.85296639672,,,585.826607580816,completed,G:LYBE:EXPO:SYN2-036-A:P0002,F000120,42041.85296639672,42296.85296639672,42497.61536439672,42623.61536439672,,42623.61536439672,42236.85296639672,15.0,True,0.0,19.25,0.0,24.69603996666665,,aircraft_busy|departure_preparation|group_formation|repositioning_flight,2026-07-31T11:25:41.852966+02:00,2026-07-31T11:40:41.852966+02:00,2026-07-31T11:43:56.852966+02:00,2026-07-31T11:44:56.852966+02:00,2026-07-31T11:48:17.615364+02:00,2026-07-31T11:50:23.615364+02:00,
SYN2-034-A:P0001,SYN2-034-A,LYBE,BW,41144.07383813758,,,689.4107552291964,completed,G:LYBE:BW:SYN2-036-A:P0001,F000119,41638.526887961714,42118.526887961714,42443.362709961715,42767.362709961715,,42767.362709961715,42058.526887961714,8.24088416373561,True,0.0,16.240884163735608,0.0,27.05481453040229,,aircraft_busy|group_formation,2026-07-31T11:25:44.073838+02:00,2026-07-31T11:33:58.526888+02:00,2026-07-31T11:40:58.526888+02:00,2026-07-31T11:41:58.526888+02:00,2026-07-31T11:47:23.362710+02:00,2026-07-31T11:52:47.362710+02:00,
SYN2-037-A:P0001,SYN2-037-A,LYBE,BW,41396.08367609546,,,624.1370471401912,completed,G:LYBE:BW:SYN2-036-A:P0001,F000119,41638.526887961714,42118.526887961714,42443.362709961715,42767.362709961715,,42767.362709961715,42058.526887961714,4.040720197770861,True,0.0,12.040720197770861,0.0,22.85465056443754,,aircraft_busy|group_formation,2026-07-31T11:29:56.083676+02:00,2026-07-31T11:33:58.526888+02:00,2026-07-31T11:40:58.526888+02:00,2026-07-31T11:41:58.526888+02:00,2026-07-31T11:47:23.362710+02:00,2026-07-31T11:52:47.362710+02:00,
SYN2-036-A:P0004,SYN2-036-A,LYBE,LYBV,41616.06221116555,,,623.8882086520097,completed,G:LYBE:LYBV:SYN2-036-A:P0004,F000125,42884.37776239672,43507.020306026694,43943.468494026696,44135.468494026696,,44135.468494026696,43154.37776239672,21.138592520519524,False,6.1385925205195235,31.51596824768579,4.8773757271662666,41.99010471435249,,aircraft_busy|departure_preparation|group_formation|repositioning_flight,2026-07-31T11:33:36.062211+02:00,2026-07-31T11:54:44.377762+02:00,2026-07-31T11:59:14.377762+02:00,2026-07-31T12:05:07.020306+02:00,2026-07-31T12:12:23.468494+02:00,2026-07-31T12:15:35.468494+02:00,
SYN2-164-A:P0001,SYN2-164-A,LYBE,BW,41638.526887961714,,,612.138718579921,completed,G:LYBE:BW:SYN2-036-A:P0001,F000119,41638.526887961714,42118.526887961714,42443.362709961715,42767.362709961715,,42767.362709961715,42058.526887961714,0.0,True,0.0,8.0,0.0,18.813930366666682,,,2026-07-31T11:33:58.526888+02:00,2026-07-31T11:33:58.526888+02:00,2026-07-31T11:40:58.526888+02:00,2026-07-31T11:41:58.526888+02:00,2026-07-31T11:47:23.362710+02:00,2026-07-31T11:52:47.362710+02:00,
SYN2-046-A:P0001,SYN2-046-A,LYBE,DOR,42490.57616076573,,,624.3031402200397,completed,G:LYBE:DOR:SYN2-046-A:P0001,F000126,43390.57616076573,43720.57616076573,44148.376374765736,44340.376374765736,,44340.376374765736,43660.57616076573,15.0,True,0.0,20.5,0.0,30.83000356666671,,aircraft_busy|departure_preparation|group_formation|repositioning_flight,2026-07-31T11:48:10.576161+02:00,2026-07-31T12:03:10.576161+02:00,2026-07-31T12:07:40.576161+02:00,2026-07-31T12:08:40.576161+02:00,2026-07-31T12:15:48.376375+02:00,2026-07-31T12:19:00.376375+02:00,
SYN2-045-A:P0001,SYN2-045-A,LYBE,LYBV,42519.411987282845,,,634.0403275726643,completed,G:LYBE:LYBV:SYN2-036-A:P0004,F000125,42884.37776239672,43507.020306026694,43943.468494026696,44135.468494026696,,44135.468494026696,43154.37776239672,6.0827629185645495,True,0.0,16.460138645730815,4.8773757271662666,26.93427511239752,,aircraft_busy|departure_preparation|repositioning_flight,2026-07-31T11:48:39.411987+02:00,2026-07-31T11:54:44.377762+02:00,2026-07-31T11:59:14.377762+02:00,2026-07-31T12:05:07.020306+02:00,2026-07-31T12:12:23.468494+02:00,2026-07-31T12:15:35.468494+02:00,
SYN2-051-A:P0001,SYN2-051-A,LYBE,BW,42729.56491543879,,,636.4404477220896,completed,G:LYBE:BW:SYN2-051-A:P0001,F000128,44078.19266122712,44558.19266122712,44883.02848322712,45207.02848322712,,45207.02848322712,44498.19266122712,22.477129096472222,False,7.477129096472224,30.477129096472222,0.0,41.29105946313891,,aircraft_busy|cleaning|group_formation,2026-07-31T11:52:09.564915+02:00,2026-07-31T12:14:38.192661+02:00,2026-07-31T12:21:38.192661+02:00,2026-07-31T12:22:38.192661+02:00,2026-07-31T12:28:03.028483+02:00,2026-07-31T12:33:27.028483+02:00,
SYN2-047-A:P0001,SYN2-047-A,LYBE,BW,42770.971383956465,,,586.4523582987589,completed,G:LYBE:BW:SYN2-051-A:P0001,F000128,44078.19266122712,44558.19266122712,44883.02848322712,45207.02848322712,,45207.02848322712,44498.19266122712,21.787021287844254,False,6.787021287844254,29.787021287844254,0.0,40.600951654510936,,aircraft_busy|cleaning|group_formation,2026-07-31T11:52:50.971384+02:00,2026-07-31T12:14:38.192661+02:00,2026-07-31T12:21:38.192661+02:00,2026-07-31T12:22:38.192661+02:00,2026-07-31T12:28:03.028483+02:00,2026-07-31T12:33:27.028483+02:00,
SYN2-289-D:P0001,SYN2-289-D,BW,LYBE,42834.388271489464,44214.388271489464,45443.53196081401,580.3078673245508,completed,G:BW:LYBE:SYN2-289-D:P0001,F000127,43734.388271489464,43989.388271489464,44314.224093489465,44440.224093489465,45020.53196081401,45020.53196081401,43929.388271489464,15.0,True,0.0,19.25,0.0,36.43572815540914,0.0,cleaning|departure_preparation|group_formation|repositioning_flight,2026-07-31T11:53:54.388271+02:00,2026-07-31T12:08:54.388271+02:00,2026-07-31T12:12:09.388271+02:00,2026-07-31T12:13:09.388271+02:00,2026-07-31T12:18:34.224093+02:00,2026-07-31T12:30:20.531961+02:00,2026-07-31T12:30:20.531961+02:00
SYN2-050-A:P0001,SYN2-050-A,LYBE,DOR,43167.145849395354,,,631.725129829715,completed,G:LYBE:DOR:SYN2-046-A:P0001,F000126,43390.57616076573,43720.57616076573,44148.376374765736,44340.376374765736,,44340.376374765736,43660.57616076573,3.723838522839651,True,0.0,9.223838522839651,0.0,19.55384208950636,,group_formation,2026-07-31T11:59:27.145849+02:00,2026-07-31T12:03:10.576161+02:00,2026-07-31T12:07:40.576161+02:00,2026-07-31T12:08:40.576161+02:00,2026-07-31T12:15:48.376375+02:00,2026-07-31T12:19:00.376375+02:00,
SYN2-054-A:P0001,SYN2-054-A,LYBE,BW,43257.51090854269,,,619.6137353361311,completed,G:LYBE:BW:SYN2-051-A:P0001,F000128,44078.19266122712,44558.19266122712,44883.02848322712,45207.02848322712,,45207.02848322712,44498.19266122712,13.678029211407193,True,0.0,21.678029211407193,0.0,32.491959578073875,,aircraft_busy|cleaning|group_formation,2026-07-31T12:00:57.510909+02:00,2026-07-31T12:14:38.192661+02:00,2026-07-31T12:21:38.192661+02:00,2026-07-31T12:22:38.192661+02:00,2026-07-31T12:28:03.028483+02:00,2026-07-31T12:33:27.028483+02:00,
SYN2-053-A:P0002,SYN2-053-A,LYBE,JUG,43323.91804344414,,,608.0542299140429,completed,G:LYBE:JUG:SYN2-053-A:P0002,F000129,44440.224093489465,44695.224093489465,45113.026405489465,45239.026405489465,,45239.026405489465,44635.224093489465,18.60510083408881,False,3.6051008340888075,22.85510083408881,0.0,31.91847270075547,,aircraft_busy|group_formation,2026-07-31T12:02:03.918043+02:00,2026-07-31T12:20:40.224093+02:00,2026-07-31T12:23:55.224093+02:00,2026-07-31T12:24:55.224093+02:00,2026-07-31T12:31:53.026405+02:00,2026-07-31T12:33:59.026405+02:00,
SYN2-053-A:P0001,SYN2-053-A,LYBE,LYBV,43728.9015301286,,,625.6675861418519,completed,G:LYBE:LYBV:SYN2-053-A:P0001,F000132,44953.12911450118,45577.380717412656,46013.82890541266,46205.82890541266,,46205.82890541266,45223.12911450118,20.403793072876336,False,5.403793072876336,30.807986454734298,4.9041933818579615,41.282122921401,,aircraft_busy|battery_before_repositioning|departure_preparation|group_formation|repositioning_flight,2026-07-31T12:08:48.901530+02:00,2026-07-31T12:29:13.129115+02:00,2026-07-31T12:33:43.129115+02:00,2026-07-31T12:39:37.380717+02:00,2026-07-31T12:46:53.828905+02:00,2026-07-31T12:50:05.828905+02:00,
SYN2-055-A:P0001,SYN2-055-A,LYBE,BW,43749.915786647754,,,659.286336372898,completed,G:LYBE:BW:SYN2-051-A:P0001,F000128,44078.19266122712,44558.19266122712,44883.02848322712,45207.02848322712,,45207.02848322712,44498.19266122712,5.471281242989425,True,0.0,13.471281242989425,0.0,24.28521160965611,,cleaning,2026-07-31T12:09:09.915787+02:00,2026-07-31T12:14:38.192661+02:00,2026-07-31T12:21:38.192661+02:00,2026-07-31T12:22:38.192661+02:00,2026-07-31T12:28:03.028483+02:00,2026-07-31T12:33:27.028483+02:00,
SYN2-165-A:P0001,SYN2-165-A,LYBE,BW,43921.304529199406,,,582.2368845632554,completed,G:LYBE:BW:SYN2-165-A:P0001,F000133,45231.9166820267,45617.380717412656,45942.21653941266,46068.21653941266,,46068.21653941266,45426.9166820267,21.843535880454873,False,6.8435358804548745,28.267936470220835,2.1744005897659613,35.78186683688752,,aircraft_busy|cleaning|departure_preparation|group_formation|repositioning_flight,2026-07-31T12:12:01.304529+02:00,2026-07-31T12:33:51.916682+02:00,2026-07-31T12:37:06.916682+02:00,2026-07-31T12:40:17.380717+02:00,2026-07-31T12:45:42.216539+02:00,2026-07-31T12:47:48.216539+02:00,
SYN2-055-A:P0002,SYN2-055-A,LYBE,LYBV,44574.82131748607,,,618.1789391975032,completed,G:LYBE:LYBV:SYN2-053-A:P0001,F000132,44953.12911450118,45577.380717412656,46013.82890541266,46205.82890541266,,46205.82890541266,45223.12911450118,6.30512995025177,True,0.0,16.70932333210973,4.9041933818579615,27.183459798776433,,group_formation|repositioning_flight,2026-07-31T12:22:54.821317+02:00,2026-07-31T12:29:13.129115+02:00,2026-07-31T12:33:43.129115+02:00,2026-07-31T12:39:37.380717+02:00,2026-07-31T12:46:53.828905+02:00,2026-07-31T12:50:05.828905+02:00,
SYN2-290-D:P0001,SYN2-290-D,DOR,LYBE,44880.681598155716,46260.681598155716,47605.0140770462,592.532264890484,completed,G:DOR:LYBE:SYN2-290-D:P0001,F000136,45780.681598155716,46176.8560200706,46604.6562340706,46730.6562340706,47323.188498961084,47323.188498961084,45975.681598155716,15.0,True,0.0,21.602907031914704,2.3529070319147043,40.70844834675615,0.0,aircraft_busy|battery_before_repositioning|departure_preparation|group_formation|repositioning_flight,2026-07-31T12:28:00.681598+02:00,2026-07-31T12:43:00.681598+02:00,2026-07-31T12:46:15.681598+02:00,2026-07-31T12:49:36.856020+02:00,2026-07-31T12:56:44.656234+02:00,2026-07-31T13:08:43.188499+02:00,2026-07-31T13:08:43.188499+02:00
SYN2-057-A:P0001,SYN2-057-A,LYBE,LYBV,45190.06674125814,,,620.8890072289668,completed,G:LYBE:LYBV:SYN2-057-A:P0001,F000137,46090.06674125814,46345.06674125814,46781.51492925814,46907.51492925814,,46907.51492925814,46285.06674125814,15.0,True,0.0,19.25,0.0,28.6241364666667,,aircraft_busy|departure_preparation|destination_tlof|group_formation|repositioning_flight,2026-07-31T12:33:10.066741+02:00,2026-07-31T12:48:10.066741+02:00,2026-07-31T12:51:25.066741+02:00,2026-07-31T12:52:25.066741+02:00,2026-07-31T12:59:41.514929+02:00,2026-07-31T13:01:47.514929+02:00,
SYN2-059-A:P0001,SYN2-059-A,LYBE,BW,45446.69503909232,,,541.5260636537477,completed,G:LYBE:BW:SYN2-059-A:P0001,F000141,46730.6562340706,47131.106112966896,47455.9419349669,47581.9419349669,,47581.9419349669,46925.6562340706,21.399353249637958,False,6.399353249637958,28.07351789790955,2.4241646482715926,35.58744826457623,,aircraft_busy|group_formation,2026-07-31T12:37:26.695039+02:00,2026-07-31T12:58:50.656234+02:00,2026-07-31T13:02:05.656234+02:00,2026-07-31T13:05:31.106113+02:00,2026-07-31T13:10:55.941935+02:00,2026-07-31T13:13:01.941935+02:00,
SYN2-292-D:P0002,SYN2-292-D,BW,LYBE,45563.91464111809,46943.91464111809,48217.970721649515,625.220258531422,completed,G:BW:LYBE:SYN2-292-D:P0002,F000140,46706.01130704406,47163.358658638586,47488.19448063859,47680.19448063859,48305.41473917001,48305.41473917001,46976.01130704406,19.03494443209941,False,4.034944432099413,26.65740029200824,2.1224558599088295,45.6916683008653,1.457400292008242,aircraft_busy|departure_preparation|group_formation|repositioning_flight,2026-07-31T12:39:23.914641+02:00,2026-07-31T12:58:26.011307+02:00,2026-07-31T13:02:56.011307+02:00,2026-07-31T13:06:03.358659+02:00,2026-07-31T13:11:28.194481+02:00,2026-07-31T13:25:05.414739+02:00,2026-07-31T13:25:05.414739+02:00
SYN2-293-D:P0001,SYN2-293-D,LYBV,LYBE,45731.088410455624,47111.088410455624,48477.85911102589,606.3225125702701,completed,G:LYBV:LYBE:SYN2-293-D:P0001,F000142,46907.51492925814,47162.51492925814,47598.96311725814,47724.96311725814,48331.28562982841,48331.28562982841,47102.51492925814,19.607108646708607,False,4.607108646708609,23.857108646708607,0.0,43.33662032287975,0.0,aircraft_busy|group_formation|priority_other_group,2026-07-31T12:42:11.088410+02:00,2026-07-31T13:01:47.514929+02:00,2026-07-31T13:05:02.514929+02:00,2026-07-31T13:06:02.514929+02:00,2026-07-31T13:13:18.963117+02:00,2026-07-31T13:25:31.285630+02:00,2026-07-31T13:25:31.285630+02:00
SYN2-367-D:P0001,SYN2-367-D,BW,LYBE,45926.87121875154,47306.87121875154,48633.50969105412,677.802650302575,completed,G:BW:LYBE:SYN2-292-D:P0002,F000140,46706.01130704406,47163.358658638586,47488.19448063859,47680.19448063859,48357.99713094116,48357.99713094116,46976.01130704406,12.98566813820859,True,0.0,20.60812399811742,2.1224558599088295,40.51876520316036,0.0,aircraft_busy|departure_preparation|group_formation|repositioning_flight,2026-07-31T12:45:26.871219+02:00,2026-07-31T12:58:26.011307+02:00,2026-07-31T13:02:56.011307+02:00,2026-07-31T13:06:03.358659+02:00,2026-07-31T13:11:28.194481+02:00,2026-07-31T13:25:57.997131+02:00,2026-07-31T13:25:57.997131+02:00
SYN2-064-A:P0001,SYN2-064-A,LYBE,JUG,46452.398941044055,,,684.0631436734182,completed,G:LYBE:JUG:SYN2-064-A:P0001,F000143,47352.398941044055,47757.398941044055,48175.201253044055,48433.201253044055,,48433.201253044055,47697.398941044055,15.0,True,0.0,21.75,0.0,33.01337186666667,,departure_preparation|group_formation|repositioning_flight,2026-07-31T12:54:12.398941+02:00,2026-07-31T13:09:12.398941+02:00,2026-07-31T13:14:57.398941+02:00,2026-07-31T13:15:57.398941+02:00,2026-07-31T13:22:55.201253+02:00,2026-07-31T13:27:13.201253+02:00,
SYN2-061-A:P0001,SYN2-061-A,LYBE,JUG,46958.13680064154,,,636.5953193144056,completed,G:LYBE:JUG:SYN2-064-A:P0001,F000143,47352.398941044055,47757.398941044055,48175.201253044055,48433.201253044055,,48433.201253044055,47697.398941044055,6.571035673375203,True,0.0,13.321035673375203,0.0,24.584407540041866,,group_formation,2026-07-31T13:02:38.136801+02:00,2026-07-31T13:09:12.398941+02:00,2026-07-31T13:14:57.398941+02:00,2026-07-31T13:15:57.398941+02:00,2026-07-31T13:22:55.201253+02:00,2026-07-31T13:27:13.201253+02:00,
SYN2-064-A:P0002,SYN2-064-A,LYBE,JUG,47031.9984744818,,,609.9126450563065,completed,G:LYBE:JUG:SYN2-064-A:P0001,F000143,47352.398941044055,47757.398941044055,48175.201253044055,48433.201253044055,,48433.201253044055,47697.398941044055,5.3400077760376,True,0.0,12.0900077760376,0.0,23.353379642704265,,group_formation,2026-07-31T13:03:51.998474+02:00,2026-07-31T13:09:12.398941+02:00,2026-07-31T13:14:57.398941+02:00,2026-07-31T13:15:57.398941+02:00,2026-07-31T13:22:55.201253+02:00,2026-07-31T13:27:13.201253+02:00,
SYN2-166-A:P0001,SYN2-166-A,LYBE,EXPO,47085.949399729936,,,645.0261803622808,completed,G:LYBE:EXPO:SYN2-166-A:P0001,F000145,47985.949399729936,48240.949399729936,48441.711797729935,48567.711797729935,,48567.711797729935,48180.949399729936,15.0,True,0.0,19.25,0.0,24.69603996666665,,aircraft_busy|group_formation,2026-07-31T13:04:45.949400+02:00,2026-07-31T13:19:45.949400+02:00,2026-07-31T13:23:00.949400+02:00,2026-07-31T13:24:00.949400+02:00,2026-07-31T13:27:21.711798+02:00,2026-07-31T13:29:27.711798+02:00,
SYN2-294-D:P0002,SYN2-294-D,LYBV,LYBE,47175.83128931378,48555.83128931378,49916.00278892615,599.7233116123715,completed,G:LYBV:LYBE:SYN2-294-D:P0002,F000146,48075.83128931378,48712.16106357468,49148.60925157468,49340.60925157468,49940.33256318705,49940.33256318705,48345.83128931378,15.0,True,0.0,25.605496237681656,5.105496237681654,46.07502123122116,0.40549623768165477,aircraft_busy|battery_before_repositioning|departure_preparation|group_formation|repositioning_flight,2026-07-31T13:06:15.831289+02:00,2026-07-31T13:21:15.831289+02:00,2026-07-31T13:25:45.831289+02:00,2026-07-31T13:31:52.161064+02:00,2026-07-31T13:39:08.609252+02:00,2026-07-31T13:52:20.332563+02:00,2026-07-31T13:52:20.332563+02:00
SYN2-065-A:P0001,SYN2-065-A,LYBE,DOR,47180.63891158868,,,664.8365211584273,completed,G:LYBE:DOR:SYN2-065-A:P0001,F000147,48280.19448063859,48610.19448063859,49037.99469463859,49229.99469463859,,49229.99469463859,48550.19448063859,18.325926150831826,False,3.3259261508318256,23.825926150831826,0.0,34.15592971749854,,aircraft_busy|cleaning|group_formation,2026-07-31T13:06:20.638912+02:00,2026-07-31T13:24:40.194481+02:00,2026-07-31T13:29:10.194481+02:00,2026-07-31T13:30:10.194481+02:00,2026-07-31T13:37:17.994695+02:00,2026-07-31T13:40:29.994695+02:00,
SYN2-292-D:P0003,SYN2-292-D,JUG,LYBE,47396.93215103284,48776.93215103284,50115.67457333331,596.9401103004699,completed,G:JUG:LYBE:SYN2-292-D:P0003,F000148,48433.201253044055,48790.80693957468,49208.60925157468,49334.60925157468,49931.54936187515,49931.54936187515,48628.201253044055,17.271151700186966,False,2.271151700186965,23.231246475697358,1.7100947755103941,42.24362018070521,0.0,aircraft_busy|group_formation,2026-07-31T13:09:56.932151+02:00,2026-07-31T13:27:13.201253+02:00,2026-07-31T13:30:28.201253+02:00,2026-07-31T13:33:10.806940+02:00,2026-07-31T13:40:08.609252+02:00,2026-07-31T13:52:11.549362+02:00,2026-07-31T13:52:11.549362+02:00
SYN2-292-D:P0001,SYN2-292-D,LYBV,LYBE,47775.98366000167,49155.98366000167,50517.232970376615,600.80112237494,completed,G:LYBV:LYBE:SYN2-294-D:P0002,F000146,48075.83128931378,48712.16106357468,49148.60925157468,49340.60925157468,49941.41037394962,49941.41037394962,48345.83128931378,4.997460488535095,True,0.0,15.60295672621675,5.105496237681654,36.09044523246582,0.0,battery_before_repositioning|departure_preparation|group_formation|repositioning_flight,2026-07-31T13:16:15.983660+02:00,2026-07-31T13:21:15.831289+02:00,2026-07-31T13:25:45.831289+02:00,2026-07-31T13:31:52.161064+02:00,2026-07-31T13:39:08.609252+02:00,2026-07-31T13:52:21.410374+02:00,2026-07-31T13:52:21.410374+02:00
SYN2-067-A:P0001,SYN2-067-A,LYBE,DOR,48080.08230043169,,,636.9842599218997,completed,G:LYBE:DOR:SYN2-065-A:P0001,F000147,48280.19448063859,48610.19448063859,49037.99469463859,49229.99469463859,,49229.99469463859,48550.19448063859,3.3352030034482594,True,0.0,8.83520300344826,0.0,19.165206570114968,,cleaning|group_formation,2026-07-31T13:21:20.082300+02:00,2026-07-31T13:24:40.194481+02:00,2026-07-31T13:29:10.194481+02:00,2026-07-31T13:30:10.194481+02:00,2026-07-31T13:37:17.994695+02:00,2026-07-31T13:40:29.994695+02:00,
SYN2-070-A:P0001,SYN2-070-A,LYBE,JUG,48567.73378520848,,,637.0679444105982,completed,G:LYBE:JUG:SYN2-070-A:P0001,F000151,49467.73378520848,49722.73378520848,50140.53609720848,50266.53609720848,,50266.53609720848,49662.73378520848,15.0,True,0.0,19.25,0.0,28.313371866666664,,aircraft_busy|group_formation,2026-07-31T13:29:27.733785+02:00,2026-07-31T13:44:27.733785+02:00,2026-07-31T13:47:42.733785+02:00,2026-07-31T13:48:42.733785+02:00,2026-07-31T13:55:40.536097+02:00,2026-07-31T13:57:46.536097+02:00,
SYN2-071-A:P0001,SYN2-071-A,LYBE,BW,49029.717631258754,,,665.7730459660255,completed,G:LYBE:BW:SYN2-071-A:P0001,F000152,49929.717631258754,50334.717631258754,50659.553453258755,50917.553453258755,,50917.553453258755,50274.717631258754,15.0,True,0.0,21.75,0.0,31.46393036666668,,aircraft_busy|group_formation,2026-07-31T13:37:09.717631+02:00,2026-07-31T13:52:09.717631+02:00,2026-07-31T13:57:54.717631+02:00,2026-07-31T13:58:54.717631+02:00,2026-07-31T14:04:19.553453+02:00,2026-07-31T14:08:37.553453+02:00,
SYN2-071-A:P0002,SYN2-071-A,LYBE,BW,49160.40517434872,,,597.3308015738753,completed,G:LYBE:BW:SYN2-071-A:P0001,F000152,49929.717631258754,50334.717631258754,50659.553453258755,50917.553453258755,,50917.553453258755,50274.717631258754,12.82187428183388,True,0.0,19.57187428183388,0.0,29.285804648500562,,group_formation,2026-07-31T13:39:20.405174+02:00,2026-07-31T13:52:09.717631+02:00,2026-07-31T13:57:54.717631+02:00,2026-07-31T13:58:54.717631+02:00,2026-07-31T14:04:19.553453+02:00,2026-07-31T14:08:37.553453+02:00,
SYN2-071-A:P0003,SYN2-071-A,LYBE,BW,49186.626758682505,,,555.3691586069019,completed,G:LYBE:BW:SYN2-071-A:P0001,F000152,49929.717631258754,50334.717631258754,50659.553453258755,50917.553453258755,,50917.553453258755,50274.717631258754,12.38484787627082,True,0.0,19.134847876270822,0.0,28.848778242937502,,group_formation,2026-07-31T13:39:46.626759+02:00,2026-07-31T13:52:09.717631+02:00,2026-07-31T13:57:54.717631+02:00,2026-07-31T13:58:54.717631+02:00,2026-07-31T14:04:19.553453+02:00,2026-07-31T14:08:37.553453+02:00,
SYN2-294-D:P0001,SYN2-294-D,JUG,LYBE,49413.103388764095,50793.103388764095,52148.08944057641,613.1837398123137,completed,G:JUG:LYBE:SYN2-294-D:P0001,F000153,50313.103388764095,50643.103388764095,51060.905700764095,51252.905700764095,51866.08944057641,51866.08944057641,50583.103388764095,15.0,True,0.0,20.5,0.0,40.883100863538615,0.0,departure_preparation|group_formation|repositioning_flight,2026-07-31T13:43:33.103389+02:00,2026-07-31T13:58:33.103389+02:00,2026-07-31T14:03:03.103389+02:00,2026-07-31T14:04:03.103389+02:00,2026-07-31T14:11:00.905701+02:00,2026-07-31T14:24:26.089441+02:00,2026-07-31T14:24:26.089441+02:00
SYN2-169-A:P0001,SYN2-169-A,LYBE,EXPO,49656.829556245764,,,663.3311986944996,completed,G:LYBE:EXPO:SYN2-169-A:P0001,F000154,50556.829556245764,50811.829556245764,51012.59195424576,51138.59195424576,,51138.59195424576,50751.829556245764,15.0,True,0.0,19.25,0.0,24.69603996666665,,group_formation,2026-07-31T13:47:36.829556+02:00,2026-07-31T14:02:36.829556+02:00,2026-07-31T14:05:51.829556+02:00,2026-07-31T14:06:51.829556+02:00,2026-07-31T14:10:12.591954+02:00,2026-07-31T14:12:18.591954+02:00,
SYN2-298-D:P0001,SYN2-298-D,JUG,LYBE,49955.768660283284,51335.768660283284,52748.694898506175,671.1239262228949,completed,G:JUG:LYBE:SYN2-294-D:P0001,F000153,50313.103388764095,50643.103388764095,51060.905700764095,51252.905700764095,51924.02962698699,51924.02962698699,50583.103388764095,5.955578808013525,True,0.0,11.455578808013524,0.0,32.80434944506172,0.0,group_formation,2026-07-31T13:52:35.768660+02:00,2026-07-31T13:58:33.103389+02:00,2026-07-31T14:03:03.103389+02:00,2026-07-31T14:04:03.103389+02:00,2026-07-31T14:11:00.905701+02:00,2026-07-31T14:25:24.029627+02:00,2026-07-31T14:25:24.029627+02:00
SYN2-293-D:P0002,SYN2-293-D,EXPO,LYBE,50442.1975900576,51822.1975900576,53032.98316545018,686.0231773925851,completed,G:EXPO:LYBE:SYN2-293-D:P0002,F000157,51342.1975900576,51597.1975900576,51797.9599880576,51923.9599880576,52609.98316545018,52609.98316545018,51537.1975900576,15.0,True,0.0,19.25,0.0,36.129759589876386,0.0,aircraft_busy|departure_preparation|group_formation|repositioning_flight,2026-07-31T14:00:42.197590+02:00,2026-07-31T14:15:42.197590+02:00,2026-07-31T14:18:57.197590+02:00,2026-07-31T14:19:57.197590+02:00,2026-07-31T14:23:17.959988+02:00,2026-07-31T14:36:49.983165+02:00,2026-07-31T14:36:49.983165+02:00
SYN2-072-A:P0002,SYN2-072-A,LYBE,BW,50669.393226538516,,,610.8029144118204,completed,G:LYBE:BW:SYN2-072-A:P0002,F000158,51569.393226538516,51824.393226538516,52149.22904853852,52275.22904853852,,52275.22904853852,51764.393226538516,15.0,True,0.0,19.25,0.0,26.76393036666668,,aircraft_busy|group_formation,2026-07-31T14:04:29.393227+02:00,2026-07-31T14:19:29.393227+02:00,2026-07-31T14:22:44.393227+02:00,2026-07-31T14:23:44.393227+02:00,2026-07-31T14:29:09.229049+02:00,2026-07-31T14:31:15.229049+02:00,
SYN2-072-A:P0001,SYN2-072-A,LYBE,DOR,50939.19857277814,,,663.7767146224763,completed,G:LYBE:DOR:SYN2-072-A:P0001,F000159,51839.19857277814,52094.19857277814,52521.998786778146,52647.998786778146,,52647.998786778146,52034.19857277814,15.0,True,0.0,19.25,0.0,28.48000356666671,,aircraft_busy|departure_preparation|group_formation|repositioning_flight,2026-07-31T14:08:59.198573+02:00,2026-07-31T14:23:59.198573+02:00,2026-07-31T14:27:14.198573+02:00,2026-07-31T14:28:14.198573+02:00,2026-07-31T14:35:21.998787+02:00,2026-07-31T14:37:27.998787+02:00,
SYN2-294-D:P0003,SYN2-294-D,BW,LYBE,51768.31080431563,53148.31080431563,54377.45638932746,580.3097630118272,completed,G:BW:LYBE:SYN2-294-D:P0003,F000161,52668.31080431563,52923.31080431563,53248.14662631563,53374.14662631563,53954.45638932746,53954.45638932746,52863.31080431563,15.0,True,0.0,19.25,0.0,36.43575975019715,0.0,aircraft_busy|group_formation,2026-07-31T14:22:48.310804+02:00,2026-07-31T14:37:48.310804+02:00,2026-07-31T14:41:03.310804+02:00,2026-07-31T14:42:03.310804+02:00,2026-07-31T14:47:28.146626+02:00,2026-07-31T14:59:14.456389+02:00,2026-07-31T14:59:14.456389+02:00
SYN2-296-D:P0001,SYN2-296-D,LYBV,LYBE,52332.95032084935,53712.95032084935,55056.07849209161,582.679983242264,completed,G:LYBV:LYBE:SYN2-296-D:P0001,F000162,53232.95032084935,53562.95032084935,53999.39850884935,54191.39850884935,54774.07849209161,54774.07849209161,53502.95032084935,15.0,True,0.0,20.5,0.0,40.6854695207044,0.0,departure_preparation|group_formation|repositioning_flight,2026-07-31T14:32:12.950321+02:00,2026-07-31T14:47:12.950321+02:00,2026-07-31T14:51:42.950321+02:00,2026-07-31T14:52:42.950321+02:00,2026-07-31T14:59:59.398509+02:00,2026-07-31T15:12:54.078492+02:00,2026-07-31T15:12:54.078492+02:00
SYN2-295-D:P0001,SYN2-295-D,DOR,LYBE,52429.450670075785,53809.450670075785,55204.55563431512,643.3047502393343,completed,G:DOR:LYBE:SYN2-295-D:P0001,F000163,53329.450670075785,53631.59829484935,54059.39850884935,54185.39850884935,54828.70325908868,54828.70325908868,53524.450670075785,15.0,True,0.0,20.035793746226044,0.7857937462260451,39.98754315021494,0.0,aircraft_busy|cleaning|group_formation,2026-07-31T14:33:49.450670+02:00,2026-07-31T14:48:49.450670+02:00,2026-07-31T14:52:04.450670+02:00,2026-07-31T14:53:51.598295+02:00,2026-07-31T15:00:59.398509+02:00,2026-07-31T15:13:48.703259+02:00,2026-07-31T15:13:48.703259+02:00
SYN2-317-D:P0001,SYN2-317-D,LYBV,LYBE,53212.449819717316,54592.449819717316,55917.855334495915,564.9573267785984,completed,G:LYBV:LYBE:SYN2-296-D:P0001,F000162,53232.95032084935,53562.95032084935,53999.39850884935,54191.39850884935,54756.35583562795,54756.35583562795,53502.95032084935,0.3416750188671964,True,0.0,5.841675018867196,0.0,25.731766931843836,0.0,group_formation,2026-07-31T14:46:52.449820+02:00,2026-07-31T14:47:12.950321+02:00,2026-07-31T14:51:42.950321+02:00,2026-07-31T14:52:42.950321+02:00,2026-07-31T14:59:59.398509+02:00,2026-07-31T15:12:36.355836+02:00,2026-07-31T15:12:36.355836+02:00
SYN2-311-D:P0001,SYN2-311-D,BW,LYBE,53534.60767194917,54914.60767194917,56137.19067023882,573.7471762896565,completed,G:BW:LYBE:SYN2-311-D:P0001,F000165,54434.60767194917,54764.60767194917,55089.44349394917,55281.44349394917,55855.19067023882,55855.19067023882,54704.60767194917,15.0,True,0.0,20.5,0.0,38.67638330482757,0.0,departure_preparation|group_formation|repositioning_flight,2026-07-31T14:52:14.607672+02:00,2026-07-31T15:07:14.607672+02:00,2026-07-31T15:11:44.607672+02:00,2026-07-31T15:12:44.607672+02:00,2026-07-31T15:18:09.443494+02:00,2026-07-31T15:30:55.190670+02:00,2026-07-31T15:30:55.190670+02:00
SYN2-299-D:P0001,SYN2-299-D,BW,LYBE,53739.63782082979,55119.63782082979,56325.41134848473,556.937705654943,completed,G:BW:LYBE:SYN2-311-D:P0001,F000165,54434.60767194917,54764.60767194917,55089.44349394917,55281.44349394917,55838.38119960411,55838.38119960411,54704.60767194917,11.582830851989637,True,0.0,17.082830851989637,0.0,34.97905631290535,0.0,group_formation|repositioning_flight,2026-07-31T14:55:39.637821+02:00,2026-07-31T15:07:14.607672+02:00,2026-07-31T15:11:44.607672+02:00,2026-07-31T15:12:44.607672+02:00,2026-07-31T15:18:09.443494+02:00,2026-07-31T15:30:38.381200+02:00,2026-07-31T15:30:38.381200+02:00
SYN2-326-D:P0002,SYN2-326-D,DOR,LYBE,54570.54520991195,55950.54520991195,57276.2791228884,573.9336989764477,completed,G:DOR:LYBE:SYN2-326-D:P0002,F000168,55470.54520991195,55725.54520991195,56153.34542391195,56279.34542391195,56853.2791228884,56853.2791228884,55665.54520991195,15.0,True,0.0,19.25,0.0,38.04556521627419,0.0,departure_preparation|group_formation|repositioning_flight,2026-07-31T15:09:30.545210+02:00,2026-07-31T15:24:30.545210+02:00,2026-07-31T15:27:45.545210+02:00,2026-07-31T15:28:45.545210+02:00,2026-07-31T15:35:53.345424+02:00,2026-07-31T15:47:33.279123+02:00,2026-07-31T15:47:33.279123+02:00
SYN2-307-D:P0001,SYN2-307-D,JUG,LYBE,54910.06865164083,56290.06865164083,57664.51250255726,632.6415389164333,completed,G:JUG:LYBE:SYN2-307-D:P0001,F000170,55810.06865164083,56065.06865164083,56482.87096364083,56608.87096364083,57241.51250255726,57241.51250255726,56005.06865164083,15.0,True,0.0,19.25,0.0,38.85739751527387,0.0,aircraft_busy|departure_preparation|group_formation|repositioning_flight,2026-07-31T15:15:10.068652+02:00,2026-07-31T15:30:10.068652+02:00,2026-07-31T15:33:25.068652+02:00,2026-07-31T15:34:25.068652+02:00,2026-07-31T15:41:22.870964+02:00,2026-07-31T15:54:01.512503+02:00,2026-07-31T15:54:01.512503+02:00
SYN2-075-A:P0001,SYN2-075-A,LYBE,LYBV,55137.16277842079,,,559.7004300836641,completed,G:LYBE:LYBV:SYN2-075-A:P0001,F000171,56037.16277842079,56292.16277842079,56728.61096642079,56854.61096642079,,56854.61096642079,56232.16277842079,15.0,True,0.0,19.25,0.0,28.6241364666667,,aircraft_busy|group_formation,2026-07-31T15:18:57.162778+02:00,2026-07-31T15:33:57.162778+02:00,2026-07-31T15:37:12.162778+02:00,2026-07-31T15:38:12.162778+02:00,2026-07-31T15:45:28.610966+02:00,2026-07-31T15:47:34.610966+02:00,
SYN2-324-D:P0001,SYN2-324-D,BW,LYBE,55656.94886362265,57036.94886362265,58307.3762267874,621.5915411647455,completed,G:BW:LYBE:SYN2-324-D:P0001,F000172,56641.78468562265,56896.78468562265,57221.620507622654,57347.620507622654,57969.2120487874,57969.2120487874,56836.78468562265,16.413930366666683,False,1.413930366666682,20.663930366666683,0.0,38.53771975274576,0.0,cleaning|departure_preparation|group_formation|repositioning_flight,2026-07-31T15:27:36.948864+02:00,2026-07-31T15:44:01.784686+02:00,2026-07-31T15:47:16.784686+02:00,2026-07-31T15:48:16.784686+02:00,2026-07-31T15:53:41.620508+02:00,2026-07-31T16:06:09.212049+02:00,2026-07-31T16:06:09.212049+02:00
SYN2-320-D:P0001,SYN2-320-D,JUG,LYBE,56049.626912125386,57429.626912125386,58762.72999328435,591.300769158966,completed,G:JUG:LYBE:SYN2-320-D:P0001,F000175,57201.18982242079,57601.938265830555,58019.740577830555,58145.740577830555,58737.04134698952,58737.04134698952,57396.18982242079,19.192715171590073,False,4.192715171590074,25.871855895086142,2.429140723496069,44.790240581068915,0.0,aircraft_busy|departure_preparation|group_formation|repositioning_flight,2026-07-31T15:34:09.626912+02:00,2026-07-31T15:53:21.189822+02:00,2026-07-31T15:56:36.189822+02:00,2026-07-31T16:00:01.938266+02:00,2026-07-31T16:06:59.740578+02:00,2026-07-31T16:18:57.041347+02:00,2026-07-31T16:18:57.041347+02:00
SYN2-372-D:P0001,SYN2-372-D,DOR,LYBE,56701.83566003866,58081.83566003866,59426.44755434799,592.8116803093297,completed,G:DOR:LYBE:SYN2-372-D:P0001,F000176,57601.83566003866,57856.83566003866,58284.635874038664,58410.635874038664,59003.44755434799,59003.44755434799,57796.83566003866,15.0,True,0.0,19.25,0.0,38.360198238488856,0.0,cleaning|departure_preparation|group_formation|repositioning_flight,2026-07-31T15:45:01.835660+02:00,2026-07-31T16:00:01.835660+02:00,2026-07-31T16:03:16.835660+02:00,2026-07-31T16:04:16.835660+02:00,2026-07-31T16:11:24.635874+02:00,2026-07-31T16:23:23.447554+02:00,2026-07-31T16:23:23.447554+02:00
SYN2-076-A:P0001,SYN2-076-A,LYBE,JUG,57185.535821232574,,,566.167863211782,completed,G:LYBE:JUG:SYN2-076-A:P0001,F000177,58085.535821232574,58340.535821232574,58758.33813323257,58884.33813323257,,58884.33813323257,58280.535821232574,15.0,True,0.0,19.25,0.0,28.313371866666664,,aircraft_busy|group_formation,2026-07-31T15:53:05.535821+02:00,2026-07-31T16:08:05.535821+02:00,2026-07-31T16:11:20.535821+02:00,2026-07-31T16:12:20.535821+02:00,2026-07-31T16:19:18.338133+02:00,2026-07-31T16:21:24.338133+02:00,
SYN2-079-A:P0001,SYN2-079-A,LYBE,EXPO,57379.685620665274,,,611.4585649242769,completed,G:LYBE:EXPO:SYN2-079-A:P0001,F000178,58279.685620665274,58534.685620665274,58735.44801866527,58861.44801866527,,58861.44801866527,58474.685620665274,15.0,True,0.0,19.25,0.0,24.69603996666665,,group_formation,2026-07-31T15:56:19.685621+02:00,2026-07-31T16:11:19.685621+02:00,2026-07-31T16:14:34.685621+02:00,2026-07-31T16:15:34.685621+02:00,2026-07-31T16:18:55.448019+02:00,2026-07-31T16:21:01.448019+02:00,
SYN2-077-A:P0001,SYN2-077-A,LYBE,DOR,57690.476823897545,,,687.7949246101479,completed,G:LYBE:DOR:SYN2-077-A:P0001,F000179,58590.476823897545,58845.476823897545,59273.27703789755,59399.27703789755,,59399.27703789755,58785.476823897545,15.0,True,0.0,19.25,0.0,28.48000356666671,,aircraft_busy|group_formation,2026-07-31T16:01:30.476824+02:00,2026-07-31T16:16:30.476824+02:00,2026-07-31T16:19:45.476824+02:00,2026-07-31T16:20:45.476824+02:00,2026-07-31T16:27:53.277038+02:00,2026-07-31T16:29:59.277038+02:00,
SYN2-325-D:P0001,SYN2-325-D,JUG,LYBE,57955.25026565548,59335.25026565548,60653.40166536006,576.3490877045853,completed,G:JUG:LYBE:SYN2-325-D:P0001,F000180,58884.33813323257,59139.33813323257,59557.14044523257,59683.14044523257,60259.48953293716,60259.48953293716,59079.33813323257,15.484797792951577,False,0.48479779295157643,19.734797792951575,0.0,38.403987788027976,0.0,aircraft_busy|group_formation,2026-07-31T16:05:55.250266+02:00,2026-07-31T16:21:24.338133+02:00,2026-07-31T16:24:39.338133+02:00,2026-07-31T16:25:39.338133+02:00,2026-07-31T16:32:37.140445+02:00,2026-07-31T16:44:19.489533+02:00,2026-07-31T16:44:19.489533+02:00
SYN2-326-D:P0001,SYN2-326-D,EXPO,LYBE,58695.20508892976,60075.20508892976,61217.873404339814,617.9059174100549,completed,G:EXPO:LYBE:SYN2-326-D:P0001,F000181,59595.20508892976,59850.20508892976,60050.96748692976,60176.96748692976,60794.873404339814,60794.873404339814,59790.20508892976,15.0,True,0.0,19.25,0.0,34.994471923500896,0.0,aircraft_busy|group_formation,2026-07-31T16:18:15.205089+02:00,2026-07-31T16:33:15.205089+02:00,2026-07-31T16:36:30.205089+02:00,2026-07-31T16:37:30.205089+02:00,2026-07-31T16:40:50.967487+02:00,2026-07-31T16:53:14.873404+02:00,2026-07-31T16:53:14.873404+02:00
SYN2-082-A:P0001,SYN2-082-A,LYBE,BW,59673.2126213696,,,631.5222158830725,completed,G:LYBE:BW:SYN2-082-A:P0001,F000184,60573.2126213696,60978.2126213696,61303.048443369604,61561.048443369604,,61561.048443369604,60918.2126213696,15.0,True,0.0,21.75,0.0,31.46393036666668,,group_formation,2026-07-31T16:34:33.212621+02:00,2026-07-31T16:49:33.212621+02:00,2026-07-31T16:55:18.212621+02:00,2026-07-31T16:56:18.212621+02:00,2026-07-31T17:01:43.048443+02:00,2026-07-31T17:06:01.048443+02:00,
SYN2-171-A:P0001,SYN2-171-A,LYBE,JUG,59700.128498326376,,,614.2499359618146,completed,G:LYBE:JUG:SYN2-171-A:P0001,F000185,60600.128498326376,60855.128498326376,61272.930810326376,61398.930810326376,,61398.930810326376,60795.128498326376,15.0,True,0.0,19.25,0.0,28.313371866666664,,group_formation,2026-07-31T16:35:00.128498+02:00,2026-07-31T16:50:00.128498+02:00,2026-07-31T16:53:15.128498+02:00,2026-07-31T16:54:15.128498+02:00,2026-07-31T17:01:12.930810+02:00,2026-07-31T17:03:18.930810+02:00,
SYN2-322-D:P0001,SYN2-322-D,BW,LYBE,59704.84153021605,61084.84153021605,62408.33305246736,674.6557002513085,completed,G:BW:LYBE:SYN2-322-D:P0001,F000186,60604.84153021605,60934.84153021605,61259.67735221605,61451.67735221605,62126.33305246736,62126.33305246736,60874.84153021605,15.0,True,0.0,20.5,0.0,40.3581920375218,0.0,departure_preparation|group_formation|repositioning_flight,2026-07-31T16:35:04.841530+02:00,2026-07-31T16:50:04.841530+02:00,2026-07-31T16:54:34.841530+02:00,2026-07-31T16:55:34.841530+02:00,2026-07-31T17:00:59.677352+02:00,2026-07-31T17:15:26.333052+02:00,2026-07-31T17:15:26.333052+02:00
SYN2-082-A:P0002,SYN2-082-A,LYBE,BW,59837.66144251678,,,628.4518296095171,completed,G:LYBE:BW:SYN2-082-A:P0001,F000184,60573.2126213696,60978.2126213696,61303.048443369604,61561.048443369604,,61561.048443369604,60918.2126213696,12.25918631421373,True,0.0,19.00918631421373,0.0,28.723116680880413,,group_formation,2026-07-31T16:37:17.661443+02:00,2026-07-31T16:49:33.212621+02:00,2026-07-31T16:55:18.212621+02:00,2026-07-31T16:56:18.212621+02:00,2026-07-31T17:01:43.048443+02:00,2026-07-31T17:06:01.048443+02:00,
SYN2-328-D:P0001,SYN2-328-D,BW,LYBE,59868.107923682015,61248.107923682015,62496.17905253572,599.2353068537016,completed,G:BW:LYBE:SYN2-322-D:P0001,F000186,60604.84153021605,60934.84153021605,61259.67735221605,61451.67735221605,62050.912659069756,62050.912659069756,60874.84153021605,12.278893442233917,True,0.0,17.77889344223392,0.0,36.38007892312901,0.0,group_formation|repositioning_flight,2026-07-31T16:37:48.107924+02:00,2026-07-31T16:50:04.841530+02:00,2026-07-31T16:54:34.841530+02:00,2026-07-31T16:55:34.841530+02:00,2026-07-31T17:00:59.677352+02:00,2026-07-31T17:14:10.912659+02:00,2026-07-31T17:14:10.912659+02:00
SYN2-084-A:P0001,SYN2-084-A,LYBE,BW,59898.79376526002,,,632.0682827467541,completed,G:LYBE:BW:SYN2-082-A:P0001,F000184,60573.2126213696,60978.2126213696,61303.048443369604,61561.048443369604,,61561.048443369604,60918.2126213696,11.240314268492996,True,0.0,17.990314268492998,0.0,27.70424463515968,,group_formation,2026-07-31T16:38:18.793765+02:00,2026-07-31T16:49:33.212621+02:00,2026-07-31T16:55:18.212621+02:00,2026-07-31T16:56:18.212621+02:00,2026-07-31T17:01:43.048443+02:00,2026-07-31T17:06:01.048443+02:00,
SYN2-326-D:P0003,SYN2-326-D,JUG,LYBE,60174.16953541504,61554.16953541504,62940.479679881624,644.5078324665814,completed,G:JUG:LYBE:SYN2-326-D:P0003,F000187,61074.16953541504,61329.16953541504,61746.97184741504,61872.97184741504,62517.479679881624,62517.479679881624,61269.16953541504,15.0,True,0.0,19.25,0.0,39.055169074443015,0.0,aircraft_busy|departure_preparation|group_formation|repositioning_flight,2026-07-31T16:42:54.169535+02:00,2026-07-31T16:57:54.169535+02:00,2026-07-31T17:01:09.169535+02:00,2026-07-31T17:02:09.169535+02:00,2026-07-31T17:09:06.971847+02:00,2026-07-31T17:21:57.479680+02:00,2026-07-31T17:21:57.479680+02:00
SYN2-174-A:P0001,SYN2-174-A,LYBE,EXPO,60199.90211917658,,,578.7380293474721,completed,G:LYBE:EXPO:SYN2-174-A:P0001,F000189,61451.67735221605,61876.733122326375,62077.495520326374,62269.495520326374,,62269.495520326374,61721.67735221605,20.862920550657872,False,5.862920550657873,27.947183385829945,1.584262835172073,34.49322335249659,,aircraft_busy|group_formation|priority_other_group,2026-07-31T16:43:19.902119+02:00,2026-07-31T17:04:11.677352+02:00,2026-07-31T17:08:41.677352+02:00,2026-07-31T17:11:16.733122+02:00,2026-07-31T17:14:37.495520+02:00,2026-07-31T17:17:49.495520+02:00,
SYN2-089-A:P0001,SYN2-089-A,LYBE,BW,60818.92603506104,,,589.017352251591,completed,G:LYBE:BW:SYN2-089-A:P0001,F000191,61872.97184741504,62277.97184741504,62602.807669415044,62860.807669415044,,62860.807669415044,62217.97184741504,17.567430205900017,False,2.5674302059000182,24.317430205900017,0.0,34.0313605725667,,aircraft_busy|group_formation,2026-07-31T16:53:38.926035+02:00,2026-07-31T17:11:12.971847+02:00,2026-07-31T17:16:57.971847+02:00,2026-07-31T17:17:57.971847+02:00,2026-07-31T17:23:22.807669+02:00,2026-07-31T17:27:40.807669+02:00,
SYN2-086-A:P0001,SYN2-086-A,LYBE,BW,60845.269389208275,,,576.553053216726,completed,G:LYBE:BW:SYN2-089-A:P0001,F000191,61872.97184741504,62277.97184741504,62602.807669415044,62860.807669415044,,62860.807669415044,62217.97184741504,17.128374303446133,False,2.1283743034461318,23.878374303446133,0.0,33.59230467011282,,aircraft_busy|group_formation,2026-07-31T16:54:05.269389+02:00,2026-07-31T17:11:12.971847+02:00,2026-07-31T17:16:57.971847+02:00,2026-07-31T17:17:57.971847+02:00,2026-07-31T17:23:22.807669+02:00,2026-07-31T17:27:40.807669+02:00,
SYN2-096-A:P0001,SYN2-096-A,LYBE,EXPO,60865.324589163996,,,627.9700373560347,completed,G:LYBE:EXPO:SYN2-174-A:P0001,F000189,61451.67735221605,61876.733122326375,62077.495520326374,62269.495520326374,,62269.495520326374,61721.67735221605,9.77254605086758,True,0.0,16.85680888603965,1.584262835172073,23.402848852706303,,aircraft_busy|group_formation,2026-07-31T16:54:25.324589+02:00,2026-07-31T17:04:11.677352+02:00,2026-07-31T17:08:41.677352+02:00,2026-07-31T17:11:16.733122+02:00,2026-07-31T17:14:37.495520+02:00,2026-07-31T17:17:49.495520+02:00,
SYN2-102-A:P0001,SYN2-102-A,LYBE,JUG,60997.984419678316,,,631.1169323056138,completed,G:LYBE:JUG:SYN2-102-A:P0001,F000192,61876.733122326375,62381.245257583614,62799.047569583614,63123.047569583614,,63123.047569583614,62296.733122326375,14.64581171080099,True,0.0,23.054347298421636,0.40853558762064496,35.4177191650883,,aircraft_busy|departure_preparation|destination_stand|group_formation|priority_other_group|repositioning_flight,2026-07-31T16:56:37.984420+02:00,2026-07-31T17:11:16.733122+02:00,2026-07-31T17:18:16.733122+02:00,2026-07-31T17:19:41.245258+02:00,2026-07-31T17:26:39.047570+02:00,2026-07-31T17:32:03.047570+02:00,
SYN2-100-A:P0002,SYN2-100-A,LYBE,DOR,61031.119175512205,,,622.7544157319279,completed,G:LYBE:DOR:SYN2-100-A:P0002,F000193,61976.733122326375,62317.97184741504,62745.772061415046,62937.772061415046,,62937.772061415046,62246.733122326375,15.760232446902835,False,0.7602324469028342,21.447544531713962,0.18731208481112843,31.777548098380674,,aircraft_busy|departure_preparation|destination_tlof|group_formation|repositioning_flight,2026-07-31T16:57:11.119176+02:00,2026-07-31T17:12:56.733122+02:00,2026-07-31T17:17:26.733122+02:00,2026-07-31T17:18:37.971847+02:00,2026-07-31T17:25:45.772061+02:00,2026-07-31T17:28:57.772061+02:00,
SYN2-087-A:P0001,SYN2-087-A,LYBE,JUG,61164.79238147301,,,613.8422521955632,completed,G:LYBE:JUG:SYN2-102-A:P0001,F000192,61876.733122326375,62381.245257583614,62799.047569583614,63123.047569583614,,63123.047569583614,62296.733122326375,11.865679014222769,True,0.0,20.274214601843415,0.40853558762064496,32.63758646851008,,aircraft_busy|departure_preparation|group_formation|repositioning_flight,2026-07-31T16:59:24.792381+02:00,2026-07-31T17:11:16.733122+02:00,2026-07-31T17:18:16.733122+02:00,2026-07-31T17:19:41.245258+02:00,2026-07-31T17:26:39.047570+02:00,2026-07-31T17:32:03.047570+02:00,
SYN2-100-A:P0001,SYN2-100-A,LYBE,BW,61216.09107511105,,,558.4042787730331,completed,G:LYBE:BW:SYN2-089-A:P0001,F000191,61872.97184741504,62277.97184741504,62602.807669415044,62860.807669415044,,62860.807669415044,62217.97184741504,10.948012871733226,True,0.0,17.698012871733226,0.0,27.411943238399907,,aircraft_busy|group_formation,2026-07-31T17:00:16.091075+02:00,2026-07-31T17:11:12.971847+02:00,2026-07-31T17:16:57.971847+02:00,2026-07-31T17:17:57.971847+02:00,2026-07-31T17:23:22.807669+02:00,2026-07-31T17:27:40.807669+02:00,
SYN2-086-A:P0002,SYN2-086-A,LYBE,JUG,61250.75271969478,,,640.1850569000962,completed,G:LYBE:JUG:SYN2-102-A:P0001,F000192,61876.733122326375,62381.245257583614,62799.047569583614,63123.047569583614,,63123.047569583614,62296.733122326375,10.43300671052663,True,0.0,18.841542298147274,0.40853558762064496,31.20491416481394,,aircraft_busy|departure_preparation|group_formation|repositioning_flight,2026-07-31T17:00:50.752720+02:00,2026-07-31T17:11:16.733122+02:00,2026-07-31T17:18:16.733122+02:00,2026-07-31T17:19:41.245258+02:00,2026-07-31T17:26:39.047570+02:00,2026-07-31T17:32:03.047570+02:00,
SYN2-105-A:P0001,SYN2-105-A,LYBE,DOR,61332.34166319689,,,568.1949058548615,completed,G:LYBE:DOR:SYN2-100-A:P0002,F000193,61976.733122326375,62317.97184741504,62745.772061415046,62937.772061415046,,62937.772061415046,62246.733122326375,10.739857652158147,True,0.0,16.427169736969276,0.18731208481112843,26.757173303635984,,aircraft_busy|departure_preparation|destination_tlof|group_formation|repositioning_flight,2026-07-31T17:02:12.341663+02:00,2026-07-31T17:12:56.733122+02:00,2026-07-31T17:17:26.733122+02:00,2026-07-31T17:18:37.971847+02:00,2026-07-31T17:25:45.772061+02:00,2026-07-31T17:28:57.772061+02:00,
SYN2-086-A:P0003,SYN2-086-A,LYBE,JUG,61501.22871876582,,,671.7124781959246,completed,G:LYBE:JUG:SYN2-102-A:P0001,F000192,61876.733122326375,62381.245257583614,62799.047569583614,63123.047569583614,,63123.047569583614,62296.733122326375,6.258406726009222,True,0.0,14.666942313629868,0.40853558762064496,27.030314180296532,,repositioning_flight,2026-07-31T17:05:01.228719+02:00,2026-07-31T17:11:16.733122+02:00,2026-07-31T17:18:16.733122+02:00,2026-07-31T17:19:41.245258+02:00,2026-07-31T17:26:39.047570+02:00,2026-07-31T17:32:03.047570+02:00,
SYN2-176-A:P0002,SYN2-176-A,LYBE,JUG,62009.42043246459,,,667.5649741775076,completed,G:LYBE:JUG:SYN2-176-A:P0002,F000196,62909.42043246459,63245.643491415045,63663.445803415045,63789.445803415045,,63789.445803415045,63104.42043246459,15.0,True,0.0,20.60371764917424,1.3537176491742382,29.667089515840903,,aircraft_busy|departure_preparation|group_formation|repositioning_flight,2026-07-31T17:13:29.420432+02:00,2026-07-31T17:28:29.420432+02:00,2026-07-31T17:31:44.420432+02:00,2026-07-31T17:34:05.643491+02:00,2026-07-31T17:41:03.445803+02:00,2026-07-31T17:43:09.445803+02:00,
SYN2-176-A:P0001,SYN2-176-A,LYBE,EXPO,62106.5314314047,,,610.1804901798795,completed,G:LYBE:EXPO:SYN2-176-A:P0001,F000198,63245.643491415045,63601.546356522565,63802.308754522564,63928.308754522564,,63928.308754522564,63440.643491415045,18.98520100017243,False,3.9852010001724314,24.916915418631106,1.6817144184586748,30.362955385297756,,aircraft_busy|departure_preparation|group_formation|repositioning_flight,2026-07-31T17:15:06.531431+02:00,2026-07-31T17:34:05.643491+02:00,2026-07-31T17:37:20.643491+02:00,2026-07-31T17:40:01.546357+02:00,2026-07-31T17:43:22.308755+02:00,2026-07-31T17:45:28.308755+02:00,
SYN2-104-A:P0001,SYN2-104-A,LYBE,LYBV,62149.96290471815,,,639.7646513867378,completed,G:LYBE:LYBV:SYN2-104-A:P0001,F000200,63583.91965304931,64208.17125596079,64644.61944396079,64770.61944396079,,64770.61944396079,63778.91965304931,23.8992791388527,False,8.899279138852702,34.30347252071066,6.1541933818579615,43.67760898737736,,aircraft_busy|battery_before_repositioning|departure_preparation|group_formation|repositioning_flight,2026-07-31T17:15:49.962905+02:00,2026-07-31T17:39:43.919653+02:00,2026-07-31T17:42:58.919653+02:00,2026-07-31T17:50:08.171256+02:00,2026-07-31T17:57:24.619444+02:00,2026-07-31T17:59:30.619444+02:00,
SYN2-108-A:P0001,SYN2-108-A,LYBE,JUG,63396.82939581135,,,584.6755968456541,completed,G:LYBE:JUG:SYN2-108-A:P0001,F000202,64296.82939581135,64551.82939581135,64969.63170781135,65095.63170781135,,65095.63170781135,64491.82939581135,15.0,True,0.0,19.25,0.0,28.313371866666664,,departure_preparation|group_formation|repositioning_flight,2026-07-31T17:36:36.829396+02:00,2026-07-31T17:51:36.829396+02:00,2026-07-31T17:54:51.829396+02:00,2026-07-31T17:55:51.829396+02:00,2026-07-31T18:02:49.631708+02:00,2026-07-31T18:04:55.631708+02:00,
SYN2-376-D:P0001,SYN2-376-D,BW,LYBE,63840.597772732996,65220.597772732996,66542.16827470507,672.7346799720713,completed,G:BW:LYBE:SYN2-376-D:P0001,F000204,64740.597772732996,65145.597772732996,65470.433594733,65728.433594733,66401.16827470507,66401.16827470507,65085.597772732996,15.0,True,0.0,21.75,0.0,42.67617503286783,0.0,departure_preparation|group_formation|repositioning_flight,2026-07-31T17:44:00.597773+02:00,2026-07-31T17:59:00.597773+02:00,2026-07-31T18:04:45.597773+02:00,2026-07-31T18:05:45.597773+02:00,2026-07-31T18:11:10.433595+02:00,2026-07-31T18:26:41.168275+02:00,2026-07-31T18:26:41.168275+02:00
SYN2-109-A:P0001,SYN2-109-A,LYBE,DOR,63900.42907591023,,,686.4365390375036,completed,G:LYBE:DOR:SYN2-109-A:P0001,F000205,64800.42907591023,65088.85773200702,65516.65794600702,65642.65794600702,,65642.65794600702,64995.42907591023,15.0,True,0.0,19.807144268279806,0.5571442682798079,29.037147834946516,,aircraft_busy|cleaning|departure_preparation|group_formation|repositioning_flight,2026-07-31T17:45:00.429076+02:00,2026-07-31T18:00:00.429076+02:00,2026-07-31T18:03:15.429076+02:00,2026-07-31T18:04:48.857732+02:00,2026-07-31T18:11:56.657946+02:00,2026-07-31T18:14:02.657946+02:00,
SYN2-334-D:P0001,SYN2-334-D,BW,LYBE,64279.749494154996,65659.749494155,66919.5892556292,611.0039394742106,completed,G:BW:LYBE:SYN2-376-D:P0001,F000204,64740.597772732996,65145.597772732996,65470.433594733,65728.433594733,66339.4375342072,66339.4375342072,65085.597772732996,7.680804642966662,True,0.0,14.430804642966661,0.0,34.3281340008701,0.0,group_formation,2026-07-31T17:51:19.749494+02:00,2026-07-31T17:59:00.597773+02:00,2026-07-31T18:04:45.597773+02:00,2026-07-31T18:05:45.597773+02:00,2026-07-31T18:11:10.433595+02:00,2026-07-31T18:25:39.437534+02:00,2026-07-31T18:25:39.437534+02:00
SYN2-376-D:P0002,SYN2-376-D,BW,LYBE,64615.77477995957,65995.77477995957,67245.99387348788,601.3832715283155,completed,G:BW:LYBE:SYN2-376-D:P0001,F000204,64740.597772732996,65145.597772732996,65470.433594733,65728.433594733,66329.81686626132,66329.81686626132,65085.597772732996,2.0803832128904713,True,0.0,8.830383212890471,0.0,28.567368105029164,0.0,group_formation,2026-07-31T17:56:55.774780+02:00,2026-07-31T17:59:00.597773+02:00,2026-07-31T18:04:45.597773+02:00,2026-07-31T18:05:45.597773+02:00,2026-07-31T18:11:10.433595+02:00,2026-07-31T18:25:29.816866+02:00,2026-07-31T18:25:29.816866+02:00
SYN2-334-D:P0002,SYN2-334-D,BW,LYBE,64986.253332830034,66366.25333283003,67646.38945316503,631.3002983350063,completed,G:BW:LYBE:SYN2-334-D:P0002,F000208,65886.25333283003,66216.25333283003,66541.08915483003,66733.08915483003,67364.38945316503,67364.38945316503,66156.25333283003,15.0,True,0.0,20.5,0.0,39.63560200558325,0.0,aircraft_busy|battery_before_repositioning|departure_preparation|group_formation|repositioning_flight,2026-07-31T18:03:06.253333+02:00,2026-07-31T18:18:06.253333+02:00,2026-07-31T18:22:36.253333+02:00,2026-07-31T18:23:36.253333+02:00,2026-07-31T18:29:01.089155+02:00,2026-07-31T18:42:44.389453+02:00,2026-07-31T18:42:44.389453+02:00
SYN2-333-D:P0001,SYN2-333-D,JUG,LYBE,65077.44055487143,66457.44055487143,67834.49667167407,635.2538048026457,completed,G:JUG:LYBE:SYN2-333-D:P0001,F000209,65977.44055487143,66232.44055487143,66650.24286687143,66776.24286687143,67411.49667167407,67411.49667167407,66172.44055487143,15.0,True,0.0,19.25,0.0,38.900935280044116,0.0,departure_preparation|group_formation|repositioning_flight,2026-07-31T18:04:37.440555+02:00,2026-07-31T18:19:37.440555+02:00,2026-07-31T18:22:52.440555+02:00,2026-07-31T18:23:52.440555+02:00,2026-07-31T18:30:50.242867+02:00,2026-07-31T18:43:31.496672+02:00,2026-07-31T18:43:31.496672+02:00
SYN2-330-D:P0001,SYN2-330-D,BW,LYBE,65140.220378612576,66520.22037861258,67752.60402407395,583.5478234613878,completed,G:BW:LYBE:SYN2-334-D:P0002,F000208,65886.25333283003,66216.25333283003,66541.08915483003,66733.08915483003,67316.63697829141,67316.63697829141,66156.25333283003,12.433882570290978,True,0.0,17.933882570290976,0.0,36.273609994647266,0.0,battery_before_repositioning|departure_preparation|group_formation|repositioning_flight,2026-07-31T18:05:40.220379+02:00,2026-07-31T18:18:06.253333+02:00,2026-07-31T18:22:36.253333+02:00,2026-07-31T18:23:36.253333+02:00,2026-07-31T18:29:01.089155+02:00,2026-07-31T18:41:56.636978+02:00,2026-07-31T18:41:56.636978+02:00
SYN2-112-A:P0001,SYN2-112-A,LYBE,LYBV,65771.8891485285,,,643.4818863306418,completed,G:LYBE:LYBV:SYN2-112-A:P0001,F000211,66671.8891485285,66926.8891485285,67363.3373365285,67489.3373365285,,67489.3373365285,66866.8891485285,15.0,True,0.0,19.25,0.0,28.62413646666658,,cleaning|group_formation,2026-07-31T18:16:11.889149+02:00,2026-07-31T18:31:11.889149+02:00,2026-07-31T18:34:26.889149+02:00,2026-07-31T18:35:26.889149+02:00,2026-07-31T18:42:43.337337+02:00,2026-07-31T18:44:49.337337+02:00,
SYN2-377-D:P0003,SYN2-377-D,EXPO,LYBE,65950.63750773614,67330.63750773614,68431.12935984747,575.7294541113234,completed,G:EXPO:LYBE:SYN2-377-D:P0003,F000212,66850.63750773614,67105.63750773614,67306.39990573615,67432.39990573615,68008.12935984747,68008.12935984747,67045.63750773614,15.0,True,0.0,19.25,0.0,34.291530868522145,0.0,battery_before_repositioning|departure_preparation|group_formation|repositioning_flight,2026-07-31T18:19:10.637508+02:00,2026-07-31T18:34:10.637508+02:00,2026-07-31T18:37:25.637508+02:00,2026-07-31T18:38:25.637508+02:00,2026-07-31T18:41:46.399906+02:00,2026-07-31T18:53:28.129360+02:00,2026-07-31T18:53:28.129360+02:00
SYN2-377-D:P0002,SYN2-377-D,JUG,LYBE,66122.46913780404,67502.46913780404,68869.31475390788,625.0433041038366,completed,G:JUG:LYBE:SYN2-377-D:P0002,F000214,67508.39003164986,68117.06779861283,68534.87011061283,68726.87011061283,69351.91341471666,69351.91341471666,67778.39003164986,23.098681564096964,False,8.098681564096962,33.24331101347973,4.644629449382774,53.82407128187697,8.043311013479736,aircraft_busy|battery_before_repositioning|departure_preparation|group_formation|repositioning_flight,2026-07-31T18:22:02.469138+02:00,2026-07-31T18:45:08.390032+02:00,2026-07-31T18:49:38.390032+02:00,2026-07-31T18:55:17.067799+02:00,2026-07-31T19:02:14.870111+02:00,2026-07-31T19:15:51.913415+02:00,2026-07-31T19:15:51.913415+02:00
SYN2-377-D:P0001,SYN2-377-D,JUG,LYBE,66350.94305979683,67730.94305979683,69068.67965807296,595.9342862761246,completed,G:JUG:LYBE:SYN2-377-D:P0002,F000214,67508.39003164986,68117.06779861283,68534.87011061283,68726.87011061283,69322.80439688895,69322.80439688895,67778.39003164986,19.29078286421718,False,4.290782864217181,29.435412313599954,4.644629449382774,49.53102228486872,4.235412313599954,aircraft_busy|battery_before_repositioning|departure_preparation|group_formation|repositioning_flight,2026-07-31T18:25:50.943060+02:00,2026-07-31T18:45:08.390032+02:00,2026-07-31T18:49:38.390032+02:00,2026-07-31T18:55:17.067799+02:00,2026-07-31T19:02:14.870111+02:00,2026-07-31T19:15:22.804397+02:00,2026-07-31T19:15:22.804397+02:00
SYN2-113-A:P0002,SYN2-113-A,LYBE,JUG,67104.55546005254,,,601.051850008069,completed,G:LYBE:JUG:SYN2-113-A:P0002,F000216,68004.55546005254,68259.55546005254,68677.35777205254,68803.35777205254,,68803.35777205254,68199.55546005254,15.0,True,0.0,19.25,0.0,28.313371866666664,,cleaning|group_formation,2026-07-31T18:38:24.555460+02:00,2026-07-31T18:53:24.555460+02:00,2026-07-31T18:56:39.555460+02:00,2026-07-31T18:57:39.555460+02:00,2026-07-31T19:04:37.357772+02:00,2026-07-31T19:06:43.357772+02:00,
SYN2-178-A:P0001,SYN2-178-A,LYBE,BW,67379.63169645432,,,595.5146322272665,completed,G:LYBE:BW:SYN2-178-A:P0001,F000217,68279.63169645432,68534.87011061283,68859.70593261282,68985.70593261282,,68985.70593261282,68474.63169645432,15.0,True,0.0,19.253973569308435,0.003973569308436708,26.767903935974996,,aircraft_busy|group_formation,2026-07-31T18:42:59.631696+02:00,2026-07-31T18:57:59.631696+02:00,2026-07-31T19:01:14.631696+02:00,2026-07-31T19:02:14.870111+02:00,2026-07-31T19:07:39.705933+02:00,2026-07-31T19:09:45.705933+02:00,
SYN2-113-A:P0001,SYN2-113-A,LYBE,EXPO,67670.04203947812,,,584.240094567936,completed,G:LYBE:EXPO:SYN2-113-A:P0001,F000218,68570.04203947812,68825.04203947812,69025.80443747813,69151.80443747813,,69151.80443747813,68765.04203947812,15.0,True,0.0,19.25,0.0,24.69603996666677,,departure_preparation|group_formation|repositioning_flight,2026-07-31T18:47:50.042039+02:00,2026-07-31T19:02:50.042039+02:00,2026-07-31T19:06:05.042039+02:00,2026-07-31T19:07:05.042039+02:00,2026-07-31T19:10:25.804437+02:00,2026-07-31T19:12:31.804437+02:00,
SYN2-337-D:P0001,SYN2-337-D,JUG,LYBE,69260.67728270302,70640.67728270302,72013.45887165396,630.9792769509404,completed,G:JUG:LYBE:SYN2-337-D:P0001,F000219,70160.67728270302,70415.67728270302,70833.47959470302,70959.47959470302,71590.45887165396,71590.45887165396,70355.67728270302,15.0,True,0.0,19.25,0.0,38.829693149182276,0.0,group_formation,2026-07-31T19:14:20.677283+02:00,2026-07-31T19:29:20.677283+02:00,2026-07-31T19:32:35.677283+02:00,2026-07-31T19:33:35.677283+02:00,2026-07-31T19:40:33.479595+02:00,2026-07-31T19:53:10.458872+02:00,2026-07-31T19:53:10.458872+02:00
SYN2-116-A:P0001,SYN2-116-A,LYBE,BW,71304.6394808475,,,550.4303913971116,completed,G:LYBE:BW:SYN2-116-A:P0001,F000220,72204.6394808475,72459.6394808475,72784.4753028475,72910.4753028475,,72910.4753028475,72399.6394808475,15.0,True,0.0,19.25,0.0,26.76393036666656,,group_formation,2026-07-31T19:48:24.639481+02:00,2026-07-31T20:03:24.639481+02:00,2026-07-31T20:06:39.639481+02:00,2026-07-31T20:07:39.639481+02:00,2026-07-31T20:13:04.475303+02:00,2026-07-31T20:15:10.475303+02:00,
SYN2-118-A:P0001,SYN2-118-A,LYBE,LYBV,73274.43603007599,,,611.9860262228218,completed,G:LYBE:LYBV:SYN2-118-A:P0001,F000221,74174.43603007599,74429.43603007599,74865.88421807598,74991.88421807598,,74991.88421807598,74369.43603007599,15.0,True,0.0,19.25,0.0,28.62413646666658,,group_formation,2026-07-31T20:21:14.436030+02:00,2026-07-31T20:36:14.436030+02:00,2026-07-31T20:39:29.436030+02:00,2026-07-31T20:40:29.436030+02:00,2026-07-31T20:47:45.884218+02:00,2026-07-31T20:49:51.884218+02:00,
SYN2-340-D:P0001,SYN2-340-D,DOR,LYBE,74854.73146226152,76234.73146226152,77670.1191857816,683.5875095200685,completed,G:DOR:LYBE:SYN2-340-D:P0001,F000223,75754.73146226152,76084.73146226152,76512.53167626153,76704.53167626153,77388.1191857816,77388.1191857816,76024.73146226152,15.0,True,0.0,20.5,0.0,42.22312872533463,0.0,departure_preparation|group_formation|repositioning_flight,2026-07-31T20:47:34.731462+02:00,2026-07-31T21:02:34.731462+02:00,2026-07-31T21:07:04.731462+02:00,2026-07-31T21:08:04.731462+02:00,2026-07-31T21:15:12.531676+02:00,2026-07-31T21:29:48.119186+02:00,2026-07-31T21:29:48.119186+02:00
SYN2-341-D:P0001,SYN2-341-D,DOR,LYBE,75007.72675539037,76387.72675539037,77749.35568060569,609.8287112153141,completed,G:DOR:LYBE:SYN2-340-D:P0001,F000223,75754.73146226152,76084.73146226152,76512.53167626153,76704.53167626153,77314.36038747685,77314.36038747685,76024.73146226152,12.450078447852624,True,0.0,17.950078447852622,0.0,38.44389386810799,0.0,group_formation|repositioning_flight,2026-07-31T20:50:07.726755+02:00,2026-07-31T21:02:34.731462+02:00,2026-07-31T21:07:04.731462+02:00,2026-07-31T21:08:04.731462+02:00,2026-07-31T21:15:12.531676+02:00,2026-07-31T21:28:34.360387+02:00,2026-07-31T21:28:34.360387+02:00
SYN2-180-A:P0001,SYN2-180-A,LYBE,BW,76249.57152745148,,,558.213919890991,completed,G:LYBE:BW:SYN2-180-A:P0001,F000224,77149.57152745148,77479.57152745148,77804.40734945147,77996.40734945147,,77996.40734945147,77419.57152745148,15.0,True,0.0,20.5,0.0,29.113930366666562,,aircraft_busy|group_formation,2026-07-31T21:10:49.571527+02:00,2026-07-31T21:25:49.571527+02:00,2026-07-31T21:30:19.571527+02:00,2026-07-31T21:31:19.571527+02:00,2026-07-31T21:36:44.407349+02:00,2026-07-31T21:39:56.407349+02:00,
SYN2-121-A:P0001,SYN2-121-A,LYBE,BW,76483.95577200805,,,657.8987532410822,completed,G:LYBE:BW:SYN2-180-A:P0001,F000224,77149.57152745148,77479.57152745148,77804.40734945147,77996.40734945147,,77996.40734945147,77419.57152745148,11.093595924057203,True,0.0,16.5935959240572,0.0,25.207526290723763,,aircraft_busy|group_formation,2026-07-31T21:14:43.955772+02:00,2026-07-31T21:25:49.571527+02:00,2026-07-31T21:30:19.571527+02:00,2026-07-31T21:31:19.571527+02:00,2026-07-31T21:36:44.407349+02:00,2026-07-31T21:39:56.407349+02:00,
SYN2-121-A:P0003,SYN2-121-A,LYBE,BW,77189.21813117022,,,600.5567752532531,completed,G:LYBE:BW:SYN2-121-A:P0003,F000227,78089.21813117022,78419.21813117022,78744.05395317021,78936.05395317021,,78936.05395317021,78359.21813117022,15.0,True,0.0,20.5,0.0,29.113930366666562,,departure_preparation|group_formation|repositioning_flight,2026-07-31T21:26:29.218131+02:00,2026-07-31T21:41:29.218131+02:00,2026-07-31T21:45:59.218131+02:00,2026-07-31T21:46:59.218131+02:00,2026-07-31T21:52:24.053953+02:00,2026-07-31T21:55:36.053953+02:00,
SYN2-121-A:P0002,SYN2-121-A,LYBE,DOR,77425.55008378945,,,573.1855039654982,completed,G:LYBE:DOR:SYN2-121-A:P0002,F000228,78325.55008378945,78580.55008378945,79008.35029778945,79134.35029778945,,79134.35029778945,78520.55008378945,15.0,True,0.0,19.25,0.0,28.48000356666671,,departure_preparation|group_formation|repositioning_flight,2026-07-31T21:30:25.550084+02:00,2026-07-31T21:45:25.550084+02:00,2026-07-31T21:48:40.550084+02:00,2026-07-31T21:49:40.550084+02:00,2026-07-31T21:56:48.350298+02:00,2026-07-31T21:58:54.350298+02:00,
SYN2-122-A:P0001,SYN2-122-A,LYBE,BW,77457.83026859499,,,589.2428507421149,completed,G:LYBE:BW:SYN2-121-A:P0003,F000227,78089.21813117022,78419.21813117022,78744.05395317021,78936.05395317021,,78936.05395317021,78359.21813117022,10.523131042920431,True,0.0,16.023131042920433,0.0,24.63706140958699,,group_formation,2026-07-31T21:30:57.830269+02:00,2026-07-31T21:41:29.218131+02:00,2026-07-31T21:45:59.218131+02:00,2026-07-31T21:46:59.218131+02:00,2026-07-31T21:52:24.053953+02:00,2026-07-31T21:55:36.053953+02:00,
SYN2-182-A:P0001,SYN2-182-A,LYBE,BW,81237.43878912872,,,619.2320471155041,completed,G:LYBE:BW:SYN2-182-A:P0001,F000232,82137.43878912872,82392.43878912872,82717.27461112871,82843.27461112871,,82843.27461112871,82332.43878912872,15.0,True,0.0,19.25,0.0,26.76393036666656,,departure_preparation|group_formation|repositioning_flight,2026-07-31T22:33:57.438789+02:00,2026-07-31T22:48:57.438789+02:00,2026-07-31T22:52:12.438789+02:00,2026-07-31T22:53:12.438789+02:00,2026-07-31T22:58:37.274611+02:00,2026-07-31T23:00:43.274611+02:00,
SYN2-125-A:P0001,SYN2-125-A,LYBE,DOR,81339.92441574708,,,567.3629354381856,completed,G:LYBE:DOR:SYN2-125-A:P0001,F000233,82239.92441574708,82569.92441574708,82997.72462974708,83189.72462974708,,83189.72462974708,82509.92441574708,15.0,True,0.0,20.5,0.0,30.83000356666671,,departure_preparation|group_formation|repositioning_flight,2026-07-31T22:35:39.924416+02:00,2026-07-31T22:50:39.924416+02:00,2026-07-31T22:55:09.924416+02:00,2026-07-31T22:56:09.924416+02:00,2026-07-31T23:03:17.724630+02:00,2026-07-31T23:06:29.724630+02:00,
SYN2-126-A:P0001,SYN2-126-A,LYBE,LYBV,81367.6608474296,,,648.6947403170028,completed,G:LYBE:LYBV:SYN2-126-A:P0001,F000234,82267.6608474296,82522.6608474296,82959.10903542959,83085.10903542959,,83085.10903542959,82462.6608474296,15.0,True,0.0,19.25,0.0,28.62413646666658,,departure_preparation|group_formation|repositioning_flight,2026-07-31T22:36:07.660847+02:00,2026-07-31T22:51:07.660847+02:00,2026-07-31T22:54:22.660847+02:00,2026-07-31T22:55:22.660847+02:00,2026-07-31T23:02:39.109035+02:00,2026-07-31T23:04:45.109035+02:00,
SYN2-127-A:P0001,SYN2-127-A,LYBE,DOR,81741.43533944854,,,673.137835113005,completed,G:LYBE:DOR:SYN2-125-A:P0001,F000233,82239.92441574708,82569.92441574708,82997.72462974708,83189.72462974708,,83189.72462974708,82509.92441574708,8.30815127164242,True,0.0,13.80815127164242,0.0,24.138154838309127,,group_formation,2026-07-31T22:42:21.435339+02:00,2026-07-31T22:50:39.924416+02:00,2026-07-31T22:55:09.924416+02:00,2026-07-31T22:56:09.924416+02:00,2026-07-31T23:03:17.724630+02:00,2026-07-31T23:06:29.724630+02:00,
SYN2-130-A:P0001,SYN2-130-A,LYBE,DOR,82330.3208607202,,,664.8354707785763,completed,G:LYBE:DOR:SYN2-130-A:P0001,F000238,83230.3208607202,83677.52484374709,84105.32505774709,84363.32505774709,,84363.32505774709,83575.3208607202,15.0,True,0.0,22.453399717114856,0.703399717114856,33.88340328378157,,aircraft_busy|departure_preparation|group_formation|repositioning_flight,2026-07-31T22:52:10.320861+02:00,2026-07-31T23:07:10.320861+02:00,2026-07-31T23:12:55.320861+02:00,2026-07-31T23:14:37.524844+02:00,2026-07-31T23:21:45.325058+02:00,2026-07-31T23:26:03.325058+02:00,
SYN2-184-A:P0001,SYN2-184-A,LYBE,DOR,82334.40869179284,,,595.6270195040773,completed,G:LYBE:DOR:SYN2-130-A:P0001,F000238,83230.3208607202,83677.52484374709,84105.32505774709,84363.32505774709,,84363.32505774709,83575.3208607202,14.931869482122663,True,0.0,22.38526919923752,0.703399717114856,33.815272765904226,,aircraft_busy|departure_preparation|group_formation|repositioning_flight,2026-07-31T22:52:14.408692+02:00,2026-07-31T23:07:10.320861+02:00,2026-07-31T23:12:55.320861+02:00,2026-07-31T23:14:37.524844+02:00,2026-07-31T23:21:45.325058+02:00,2026-07-31T23:26:03.325058+02:00,
SYN2-132-A:P0001,SYN2-132-A,LYBE,JUG,82342.44907025978,,,584.8220899698449,completed,G:LYBE:JUG:SYN2-132-A:P0001,F000239,83242.44907025978,83497.44907025978,83915.25138225978,84041.25138225978,,84041.25138225978,83437.44907025978,15.0,True,0.0,19.25,0.0,28.313371866666664,,departure_preparation|group_formation|repositioning_flight,2026-07-31T22:52:22.449070+02:00,2026-07-31T23:07:22.449070+02:00,2026-07-31T23:10:37.449070+02:00,2026-07-31T23:11:37.449070+02:00,2026-07-31T23:18:35.251382+02:00,2026-07-31T23:20:41.251382+02:00,
SYN2-134-A:P0001,SYN2-134-A,LYBE,DOR,82504.04738233962,,,648.0921292024261,completed,G:LYBE:DOR:SYN2-130-A:P0001,F000238,83230.3208607202,83677.52484374709,84105.32505774709,84363.32505774709,,84363.32505774709,83575.3208607202,12.104557973009651,True,0.0,19.557957690124507,0.703399717114856,30.987961256791216,,aircraft_busy|departure_preparation|group_formation|repositioning_flight,2026-07-31T22:55:04.047382+02:00,2026-07-31T23:07:10.320861+02:00,2026-07-31T23:12:55.320861+02:00,2026-07-31T23:14:37.524844+02:00,2026-07-31T23:21:45.325058+02:00,2026-07-31T23:26:03.325058+02:00,
SYN2-135-A:P0001,SYN2-135-A,LYBE,BW,82827.47458733906,,,579.6151004457931,completed,G:LYBE:BW:SYN2-135-A:P0001,F000240,83727.47458733906,83982.47458733906,84307.31040933906,84433.31040933906,,84433.31040933906,83922.47458733906,15.0,True,0.0,19.25,0.0,26.76393036666656,,aircraft_busy|departure_preparation|group_formation|repositioning_flight,2026-07-31T23:00:27.474587+02:00,2026-07-31T23:15:27.474587+02:00,2026-07-31T23:18:42.474587+02:00,2026-07-31T23:19:42.474587+02:00,2026-07-31T23:25:07.310409+02:00,2026-07-31T23:27:13.310409+02:00,
SYN2-139-A:P0001,SYN2-139-A,LYBE,BW,84139.30049713698,,,679.2983589926841,completed,G:LYBE:BW:SYN2-139-A:P0001,F000243,85039.30049713698,85369.30049713698,85694.13631913697,85886.13631913697,,85886.13631913697,85309.30049713698,15.0,True,0.0,20.5,0.0,29.113930366666562,,departure_preparation|group_formation|repositioning_flight,2026-07-31T23:22:19.300497+02:00,2026-07-31T23:37:19.300497+02:00,2026-07-31T23:41:49.300497+02:00,2026-07-31T23:42:49.300497+02:00,2026-07-31T23:48:14.136319+02:00,2026-07-31T23:51:26.136319+02:00,
SYN2-142-A:P0002,SYN2-142-A,LYBE,BW,84166.63690835034,,,567.2307660651071,completed,G:LYBE:BW:SYN2-139-A:P0001,F000243,85039.30049713698,85369.30049713698,85694.13631913697,85886.13631913697,,85886.13631913697,85309.30049713698,14.544393146444055,True,0.0,20.044393146444055,0.0,28.658323513110613,,departure_preparation|group_formation|repositioning_flight,2026-07-31T23:22:46.636908+02:00,2026-07-31T23:37:19.300497+02:00,2026-07-31T23:41:49.300497+02:00,2026-07-31T23:42:49.300497+02:00,2026-07-31T23:48:14.136319+02:00,2026-07-31T23:51:26.136319+02:00,
SYN2-137-A:P0001,SYN2-137-A,LYBE,JUG,84313.62056683555,,,573.7982292043425,completed,G:LYBE:JUG:SYN2-137-A:P0001,F000245,85213.62056683555,85773.80938053345,86191.61169253345,86383.61169253345,,86383.61169253345,85483.62056683555,15.0,True,0.0,24.336480228298267,3.836480228298266,34.49985209496493,,aircraft_busy|battery_before_repositioning|departure_preparation|group_formation|repositioning_flight,2026-07-31T23:25:13.620567+02:00,2026-07-31T23:40:13.620567+02:00,2026-07-31T23:44:43.620567+02:00,2026-07-31T23:49:33.809381+02:00,2026-07-31T23:56:31.611693+02:00,2026-07-31T23:59:43.611693+02:00,
SYN2-145-A:P0001,SYN2-145-A,LYBE,JUG,84783.65276820802,,,606.8998900873703,completed,G:LYBE:JUG:SYN2-137-A:P0001,F000245,85213.62056683555,85773.80938053345,86191.61169253345,86383.61169253345,,86383.61169253345,85483.62056683555,7.1661299771255775,True,0.0,16.502610205423842,3.836480228298266,26.665982072090507,,departure_preparation|group_formation|repositioning_flight,2026-07-31T23:33:03.652768+02:00,2026-07-31T23:40:13.620567+02:00,2026-07-31T23:44:43.620567+02:00,2026-07-31T23:49:33.809381+02:00,2026-07-31T23:56:31.611693+02:00,2026-07-31T23:59:43.611693+02:00,
SYN2-142-A:P0001,SYN2-142-A,LYBE,LYBV,85110.65327470153,,,623.1608587949116,completed,G:LYBE:LYBV:SYN2-142-A:P0001,F000248,86198.45348870153,86528.45348870153,86964.90167670153,87156.90167670153,,87156.90167670153,86468.45348870153,18.13000356666671,False,3.13000356666671,23.63000356666671,0.0,34.10414003333329,,cleaning|departure_preparation|group_formation|repositioning_flight,2026-07-31T23:38:30.653275+02:00,2026-07-31T23:56:38.453489+02:00,2026-08-01T00:01:08.453489+02:00,2026-08-01T00:02:08.453489+02:00,2026-08-01T00:09:24.901677+02:00,2026-08-01T00:12:36.901677+02:00,
SYN2-188-A:P0002,SYN2-188-A,LYBE,LYBV,85282.6868122836,,,616.1553007677682,completed,G:LYBE:LYBV:SYN2-142-A:P0001,F000248,86198.45348870153,86528.45348870153,86964.90167670153,87156.90167670153,,87156.90167670153,86468.45348870153,15.262777940298838,False,0.26277794029883805,20.76277794029884,0.0,31.23691440696542,,cleaning|group_formation|repositioning_flight,2026-07-31T23:41:22.686812+02:00,2026-07-31T23:56:38.453489+02:00,2026-08-01T00:01:08.453489+02:00,2026-08-01T00:02:08.453489+02:00,2026-08-01T00:09:24.901677+02:00,2026-08-01T00:12:36.901677+02:00,
SYN2-147-A:P0001,SYN2-147-A,LYBE,JUG,85409.0433316314,,,610.5554088270374,completed,G:LYBE:JUG:SYN2-147-A:P0001,F000249,86309.0433316314,86796.73639124795,87214.53870324795,87406.53870324795,,87406.53870324795,86579.0433316314,15.0,True,0.0,23.12821766027579,2.6282176602757925,33.29158952694245,,aircraft_busy|departure_preparation|group_formation|repositioning_flight,2026-07-31T23:43:29.043332+02:00,2026-07-31T23:58:29.043332+02:00,2026-08-01T00:02:59.043332+02:00,2026-08-01T00:06:36.736391+02:00,2026-08-01T00:13:34.538703+02:00,2026-08-01T00:16:46.538703+02:00,
SYN2-188-A:P0003,SYN2-188-A,LYBE,JUG,85556.25078146881,,,644.783174493535,completed,G:LYBE:JUG:SYN2-147-A:P0001,F000249,86309.0433316314,86796.73639124795,87214.53870324795,87406.53870324795,,87406.53870324795,86579.0433316314,12.54654250270978,True,0.0,20.674760162985574,2.6282176602757925,30.838132029652236,,aircraft_busy|departure_preparation|group_formation|repositioning_flight,2026-07-31T23:45:56.250781+02:00,2026-07-31T23:58:29.043332+02:00,2026-08-01T00:02:59.043332+02:00,2026-08-01T00:06:36.736391+02:00,2026-08-01T00:13:34.538703+02:00,2026-08-01T00:16:46.538703+02:00,
SYN2-188-A:P0001,SYN2-188-A,LYBE,BW,85581.8708378132,,,636.5115078631381,completed,G:LYBE:BW:SYN2-188-A:P0001,F000250,86798.45348870153,87128.45348870153,87453.28931070153,87645.28931070153,,87645.28931070153,87068.45348870153,20.27637751480555,False,5.276377514805548,25.77637751480555,0.0,34.39030788147211,,cleaning|cleaning_crew|departure_preparation|group_formation|repositioning_flight,2026-07-31T23:46:21.870838+02:00,2026-08-01T00:06:38.453489+02:00,2026-08-01T00:11:08.453489+02:00,2026-08-01T00:12:08.453489+02:00,2026-08-01T00:17:33.289311+02:00,2026-08-01T00:20:45.289311+02:00,
SYN2-148-A:P0001,SYN2-148-A,LYBE,BW,85642.47019152266,,,593.0719279266535,completed,G:LYBE:BW:SYN2-188-A:P0001,F000250,86798.45348870153,87128.45348870153,87453.28931070153,87645.28931070153,,87645.28931070153,87068.45348870153,19.266388286314516,False,4.266388286314517,24.766388286314516,0.0,33.380318652981074,,cleaning|cleaning_crew|group_formation|repositioning_flight,2026-07-31T23:47:22.470192+02:00,2026-08-01T00:06:38.453489+02:00,2026-08-01T00:11:08.453489+02:00,2026-08-01T00:12:08.453489+02:00,2026-08-01T00:17:33.289311+02:00,2026-08-01T00:20:45.289311+02:00,
SYN2-152-A:P0002,SYN2-152-A,LYBE,LYBV,86646.43272483784,,,627.9144725084927,completed,G:LYBE:LYBV:SYN2-152-A:P0002,F000254,87653.34986470152,88216.800358664,88653.24854666399,88845.24854666399,,88845.24854666399,87923.34986470152,16.78195233106138,False,1.781952331061378,26.172793897102625,3.8908415660412476,36.64693036376921,,aircraft_busy|departure_preparation|group_formation|repositioning_flight,2026-08-01T00:04:06.432725+02:00,2026-08-01T00:20:53.349865+02:00,2026-08-01T00:25:23.349865+02:00,2026-08-01T00:30:16.800359+02:00,2026-08-01T00:37:33.248547+02:00,2026-08-01T00:40:45.248547+02:00,
SYN2-152-A:P0003,SYN2-152-A,LYBE,LYBV,86973.53953508406,,,622.3058888753985,completed,G:LYBE:LYBV:SYN2-152-A:P0002,F000254,87653.34986470152,88216.800358664,88653.24854666399,88845.24854666399,,88845.24854666399,87923.34986470152,11.330172160291113,True,0.0,20.721013726332362,3.8908415660412476,31.19515019299894,,aircraft_busy|departure_preparation|group_formation|repositioning_flight,2026-08-01T00:09:33.539535+02:00,2026-08-01T00:20:53.349865+02:00,2026-08-01T00:25:23.349865+02:00,2026-08-01T00:30:16.800359+02:00,2026-08-01T00:37:33.248547+02:00,2026-08-01T00:40:45.248547+02:00,
SYN2-151-A:P0001,SYN2-151-A,LYBE,JUG,86998.12324706969,,,590.6159671908031,completed,G:LYBE:JUG:SYN2-151-A:P0001,F000255,88075.92555906968,88330.92555906968,88748.72787106968,88874.72787106968,,88874.72787106968,88270.92555906968,17.963371866666662,False,2.9633718666666633,22.213371866666662,0.0,31.276743733333326,,cleaning|departure_preparation|group_formation|repositioning_flight,2026-08-01T00:09:58.123247+02:00,2026-08-01T00:27:55.925559+02:00,2026-08-01T00:31:10.925559+02:00,2026-08-01T00:32:10.925559+02:00,2026-08-01T00:39:08.727871+02:00,2026-08-01T00:41:14.727871+02:00,
SYN2-152-A:P0001,SYN2-152-A,LYBE,BW,87503.26945012911,,,599.6695810213012,completed,G:LYBE:BW:SYN2-152-A:P0001,F000256,88403.26945012911,88658.26945012911,88983.1052721291,89109.1052721291,,89109.1052721291,88598.26945012911,15.0,True,0.0,19.25,0.0,26.76393036666656,,aircraft_busy|departure_preparation|group_formation|repositioning_flight,2026-08-01T00:18:23.269450+02:00,2026-08-01T00:33:23.269450+02:00,2026-08-01T00:36:38.269450+02:00,2026-08-01T00:37:38.269450+02:00,2026-08-01T00:43:03.105272+02:00,2026-08-01T00:45:09.105272+02:00,
