scenario;fleet_role;fleet_size;n_opt;replication_index;status;generated_passengers;completed_passenger_journeys;unfinished_passengers;boarded_within_limit;fraction_boarding_within_wait_limit;mean_wait_to_boarding_min;p95_wait_to_boarding_min;max_wait_to_boarding_min;mean_request_to_takeoff_min;mean_terminal_target_lateness_min;passenger_flights;repositioning_flights;flight_energy_kwh;battery_energy_added_kwh;minimum_soc;cleanings_completed;start_time_s;end_time_s;event_count;energy_balance_residual_kwh;seat_load_factor_on_passenger_flights;repositioning_flight_fraction;repositioning_time_fraction;repositioning_energy_fraction;flight_energy_per_completed_passenger_kwh;total_boarding_exceedance_passenger_min;total_extra_after_boarding_passenger_min;extra_after_boarding_min_mean;extra_after_boarding_min_p95;extra_after_boarding_min_max;journey_duration_min_mean;journey_duration_min_p95;journey_duration_min_max;late_terminal_passengers;terminal_passengers_observed;unexplained_wait_passenger_min;queue_peak;queue_passenger_minutes;network_queue_peak;diagnostic_before_boarding_min;diagnostic_after_boarding_min;diagnostic_overdue_min;overlapping_overdue_passenger_min;overlapping_after_boarding_passenger_min;charging_aircraft_hours;cause_battery_before_repositioning_late_passengers;cause_battery_before_repositioning_overdue_passenger_min;cause_battery_before_repositioning_after_boarding_passenger_min;cause_battery_after_repositioning_late_passengers;cause_battery_after_repositioning_overdue_passenger_min;cause_battery_after_repositioning_after_boarding_passenger_min;cause_battery_at_origin_late_passengers;cause_battery_at_origin_overdue_passenger_min;cause_battery_at_origin_after_boarding_passenger_min;cause_aircraft_busy_late_passengers;cause_aircraft_busy_overdue_passenger_min;cause_aircraft_busy_after_boarding_passenger_min;cause_repositioning_flight_late_passengers;cause_repositioning_flight_overdue_passenger_min;cause_repositioning_flight_after_boarding_passenger_min;cause_cleaning_late_passengers;cause_cleaning_overdue_passenger_min;cause_cleaning_after_boarding_passenger_min;cause_cleaning_crew_late_passengers;cause_cleaning_crew_overdue_passenger_min;cause_cleaning_crew_after_boarding_passenger_min;cause_destination_stand_late_passengers;cause_destination_stand_overdue_passenger_min;cause_destination_stand_after_boarding_passenger_min;cause_origin_tlof_late_passengers;cause_origin_tlof_overdue_passenger_min;cause_origin_tlof_after_boarding_passenger_min;cause_destination_tlof_late_passengers;cause_destination_tlof_overdue_passenger_min;cause_destination_tlof_after_boarding_passenger_min;cause_group_formation_late_passengers;cause_group_formation_overdue_passenger_min;cause_group_formation_after_boarding_passenger_min;cause_priority_other_group_late_passengers;cause_priority_other_group_overdue_passenger_min;cause_priority_other_group_after_boarding_passenger_min;cause_reserved_for_other_group_late_passengers;cause_reserved_for_other_group_overdue_passenger_min;cause_reserved_for_other_group_after_boarding_passenger_min;cause_pinned_aircraft_policy_late_passengers;cause_pinned_aircraft_policy_overdue_passenger_min;cause_pinned_aircraft_policy_after_boarding_passenger_min;cause_departure_preparation_late_passengers;cause_departure_preparation_overdue_passenger_min;cause_departure_preparation_after_boarding_passenger_min;cause_energy_unreachable_late_passengers;cause_energy_unreachable_overdue_passenger_min;cause_energy_unreachable_after_boarding_passenger_min;cause_resource_conflict_late_passengers;cause_resource_conflict_overdue_passenger_min;cause_resource_conflict_after_boarding_passenger_min;cause_unexplained_wait_late_passengers;cause_unexplained_wait_overdue_passenger_min;cause_unexplained_wait_after_boarding_passenger_min;fleet_idle_hours;fleet_boarding_hours;fleet_waiting_for_departure_hours;fleet_departure_finalization_hours;fleet_takeoff_hours;fleet_cruise_hours;fleet_landing_hours;fleet_disembarking_hours;fleet_cleaning_hours;fleet_waiting_for_cleaning_crew_hours;fleet_passenger_flight_hours;fleet_repositioning_flight_hours;LYBE_queue_peak;LYBE_queue_nonempty_min;LYBE_queue_mean;EXPO_queue_peak;EXPO_queue_nonempty_min;EXPO_queue_mean;BW_queue_peak;BW_queue_nonempty_min;BW_queue_mean;JUG_queue_peak;JUG_queue_nonempty_min;JUG_queue_mean;DOR_queue_peak;DOR_queue_nonempty_min;DOR_queue_mean;LYBV_queue_peak;LYBV_queue_nonempty_min;LYBV_queue_mean;fleet_idle_fraction;generated_airport_to_city_passengers;generated_city_to_airport_passengers;late_boarding_passengers;fraction_late_boarding;median_wait_to_boarding_min;passengers_with_extra_after_boarding_wait;p95_request_to_takeoff_min;fraction_terminal_late;mean_terminal_lateness_among_late_min;max_terminal_lateness_among_late_min;mean_passengers_per_passenger_flight;full_passenger_flight_fraction;simulation_duration_hours;airport_to_city_journey_duration_min_mean;airport_to_city_journey_duration_min_p95;city_to_airport_journey_duration_min_mean;city_to_airport_journey_duration_min_p95;LYBE_requests;LYBE_on_time_fraction;LYBE_wait_mean_min;LYBE_wait_p95_min;EXPO_requests;EXPO_on_time_fraction;EXPO_wait_mean_min;EXPO_wait_p95_min;BW_requests;BW_on_time_fraction;BW_wait_mean_min;BW_wait_p95_min;JUG_requests;JUG_on_time_fraction;JUG_wait_mean_min;JUG_wait_p95_min;DOR_requests;DOR_on_time_fraction;DOR_wait_mean_min;DOR_wait_p95_min;LYBV_requests;LYBV_on_time_fraction;LYBV_wait_mean_min;LYBV_wait_p95_min;LYBE_stand_utilization;LYBE_stands_fully_occupied_min;LYBE_movement_utilization;LYBE_charger_utilization;LYBE_cleaner_utilization;EXPO_stand_utilization;EXPO_stands_fully_occupied_min;EXPO_movement_utilization;EXPO_charger_utilization;EXPO_cleaner_utilization;BW_stand_utilization;BW_stands_fully_occupied_min;BW_movement_utilization;BW_charger_utilization;BW_cleaner_utilization;JUG_stand_utilization;JUG_stands_fully_occupied_min;JUG_movement_utilization;JUG_charger_utilization;JUG_cleaner_utilization;DOR_stand_utilization;DOR_stands_fully_occupied_min;DOR_movement_utilization;DOR_charger_utilization;DOR_cleaner_utilization;LYBV_stand_utilization;LYBV_stands_fully_occupied_min;LYBV_movement_utilization;LYBV_charger_utilization;LYBV_cleaner_utilization;base_seed;seed_components;numpy_version;schema_version;diagnostics_enabled;demand_fingerprint;wait_limit_min;service_target;start_datetime;end_datetime;input_sha256;config_sha256;code_sha256
low;n6;6;;0;completed;237;237;0;231;0,9746835443037974;12,720176033631079;15,0;17,260160821095877;18,20769114562353;0,0;159;96;8365,75522986665;8155,084104952268;0,227949807427623;21;-10476,269339413662;89109,1052721291;4964;1,9326762412674725e-11;0,37264150943396224;0,3764705882352941;0,3461376747309444;0,3569542210364105;35,29854527369895;5,042199117360299;48,29108154221161;0,20375983773085066;1,4691246859787497;6,142716132413625;32,33241605594451;41,0750580612393;44,35950014959041;0;113;0,0;8;3014,681719970565;9;3014,681719970581;48,29108154221161;5,042199117360239;0,0;0,0;89,04883874955917;1;0,0;0,0;0;0,0;26,410304238490152;0;0,0;0,0;3;0,6741881877444637;0,0;5;4,368010929615775;0,0;2;0,0;0,0;0;0,0;0,0;0;0,0;0,0;1;0,0;18,7020489798364;1;0,0;3,178728323885055;6;0,0;0,0;0;0,0;0,0;0;0,0;0,0;0;0,0;0,0;5;0,0;0,0;0;0,0;0,0;0;0,0;0,0;0;0,0;0,0;115,30498678132834;10,2375;0,5608109833083356;4,25;2,8333333333333335;17,95189447999999;4,25;6,995;3,592098774601044;0,0;16,36959227166667;8,665635541666655;8;682,5515065165292;0,9502834402928443;1;105,24251046105444;0,06340841365807703;3;390,0;0,3273821450696228;3;285,7751788867671;0,19834954243729674;2;195,0;0,12831065814016238;3;210,59247177604382;0,14860583932643084;0,6947103662426564;124;113;6;0,025316455696202556;15,0;39;21,75;0,0;;;1,490566037735849;0,012578616352201259;27,66260405876188;27,669520060763585;32,82891574898754;37,449222280744834;42,43381244840315;124;0,9758064516129032;12,719668331815663;15,0;7;0,8571428571428571;15,034644351579205;15,169757322738102;44;1,0;12,349421802230617;15,0;25;0,96;13,168475658430863;15,0;16;1,0;13,31027599743924;15,0;21;0,9523809523809523;11,745212840305832;15,0;0,48433851637346176;199,92901709840407;0,11367131011111263;0,2710495280936296;0,03614988660777434;0,11528089580802173;3,1;0,016066616270121927;0,07381640028524655;0,006024981101295722;0,16696779038767745;0,0;0,044183194742835295;0,12486042147786362;0,01807494330388717;0,17622771229355086;47,066736842356235;0,030727403616608185;0,1447552621157967;0,021404303562429877;0,15925143889750168;32,45845363354116;0,02409992440518289;0,14221167924184194;0,01807494330388717;0,3097784997792874;268,32535036014156;0,027313247659207274;0,18589994279576835;0,030124905506478613;20260920;"{""passenger_counts"":[20260920,0,1,1],""city_assignment"":[20260920,0,1,2],""arrival_terminal_processing"":[20260920,0,1,3],""terminal_access"":[20260920,0,1,4],""departure_terminal_earliness"":[20260920,0,1,5]}";2.3.5;3;1;f507c276067f55846b14cc69586a2ab9bf43095ffbf8543276bacc6332c5f9f3;15;0,95;2026-07-30T21:05:23.730661+02:00;2026-08-01T00:45:09.105272+02:00;"{""aircraft_spec"":""1d92a29ff955ec8194720f659c80edf216b314fc10254dcf237d7a6f523202b4"",""config"":""7ead259693c46435e769cfce8a5758000255c9bd0ae648a9278403052013ecf4"",""flight_schedule"":""5871c8897f25c6a4b84d5aaf40fda1a067670fa574cb675c9adf829ad9c940f9"",""vertiport_network"":""8f37a94965fd8b2b9be9143f587c88446d15875ef5cba00cefde590914bba9b3""}";d3094d93f4535fbcbc60bb48f00a56a471fb58d21c5438d1e32bf1a9ee2190b6;c398ff11be193803520e0ccd99c35c3a87d8bb6a3e42dce0d1d33aa66c260c8e
low;n6;6;;1;completed;239;239;0;228;0,9539748953974896;12,137851075670085;15,000000000000002;21,122315169060798;17,781390418342035;0,006326917867423141;157;83;8035,013861233318;7831,63405063095;0,23316807545579166;20;-8589,685791410968;89059,62825819374;4733;1,1254996934439987e-11;0,38057324840764334;0,3458333333333333;0,3136995907841945;0,32492818484929153;33,61930485871681;27,403672502574;50,555902898596294;0,2115309744711142;1,4202122207428904;6,1541933818579615;32,009832031875874;41,71865204082166;46,252305631099745;1;112;0,0;7;2900,9464070851504;10;2900,946407085142;50,55590289859629;27,403672502573986;0,0;0,0;84,9484485880422;1;0,0;0,0;0;0,0;23,841052372570267;0;0,0;0,0;9;4,462743888999952;0,0;9;21,412499793560528;0,0;0;0,0;0,0;0;0,0;0,0;0;0,0;0,0;0;0,0;21,76180191561622;5;0,0;4,953048610409799;11;0,0;0,0;0;0,0;0,0;0;0,0;0,0;0;0,0;0,0;9;1,5284288200135052;0,0;0;0,0;0,0;0;0,0;0,0;0;0,0;0,0;113,30844366911325;10,2125;0,5831586868943129;4,0;2,6666666666666665;17,64642106000001;4,0;6,998333333333333;3,3333333333333335;0,0;16,68608205611112;7,627005670555559;7;745,5767251438726;0,946183074712975;2;60,0;0,03992143760331177;3;372,9534336678776;0,2838950523509886;3;230,5252296889738;0,1558472185762248;3;200,92808714778033;0,15429473693435225;3;270,0;0,2023265505828923;0,6962165260775137;127;112;11;0,046025104602510414;15,0;43;22,019374684498217;0,008928571428571428;0,7086148011513917;0,7086148011513917;1,5222929936305734;0,03821656050955414;27,12480945822353;27,448314736632145;32,967404895908906;37,18226682201832;43,459719988693756;127;0,9448818897637795;12,125213675993164;15,139687119076314;5;1,0;12,994336659458302;15,0;39;0,9743589743589743;11,847075694081477;15,0;19;0,8947368421052632;13,349450868865935;17,31031169264765;21;0,9523809523809523;11,95775811357437;15,0;28;1,0;11,760148141929813;15,0;0,499069373694906;176,5758007929368;0,11182874253937684;0,2582882680052795;0,05529992762936218;0,026745438848793174;0,0;0,008192581871016619;0,021829889726183202;0,006144436403262464;0,15635665854800151;0,0;0,039938836621206016;0,1199681158938987;0,012288872806524928;0,2500854311540769;131,64242577337782;0,030312552922761492;0,1738310109931741;0,012288872806524928;0,22882834349930684;63,774045216680044;0,028674036548558168;0,17539439098044954;0,024577745613049855;0,23624868440676852;96,99661855163868;0,026830705627579426;0,18002469221166736;0,012288872806524928;20260920;"{""passenger_counts"":[20260920,1,1,1],""city_assignment"":[20260920,1,1,2],""arrival_terminal_processing"":[20260920,1,1,3],""terminal_access"":[20260920,1,1,4],""departure_terminal_earliness"":[20260920,1,1,5]}";2.3.5;3;1;d636a3fa17f659c08b8032866b5a55dab8202538c2cbe44df8b0b1009bbd1ff8;15;0,95;2026-07-30T21:36:50.314209+02:00;2026-08-01T00:44:19.628258+02:00;"{""aircraft_spec"":""1d92a29ff955ec8194720f659c80edf216b314fc10254dcf237d7a6f523202b4"",""config"":""7ead259693c46435e769cfce8a5758000255c9bd0ae648a9278403052013ecf4"",""flight_schedule"":""5871c8897f25c6a4b84d5aaf40fda1a067670fa574cb675c9adf829ad9c940f9"",""vertiport_network"":""8f37a94965fd8b2b9be9143f587c88446d15875ef5cba00cefde590914bba9b3""}";d3094d93f4535fbcbc60bb48f00a56a471fb58d21c5438d1e32bf1a9ee2190b6;c398ff11be193803520e0ccd99c35c3a87d8bb6a3e42dce0d1d33aa66c260c8e
low;n6;6;;2;completed;259;259;0;237;0,915057915057915;12,859345780975751;16,601384575388412;32,694326239689936;18,48954901012297;0,10968896678370668;174;108;9402,293117441646;9179,075258289997;0,23155906769170598;25;-8569,545313608409;87357,30493278097;5478;5,559286364587024e-11;0,37212643678160917;0,3829787234042553;0,348959196118303;0,3608958625295753;36,30229002873222;95,23665445713803;74,97263634912939;0,289469638413627;1,6381143707585752;5,507993594843234;32,72334178599322;42,742135283001765;53,824457334401814;2;121;0,0;10;3330,5705572727193;11;3330,5705572727206;74,97263634912939;95,23665445713802;0,0;0,0;92,08917935811222;2;7,364532431404586;0,0;0;0,0;38,60537038681032;0;0,0;0,0;13;20,544529385198985;0,0;19;27,391133632052455;0,0;13;32,883578582366255;0,0;0;0,0;0,0;0;0,0;0,0;0;0,0;23,473903517866468;2;3,0528804261157347;12,893362444452608;22;0,0;0,0;1;0,0;0,0;0;0,0;0,0;0;0,0;0,0;18;4,0;0,0;0;0,0;0,0;0;0,0;0,0;0;0,0;0,0;102,77057977077803;11,195833333333333;0,9612122488485187;4,7;3,1333333333333333;20,553855585000022;4,7;7,648333333333333;4,214936139354803;0,0;18,48121829333335;9,905970625000009;10;753,2959315980594;1,0866579257523095;1;120,0;0,07505719182383978;3;397,27260953348224;0,29631764022269486;2;195,77731279107988;0,15450753403762407;3;331,4123183593673;0,2527861275835902;2;300,989053241645;0,21786752391370368;0,6428059266418763;138;121;22;0,084942084942085;15,0;60;23,311465653779436;0,01652892561983471;6,636182490414255;10,644326239689933;1,4885057471264367;0,034482758620689655;26,646347290663716;28,092007113770006;34,03270422959475;38,00535984191722;43,535079705799824;138;0,8985507246376812;12,589332380760135;17,153182031192173;8;1,0;15,0;15,0;37;0,9459459459459459;12,803972026579252;16,06950736801196;19;0,9473684210526315;13,001246561022873;15,077731279107985;29;0,8620689655172413;13,93619368107801;18,130003566666684;28;0,9642857142857143;12,440086511917567;15,0;0,47467488517711787;184,69530434134396;0,13364349988633695;0,2884234190709985;0,06254765985319982;0,0963686979573966;1,0279150687337582;0,014594453965746624;0,066035140537498;0,012509531970639963;0,12283117637803212;0,0;0,040030502306047884;0,10508747441688363;0,012509531970639963;0,18364347537051637;8,79431541518073;0,030231368929046577;0,1486434752075421;0,012509531970639963;0,2588210533203737;58,44348219837132;0,041906932101643875;0,22582375887875722;0,03934008144731442;0,2588140940685642;111,19285644581541;0,033567244121217234;0,2120412193249045;0,018764297955959946;20260920;"{""passenger_counts"":[20260920,2,1,1],""city_assignment"":[20260920,2,1,2],""arrival_terminal_processing"":[20260920,2,1,3],""terminal_access"":[20260920,2,1,4],""departure_terminal_earliness"":[20260920,2,1,5]}";2.3.5;3;1;5a2c165549b0ca71065b49db806c8356596d2ffe35c74ea585f70ba10d198451;15;0,95;2026-07-30T21:37:10.454686+02:00;2026-08-01T00:15:57.304933+02:00;"{""aircraft_spec"":""1d92a29ff955ec8194720f659c80edf216b314fc10254dcf237d7a6f523202b4"",""config"":""7ead259693c46435e769cfce8a5758000255c9bd0ae648a9278403052013ecf4"",""flight_schedule"":""5871c8897f25c6a4b84d5aaf40fda1a067670fa574cb675c9adf829ad9c940f9"",""vertiport_network"":""8f37a94965fd8b2b9be9143f587c88446d15875ef5cba00cefde590914bba9b3""}";d3094d93f4535fbcbc60bb48f00a56a471fb58d21c5438d1e32bf1a9ee2190b6;c398ff11be193803520e0ccd99c35c3a87d8bb6a3e42dce0d1d33aa66c260c8e
low;n6;6;;3;completed;251;251;0;241;0,9601593625498008;13,083099906480273;15,0;26,617126967997685;18,49027581204148;0,10114288369155992;175;101;9270,547690883306;9081,040719157074;0,22728537642409838;24;-10180,93999161217;89059,74930365165;5398;4,092726157978177e-12;0,3585714285714286;0,36594202898550726;0,3409278074218455;0,349640053673096;36,93445295172632;46,16798120323923;52,951152295862904;0,2109607661189757;1,4336266565730815;5,858535404692157;33,308883706100374;41,61063959031251;54,472370307745585;5;136;0,0;9;3283,8580765265483;11;3283,8580765265597;52,951152295862904;46,16798120323923;0,0;0,0;89,91830695501258;2;0,0;0,0;0;0,0;28,049883679101548;0;0,0;1,729985532741921;9;8,62942088238051;0,0;8;20,43386512347424;0,0;3;13,635297344129262;0,0;1;0,0;0,0;0;0,0;0,0;3;0,024149126502743458;15,431901942139364;1;0,3758749686039664;7,73938114188007;10;0,0;0,0;0;0,0;0,0;0;0,0;0,0;0;0,0;0,0;8;3,0693737581485037;0,0;0;0,0;0,0;0;0,0;0,0;0;0,0;0,0;109,29299122159325;11,062500000000002;0,7464831397037472;4,6;3,066666666666667;20,434229570000007;4,6;7,518333333333331;4,0;0,0799448941427646;18,520519296111114;9,580376940555555;9;722,9812558114519;0,9240856862364182;2;45,0;0,0398748438718476;4;496,3064153327921;0,3830692065485924;3;279,1155611019373;0,2104416225258023;3;381,15623542651326;0,24695261759162;2;258,36180960904375;0,18096614889664292;0,660775284801307;115;136;10;0,03984063745019917;15,0;41;22,042108428124628;0,03676470588235294;2,75108643641043;8,198292665346163;1,4342857142857144;0,011428571428571429;27,56685813757328;27,93942154435989;32,09778419936127;37,84923773992505;44,08195257014234;115;0,9826086956521739;13,290855140578122;15,0;5;1,0;13,190689971277273;15,0;54;0,9629629629629629;11,733349415330894;15,0;26;0,9230769230769231;13,387417740945088;17,222528899999997;29;0,9310344827586207;14,08491263969084;20,723465075109324;22;0,9090909090909091;13,605458602736508;15,159235526802446;0,47540266904197465;180,04050059678883;0,12615793067246972;0,2860873677355661;0,060459072207253856;0,05299018927062921;47,79794141862488;0,009068860831088078;0,042106345532432636;0,012091814441450771;0,1507399045249949;0,0;0,048367257765803084;0,12139532665962832;0,018137721662176157;0,2016367736728915;13,651311986123256;0,028214233696718466;0,10629453542722686;0,018137721662176157;0,25556827934662446;118,8501144480974;0,0344616711581347;0,17427595469690818;0,012091814441450771;0,25243070713558846;104,35232572035412;0,0318417780291537;0,20718363170160864;0,024183628882901542;20260920;"{""passenger_counts"":[20260920,3,1,1],""city_assignment"":[20260920,3,1,2],""arrival_terminal_processing"":[20260920,3,1,3],""terminal_access"":[20260920,3,1,4],""departure_terminal_earliness"":[20260920,3,1,5]}";2.3.5;3;1;fbec1a80911ea914d35061d531f7e68b560ed45a1d617610acd93ad40afb897e;15;0,95;2026-07-30T21:10:19.060008+02:00;2026-08-01T00:44:19.749304+02:00;"{""aircraft_spec"":""1d92a29ff955ec8194720f659c80edf216b314fc10254dcf237d7a6f523202b4"",""config"":""7ead259693c46435e769cfce8a5758000255c9bd0ae648a9278403052013ecf4"",""flight_schedule"":""5871c8897f25c6a4b84d5aaf40fda1a067670fa574cb675c9adf829ad9c940f9"",""vertiport_network"":""8f37a94965fd8b2b9be9143f587c88446d15875ef5cba00cefde590914bba9b3""}";d3094d93f4535fbcbc60bb48f00a56a471fb58d21c5438d1e32bf1a9ee2190b6;c398ff11be193803520e0ccd99c35c3a87d8bb6a3e42dce0d1d33aa66c260c8e
low;n6;6;;4;completed;233;233;0;226;0,9699570815450643;12,494182575396243;15,0;22,783248275776227;18,100576186391795;0,018601713231265415;153;85;7923,148498663876;7691,153731547826;0,23155906769170628;20;5895,280318501075;87835,8984205837;4675;1,978150976356119e-11;0,380718954248366;0,35714285714285715;0,33612976731312744;0,34351405381937017;34,00492917881492;36,522943475179275;38,5397113619633;0,16540648653203133;1,3185297064878492;3,1286525690620084;32,55819941076545;41,83762678597136;45,87568516882639;2;114;0,0;8;2911,144540067325;9;2911,1445400673324;38,5397113619633;36,522943475179275;0,0;0,0;78,05552424110905;0;0,0;0,0;0;0,0;23,35556853601835;0;0,0;2,696580563218716;6;1,0676001801382276;0,0;7;26,66353591652466;0,0;2;6,56721187577629;0,0;0;0,0;0,0;0;0,0;0,0;0;0,0;10,013432015950942;3;0,22459550274009718;2,474130246775288;7;0,0;0,0;0;0,0;0,0;0;0,0;0,0;0;0,0;0,0;7;2,0;0,0;0;0,0;0,0;0;0,0;0,0;0;0,0;0,0;88,07065738424468;9,954166666666667;0,5195968231156212;3,966666666666667;2,6444444444444444;17,29049818500001;3,966666666666667;6,821666666666666;3,3333333333333335;0,0;15,867566925000004;8,034042371111118;8;693,9860010788905;1,1191652374076204;1;97,78324827577623;0,07160056919801848;3;362,2542706290739;0,34135050812916146;3;230,62553983610658;0,2316392869803596;3;165,0;0,14334709247251157;2;270,0;0,22454674231566446;0,6448864513654888;119;114;7;0,030042918454935674;15,0;35;22,031876596870156;0,017543859649122806;1,0602976541821287;1,3873470325880286;1,522875816993464;0,0392156862745098;22,761282806134066;27,84305574050868;33,34003885805202;37,480147627963305;42,733489009098875;119;0,957983193277311;12,843850323745723;15,0;6;0,8333333333333334;16,297208045962705;20,83743620683217;46;1,0;10,134228849841836;15,0;24;0,9583333333333334;13,181018299928033;15,0;15;1,0;13,05105484481555;15,0;23;1,0;13,332970187068565;15,0;0,4032934845322312;5,099975988347311;0,13204684380730825;0,27814715575665155;0,058579006494924174;0,09465498286118532;4,25;0,014644751623731056;0,0718513478714194;0,029289503247462087;0,15081978760236098;0,0;0,051744789070516356;0,09602868007067987;0,03661187905932761;0,23106316594058499;34,14143866382189;0,03295069115339485;0,16386887613704051;0,021967127435596565;0,3589519441424058;197,31398371151846;0,024651998566613924;0,21200217207876898;0,0;0,2787601809308958;96,72337949823232;0,03441516631576795;0,2404344245581914;0,0;20260920;"{""passenger_counts"":[20260920,4,1,1],""city_assignment"":[20260920,4,1,2],""arrival_terminal_processing"":[20260920,4,1,3],""terminal_access"":[20260920,4,1,4],""departure_terminal_earliness"":[20260920,4,1,5]}";2.3.5;3;1;57aca5f9bd7e5a755f2fc5a84471d223d9341af8d4dffa6e4d2ed5491d55c858;15;0,95;2026-07-31T01:38:15.280319+02:00;2026-08-01T00:23:55.898421+02:00;"{""aircraft_spec"":""1d92a29ff955ec8194720f659c80edf216b314fc10254dcf237d7a6f523202b4"",""config"":""7ead259693c46435e769cfce8a5758000255c9bd0ae648a9278403052013ecf4"",""flight_schedule"":""5871c8897f25c6a4b84d5aaf40fda1a067670fa574cb675c9adf829ad9c940f9"",""vertiport_network"":""8f37a94965fd8b2b9be9143f587c88446d15875ef5cba00cefde590914bba9b3""}";d3094d93f4535fbcbc60bb48f00a56a471fb58d21c5438d1e32bf1a9ee2190b6;c398ff11be193803520e0ccd99c35c3a87d8bb6a3e42dce0d1d33aa66c260c8e
low;n6;6;;5;completed;227;227;0;214;0,9427312775330396;12,57305952533788;15,171124022048048;32,78164330789441;18,135748188292396;0,1952276149527218;156;93;8391,184276208318;8266,431631298054;0,22583490844874993;21;-8345,866864832033;88795,05182160233;4876;3,183231456205249e-12;0,36378205128205127;0,37349397590361444;0,34450281325991783;0,354567057811185;36,965569498715055;59,058357834647175;67,98032649067524;0,2994728039236795;1,9841014380283086;6,142716132413625;32,94098063677223;42,467628229701305;55,42023082993073;4;120;0,0;9;2854,0845122516994;9;2854,084512251699;67,98032649067524;59,058357834647175;0,0;0,0;88,5038762947231;2;0,0;0,0;0;0,0;45,97985309033684;0;0,0;0,0;10;24,87268502606785;0,0;12;17,497983786020146;0,0;3;13,13000356666671;0,0;0;0,0;0,0;0;0,0;0,0;3;0,0;13,854172870465906;3;1,5576854558924726;8,146300529872496;13;0,0;0,0;1;0,0;0,0;0;0,0;0,0;0;0,0;0,0;12;2,0;0,0;0;0,0;0,0;0;0,0;0,0;0;0,0;0,0;111,2354750179971;9,929166666666667;0,8015403751354461;4,15;2,7666666666666666;18,563312525000008;4,15;6,761666666666667;3,5;0,04370322592385896;16,702054678333344;8,777924513333335;9;679,8809163009956;0,8012625234960562;2;105,0;0,07017315669122083;3;310,0170652486365;0,23841509559367283;2;273,21839472257125;0,20783554095944057;4;367,7121300030927;0,2548392967539427;3;272,9752840123213;0,1903264683134558;0,6870563498193334;107;120;13;0,05726872246696035;15,0;39;22,737279169366932;0,03333333333333333;5,856828448581655;10,73164330789441;1,455128205128205;0,02564102564102564;26,983588524009544;27,18143420038989;32,209504390010245;38,07657620921315;43,06769704905552;107;0,9532710280373832;12,12389059835165;15,0;8;1,0;14,201426891900624;15,0;36;1,0;10,722158062353449;15,0;21;0,8571428571428571;16,023282051184218;29,38639409371414;32;0,875;12,893397606293156;17,041695755029263;23;0,9565217391304348;13,397455059647562;15,0;0,5134843867634162;189,8204335644257;0,11653173712038228;0,28429171033194633;0,037059563041817685;0,052562458727828595;9,626153588764888;0,009264890760454421;0,04700352427155594;0,018529781520908842;0,136840630102036;0,0;0,03747133596450455;0,10916999642283932;0,03088296920151474;0,10818749050834975;26,68940699331191;0,0273828993586764;0,09181951683154695;0,006176593840302947;0,26779460383847387;175,23820824630832;0,03829488180987828;0,21160691097518877;0,02470637536121179;0,28518257885214054;117,03580227491457;0,0273828993586764;0,2183124155749531;0,012353187680605894;20260920;"{""passenger_counts"":[20260920,5,1,1],""city_assignment"":[20260920,5,1,2],""arrival_terminal_processing"":[20260920,5,1,3],""terminal_access"":[20260920,5,1,4],""departure_terminal_earliness"":[20260920,5,1,5]}";2.3.5;3;1;cb324e9d3a5b5f9fd3d5314416afdddf7bc9732b28e5e3d97a5c071e872e0c83;15;0,95;2026-07-30T21:40:54.133135+02:00;2026-08-01T00:39:55.051822+02:00;"{""aircraft_spec"":""1d92a29ff955ec8194720f659c80edf216b314fc10254dcf237d7a6f523202b4"",""config"":""7ead259693c46435e769cfce8a5758000255c9bd0ae648a9278403052013ecf4"",""flight_schedule"":""5871c8897f25c6a4b84d5aaf40fda1a067670fa574cb675c9adf829ad9c940f9"",""vertiport_network"":""8f37a94965fd8b2b9be9143f587c88446d15875ef5cba00cefde590914bba9b3""}";d3094d93f4535fbcbc60bb48f00a56a471fb58d21c5438d1e32bf1a9ee2190b6;c398ff11be193803520e0ccd99c35c3a87d8bb6a3e42dce0d1d33aa66c260c8e
low;n6;6;;6;completed;243;243;0;231;0,9506172839506173;11,976937459059549;15,0;23,366232242473053;17,853162014373947;0,004189257600800641;149;80;7657,5953108138765;7541,8485138169945;0,23316807545578905;19;-10558,255284990239;88396,82330858092;4617;9,208633855450898e-12;0,4077181208053691;0,34934497816593885;0,32185745099369667;0,33147397684273744;31,512737904583854;37,31767873455992;60,17256694139817;0,2476237322691283;1,4246410846098418;5,966424784097156;32,967487712341935;43,0107142500255;46,10730151093106;1;132;0,0;9;2910,3958025514708;11;2910,395802551475;60,17256694139817;37,31767873455998;0,0;0,0;86,38822841815903;3;0,0;0,0;0;0,0;33,01802007238039;0;0,0;0,0;9;0,48829941892387674;0,0;9;16,171225787926595;0,0;6;19,65815352770951;0,0;1;0,0;0,0;0;0,0;0,0;1;0,0;13,422653039749274;2;0,0;13,731893829268513;12;0,0;0,0;0;0,0;0,0;0;0,0;0,0;0;0,0;0,0;9;1,0;0,0;0;0,0;0,0;0;0,0;0,0;0;0,0;0,0;116,72671467180963;10,029166666666667;0,720957232328064;3,816666666666667;2,5444444444444443;16,795082195000017;3,816666666666667;6,9383333333333335;3,1666666666666665;0,3704324457026188;15,703199953888904;7,452993352222226;9;583,6780995849742;0,8011841427138935;1;30,0;0,018190071955710024;4;444,3602796783652;0,4074037775699276;3;225,0;0,16018646861135138;3;261,37701271035814;0,19880722747165971;3;272,7396130651342;0,17890528061104669;0,70775577967795;111;132;12;0,04938271604938271;15,0;42;22,80513205045398;0,007575757575757576;0,5529820033056846;0,5529820033056846;1,6308724832214765;0,04697986577181208;27,487521831547546;27,20478575688309;33,25207001666671;37,81339617488687;43,33382756215606;111;0,9459459459459459;11,904090061588029;15,822131798695894;2;1,0;15,0;15,0;61;0,9836065573770492;11,014937931352451;15,0;19;1,0;13,904618062335874;15,0;25;0,92;13,115323212952045;17,019113041656183;25;0,88;11,802390735780683;16,406905659151597;0,5074022883449919;140,46056050274953;0,10732142453868913;0,2892241319291024;0,06669693050427009;0,21932404647748918;128,9051464404741;0,009095035977855012;0,07095184467294711;0,006063357318570007;0,11238277387371257;0,0;0,03941182257070505;0,08871561018973383;0,012126714637140015;0,1922278769706849;3,1;0,02425342927428003;0,12425136263850824;0,0;0,19898366979750118;99,19222853428592;0,028902003218517037;0,16997767798887567;0,012126714637140015;0,2212791715134307;72,39292662662076;0,022434422078709028;0,16112358958551679;0,018190071955710024;20260920;"{""passenger_counts"":[20260920,6,1,1],""city_assignment"":[20260920,6,1,2],""arrival_terminal_processing"":[20260920,6,1,3],""terminal_access"":[20260920,6,1,4],""departure_terminal_earliness"":[20260920,6,1,5]}";2.3.5;3;1;e340db248e0b27eca710ea1f278dfbf43f22a084dd9a25040376cf85840e3517;15;0,95;2026-07-30T21:04:01.744715+02:00;2026-08-01T00:33:16.823309+02:00;"{""aircraft_spec"":""1d92a29ff955ec8194720f659c80edf216b314fc10254dcf237d7a6f523202b4"",""config"":""7ead259693c46435e769cfce8a5758000255c9bd0ae648a9278403052013ecf4"",""flight_schedule"":""5871c8897f25c6a4b84d5aaf40fda1a067670fa574cb675c9adf829ad9c940f9"",""vertiport_network"":""8f37a94965fd8b2b9be9143f587c88446d15875ef5cba00cefde590914bba9b3""}";d3094d93f4535fbcbc60bb48f00a56a471fb58d21c5438d1e32bf1a9ee2190b6;c398ff11be193803520e0ccd99c35c3a87d8bb6a3e42dce0d1d33aa66c260c8e
low;n6;6;;7;completed;235;235;0;230;0,9787234042553191;12,634186673278945;15,0;28,262177929613852;18,012882208400804;0,008491353296467974;166;94;8750,343113127756;8578,061970957631;0,22583490844874923;24;-7201,700901197699;89405,54648510799;5049;3,728928277269006e-11;0,3539156626506024;0,36153846153846153;0,32740190070181685;0,33926798667586583;37,23550260905428;24,412070025781492;37,74345075363594;0,16061042873887635;1,0323573265981256;5,0741631599935015;32,259878611211505;42,387366383451976;46,11829161050785;1;110;0,0;8;2969,0338682205524;9;2969,0338682205675;37,74345075363594;24,412070025781457;0,0;0,0;90,04667529382853;0;0,0;0,0;0;0,0;14,377312620535426;0;0,0;0,0;4;0,0;0,0;5;16,534412637673448;0,0;2;6,877657388108006;0,0;0;0,0;0,0;0;0,0;0,0;2;0,0;20,039198248840314;0;0,0;3,3269398842602036;5;0,0;0,0;0;0,0;0,0;0;0,0;0,0;0;0,0;0,0;5;1,0;0,0;0;0,0;0,0;0;0,0;0,0;0;0,0;0,0;108,12900755169488;10,429166666666667;0,4936267132588781;4,333333333333333;2,888888888888889;19,329722490000005;4,333333333333333;7,075;4,0;0,0;17,85878754611112;8,693157166111106;8;777,3347678839862;0,9590400216189623;1;60,0;0,037264285003428314;3;286,5788513251608;0,22111084632565325;3;242,6272207424862;0,1885247751044342;3;336,9438200285206;0,2482233122260412;3;255,0;0,18981883055817883;0,6715583590907018;125;110;5;0,021276595744680882;15,0;38;21,75;0,00909090909090909;0,9340488626114772;0,9340488626114772;1,4156626506024097;0,018072289156626505;26,83534649619602;27,14970134782326;31,60048645682873;38,06689822869815;43,46022847015743;125;0,992;12,353362216254807;15,0;4;1,0;15,0;15,0;28;0,9642857142857143;12,714827518320119;15,0;23;0,9565217391304348;13,197724338378055;15,0;31;0,9354838709677419;12,892565016811481;16,45494285130899;24;1,0;12,734635223828626;15,0;0,4379018435081734;128,24271673930113;0,12131595006671662;0,26737408974097043;0,04968571333790442;0,15451590874179488;3,519294244281688;0,010351190278730087;0,07742110205767422;0,012421428334476105;0,13331165053357408;0,0;0,03664321358670451;0,09484001669021325;0,018632142501714157;0,2229093694478183;95,42421106201097;0,0358151183644061;0,20053450163868464;0,037264285003428314;0,2345944365587726;74,38589087783414;0,02960440419716805;0,16454114724325028;0,018632142501714157;0,31293183608418595;193,1904318520754;0,0354010707532569;0,24346343233724546;0,012421428334476105;20260920;"{""passenger_counts"":[20260920,7,1,1],""city_assignment"":[20260920,7,1,2],""arrival_terminal_processing"":[20260920,7,1,3],""terminal_access"":[20260920,7,1,4],""departure_terminal_earliness"":[20260920,7,1,5]}";2.3.5;3;1;83687e398a0a1e3d8e5e2cd2ad4d1764fb6793bedae9ed2eec7dcba0d7eb0c10;15;0,95;2026-07-30T21:59:58.299099+02:00;2026-08-01T00:50:05.546485+02:00;"{""aircraft_spec"":""1d92a29ff955ec8194720f659c80edf216b314fc10254dcf237d7a6f523202b4"",""config"":""7ead259693c46435e769cfce8a5758000255c9bd0ae648a9278403052013ecf4"",""flight_schedule"":""5871c8897f25c6a4b84d5aaf40fda1a067670fa574cb675c9adf829ad9c940f9"",""vertiport_network"":""8f37a94965fd8b2b9be9143f587c88446d15875ef5cba00cefde590914bba9b3""}";d3094d93f4535fbcbc60bb48f00a56a471fb58d21c5438d1e32bf1a9ee2190b6;c398ff11be193803520e0ccd99c35c3a87d8bb6a3e42dce0d1d33aa66c260c8e
low;n6;6;;8;completed;257;257;0;241;0,9377431906614786;12,975340514997296;16,86405376315131;34,70453914699501;18,497167451248853;0,6095184598716409;172;94;8928,988739661088;8834,875656874017;0,23316807545578924;23;-5787,957184427919;89644,44819337;5264;3,183231456205249e-12;0,373546511627907;0,3533834586466165;0,32326929279772776;0,33376446719284336;34,74314684693031;122,52257006239665;41,85952261665034;0,16287751990914529;1,1296342577738663;3,9285803875158307;33,38959263418717;43,773202321259156;66,78322606964126;10;133;0,0;6;3334,662512354305;13;3334,6625123542976;41,859522616650324;122,52257006239664;0,0;0,0;85,31280787553027;1;0,0;0,0;0;0,0;24,07326992924803;0;0,0;0,0;13;67,05616381166085;0,0;14;32,40967521989939;0,0;7;14,687843603776551;0,0;0;0,0;0,0;0;0,0;0,0;4;1,0231956182312085;14,815631075146424;1;0,0;2,9706216122558695;14;0,0;0,0;3;0,9193324260410008;0,0;0;0,0;0,0;0;0,0;0,0;14;6,426359382787632;0,0;0;0,0;0,0;0;0,0;0,0;0;0,0;0,0;104,46605815513321;11,0875;0,4933787344393088;4,433333333333334;2,9555555555555557;19,66748897000001;4,433333333333334;7,578333333333333;3,8333333333333335;0,10569421453471174;18,30988172277779;8,746496136111116;6;764,5854642664364;0,9651893356874467;2;45,835800319797876;0,047455683882923844;3;479,2564769934145;0,37939975555966504;4;307,4687952542254;0,26492666593825803;3;267,80127716472384;0,1926903558120035;3;348,53930004105894;0,24689806608430426;0,6567961338178967;124;133;16;0,0622568093385214;15,0;32;23,248824511787557;0,07518796992481203;8,106595516292824;19,70453914699501;1,494186046511628;0,029069767441860465;26,509001493832752;27,51649593708223;32,97432814068884;38,8652617352474;48,96845306507193;124;0,9758064516129032;12,380422036243534;15,0;3;0,3333333333333333;25,16005589886566;30,716657025498;50;1,0;12,069010424269132;15,0;28;0,75;15,049160106671602;27,18639592013416;24;0,875;12,770072325168913;17,919860540526823;28;0,9642857142857143;14,025045434256942;15,0;0,4520608742684927;143,07909930461702;0,12490516143663245;0,27297668170165323;0,09430758833302787;0,0461628008772884;0,0;0,008382896740713588;0,027886308214849078;0,0062871725555351905;0,13751710225036778;0,0;0,04820165625910313;0,10876552642877374;0,025148690222140762;0,17610710754503778;34,3726097727312;0,03814218017024682;0,15315892771733433;0,0062871725555351905;0,2745325490515852;117,19262750092379;0,027453986825837;0,19151734478537122;0,0062871725555351905;0,36165636624008574;278,19966935247623;0,0316454351961938;0,20010535425199158;0,0062871725555351905;20260920;"{""passenger_counts"":[20260920,8,1,1],""city_assignment"":[20260920,8,1,2],""arrival_terminal_processing"":[20260920,8,1,3],""terminal_access"":[20260920,8,1,4],""departure_terminal_earliness"":[20260920,8,1,5]}";2.3.5;3;1;36dac09c0d68a832710e91e4ac308ab613696dcc236d9efd88267378a696a475;15;0,95;2026-07-30T22:23:32.042816+02:00;2026-08-01T00:54:04.448193+02:00;"{""aircraft_spec"":""1d92a29ff955ec8194720f659c80edf216b314fc10254dcf237d7a6f523202b4"",""config"":""7ead259693c46435e769cfce8a5758000255c9bd0ae648a9278403052013ecf4"",""flight_schedule"":""5871c8897f25c6a4b84d5aaf40fda1a067670fa574cb675c9adf829ad9c940f9"",""vertiport_network"":""8f37a94965fd8b2b9be9143f587c88446d15875ef5cba00cefde590914bba9b3""}";d3094d93f4535fbcbc60bb48f00a56a471fb58d21c5438d1e32bf1a9ee2190b6;c398ff11be193803520e0ccd99c35c3a87d8bb6a3e42dce0d1d33aa66c260c8e
low;n6;6;;9;completed;270;270;0;257;0,9518518518518518;12,340383553912371;15,00000000000006;36,369592840474795;17,953510307946186;0,3049275643389498;175;85;8591,267029727758;8447,05090060987;0,2299973364711487;23;-7200,145855357557;88848,53585283441;5168;1,3415046851150692e-11;0,38571428571428573;0,3269230769230769;0,28731107509755116;0,30133541344435655;31,819507517510214;70,37337144899632;48,044223589128705;0,17794156884862483;1,1529125876265967;3,7751462240965337;31,79932255087292;41,61011299505954;65,69830537152835;3;113;0,0;10;3331,903559556339;13;3331,903559556354;48,044223589128705;70,37337144899621;0,0;0,0;88,5051413400302;1;0,0;0,0;0;0,0;17,304655164509555;0;0,0;0,0;11;34,757378625622735;0,0;10;24,711214969395073;0,0;1;2,117224155566146;0,0;0;0,0;0,0;0;0,0;0,0;0;0,0;26,212378883899813;1;0,0;4,527189540719337;13;0,0;0,0;4;5,787553698412254;0,0;0;0,0;0,0;0;0,0;0,0;10;3,0;0,0;0;0,0;0,0;0;0,0;0,0;0;0,0;0,0;106,24179100700611;11,458333333333332;0,5522892210912242;4,316666666666667;2,888888888888889;18,58983373;4,333333333333333;7,866666666666666;3,8333333333333335;0,0;18,39596640611111;7,41608954611111;10;827,4828590407501;1,150647431677787;3;60,0;0,04515145442105513;3;452,68741842613343;0,34068665952394434;3;210,0;0,18147906105703154;3;265,5227936218072;0,20547133562838904;2;215,80667350833707;0,15794831011438226;0,6636746436340405;157;113;13;0,04814814814814816;15,0;44;21,847586325557334;0,02654867256637168;11,485604923433776;19,019592840474797;1,542857142857143;0,02857142857142857;26,680189363386656;27,33046673863211;33,38697278393728;38,00826381212785;43,10821183294608;157;0,9745222929936306;11,732289694646326;15,0;6;1,0;12,046493539860725;15,0;41;0,926829268292683;13,301831106846542;15,04628539154155;25;1,0;11,620549714778903;15,0;23;0,782608695652174;14,300906460817549;29,45604526583154;18;0,9444444444444444;14,04696941159546;15,871001026250552;0,4582691293707179;137,58154931702745;0,11993917870730612;0,26763463870936904;0,06871515446772747;0,11426486803343303;0,0;0,010411387040564768;0,05757969634259895;0,006246832224338861;0,11381009893967083;0,0;0,04976643005389959;0,08588624829611177;0,018740496673016582;0,23761642206211794;93,54971255641296;0,032899983048184665;0,21155089828558413;0,024987328897355443;0,35052212544472655;296,30405747895514;0,029360111454392646;0,2217267779959762;0,012493664448677722;0,2114382497718896;57,16622835631561;0,02831897275033617;0,19309652148320441;0,012493664448677722;20260920;"{""passenger_counts"":[20260920,9,1,1],""city_assignment"":[20260920,9,1,2],""arrival_terminal_processing"":[20260920,9,1,3],""terminal_access"":[20260920,9,1,4],""departure_terminal_earliness"":[20260920,9,1,5]}";2.3.5;3;1;1fbd8e968649be44b9cad9138fe1cacac1ff7a98e063fdf461a3ceb318e4d8c4;15;0,95;2026-07-30T21:59:59.854145+02:00;2026-08-01T00:40:48.535853+02:00;"{""aircraft_spec"":""1d92a29ff955ec8194720f659c80edf216b314fc10254dcf237d7a6f523202b4"",""config"":""7ead259693c46435e769cfce8a5758000255c9bd0ae648a9278403052013ecf4"",""flight_schedule"":""5871c8897f25c6a4b84d5aaf40fda1a067670fa574cb675c9adf829ad9c940f9"",""vertiport_network"":""8f37a94965fd8b2b9be9143f587c88446d15875ef5cba00cefde590914bba9b3""}";d3094d93f4535fbcbc60bb48f00a56a471fb58d21c5438d1e32bf1a9ee2190b6;c398ff11be193803520e0ccd99c35c3a87d8bb6a3e42dce0d1d33aa66c260c8e
low;n6;6;;10;completed;245;245;0;235;0,9591836734693877;12,171026781750566;15,0;21,11434064265959;17,884821884959695;0,04606305485800366;154;89;8144,769660674984;7947,62927628661;0,2268648856318454;22;-9500,166651654272;88893,05090472117;4805;3,751665644813329e-11;0,3977272727272727;0,3662551440329218;0,33694030781179324;0,34717216334002954;33,24395779867341;30,2188229860097;51,12980028623533;0,20869306239279728;1,1691160566227323;6,101324591818533;32,728620917309904;42,14658936510119;49,60896287076333;2;127;0,0;9;2981,901561528889;11;2981,901561528869;51,12980028623533;30,21882298600952;0,0;0,0;83,20976921999626;0;0,0;0,0;0;0,0;17,025724770275215;0;0,0;4,786844212457799;8;9,190456977369346;0,0;6;12,073293397761274;0,0;4;8,337382421653455;0,0;0;0,0;0,0;1;0,0;0,0;1;0,0;20,408821033005854;1;0,0;8,90841027049646;10;0,0;0,0;1;0,0;0,0;0;0,0;0,0;0;0,0;0,0;6;0,6176901892254439;0,0;0;0,0;0,0;0;0,0;0,0;0;0,0;0,0;113,59688741231194;10,2375;0,6182548824197107;4,05;2,7;17,910341445000018;4,05;7,058333333333334;3,6666666666666665;0,10071218755981237;16,351278407777784;8,309063037222234;9;633,3331566621379;0,8439548977445442;1;60,0;0,03658788775697209;3;420,0;0,34155455843765686;3;333,994841256703;0,2356947693505971;3;306,1228424986063;0,20109790508961317;3;217,12813854522514;0,1594679755465964;0,692711694363844;118;127;10;0,04081632653061229;15,0;39;22,347405629092968;0,015748031496062992;2,925003983483233;3,7643406426595902;1,5909090909090908;0,025974025974025976;27,331449321215402;27,528307326592557;33,18000356666671;37,560408348055155;43,261983933941096;118;0,9661016949152542;11,728734161235527;15,000000000000009;4;1,0;15,0;15,0;49;1,0;11,4308340053497;15,0;28;0,9285714285714286;13,804027808102994;15,299677885527107;26;0,9230769230769231;12,683762772829262;15,006376391960021;20;0,9;13,075472676025848;18,087315386500766;0,5334843673839867;290,01066873485456;0,11301591996042488;0,26442001998510173;0,06097981292828681;0,035587954369929294;0,0;0,008130641723771575;0,030709569335666348;0,006097981292828681;0,13273494683424752;0,0;0,04105974070504645;0,09835770354961282;0,024391925171314725;0,2022644359401861;41,33579491713875;0,0325225668950863;0,17296755342478926;0,024391925171314725;0,2641768527211775;149,7373946077782;0,02967684229176625;0,16942801775634958;0,006097981292828681;0,18091285872911775;75,42739405587054;0,02256253078346612;0,15915424068106382;0,012195962585657362;20260920;"{""passenger_counts"":[20260920,10,1,1],""city_assignment"":[20260920,10,1,2],""arrival_terminal_processing"":[20260920,10,1,3],""terminal_access"":[20260920,10,1,4],""departure_terminal_earliness"":[20260920,10,1,5]}";2.3.5;3;1;90f1988e0bf7064670412ed9c0c28d64768089361750127bb2903c0ccf239f9e;15;0,95;2026-07-30T21:21:39.833348+02:00;2026-08-01T00:41:33.050905+02:00;"{""aircraft_spec"":""1d92a29ff955ec8194720f659c80edf216b314fc10254dcf237d7a6f523202b4"",""config"":""7ead259693c46435e769cfce8a5758000255c9bd0ae648a9278403052013ecf4"",""flight_schedule"":""5871c8897f25c6a4b84d5aaf40fda1a067670fa574cb675c9adf829ad9c940f9"",""vertiport_network"":""8f37a94965fd8b2b9be9143f587c88446d15875ef5cba00cefde590914bba9b3""}";d3094d93f4535fbcbc60bb48f00a56a471fb58d21c5438d1e32bf1a9ee2190b6;c398ff11be193803520e0ccd99c35c3a87d8bb6a3e42dce0d1d33aa66c260c8e
low;n6;6;;11;completed;212;212;0;207;0,9764150943396226;12,28614058692054;15,0;27,99986523905124;17,70849209204518;0,05360238954100215;145;90;7682,053322922209;7531,842284671297;0,22686488563184742;20;-10765,49013522482;88547,810788151;4571;2,8990143619012088e-11;0,36551724137931035;0,3829787234042553;0,3435489965323562;0,35765986598291905;36,236100579821745;26,322930305542847;38,53851908642312;0,1817854673887883;1,2069505096195572;4,737705301723326;32,21838050986657;41,605188069927436;51,58080382083208;1;111;0,0;8;2604,6618044271545;9;2604,661804427146;38,53851908642312;26,32293030554271;0,0;0,0;78,6989354813334;0;0,0;0,0;0;0,0;17,46209111043851;0;0,0;2,4600680601791587;5;5,574710983058564;0,0;4;10,664462250099556;0,0;2;8,922017234551216;0,0;0;0,0;0,0;0;0,0;6,063298011819522e-14;2;0,16173983783337462;14,304604538315349;0;0,0;4,311755377490044;5;0,0;0,0;0;0,0;0,0;0;0,0;0,0;0;0,0;0,0;4;1,0;0,0;0;0,0;0,0;0;0,0;0,0;0;0,0;0,0;119,12042846310511;9,25;0,46826498474347417;3,9166666666666665;2,611111111111111;16,415696980000018;3,9166666666666665;6,303333333333334;3,3333333333333335;0,18666666666666668;15,06126702777779;7,882207730000004;8;669,0185061222036;0,7157608634668855;2;105,0;0,07172727231131738;3;403,3244478498104;0,30830501729166726;2;299,77517237207417;0,20840286918632872;2;180,0;0,13202582927203166;2;185,57471098305857;0,13738114839828808;0,7196645002566854;101;111;5;0,02358490566037741;15,0;28;21,75;0,009009009009009009;5,949865239051238;5,949865239051238;1,4620689655172414;0,027586206896551724;27,58702803427106;26,574678382345326;31,361288424709105;37,35364100427779;42,51172521233263;101;0,9900990099009901;11,7301277265119;15,0;8;1,0;14,840567040555804;15,0;45;1,0;11,340292206842198;15,0;24;0,875;14,373039486664437;16,005233366030133;16;1,0;13,658250950157832;15,0;18;0,9444444444444444;12,633125307479753;15,836206647458777;0,5066328169782781;195,60670791438378;0,10290665907767116;0,23845788268264026;0,060414868343055476;0,11454163752934439;0,0;0,012082973668611096;0,05136066337638565;0,006041486834305548;0,13537331804707464;0,0;0,042693173629092536;0,10281153697136165;0,02416594733722219;0,1774625481115478;19,05783133929496;0,03584615521687958;0,1314180595711757;0,006041486834305548;0,256827033216937;206,61264907839117;0,021749352603499972;0,15346306225760864;0,012082973668611096;0,2446855920661784;209,91545099393431;0,021346586814546268;0,16913724055720727;0,012082973668611096;20260920;"{""passenger_counts"":[20260920,11,1,1],""city_assignment"":[20260920,11,1,2],""arrival_terminal_processing"":[20260920,11,1,3],""terminal_access"":[20260920,11,1,4],""departure_terminal_earliness"":[20260920,11,1,5]}";2.3.5;3;1;be13363adc100ad2cec79dc799493f1182a0c253ca64ffdc25d24ee63fa57472;15;0,95;2026-07-30T21:00:34.509865+02:00;2026-08-01T00:35:47.810788+02:00;"{""aircraft_spec"":""1d92a29ff955ec8194720f659c80edf216b314fc10254dcf237d7a6f523202b4"",""config"":""7ead259693c46435e769cfce8a5758000255c9bd0ae648a9278403052013ecf4"",""flight_schedule"":""5871c8897f25c6a4b84d5aaf40fda1a067670fa574cb675c9adf829ad9c940f9"",""vertiport_network"":""8f37a94965fd8b2b9be9143f587c88446d15875ef5cba00cefde590914bba9b3""}";d3094d93f4535fbcbc60bb48f00a56a471fb58d21c5438d1e32bf1a9ee2190b6;c398ff11be193803520e0ccd99c35c3a87d8bb6a3e42dce0d1d33aa66c260c8e
low;n6;6;;12;completed;241;241;0;230;0,9543568464730291;12,713050771549907;15,0;30,938411578206555;18,262364332214993;0,13682921358319833;163;102;8722,322002388872;8517,178716831018;0,2279498074276205;24;-8389,993721320665;88019,52982422736;5162;2,9103830456733704e-11;0,3696319018404908;0,3849056603773585;0,35939469127920204;0,3684620370110679;36,192207478792;60,51627959476138;73,13456812028653;0,30346293825845033;1,5844320530855234;6,1826762488271925;32,72554297505632;42,28872511786952;50,226199809229726;4;123;0,0;11;3063,8452359435273;11;3063,845235943533;73,13456812028653;60,516279594761365;0,0;0,0;85,49406119896351;2;0,17869257043591158;0,0;0;0,0;35,46995252427635;0;0,0;0,5803736327428245;9;7,025884833690967;0,0;11;34,54349074495755;0,0;4;14,447064233333368;0,0;0;0,0;0,0;0;0,0;0,0;1;0,0;24,478115486654495;0;0,0;12,606126476612856;11;0,0;0,0;0;0,0;0,0;0;0,0;0,0;0;0,0;0,0;11;4,321147212343567;0,0;0;0,0;0,0;0;0,0;0,0;0;0,0;0,0;107,65490398877118;10,454166666666667;0,8722519093646729;4,416666666666667;2,9444444444444446;18,788438900000006;4,416666666666666;7,135;4,0;0,0;16,75154055777778;9,398009453333337;11;670,8423770468339;0,9122975102050537;2;174,47568600610478;0,11562064377784603;3;413,7336197185837;0,32475384783763384;3;285,0;0,21120195382173537;3;210,0;0,15543717628943002;3;261,42637190243283;0,18745811031812992;0,6699850804961837;118;123;11;0,0456431535269709;15,0;53;22,044491345964584;0,032520325203252036;4,207498317683348;8,888411578206554;1,478527607361963;0,012269938650306749;26,780423207096675;27,52165975967345;33,075440692438704;37,717886222334194;43,87574922126582;118;0,9576271186440678;12,42290512579929;15,000000000000002;11;0,7272727272727273;16,88928966462374;26,7184127786084;43;0,9534883720930233;12,135412302174295;15,0;25;1,0;13,57458649322823;15,0;19;1,0;13,145284304674826;15,0;25;0,96;12,048498067013124;15,0;0,48753337905732996;146,57289681020575;0,12571372157309738;0,2690551850433879;0,0560110640672216;0,0802377853864642;0,0;0,016595870834732327;0,0702802628856248;0,012446903126049244;0,15408281451648895;0,0;0,047298231878987095;0,11039695644141503;0,018670354689073868;0,2686414168640372;117,57473859266025;0,03360663844033296;0,19829573143819226;0,018670354689073868;0,2391747796318576;93,78009897165776;0,025516151408400953;0,18159008228365045;0,02489380625209849;0,1529588782455534;29,01903248561142;0,026138496564703413;0,11807890177357573;0,018670354689073868;20260920;"{""passenger_counts"":[20260920,12,1,1],""city_assignment"":[20260920,12,1,2],""arrival_terminal_processing"":[20260920,12,1,3],""terminal_access"":[20260920,12,1,4],""departure_terminal_earliness"":[20260920,12,1,5]}";2.3.5;3;1;e29d6e93be519cb4361fae2a71ab639ea95ccec4f9d35923795e4c7b7b461775;15;0,95;2026-07-30T21:40:10.006279+02:00;2026-08-01T00:26:59.529824+02:00;"{""aircraft_spec"":""1d92a29ff955ec8194720f659c80edf216b314fc10254dcf237d7a6f523202b4"",""config"":""7ead259693c46435e769cfce8a5758000255c9bd0ae648a9278403052013ecf4"",""flight_schedule"":""5871c8897f25c6a4b84d5aaf40fda1a067670fa574cb675c9adf829ad9c940f9"",""vertiport_network"":""8f37a94965fd8b2b9be9143f587c88446d15875ef5cba00cefde590914bba9b3""}";d3094d93f4535fbcbc60bb48f00a56a471fb58d21c5438d1e32bf1a9ee2190b6;c398ff11be193803520e0ccd99c35c3a87d8bb6a3e42dce0d1d33aa66c260c8e
low;n6;6;;13;completed;219;219;0;217;0,9908675799086758;12,161644018661397;15,0;16,55689593940333;17,757940917672;0,0;141;79;7210,33566738888;7040,604589670411;0,23316807545578985;20;-7750,549093407915;87907,52189452965;4311;-2,432898327242583e-11;0,3882978723404255;0,35909090909090907;0,3187164479862959;0,3331280877073772;32,923907157026854;1,9492984927179349;27,339020883321744;0,1248357117959897;1,2474697216472759;3,061866925753687;31,535040245404286;40,85399099428961;43,83644511810235;0;93;0,0;10;2663,4000400868463;10;2663,400040086844;27,339020883321744;1,9492984927178136;0,0;0,0;81,54374316317482;0;0,0;0,0;0;0,0;8,032673903605033;0;0,0;0,0;1;0,0;0,0;2;1,9492984927178136;0,0;2;0,0;0,0;0;0,0;0,0;0;0,0;0,0;0;0,0;15,677235461713765;0;0,0;3,6291115180029463;2;0,0;0,0;0;0,0;0,0;0;0,0;0,0;0;0,0;0,0;2;0,0;0,0;0;0,0;0,0;0;0,0;0,0;0;0,0;0,0;114,89341569436893;9,262500000000005;0,27973228340295286;3,6666666666666665;2,4444444444444446;15,454519900000024;3,6666666666666665;6,365;3,3333333333333335;0,06383932434583382;14,69230969666668;6,873321314444456;10;702,2862516970855;0,9739026599184851;2;60,0;0,038475329201702935;4;359,2268727666667;0,2789622437550848;2;165,0;0,11559139045810315;4;147,03467264498602;0,10809421923517416;3;208,53918776655365;0,1555493713656926;0,7206506330795042;126;93;2;0,0091324200913242;15,0;22;21,75;0,0;;;1,553191489361702;0,04964539007092199;26,57168638553821;27,642953072661033;32,60985920377588;36,80819060847579;41,357776643531274;126;0,9841269841269841;12,32296954733117;15,0;5;1,0;12,26825257353589;15,0;37;1,0;12,020265818053264;15,0;17;1,0;10,84044062160357;15,0;14;1,0;12,309624401171401;15,0;20;1,0;12,399627340190406;15,0;0,42480981350088726;53,976779456034635;0,10265730741359291;0,22883691289771474;0,043906384026180266;0,10207352452321802;0,0;0,011499291054475785;0,0733397226362033;0,012544681150337219;0,22205842585189378;0,0;0,04077021373859596;0,1171836292699276;0,01881702172550583;0,1983010116790777;21,28074829493277;0,022371348051434706;0,15527234001073018;0,012544681150337219;0,3121617209487744;191,50193392110972;0,030525390799153902;0,22512721943714928;0,025089362300674437;0,26311650338215986;104,69721892924257;0,022162270032262413;0,15979310736344962;0,012544681150337219;20260920;"{""passenger_counts"":[20260920,13,1,1],""city_assignment"":[20260920,13,1,2],""arrival_terminal_processing"":[20260920,13,1,3],""terminal_access"":[20260920,13,1,4],""departure_terminal_earliness"":[20260920,13,1,5]}";2.3.5;3;1;148ed6bb32163ff21a2537f65a7e8ea4aa91456dad801993c5fe5b1b6545cc45;15;0,95;2026-07-30T21:50:49.450907+02:00;2026-08-01T00:25:07.521895+02:00;"{""aircraft_spec"":""1d92a29ff955ec8194720f659c80edf216b314fc10254dcf237d7a6f523202b4"",""config"":""7ead259693c46435e769cfce8a5758000255c9bd0ae648a9278403052013ecf4"",""flight_schedule"":""5871c8897f25c6a4b84d5aaf40fda1a067670fa574cb675c9adf829ad9c940f9"",""vertiport_network"":""8f37a94965fd8b2b9be9143f587c88446d15875ef5cba00cefde590914bba9b3""}";d3094d93f4535fbcbc60bb48f00a56a471fb58d21c5438d1e32bf1a9ee2190b6;c398ff11be193803520e0ccd99c35c3a87d8bb6a3e42dce0d1d33aa66c260c8e
low;n6;6;;14;completed;249;249;0;228;0,9156626506024096;12,265377533921225;17,454965209492944;39,31614798528256;18,112106640279872;0,5638586647866285;153;93;8094,917804266648;7907,189427304444;0,2279498074276195;23;-7348,0169871220505;89320,26516493116;4842;2,262368070660159e-11;0,4068627450980392;0,3780487804878049;0,3420007151982689;0,3548164669136953;32,50971005729578;129,73288303173194;57,585547483303074;0,23126725896908865;1,2351362500997007;6,085744279857075;32,43676875199484;42,800452497065976;59,12988854150062;8;115;0,0;7;3054,0790059463848;10;3054,079005946392;57,585547483303074;129,7328830317319;0,0;0,0;83,95813953894219;1;0,013313391617096689;0,0;0;0,0;28,151483410163323;0;0,0;3,1511981806778446;16;43,54565092533994;0,0;20;43,29013661779342;0,0;8;34,745310882590154;0,0;0;0,0;0,0;0;0,0;0,0;2;0,6421264764301061;25,577848425545167;1;1,0537003949325785;0,7050174669167366;21;0,0;0,0;1;0,0;0,0;0;0,0;0,0;0;0,0;0,0;19;6,442644343028587;0,0;0;0,0;0,0;0;0,0;0,0;0;0,0;0,0;110,78257204661698;10,2875;0,73016423347192;4,1;2,7333333333333334;17,43190064000001;4,1;7,1149999999999975;3,8333333333333335;0,0;15,966506600000008;8,298727373333334;7;713,2242709941922;0,9788761353572473;2;136,39638504074452;0,08800514066496727;4;365,63017482085417;0,30695148203406963;3;196,64747849367242;0,14868924337935024;3;195,8500755765245;0,1791741794049069;3;267,14128054831446;0,19390738505866942;0,6876044732378477;134;115;21;0,08433734939759041;15,0;48;23,771689250878893;0,06956521739130435;8,105468306307785;18,13486644238595;1,6274509803921569;0,0457516339869281;26,85230059779256;27,363844294523375;32,898923943729216;38,34782855461377;47,052338340115334;134;0,9402985074626866;11,769437119978333;15,393627264976265;7;0,7142857142857143;20,255489925314734;38,645374706336376;44;0,9545454545454546;11,23957290615922;15,0;18;0,8888888888888888;13,308827529602166;22,22218081718502;21;0,8095238095238095;13,746396927838207;20,385590309695303;25;0,88;12,496462540145522;16,321196205621018;0,4175409150373119;54,362344987563574;0,11296362940249126;0,263135925205888;0,04344754977018895;0,07132604970138087;0,0;0,013034264931056683;0,06356755867098998;0,006206792824312707;0,22905995399538692;14,896788624970183;0,04448201524090773;0,11145493741092188;0,03724075694587624;0,2044329275459836;102,77700646875321;0,024206492014819555;0,13636235874410538;0,024827171297250827;0,2955506316000245;124,9378729031685;0,026482316050400884;0,1832792730184145;0,012413585648625413;0,26611989773203776;117,47178501016946;0,03330978815714486;0,1678054932258368;0,01862037847293812;20260920;"{""passenger_counts"":[20260920,14,1,1],""city_assignment"":[20260920,14,1,2],""arrival_terminal_processing"":[20260920,14,1,3],""terminal_access"":[20260920,14,1,4],""departure_terminal_earliness"":[20260920,14,1,5]}";2.3.5;3;1;296165f59a0bb5885279e2ebc73e6246613f208e6b4fb751c205377f0e1de656;15;0,95;2026-07-30T21:57:31.983013+02:00;2026-08-01T00:48:40.265165+02:00;"{""aircraft_spec"":""1d92a29ff955ec8194720f659c80edf216b314fc10254dcf237d7a6f523202b4"",""config"":""7ead259693c46435e769cfce8a5758000255c9bd0ae648a9278403052013ecf4"",""flight_schedule"":""5871c8897f25c6a4b84d5aaf40fda1a067670fa574cb675c9adf829ad9c940f9"",""vertiport_network"":""8f37a94965fd8b2b9be9143f587c88446d15875ef5cba00cefde590914bba9b3""}";d3094d93f4535fbcbc60bb48f00a56a471fb58d21c5438d1e32bf1a9ee2190b6;c398ff11be193803520e0ccd99c35c3a87d8bb6a3e42dce0d1d33aa66c260c8e
low;n6;6;;15;completed;246;246;0;233;0,9471544715447154;12,829061499375976;15,259231613038901;29,685415614427257;18,459522450583925;0,11707357876174986;168;101;9077,020539752753;8916,816031610144;0,2279498074276197;24;-8420,95534069038;89292,07037977816;5244;2,1827872842550278e-11;0,36607142857142855;0,3754646840148699;0,3539880281706304;0,36143389183448943;36,89845747866973;55,57711239449157;84,5933939971564;0,3438755853542943;2,0421208530041746;6,328633274938208;32,97578139613303;43,34129267264375;54,527236841214716;3;120;0,0;10;3155,9491288464906;11;3155,9491288464756;84,5933939971564;55,57711239449157;0,0;0,0;83,5520605050373;4;2,742056351315356;0,0;0;0,0;64,89921596794854;0;0,0;2,404723433018201;11;10,574970339123684;0,0;12;32,30360752759704;0,0;3;7,563249907420565;0,0;0;0,0;0,0;0;0,0;0,0;0;0,0;17,02849420968099;0;0,0;0,2609603865086683;13;0,0;0,0;0;0,0;0,0;0;0,0;0,0;0;0,0;0,0;12;2,3932282690349287;0,0;0;0,0;0,0;0;0,0;0,0;0;0,0;0,0;107,63960930944542;10,725;1,1154407374463728;4,483333333333333;2,988888888888889;20,10943726500001;4,483333333333333;7,31;4,0;0,0;17,818082231666672;9,763577255555562;10;720,3810043546987;0,9823676683399554;2;76,46987447408719;0,05460237125608843;3;373,5779086932222;0,2757597608966421;3;245,98032640954577;0,212290793315035;3;267,5386216207284;0,18585126609495076;3;307,66736473570165;0,22701662870569667;0,6609534922234886;126;120;13;0,05284552845528456;15,0;50;22,670662831824437;0,025;4,6829431504699945;9,052462324254035;1,4642857142857142;0,023809523809523808;27,142507144574598;27,70389178159502;33,17354025451887;38,51126549139795;44,94178401879591;126;0,9603174603174603;12,697105455483962;15,0;6;0,8333333333333334;14,82045251929095;16,102405855565394;34;1,0;13,208490494688162;15,0;28;0,8928571428571429;12,347366516315883;16,53900358212747;23;0,8695652173913043;13,159485176896787;17,89632525291996;29;0,9655172413793104;12,748552689479194;15,0;0,4788004574857483;167,6616587055307;0,12710690215990628;0,26262726807945064;0,06140430056034119;0,04720598734765163;0,0;0,011257455102729219;0,040451514286014095;0,01842129016810236;0,10347553890476965;0,0;0,04195960538289981;0,07834115949267048;0,006140430056034119;0,24514441929418;102,83129666391117;0,034795770317526675;0,17850978577993365;0,01842129016810236;0,25509553333973467;92,58350462573968;0,02824597825775695;0,19511656077427042;0,012280860112068238;0,3011118570197346;136,69687029004768;0,03193023629137741;0,18049476664222894;0,030702150280170596;20260920;"{""passenger_counts"":[20260920,15,1,1],""city_assignment"":[20260920,15,1,2],""arrival_terminal_processing"":[20260920,15,1,3],""terminal_access"":[20260920,15,1,4],""departure_terminal_earliness"":[20260920,15,1,5]}";2.3.5;3;1;d5e0d1c801a479057cebdda1f9956a5044d86010f10bd506a2050de2eb4dcf80;15;0,95;2026-07-30T21:39:39.044659+02:00;2026-08-01T00:48:12.070380+02:00;"{""aircraft_spec"":""1d92a29ff955ec8194720f659c80edf216b314fc10254dcf237d7a6f523202b4"",""config"":""7ead259693c46435e769cfce8a5758000255c9bd0ae648a9278403052013ecf4"",""flight_schedule"":""5871c8897f25c6a4b84d5aaf40fda1a067670fa574cb675c9adf829ad9c940f9"",""vertiport_network"":""8f37a94965fd8b2b9be9143f587c88446d15875ef5cba00cefde590914bba9b3""}";d3094d93f4535fbcbc60bb48f00a56a471fb58d21c5438d1e32bf1a9ee2190b6;c398ff11be193803520e0ccd99c35c3a87d8bb6a3e42dce0d1d33aa66c260c8e
low;n6;6;;16;completed;239;239;0;229;0,9581589958158996;13,05184941191835;15,0;29,646842598211393;18,491924604292908;0,10355677149229182;170;101;9096,773370622199;8934,745191810609;0,2268648856318475;24;-9888,135016649345;89578,81188017728;5264;3,888089850079268e-11;0,3514705882352941;0,3726937269372694;0,33838989631114125;0,35034529312193385;38,06181326620167;47,460512558688364;66,9279709775178;0,2800333513703674;1,5894082205240188;5,259425965511764;33,29238277999816;42,01894048521839;53,75632537792347;2;127;0,0;5;3119,392009448486;8;3119,392009448488;66,9279709775178;47,460512558688336;0,0;0,0;85,70026955961562;0;0,0;0,0;0;0,0;31,438800341174858;0;0,0;0,0;6;17,559287546187747;0,0;10;21,896097512500667;0,0;3;6,00512749999992;0,0;0;0,0;0,0;0;0,0;0,0;0;0,0;29,196149220372792;1;0,0;6,2930214159701485;10;0,0;0,0;1;0,0;0,0;0;0,0;0,0;0;0,0;0,0;10;2,0;0,0;0;0,0;0,0;0;0,0;0,0;0;0,0;0,0;110,87414056789999;10,645833333333334;0,9618967223671353;4,516666666666667;3,011111111111111;20,036929759999985;4,516666666666667;7,215;4,0;0,0;18,23708901222222;9,327618525555543;5;743,4155983435908;0,878313466763604;1;31,317060666666656;0,01889093511585352;3;400,0629288732524;0,3119146316047198;2;255,85057400207359;0,18497638509337339;3;363,29911520164825;0,27764656887690464;3;284,8978438964146;0,20992349445730904;0,6688099556302192;112;127;10;0,04184100418410042;15,0;49;22,445655824768224;0,015748031496062992;6,575854989760531;7,596842598211394;1,4058823529411764;0,01764705882352941;27,62970747134073;27,521283535535012;32,02019504740293;38,38185612944597;43,321748368907045;112;0,9642857142857143;13,00047008293796;15,0;2;0,5;15,658530333333328;16,251207633333323;44;1,0;11,751968219003754;15,0;21;0,9047619047619048;14,602409740674226;16,203731403862186;35;0,9714285714285714;13,150788820269138;15,0;25;0,92;13,920299383720957;16,834381212083915;0,47297067975790746;15,61052438304814;0,12285488175961963;0,26668914141560374;0,06635370045936903;0,10774659898146573;0,0;0,006032154587215366;0,03275095748666997;0,006032154587215366;0,18483816493160155;0,0;0,05006688307388754;0,12150776649417654;0,030160772936076833;0,15825434124580026;44,314630688942636;0,0317693474926676;0,13925305429607185;0,0180964637616461;0,19496761131849857;47,6706982835219;0,032372562951389135;0,16704391243533592;0,012064309174430733;0,25161934825954196;90,43505132128497;0,02935648565778145;0,1687409409956384;0,012064309174430733;20260920;"{""passenger_counts"":[20260920,16,1,1],""city_assignment"":[20260920,16,1,2],""arrival_terminal_processing"":[20260920,16,1,3],""terminal_access"":[20260920,16,1,4],""departure_terminal_earliness"":[20260920,16,1,5]}";2.3.5;3;1;2cb7cd4be0676b5d898b74f35efede8e84fbfafc5ad6181ea8481e89a6dfba05;15;0,95;2026-07-30T21:15:11.864983+02:00;2026-08-01T00:52:58.811880+02:00;"{""aircraft_spec"":""1d92a29ff955ec8194720f659c80edf216b314fc10254dcf237d7a6f523202b4"",""config"":""7ead259693c46435e769cfce8a5758000255c9bd0ae648a9278403052013ecf4"",""flight_schedule"":""5871c8897f25c6a4b84d5aaf40fda1a067670fa574cb675c9adf829ad9c940f9"",""vertiport_network"":""8f37a94965fd8b2b9be9143f587c88446d15875ef5cba00cefde590914bba9b3""}";d3094d93f4535fbcbc60bb48f00a56a471fb58d21c5438d1e32bf1a9ee2190b6;c398ff11be193803520e0ccd99c35c3a87d8bb6a3e42dce0d1d33aa66c260c8e
low;n6;6;;17;completed;258;258;0;234;0,9069767441860465;12,96831280149904;17,091926320094064;52,36894737865247;18,661150082713746;0,9032680642972325;176;95;9039,428808197199;8864,201841798322;0,2279498074276205;24;-9104,592354034128;89423,96370762703;5318;1,48929757415317e-11;0,3664772727272727;0,3505535055350554;0,32605652893931225;0,3346482516011327;35,036545768206196;175,83492287623758;79,75201855339493;0,3091163509821509;1,7101063089579283;4,650879260944596;32,84777199612024;42,880860882220155;79,29740271604412;7;120;0,0;9;3345,8247027867524;12;3345,824702786768;79,75201855339488;175,83492287623739;1,2039366859252671;0,0;86,74639711263085;3;0,5874275028811098;0,0;0;0,0;34,129096274809825;0;0,0;6,303567489353615;20;83,73266516353966;0,0;18;40,44965115378206;0,0;13;34,4508209010283;0,0;0;0,0;0,0;1;1,2039366859252671;0,0;2;0,7413858323777579;28,755573161218308;1;0,1467354065668284;10,563781628013126;24;0,0;0,0;3;9,72623691606168;0,0;0;0,0;0,0;0;0,0;0,0;18;6,0;0,0;0;0,0;0,0;0;0,0;0,0;0;0,0;0,0;108,50885384693487;11,241666666666667;0,9857509463896816;4,516666666666667;3,011111111111112;19,77021086500002;4,516666666666665;7,663333333333333;4,0;0,0;18,3973012188889;8,900687423888899;9;733,2965074401366;0,9991680141098078;1;66,60918078934992;0,040562360873936616;4;475,11173643806444;0,35548258246143405;2;262,08864691758924;0,17612612345629738;3;351,6815536078558;0,25895934909216733;3;293,68435348905916;0,2071766959137339;0,6607760725470969;138;120;24;0,09302325581395354;15,0;57;23,901757152681736;0,058333333333333334;15,484595387952556;34,36166351106598;1,4659090909090908;0,045454545454545456;27,369043350461435;27,396256456947444;33,81140071035128;39,11701486616895;44,41695499294774;138;0,9347826086956522;11,889683779376432;15,608866666828847;4;0,75;16,65229519733748;20,61780367094743;44;0,9318181818181818;13,267115740528595;16,719815861700894;18;0,7222222222222222;16,06801169341375;19,95585661264681;30;0,8666666666666667;14,174939302621604;25,025996456148388;24;0,9166666666666666;14,175569929170875;16,118095193845665;0,5014442531641702;54,7542805638234;0,12605482609759666;0,2717137810007562;0,04262723587841433;0,07475971573127987;0,0;0,012179210250975521;0,06347766071327139;0,0;0,1465791984685834;0,0;0,04770190681632079;0,12285825870143269;0,03653763075292656;0,3092116314940593;122,68541623060726;0,03552269656534527;0,1768203748898024;0,030448025627438806;0,16610109921203797;45,38538999344067;0,02902711776482503;0,14874572460439783;0,01826881537646328;0,15373448246924545;70,05647426570837;0,02456140733946723;0,13485229281141084;0,01826881537646328;20260920;"{""passenger_counts"":[20260920,17,1,1],""city_assignment"":[20260920,17,1,2],""arrival_terminal_processing"":[20260920,17,1,3],""terminal_access"":[20260920,17,1,4],""departure_terminal_earliness"":[20260920,17,1,5]}";2.3.5;3;1;dfb1732fab83f8c0c76688dc9ea7711946eab36551398e7f1c015b82104a5540;15;0,95;2026-07-30T21:28:15.407646+02:00;2026-08-01T00:50:23.963708+02:00;"{""aircraft_spec"":""1d92a29ff955ec8194720f659c80edf216b314fc10254dcf237d7a6f523202b4"",""config"":""7ead259693c46435e769cfce8a5758000255c9bd0ae648a9278403052013ecf4"",""flight_schedule"":""5871c8897f25c6a4b84d5aaf40fda1a067670fa574cb675c9adf829ad9c940f9"",""vertiport_network"":""8f37a94965fd8b2b9be9143f587c88446d15875ef5cba00cefde590914bba9b3""}";d3094d93f4535fbcbc60bb48f00a56a471fb58d21c5438d1e32bf1a9ee2190b6;c398ff11be193803520e0ccd99c35c3a87d8bb6a3e42dce0d1d33aa66c260c8e
low;n6;6;;18;completed;206;206;0;204;0,9902912621359223;12,202773377816523;15,0;27,496342862973687;17,809719286772843;0,04996644828416228;133;80;7249,655163158319;7109,98271396388;0,23316807545579385;19;-9862,415855426909;89198,23913565831;4198;1,1368683772161603e-11;0,38721804511278196;0,3755868544600939;0,35242821269318975;0,3603882444271393;35,19250079203067;15,443144767566809;39,530857245001606;0,1918973652669981;1,3322255763547823;3,8382728297149393;32,834814070359585;42,572035242108754;50,9890409789076;1;109;0,0;8;2513,7713158302035;8;2513,771315830195;39,530857245001606;15,44314476756681;0,0;0,0;79,33419748229926;1;0,0;0,0;0;0,0;20,36979123005464;0;0,0;0,2941674970000652;1;0,0;0,0;2;5,443144767566809;0,0;1;10,0;0,0;0;0,0;0,0;0;0,0;0,0;0;0,0;15,800306235435952;0;0,0;3,0665922825109493;2;0,0;0,0;0;0,0;0,0;0;0,0;0,0;0;0,0;0,0;2;0,0;0,0;0;0,0;0,0;0;0,0;0,0;0;0,0;0,0;121,15016081143695;8,725000000000001;0,3865289187046255;3,55;2,3666666666666667;16,21273525500001;3,55;5,993333333333333;3,1666666666666665;0,0;14,330376354444452;7,799025567222223;8;592,3585037932212;0,7008930886125968;1;45,0;0,027256028139961135;3;295,88450504640736;0,247819305505599;3;272,94680190459314;0,20281579681754297;3;225,0;0,16896345831969076;2;237,49634286297368;0,1748172497533905;0,7337938204971871;97;109;2;0,009708737864077666;15,0;26;21,783657852852958;0,009174311926605505;5,4463428629736885;5,4463428629736885;1,5488721804511278;0,022556390977443608;27,516848608634785;27,243834439214567;32,06080142268101;37,81027300816754;43,360429102372095;97;1,0;11,929712789809033;15,0;3;1,0;15,0;15,0;36;1,0;11,365343853157633;15,0;27;0,9629629629629629;12,401892392151026;15,0;23;1,0;12,128718007759055;15,0;20;0,95;14,431259386925827;15,624817143148693;0,4845686440614569;46,581141949546264;0,1001406663512646;0,23069561229865096;0,06056895142213585;0,016472391606768635;0,0;0,0050474126185113205;0,013443944035661841;0,006056895142213585;0,22592563307095434;0,0;0,032303440758472454;0,11048465093490072;0,02422758056885434;0,25594056398245946;77,17031751422522;0,028265510663663396;0,18330366860595798;0,0;0,15005766373444057;21,5317034749279;0,023823787559373436;0,1299266119855649;0,006056895142213585;0,26986578135174727;163,42387627442707;0,025438959597297056;0,2018263826329294;0,018170685426640756;20260920;"{""passenger_counts"":[20260920,18,1,1],""city_assignment"":[20260920,18,1,2],""arrival_terminal_processing"":[20260920,18,1,3],""terminal_access"":[20260920,18,1,4],""departure_terminal_earliness"":[20260920,18,1,5]}";2.3.5;3;1;2538a941e7e2a05068dd9f58fe47090e30bd5451d11898125e55dc52ec9713d5;15;0,95;2026-07-30T21:15:37.584145+02:00;2026-08-01T00:46:38.239136+02:00;"{""aircraft_spec"":""1d92a29ff955ec8194720f659c80edf216b314fc10254dcf237d7a6f523202b4"",""config"":""7ead259693c46435e769cfce8a5758000255c9bd0ae648a9278403052013ecf4"",""flight_schedule"":""5871c8897f25c6a4b84d5aaf40fda1a067670fa574cb675c9adf829ad9c940f9"",""vertiport_network"":""8f37a94965fd8b2b9be9143f587c88446d15875ef5cba00cefde590914bba9b3""}";d3094d93f4535fbcbc60bb48f00a56a471fb58d21c5438d1e32bf1a9ee2190b6;c398ff11be193803520e0ccd99c35c3a87d8bb6a3e42dce0d1d33aa66c260c8e
low;n6;6;;19;completed;244;244;0;226;0,9262295081967213;12,521281929942907;17,14523003896636;24,913579158126474;18,25138419528629;0,10739155616117943;160;96;8482,75138178887;8347,204407777777;0,2279498074276199;23;-7953,0666401133385;88624,44804353915;5057;-1,1937117960769683e-11;0,38125;0,375;0,3471127591846708;0,35695849625911985;34,76537451552816;63,10464546359793;76,14495274378595;0,31206947845813915;2,0923511930967464;6,040586475493789;33,29336008672312;43,6905369024227;54,44049184700368;4;134;0,0;9;3055,192790906069;10;3055,1927909060537;76,14495274378594;63,104645463597926;0,0;0,0;81,81237288688061;2;0,0;0,0;0;0,0;53,011285852819434;0;0,0;0,0;15;2,0225475940602338;0,0;15;45,014075439173695;0,0;7;13,744319294042969;0,0;0;0,0;0,0;0;0,0;0,0;5;0,0;17,215302504309875;0;0,0;5,9183643866566245;18;0,0;0,0;0;0,0;0,0;0;0,0;0,0;0;0,0;0,0;15;2,323703136321031;0,0;0;0,0;0,0;0;0,0;0,0;0;0,0;0,0;108,90164176189911;10,416666666666666;0,8792328730774032;4,266666666666667;2,844444444444443;18,413872060000028;4,266666666666667;7,140000000000002;3,8333333333333313;0,0;16,664935834444464;8,860047336666673;9;650,344749486965;0,8406561077652253;2;124,53025683393948;0,08033745960589614;4;422,3768327360953;0,37576223469271386;3;311,8019972187933;0,22163752319719218;4;262,8065060462775;0,1873052130819476;3;239,71092297056592;0,19237854569481694;0,6765651950267015;110;134;18;0,07377049180327866;15,0;51;23,565405189330345;0,029850746268656716;3,597617131399511;7,5635791581264735;1,525;0,03125;26,82708741212569;27,39835771872283;31,71804414021762;38,13254113508157;44,367730990948274;110;0,9636363636363636;12,301284483575483;15,0;10;0,9;12,931320307892953;17,491641258666704;49;0,9183673469387755;12,34359957095158;16,545518284849134;27;0,8888888888888888;13,213087130262466;18,732151904098895;25;0,88;12,059647977830968;19,287030412693575;23;0,8695652173913043;13,463363638884706;19,71430762895271;0,48819748321819;200,28869459087915;0,12135329883347912;0,2614272936219388;0,06833888842158382;0,07279506655529457;0,0;0,013460690143645298;0,05629651985339966;0,012425252440287967;0,14510378950582;0,0;0,045559258947722545;0,1081071494874008;0,024850504880575934;0,15609719433065164;63,716092667722585;0,02837099307199086;0,1188789363890512;0,012425252440287967;0,2677349493667776;213,65005838662594;0,027128467827962063;0,17125276924936023;0,018637878660431876;0,2728412219283298;124,10177571399;0,029199343234676725;0,1778846734552648;0,0062126262201439835;20260920;"{""passenger_counts"":[20260920,19,1,1],""city_assignment"":[20260920,19,1,2],""arrival_terminal_processing"":[20260920,19,1,3],""terminal_access"":[20260920,19,1,4],""departure_terminal_earliness"":[20260920,19,1,5]}";2.3.5;3;1;a79f85cd37dcecf92fc91235e46f815738c55d39f6037d34ab78635fae147c63;15;0,95;2026-07-30T21:47:26.933360+02:00;2026-08-01T00:37:04.448044+02:00;"{""aircraft_spec"":""1d92a29ff955ec8194720f659c80edf216b314fc10254dcf237d7a6f523202b4"",""config"":""7ead259693c46435e769cfce8a5758000255c9bd0ae648a9278403052013ecf4"",""flight_schedule"":""5871c8897f25c6a4b84d5aaf40fda1a067670fa574cb675c9adf829ad9c940f9"",""vertiport_network"":""8f37a94965fd8b2b9be9143f587c88446d15875ef5cba00cefde590914bba9b3""}";d3094d93f4535fbcbc60bb48f00a56a471fb58d21c5438d1e32bf1a9ee2190b6;c398ff11be193803520e0ccd99c35c3a87d8bb6a3e42dce0d1d33aa66c260c8e
low;n6;6;;20;completed;224;224;0;222;0,9910714285714286;12,148165931160852;15,0;17,970196500967845;17,667994005778993;0,0;149;75;7567,54901352776;7289,199348674836;0,23155906769170678;20;-7136,868437856431;88780,79855116576;4448;9,094947017729282e-13;0,37583892617449666;0,33482142857142855;0,3078648805933701;0,3171994977833196;33,783700953248925;3,5424670711423007;31,9414887144642;0,14259593176100088;1,2339618425668353;3,2330075542022922;32,184551460089644;41,38156585586173;44,513081900179166;0;111;0,0;9;2721,18916858003;10;2721,1891685800338;31,9414887144642;3,542467071142285;0,0;0,0;78,86621461348828;1;0,0;0,0;0;0,0;14,936904527117743;0;0,0;1,155564940045709;2;0,0;0,0;2;3,080220336841133;0,0;0;0,0;0,0;0;0,0;0,0;0;0,0;0,0;0;0,0;15,849019247300749;1;0,0;0,0;2;0,0;0,0;0;0,0;0,0;0;0,0;0,0;0;0,0;0,0;2;0,46224673430115215;0,0;0;0,0;0,0;0;0,0;0,0;0;0,0;0,0;113,19257765253236;9,633333333333331;0,3707633902823338;3,7333333333333334;2,488888888888889;16,787215050000007;3,7333333333333334;6,589999999999998;3,3333333333333313;0,0;15,925639613888897;7,083797658333333;9;669,0945395056466;0,8702395825452921;1;75,0;0,04691523617348852;3;308,39962260030194;0,2711252267017838;3;287,97019650096786;0,2116256116957825;3;225,0;0,18147729395327064;2;180,0;0,12082014915266226;0,7080608684872659;113;111;2;0,008928571428571397;15,0;28;21,75;0,0;;;1,5033557046979866;0,026845637583892617;26,643796385839497;27,313094008970022;31,969214332285752;37,14378291933755;42,58642819497089;113;0,9911504424778761;12,311408625257378;15,0;5;1,0;15,0;15,0;43;1,0;10,07972837484684;15,0;27;0,9629629629629629;12,530021573447032;15,0;22;1,0;13,187029278392957;15,0;14;1,0;13,796174799986966;15,0;0,4570032181717864;88,50006913320492;0,10759227495786701;0,23306953470835104;0,06255364823131802;0,04563401202053946;0,0;0,008340486430842405;0,0375025551392975;0,0;0,1796044780310102;0,0;0,03377897004491173;0,1153159005630164;0,018766094469395332;0,34887039509763135;198,95204574787894;0,029817238990261594;0,1640905481558603;0,01876609446939541;0,21671824520545102;35,41282007239909;0,026689556578695692;0,15716813710494024;0,012510729646263605;0,22676146356084811;117,11161516943297;0,027315093061008874;0,19140918822915254;0,012510729646263605;20260920;"{""passenger_counts"":[20260920,20,1,1],""city_assignment"":[20260920,20,1,2],""arrival_terminal_processing"":[20260920,20,1,3],""terminal_access"":[20260920,20,1,4],""departure_terminal_earliness"":[20260920,20,1,5]}";2.3.5;3;1;b1a32d26069f20dfdd07c1bd0ab29aa5b459c9b05dd0b125da627222a6bc3c7d;15;0,95;2026-07-30T22:01:03.131562+02:00;2026-08-01T00:39:40.798551+02:00;"{""aircraft_spec"":""1d92a29ff955ec8194720f659c80edf216b314fc10254dcf237d7a6f523202b4"",""config"":""7ead259693c46435e769cfce8a5758000255c9bd0ae648a9278403052013ecf4"",""flight_schedule"":""5871c8897f25c6a4b84d5aaf40fda1a067670fa574cb675c9adf829ad9c940f9"",""vertiport_network"":""8f37a94965fd8b2b9be9143f587c88446d15875ef5cba00cefde590914bba9b3""}";d3094d93f4535fbcbc60bb48f00a56a471fb58d21c5438d1e32bf1a9ee2190b6;c398ff11be193803520e0ccd99c35c3a87d8bb6a3e42dce0d1d33aa66c260c8e
low;n6;6;;21;completed;239;239;0;222;0,9288702928870293;12,79244193452657;16,210299058447394;32,81625589319519;18,3017680593963;0,16926609014879163;164;99;8770,05872501942;8664,23961157067;0,23316807545578966;22;-10573,726513922282;89972,3286788322;5127;2,580691216280684e-11;0,3643292682926829;0,376425855513308;0,3399724465113874;0,3527612777265799;36,69480638083439;48,14842119695848;50,97894384386512;0,2133010202672181;1,6941979477545097;5,4919218557084;32,83655752966738;41,81490405074136;56,55467192022103;3;122;0,0;10;3057,3936223518494;11;3057,3936223518594;50,97894384386512;48,148421196958466;0,0;0,0;86,30512714713981;0;0,0;0,0;0;0,0;29,637046896274022;0;0,0;2,396068530811317;14;20,76287368907797;0,0;13;11,974045247804073;0,0;5;14,411502260076425;0,0;0;0,0;0,0;0;0,0;0,0;2;0,0;10,079306245698172;1;0,0;8,86652217108161;15;0,0;0,0;1;0,0;0,0;1;0,0;0,0;0;0,0;0,0;13;1,0;0,0;0;0,0;0,0;0;0,0;0,0;0;0,0;0,0;114,72913859063735;10,445833333333333;0,7563798700654853;4,383333333333334;2,922222222222222;19,174851305000022;4,383333333333334;7,115;3,6666666666666665;0,0;17,47779815555557;9,00260870500001;10;754,4565605586232;0,9139995005073142;2;75,0;0,058117531681721846;4;327,88917338632825;0,2769239262234735;2;286,08954172349974;0,1829904507517273;2;240,0;0,15608837985508314;4;320,7995860469371;0,2363537518812706;0,6846363392618008;117;122;17;0,07112970711297073;15,0;37;23,633732553262355;0,02459016393442623;6,8834876660508595;13,19241281227296;1,4573170731707317;0,036585365853658534;27,929459775765135;27,818444974967232;34,810708391719864;37,64900973376507;43,15609368443196;117;0,9145299145299145;13,09103194076331;16,221629312950704;8;1,0;12,173934475285545;15,0;42;0,9285714285714286;11,049050940579223;16,343233848333345;24;0,9583333333333334;12,777061084048746;15,0;20;1,0;13,078392379880682;15,0;28;0,8928571428571429;14,145498441469545;17,708990996243287;0,4905652464865458;193,97894477494575;0,11755806806483014;0,25653610942306165;0,08951121933870315;0,05659509587024576;5,5676981716191225;0,01193482924516042;0,04943419832314951;0,0;0,11306459193548804;0,0;0,03679905683924463;0,08585585887930577;0,01193482924516042;0,23767136999137142;118,4147773789379;0,03441209099021254;0,19644965015960472;0,01193482924516042;0,26665408743663;116,97345245396173;0,03142838367892244;0,19890329864445438;0,00596741462258021;0,2671958220364811;80,44422719244297;0,029439245471395703;0,1589482400694506;0,01193482924516042;20260920;"{""passenger_counts"":[20260920,21,1,1],""city_assignment"":[20260920,21,1,2],""arrival_terminal_processing"":[20260920,21,1,3],""terminal_access"":[20260920,21,1,4],""departure_terminal_earliness"":[20260920,21,1,5]}";2.3.5;3;1;b26f7132d1d6de1bad0e349122467b6c27a73146315dc4da0ed5b647c8c95775;15;0,95;2026-07-30T21:03:46.273486+02:00;2026-08-01T00:59:32.328679+02:00;"{""aircraft_spec"":""1d92a29ff955ec8194720f659c80edf216b314fc10254dcf237d7a6f523202b4"",""config"":""7ead259693c46435e769cfce8a5758000255c9bd0ae648a9278403052013ecf4"",""flight_schedule"":""5871c8897f25c6a4b84d5aaf40fda1a067670fa574cb675c9adf829ad9c940f9"",""vertiport_network"":""8f37a94965fd8b2b9be9143f587c88446d15875ef5cba00cefde590914bba9b3""}";d3094d93f4535fbcbc60bb48f00a56a471fb58d21c5438d1e32bf1a9ee2190b6;c398ff11be193803520e0ccd99c35c3a87d8bb6a3e42dce0d1d33aa66c260c8e
low;n6;6;;22;completed;248;248;0;231;0,9314516129032258;12,645144348279219;15,550418342805436;21,895695873151514;18,070744723330858;0,01598327442916343;168;94;8837,449664797203;8622,596252526904;0,23155906769170478;23;-7344,5433458290745;89376,48022343554;5130;1,3642420526593924e-11;0,36904761904761907;0,35877862595419846;0,3431944940630852;0,348599502963571;35,634877680633885;40,309038323670755;34,04889301280717;0,13729392343873859;1,0133333560883548;5,792765128549581;32,339892649338715;41,11628246160944;48,13272501587744;1;118;0,0;8;3135,995798373246;8;3135,9957983732443;34,048893012807156;40,309038323670755;0,0;0,0;83,62174616283963;1;0,0;0,0;0;0,0;19,759250606941773;0;0,0;0,0;8;0,5452114523781347;0,0;16;7,960843921866277;0,0;11;31,802982949426344;0,0;5;0,0;0,0;0;0,0;0,0;0;0,0;6,288768548846444;0;0,0;8,000873857018936;17;0,0;0,0;0;0,0;0,0;0;0,0;0,0;0;0,0;0,0;12;0,0;0,0;0;0,0;0,0;0;0,0;0,0;0;0,0;0,0;107,41865822138121;10,766666666666667;0,4969545266309006;4,350000000000002;2,91111111111111;19,570488104999992;4,366666666666666;7,346666666666667;3,833333333333332;0,1411606513179484;17,63408885666666;9,214177026111106;8;733,0135978782278;1,0211129720615604;2;75,0;0,054394329602905765;3;436,4139303666667;0,3452372893016653;3;250,70553853000104;0,18119620262632782;3;229,23602638264128;0,1668233999160491;2;270,0;0,17662204165316064;0,6663617955477221;130;118;17;0,06854838709677424;15,0;35;22,271856027422384;0,00847457627118644;1,8860263826412846;1,8860263826412846;1,4761904761904763;0,011904761904761904;26,866950991462396;27,737951631748476;33,590013409995414;37,40982766871779;42,16281624215939;130;0,9;12,661934850980519;17,28888768941373;7;1,0;12,52636960846904;15,0;44;0,9772727272727273;12,648372725581588;15,0;24;0,9583333333333334;12,170473739501597;15,0;22;0,9090909090909091;12,223734844837155;15,486487822337107;21;1,0;13,557987820307135;15,0;0,46347672666217155;44,65116744159356;0,12841055172566168;0,268310778266153;0,10545794103073663;0,04262088536530295;0,0;0,012406816591851373;0,03517679541019213;0,0;0,12084937101341137;0,0;0,043837418624541505;0,09223409483002355;0,01861022488777706;0,2633934907485821;88,02687815024547;0,031017041479628433;0,1393351353090476;0,012406816591851373;0,35291489330907294;279,20700707638775;0,027088216225542163;0,23206117983105548;0,0;0,20928954263837837;93,0734557029414;0,028122117608196443;0,16024586659025813;0,006203408295925686;20260920;"{""passenger_counts"":[20260920,22,1,1],""city_assignment"":[20260920,22,1,2],""arrival_terminal_processing"":[20260920,22,1,3],""terminal_access"":[20260920,22,1,4],""departure_terminal_earliness"":[20260920,22,1,5]}";2.3.5;3;1;d9e28fce4609acf9a9469d62f9ef49e63fb356d33330a268f4d0dc2c1711eaa7;15;0,95;2026-07-30T21:57:35.456654+02:00;2026-08-01T00:49:36.480223+02:00;"{""aircraft_spec"":""1d92a29ff955ec8194720f659c80edf216b314fc10254dcf237d7a6f523202b4"",""config"":""7ead259693c46435e769cfce8a5758000255c9bd0ae648a9278403052013ecf4"",""flight_schedule"":""5871c8897f25c6a4b84d5aaf40fda1a067670fa574cb675c9adf829ad9c940f9"",""vertiport_network"":""8f37a94965fd8b2b9be9143f587c88446d15875ef5cba00cefde590914bba9b3""}";d3094d93f4535fbcbc60bb48f00a56a471fb58d21c5438d1e32bf1a9ee2190b6;c398ff11be193803520e0ccd99c35c3a87d8bb6a3e42dce0d1d33aa66c260c8e
low;n6;6;;23;completed;256;256;0;241;0,94140625;12,556941081910244;17,62516660158447;31,97501943157889;18,118610228310942;0,28031749946434353;174;109;9572,049575988858;9359,307287836318;0,2279498074276195;24;-9351,611687826073;87733,55024009368;5519;6,8098415795248e-11;0,367816091954023;0,38515901060070673;0,3590666179420633;0,36809136133294845;37,39081865620648;87,87810652911291;70,7873014785787;0,27651289640069804;1,623071589477331;5,59750014983656;32,937047683292256;43,31175756061279;60,25595154482241;5;133;0,0;7;3214,576916969023;8;3214,5769169690216;70,78730147857868;87,87810652911278;0,0;0,0;90,69021024221331;2;3,978833931092231;0,0;0;0,0;48,89655486870674;0;0,0;1,2601489500956329;12;23,11626613174291;0,0;13;39,31810835346199;0,0;8;15,273449153283035;0,0;0;0,0;0,0;0;0,0;0,0;3;1,012990909734314;15,634400703816937;1;0,3333333333333333;4,996196955959386;15;0,0;0,0;1;0,0;0,0;0;0,0;0,0;0;0,0;0,0;13;4,845124716464974;0,0;0;0,0;0,0;0;0,0;0,0;0;0,0;0,0;104,32206885873521;11,133333333333333;0,9208599700200464;4,716666666666667;3,1444444444444444;21,261229940000007;4,716666666666667;7,593333333333334;4,0;0,0;18,665480543333345;10,456860507777774;7;702,5845540526669;0,9305836488872365;1;104,07732307737412;0,06432125425385539;3;355,41964340770676;0,29644278371120747;3;348,51422796026804;0,23476985241155635;3;360,9553788937248;0,2763624704220109;2;276,43244172386113;0,1841738845656553;0,6447251060024298;123;133;15;0,05859375;15,0;46;22,893672815789888;0,03759398496240601;7,456445485751537;13,642504911538465;1,471264367816092;0,022988505747126436;26,968100535533264;27,26116303412353;32,13214560308226;38,18617408816259;45,163641166371995;123;0,967479674796748;12,241987024348479;15,0;6;0,8333333333333334;17,346220512895687;25,557992308030588;43;0,9534883720930233;11,155114596498398;15,0;27;0,8888888888888888;14,069548850104795;19,97651354000587;36;0,9166666666666666;12,421618144315211;18,76971901987216;21;0,9047619047619048;14,190913814246544;19,45742229228223;0,46333639449150793;162,76536080954568;0,13307903847956057;0,2768233883141743;0,06180141105861946;0,062110472613834435;0,0;0,009270211658792918;0,055384395831940325;0,0;0,17846796088691688;0,0;0,04387900185161981;0,12909491787000643;0,006180141105861945;0,17071406770368827;8,80202694773264;0,03440278548929816;0,13680732986360986;0,018540423317585836;0,2241817767806622;62,81238319836872;0,037698860745757866;0,19654265399111776;0,03090070552930973;0,25610804656675046;134,35126398417682;0,03316675726812578;0,2040405082822908;0,03090070552930973;20260920;"{""passenger_counts"":[20260920,23,1,1],""city_assignment"":[20260920,23,1,2],""arrival_terminal_processing"":[20260920,23,1,3],""terminal_access"":[20260920,23,1,4],""departure_terminal_earliness"":[20260920,23,1,5]}";2.3.5;3;1;870225e487cbc16107c3a89bfa8703c2cf619bb1e6fac6aab39ee97a24d8c2b3;15;0,95;2026-07-30T21:24:08.388312+02:00;2026-08-01T00:22:13.550240+02:00;"{""aircraft_spec"":""1d92a29ff955ec8194720f659c80edf216b314fc10254dcf237d7a6f523202b4"",""config"":""7ead259693c46435e769cfce8a5758000255c9bd0ae648a9278403052013ecf4"",""flight_schedule"":""5871c8897f25c6a4b84d5aaf40fda1a067670fa574cb675c9adf829ad9c940f9"",""vertiport_network"":""8f37a94965fd8b2b9be9143f587c88446d15875ef5cba00cefde590914bba9b3""}";d3094d93f4535fbcbc60bb48f00a56a471fb58d21c5438d1e32bf1a9ee2190b6;c398ff11be193803520e0ccd99c35c3a87d8bb6a3e42dce0d1d33aa66c260c8e
low;n6;6;;24;completed;250;250;0;234;0,936;12,45504359995356;15,898073733075949;35,75570595071864;18,16919830800909;0,47445182091064475;168;92;8692,74336612775;8569,155849154417;0,231979558483958;23;-11094,11023022112;89506,1255559784;5158;2,9103830456733704e-11;0,37202380952380953;0,35384615384615387;0,31324623711947824;0,32745254075784513;34,770973464511;80,59399951973094;81,03867701388296;0,3241547080555318;1,9085414248574428;6,328347968524758;33,285586150197474;43,685032880204126;65,31865296270796;9;134;0,0;9;3113,76089998839;10;3113,760899988391;81,03867701388296;80,59399951973089;0,0;0,0;87,76515347239713;9;6,430851451652294;0,0;0;0,0;52,919190442474154;0;0,0;5,112455744773737;14;25,874059534951325;0,0;13;33,881007762391285;0,0;4;10,408080770735978;0,0;0;0,0;0,0;0;0,0;0,0;1;0,0;16,582253001370432;1;0,0;6,424777825264633;16;0,0;0,0;0;0,0;0,0;0;0,0;0,0;0;0,0;0,0;13;4,0;0,0;0;0,0;0,0;0;0,0;0,0;0;0,0;0,0;113,92170194387455;10,808333333333334;1,1029854542352773;4,333333333333333;2,888888888888889;19,061816690000025;4,333333333333333;7,383333333333334;3,8333333333333335;0,0;18,050662626666682;8,233376285555565;9;689,9474122663254;0,8070758778737731;1;105,0;0,06262410769482751;4;350,19264333867665;0,2641924289225087;3;291,1945609789986;0,21499343169383195;3;396,2128063022239;0,29200458456556644;3;306,7207359926311;0,21621907340964458;0,6794518982201182;116;134;16;0,06399999999999995;15,0;42;23,934688823392317;0,06716417910447761;7,064060444669599;20,0340539192434;1,4880952380952381;0,041666666666666664;27,94450994061098;27,223346499383517;33,055029791666676;38,533495101648356;47,12417690706211;116;0,9741379310344828;11,66552063382982;15,0;7;1,0;15,0;15,0;38;0,9473684210526315;11,656938878304008;15,153030037405696;27;0,8518518518518519;13,350857975854122;23,988577675814287;36;0,8611111111111112;13,599875026827418;18,58534719174286;26;0,9230769230769231;13,943390875951172;15,723772531434316;0,5025028790243414;215,25808298818478;0,11550668752601519;0,26932552542617394;0,04771360586272572;0,048268412475057976;0,0;0,009940334554734526;0,04230421174221726;0,0;0,12936167189967968;0,0;0,038568498072369964;0,0973119413003614;0,02385680293136286;0,22920548699124554;73,14952769251616;0,03041742373748765;0,15533395220644847;0,017892602198522147;0,2062918248358491;52,00921478363877;0,03498997763266553;0,17677204500784832;0,02982100366420358;0,2797124423985937;223,0960764373823;0,029025776899824815;0,19333631013809363;0,017892602198522147;20260920;"{""passenger_counts"":[20260920,24,1,1],""city_assignment"":[20260920,24,1,2],""arrival_terminal_processing"":[20260920,24,1,3],""terminal_access"":[20260920,24,1,4],""departure_terminal_earliness"":[20260920,24,1,5]}";2.3.5;3;1;556bbab5a8e1fcf351d57f5205b101513d751e30a1a72dcfe3c184f5b62ecd45;15;0,95;2026-07-30T20:55:05.889770+02:00;2026-08-01T00:51:46.125556+02:00;"{""aircraft_spec"":""1d92a29ff955ec8194720f659c80edf216b314fc10254dcf237d7a6f523202b4"",""config"":""7ead259693c46435e769cfce8a5758000255c9bd0ae648a9278403052013ecf4"",""flight_schedule"":""5871c8897f25c6a4b84d5aaf40fda1a067670fa574cb675c9adf829ad9c940f9"",""vertiport_network"":""8f37a94965fd8b2b9be9143f587c88446d15875ef5cba00cefde590914bba9b3""}";d3094d93f4535fbcbc60bb48f00a56a471fb58d21c5438d1e32bf1a9ee2190b6;c398ff11be193803520e0ccd99c35c3a87d8bb6a3e42dce0d1d33aa66c260c8e
low;n6;6;;25;completed;262;262;0;244;0,9312977099236641;12,363799642634914;16,401661940010396;28,79358823390721;18,08643247395838;0,1422143576723664;166;102;9056,530173630526;8864,666419028621;0,23316807545578966;23;-11239,585501584943;87627,19323280572;5285;2,5693225325085223e-11;0,39457831325301207;0,3805970149253731;0,3565032440055986;0,36484422617366263;34,5669090596585;82,18369885423162;48,329801806747945;0,18446489239216773;1,0625359602452404;5,894629449382652;33,1552249082691;43,383159826952905;55,16264988870583;4;138;0,0;9;3239,3155063703475;9;3239,315506370364;48,329801806747945;82,18369885423162;0,0;0,0;88,28482865637821;1;2,196399546916412;0,0;0;0,0;29,966998322057105;0;0,0;0,0;9;22,091122100636493;0,0;16;36,016689199311195;0,0;9;18,87948800736752;0,0;1;0,0;0,0;0;0,0;0,0;1;0,0;8,858294948296923;1;0,0;9,50450853639392;18;0,0;0,0;0;0,0;0,0;0;0,0;0,0;0;0,0;0,0;15;3,0;0,0;0;0,0;0,0;0;0,0;0,0;0;0,0;0,0;109,39514756193782;10,991666666666667;0,66424680297524;4,466666666666667;2,977777777777778;20,09632380500003;4,466666666666667;7,57;3,8333333333333335;0,31613527629391885;17,72239502611113;9,818373223333344;9;689,7339153792898;0,8658509089319109;1;90,0;0,05461895359721696;3;412,6391352223309;0,34877463619758353;3;280,1597714135831;0,22600829324908175;2;259,86692889781773;0,17526360682688547;3;364,6642774318318;0,2953505270771813;0,6638942764940204;124;138;18;0,06870229007633588;15,0;36;23,610950882607547;0,028985507246376812;4,90639533969664;9,004400862965728;1,5783132530120483;0,03614457831325301;27,46299409288629;27,135110711074265;33,180003566666706;38,56460288256011;44,915596964732536;124;0,9516129032258065;11,505899224508369;15,0;6;1,0;15,0;15,0;51;0,9803921568627451;11,268700910168002;15,0;26;0,9615384615384616;14,323533282560412;15,0;20;0,8;14,439790196954105;20,980160173092617;35;0,8285714285714286;13,904931052202542;18,447368695586977;0,5087065293305933;176,59280411368948;0,12360066906629469;0,2886334338510917;0,06675649884104295;0,026819695440734675;0,0;0,009103158932869494;0,02135780008101298;0,006068772621912996;0,14009524503004173;0,0;0,043897455298504;0,10255366714028209;0,03034386310956498;0,1944018274930626;86,13900722877818;0,03297366457906061;0,1518158478052517;0,006068772621912996;0,27225525520920496;80,5354501793677;0,027511769219338914;0,19860490132697356;0,018206317865738987;0,19879716278909587;36,183595165858804;0,03398512668271278;0,16455546819324834;0,012137545243825992;20260920;"{""passenger_counts"":[20260920,25,1,1],""city_assignment"":[20260920,25,1,2],""arrival_terminal_processing"":[20260920,25,1,3],""terminal_access"":[20260920,25,1,4],""departure_terminal_earliness"":[20260920,25,1,5]}";2.3.5;3;1;a42527c86a785377cdea27c3461ff7621228510dcdd2b8ff5671ad214222cf42;15;0,95;2026-07-30T20:52:40.414498+02:00;2026-08-01T00:20:27.193233+02:00;"{""aircraft_spec"":""1d92a29ff955ec8194720f659c80edf216b314fc10254dcf237d7a6f523202b4"",""config"":""7ead259693c46435e769cfce8a5758000255c9bd0ae648a9278403052013ecf4"",""flight_schedule"":""5871c8897f25c6a4b84d5aaf40fda1a067670fa574cb675c9adf829ad9c940f9"",""vertiport_network"":""8f37a94965fd8b2b9be9143f587c88446d15875ef5cba00cefde590914bba9b3""}";d3094d93f4535fbcbc60bb48f00a56a471fb58d21c5438d1e32bf1a9ee2190b6;c398ff11be193803520e0ccd99c35c3a87d8bb6a3e42dce0d1d33aa66c260c8e
low;n6;6;;26;completed;244;244;0;232;0,9508196721311475;12,481918423232434;15,0;33,800291826396396;18,100851873607414;0,12051531475552478;161;87;8230,188797836096;8049,499458726727;0,23316807545578985;21;-6839,89761449385;87999,09083314677;4899;1,7280399333685637e-11;0,37888198757763975;0,35080645161290325;0,3161528410180079;0,32836886380345087;33,730281958344655;68,26971480972944;59,01976189149515;0,24188427004711127;1,4213803765692623;4,003677270631791;32,510009589754745;42,88411153387088;57,66842182226052;1;117;0,0;9;3045,5880952687144;12;3045,588095268707;59,01976189149515;68,26971480972944;0,0;0,0;87,76388408320076;0;0,0;0,0;0;0,0;22,789109804714585;0;0,0;5,014558128398979;10;36,48426811328136;0,0;8;19,488536438564825;0,0;4;9,296910257883246;0,0;0;0,0;0,0;1;0,0;0,0;0;0,0;23,46389578670651;1;0,0;7,752198171675081;12;0,0;0,0;5;0,0;0,0;0;0,0;0,0;0;0,0;0,0;8;3,0;0,0;0;0,0;0,0;0;0,0;0,0;0;0,0;0,0;107,19538319526681;10,45;0,6940217469115949;4,133333333333334;2,7555555555555555;17,89668691500002;4,133333333333334;7,156666666666666;3,5;0,15;16,949545597222233;7,836030206666676;9;771,9052299098689;0,9541947158449181;2;96,16690669121654;0,06402949462640445;3;428,7990705706925;0,34187527481142715;3;227,80816141298226;0,17551168318303645;3;240,0;0,189134958584826;3;277,8795880491691;0,20204884100209586;0,6781728798453898;127;117;12;0,049180327868852514;15,0;50;22,891889495008684;0,008547008547008548;14,100291826396399;14,100291826396399;1,515527950310559;0,018633540372670808;26,344163457677947;27,323093446945524;33,61061151557469;38,14025189861603;43,62940287796076;127;0,952755905511811;11,875966093545395;15,0;7;0,8571428571428571;14,458315479004375;19,31683468385157;41;0,9512195121951219;13,180124080640203;15,0;22;0,9545454545454546;12,610114010471175;15,0;23;1,0;12,998092863964713;15,0;24;0,9166666666666666;13,307019234483988;18,1654664044578;0,4467221247312948;143,99874979384634;0,11725135603000668;0,27437342733702713;0,05061209612806044;0,055949436122794134;0,0;0,010544186693345925;0,04962292410678658;0,02530604806403022;0,14009866159122406;0,0;0,04470735157978672;0,11814429523485889;0,01265302403201511;0,21055031625814782;19,626546901290688;0,028469304072033994;0,13736680457145034;0,006326512016007555;0,3453629508734831;214,86721256698124;0,0307890251445701;0,22468773752900212;0,03163256008003777;0,2973548699283347;145,88156986398934;0,029734606475235507;0,19463146298355316;0,006326512016007555;20260920;"{""passenger_counts"":[20260920,26,1,1],""city_assignment"":[20260920,26,1,2],""arrival_terminal_processing"":[20260920,26,1,3],""terminal_access"":[20260920,26,1,4],""departure_terminal_earliness"":[20260920,26,1,5]}";2.3.5;3;1;ef771fd732c94e9086368a2a5cbf3342b2773f44468d25f386e36ba6b50c39c3;15;0,95;2026-07-30T22:06:00.102386+02:00;2026-08-01T00:26:39.090833+02:00;"{""aircraft_spec"":""1d92a29ff955ec8194720f659c80edf216b314fc10254dcf237d7a6f523202b4"",""config"":""7ead259693c46435e769cfce8a5758000255c9bd0ae648a9278403052013ecf4"",""flight_schedule"":""5871c8897f25c6a4b84d5aaf40fda1a067670fa574cb675c9adf829ad9c940f9"",""vertiport_network"":""8f37a94965fd8b2b9be9143f587c88446d15875ef5cba00cefde590914bba9b3""}";d3094d93f4535fbcbc60bb48f00a56a471fb58d21c5438d1e32bf1a9ee2190b6;c398ff11be193803520e0ccd99c35c3a87d8bb6a3e42dce0d1d33aa66c260c8e
low;n6;6;;27;completed;245;245;0;236;0,963265306122449;12,231248926157651;15,0;34,568493425990646;17,92599078234757;0,1587360734361482;162;89;8405,623475602759;8260,316666990111;0,23316807545578966;21;-7059,207683103137;89155,46032665299;4953;2,5920599000528455e-11;0,37808641975308643;0,3545816733067729;0,33538606492802375;0,3420917805322671;34,3086672473582;54,9861135505428;61,46175476652961;0,25086430516950864;1,44386506462329;4,892716132413625;32,63551936138674;43,13133749830432;58,35642055446212;4;126;0,0;8;2996,6559869086245;10;2996,6559869086313;61,46175476652955;54,986113550542726;0,0;0,0;87,5250074960801;1;0,0;0,0;0;0,0;32,8251605567898;0;0,0;0,0;8;5,506514484327514;0,0;8;22,659278088467666;0,0;4;23,11818779892116;0,0;0;0,0;0,0;0;0,0;0,0;1;0,0;23,979842462631737;0;0,0;4,656751747108016;9;0,0;0,0;0;0,0;0,0;0;0,0;0,0;0;0,0;0,0;8;3,7021331788263825;0,0;0;0,0;0,0;0;0,0;0,0;0;0,0;0,0;108,64176803055021;10,504166666666666;0,7165740962869035;4,183333333333334;2,7888888888888888;18,466090455000003;4,183333333333334;7,191666666666666;3,5;0,1819585455341803;16,906657090000003;8,531655587222225;8;713,9978241059287;0,8827358469890446;2;105,0;0,08048190120617758;4;423,76787627210945;0,348608194554912;1;254,598266147941;0,15876888924386756;3;222,5344819892672;0,14766965440926186;3;321,93371024177344;0,2504667885026153;0,6774960841908261;119;126;9;0,03673469387755102;15,0;43;22,50706293567598;0,031746031746031744;5,000186313238669;12,518493425990648;1,5123456790123457;0,04938271604938271;26,726296669376705;27,174761038111807;32,65656671098487;37,79290222225751;44,68968840994327;119;0,9663865546218487;11,895257207053476;15,000000000000002;9;1,0;14,339887787678459;15,0;49;1,0;11,408578811082084;15,0;16;0,875;15,912391634246312;20,233136997203232;19;0,9473684210526315;12,463146293072414;15,257578628558216;33;0,9393939393939394;12,170999446085322;15,946086726313125;0,46863251564989206;196,94929763222018;0,11869292111304709;0,252385723192844;0,06236055399984961;0,09111203936139474;0,0;0,013511453366634082;0,0798273896958268;0,012472110799969922;0,14629530092092602;0,0;0,03991075455990375;0,1171139273789521;0,024944221599939843;0,2350191526347663;109,33072736245231;0,031180276999924806;0,18046148249408062;0,006236055399984961;0,1523377963778335;37,884073710178924;0,026191432679936837;0,1332352393418179;0,006236055399984961;0,3471386814225844;309,3667835343412;0,03138814551325764;0,2525232510207983;0,018708166199954884;20260920;"{""passenger_counts"":[20260920,27,1,1],""city_assignment"":[20260920,27,1,2],""arrival_terminal_processing"":[20260920,27,1,3],""terminal_access"":[20260920,27,1,4],""departure_terminal_earliness"":[20260920,27,1,5]}";2.3.5;3;1;57385c80989a96aead8887b8f0ae887e21aa662db3e74ed3731ec0ee3405c854;15;0,95;2026-07-30T22:02:20.792317+02:00;2026-08-01T00:45:55.460327+02:00;"{""aircraft_spec"":""1d92a29ff955ec8194720f659c80edf216b314fc10254dcf237d7a6f523202b4"",""config"":""7ead259693c46435e769cfce8a5758000255c9bd0ae648a9278403052013ecf4"",""flight_schedule"":""5871c8897f25c6a4b84d5aaf40fda1a067670fa574cb675c9adf829ad9c940f9"",""vertiport_network"":""8f37a94965fd8b2b9be9143f587c88446d15875ef5cba00cefde590914bba9b3""}";d3094d93f4535fbcbc60bb48f00a56a471fb58d21c5438d1e32bf1a9ee2190b6;c398ff11be193803520e0ccd99c35c3a87d8bb6a3e42dce0d1d33aa66c260c8e
low;n6;6;;28;completed;245;245;0;233;0,9510204081632653;12,70649315932122;15,0;33,44689553417205;18,175781607538788;0,26156994356045665;171;96;9014,59523450831;8904,666288483595;0,22764909207551007;23;-9707,353395748023;89755,96444249201;5239;5,2295945351943374e-11;0,358187134502924;0,3595505617977528;0,3232300453096913;0,3358151405395233;36,79426626329922;64,01942055193916;61,2256698133041;0,24990069311552696;1,9733916001657084;5,894629449382774;32,90023347582162;41,88209418168187;57,50179827706209;5;127;0,0;7;3113,0908240336985;11;3113,0908240336885;61,2256698133041;64,01942055193916;0,0;0,0;91,80965326242907;3;0,09764114452591457;0,0;0;0,0;40,00269630164124;0;0,0;0,0;11;19,70026930397556;0,0;10;28,155423066599422;0,0;4;13,066087036838265;0,0;0;0,0;0,0;0;0,0;0,0;0;0,0;13,912979577003231;1;0,0;7,309993934659633;12;0,0;0,0;0;0,0;0,0;0;0,0;0,0;0;0,0;0,0;10;3,0;0,0;0;0,0;0,0;0;0,0;0,0;0;0,0;0,0;111,14839755699956;10,804166666666667;0,6929028729359672;4,45;2,966666666666667;19,98346814500001;4,45;7,341666666666667;3,8333333333333344;0,10159448879804081;18,543587995000006;8,85654681666667;7;744,0093770778941;0,8894821094634313;2;60,0;0,044878107585230434;3;374,8072033872453;0,27826919655025223;3;299,97443396185855;0,21493635988395693;3;322,1835433079883;0,2257656322803688;2;355,14100964748116;0,22460162021721553;0,6704887790155761;118;127;12;0,048979591836734726;15,0;38;22,289021591611718;0,03937007874015748;6,6438765664355985;11,396895534172048;1,432748538011696;0,023391812865497075;27,62869939951112;27,611473414636233;32,078195548294765;37,814199516923004;43,51359964222315;118;0,9576271186440678;12,495881605224506;15,0;6;1,0;12,399237440912515;15,0;44;1,0;10,483930886768723;15,0;24;0,8333333333333334;14,846030193147469;23,271869706949772;26;0,9615384615384616;14,394486436188172;15,0;27;0,9259259259259259;13,789890332499127;19,685879879316374;0,5110224219522858;205,87660637288857;0,11984317695279206;0,29748927642067213;0,07842087082481364;0,0437767947868459;3,1;0,0070377704586371175;0,02945988061352108;0,0;0,12138742550911906;0,0;0,041221226972017404;0,09790422150806687;0,018097124036495445;0,230519582050783;42,88249743669342;0,03518885229318559;0,1910311011705903;0,018097124036495445;0,2337294957727467;122,52065309420703;0,03177050664184756;0,17098778902544223;0,012064749357663631;0,22026837221110007;138,93978406577574;0,033379139889536044;0,18173563975010745;0,012064749357663631;20260920;"{""passenger_counts"":[20260920,28,1,1],""city_assignment"":[20260920,28,1,2],""arrival_terminal_processing"":[20260920,28,1,3],""terminal_access"":[20260920,28,1,4],""departure_terminal_earliness"":[20260920,28,1,5]}";2.3.5;3;1;052a8b5636d8463f1111057f4059c729b4cb4f75b76f2c6b46b59cff7baf4b3d;15;0,95;2026-07-30T21:18:12.646604+02:00;2026-08-01T00:55:55.964442+02:00;"{""aircraft_spec"":""1d92a29ff955ec8194720f659c80edf216b314fc10254dcf237d7a6f523202b4"",""config"":""7ead259693c46435e769cfce8a5758000255c9bd0ae648a9278403052013ecf4"",""flight_schedule"":""5871c8897f25c6a4b84d5aaf40fda1a067670fa574cb675c9adf829ad9c940f9"",""vertiport_network"":""8f37a94965fd8b2b9be9143f587c88446d15875ef5cba00cefde590914bba9b3""}";d3094d93f4535fbcbc60bb48f00a56a471fb58d21c5438d1e32bf1a9ee2190b6;c398ff11be193803520e0ccd99c35c3a87d8bb6a3e42dce0d1d33aa66c260c8e
low;n6;6;;29;completed;252;252;0;239;0,9484126984126984;12,895065663114897;15,130134986036184;56,50593786835998;18,44122470593135;0,36627368418361606;171;95;8855,367385086087;8702,132513598908;0,2279498074276207;24;-8925,660342645202;88142,72454524919;5238;-5,002220859751105e-12;0,3684210526315789;0,35714285714285715;0,3248526919197697;0,3361997892628551;35,14034676621463;79,44087512539538;59,13207878974666;0,2346511063085185;1,357367778064266;5,36705265586764;32,98740949327499;41,77432141472451;84,65993469906304;2;126;0,0;10;3249,556547104954;12;3249,5565471049786;59,13207878974666;79,44087512539524;0,0;0,0;84,97053260527724;1;0,0;0,0;0;0,0;31,754177251923224;0;0,0;3,644693126129035;11;41,31493635947748;0,0;10;25,78790283098139;0,0;6;9,338035934936366;0,0;0;0,0;0,0;0;0,0;0,0;3;0,0;16,293068099752325;1;0,0;7,440140311942074;13;0,0;0,0;0;0,0;0,0;0;0,0;0,0;0;0,0;0,0;10;3,0;0,0;0;0,0;0,0;0;0,0;0,0;0;0,0;0,0;107,42271092025194;10,95;0,7906442723502131;4,433333333333334;2,9555555555555557;19,32506406500003;4,433333333333331;7,47;4,0;0,0;18,035853425000017;8,6780995288889;10;695,3494695125756;0,972620034189426;1;140,07874207736378;0,08658560183471228;3;375,0;0,28259076226403845;3;302,91082081145856;0,21962017493547728;3;375,6738245911176;0,27079533563175034;3;248,3552834946969;0,1764069947296781;0,6640022560032243;126;126;13;0,051587301587301626;15,0;43;22,566134304109024;0,015873015873015872;23,07524210356781;38,51957938241273;1,4736842105263157;0,017543859649122806;26,963440246637333;27,80357218491915;33,180003566666755;38,17124680163083;43,24732206415521;126;0,9523809523809523;12,488181987880452;15,00000000000006;9;0,7777777777777778;15,564304675262644;17,57882365717543;36;1,0;12,699365220930162;15,0;28;0,9642857142857143;12,689390279633098;15,0;32;0,9375;13,690450971327753;16,91888002974925;21;0,9047619047619048;13,590112747092979;15,478798454865926;0,5041682849401885;180,55711470193782;0,12486042715141035;0,2805412258345619;0,06799330191413436;0,034551661480647845;3,1;0,012362418529842609;0,027134210362742276;0,0;0,1879500451786635;0,0;0,045328867942756236;0,11582900890952644;0,018543627794763914;0,14920851230669444;12,262928257337625;0,02884564323629942;0,1262607729106741;0,024724837059685218;0,20545319516115973;65,80050118929248;0,03564497342771278;0,16764265081952545;0,024724837059685218;0,22700808536985492;90,06818541228732;0,02699128045682303;0,1813426007394256;0,012362418529842609;20260920;"{""passenger_counts"":[20260920,29,1,1],""city_assignment"":[20260920,29,1,2],""arrival_terminal_processing"":[20260920,29,1,3],""terminal_access"":[20260920,29,1,4],""departure_terminal_earliness"":[20260920,29,1,5]}";2.3.5;3;1;891d89bcac27601eee4fe28ce58f1f3bf996d65ae6b5b6922fb2d01cb4cdcd4e;15;0,95;2026-07-30T21:31:14.339657+02:00;2026-08-01T00:29:02.724545+02:00;"{""aircraft_spec"":""1d92a29ff955ec8194720f659c80edf216b314fc10254dcf237d7a6f523202b4"",""config"":""7ead259693c46435e769cfce8a5758000255c9bd0ae648a9278403052013ecf4"",""flight_schedule"":""5871c8897f25c6a4b84d5aaf40fda1a067670fa574cb675c9adf829ad9c940f9"",""vertiport_network"":""8f37a94965fd8b2b9be9143f587c88446d15875ef5cba00cefde590914bba9b3""}";d3094d93f4535fbcbc60bb48f00a56a471fb58d21c5438d1e32bf1a9ee2190b6;c398ff11be193803520e0ccd99c35c3a87d8bb6a3e42dce0d1d33aa66c260c8e
low;n6;6;;30;completed;264;264;0;258;0,9772727272727273;12,389375363811164;15,0;18,714140528675003;18,028568313973953;0,0;176;98;9256,057969713858;9046,887716000501;0,2279498074276218;24;-10091,472810020517;88393,25682550242;5401;2,319211489520967e-11;0,375;0,35766423357664234;0,3309107235058366;0,34017570864188373;35,06082564285553;12,642218171089068;49,24693884297537;0,18654143501127032;1,311398352886304;5,815116568697249;32,904904719171746;41,911870361644596;45,185312579343254;0;136;1,5158245029548804e-14;8;3270,795096046147;8;3270,795096046168;49,24693884297537;12,642218171089038;0,0;0,0;92,0450851301724;1;0,0;0,0;0;0,0;26,347043090166366;0;0,0;0,0;3;0,0;0,0;6;6,093945237755755;0,0;3;6,5482729333332825;0,0;0;0,0;0,0;0;0,0;0,0;2;0,0;18,645198445190378;0;0,0;4,254697307618608;6;0,0;0,0;0;0,0;0,0;0;0,0;0,0;0;0,0;0,0;6;0,0;0,0;0;0,0;0,0;0;0,0;0,0;0;0,0;1,5158245029548804e-14;107,48106263037354;11,366666666666669;0,7526220935453177;4,55;3,0444444444444434;20,531216655000023;4,566666666666666;7,773333333333333;4,0;0,07520356917534021;18,829729723888903;9,31259804222223;8;717,3951608734936;0,9561160451840193;1;45,0;0,027415417699701173;3;428,86293233642266;0,3488884885455077;4;313,26393145123956;0,2431713512896639;3;255,56630571747186;0,20090989355343675;3;303,9779535169608;0,21617022079965642;0,6548084948487629;128;136;6;0,022727272727272707;15,0;37;21,75;0,0;;;1,5;0,05113636363636364;27,356869343200813;27,396131980543302;31,64701498049559;38,08963200258676;42,92186598410815;128;0,984375;12,260785183611143;15,0;3;1,0;15,0;15,0;49;1,0;11,68713893447298;15,0;31;0,967741935483871;12,87562622949856;15,0;24;0,9583333333333334;13,740664269244382;15,0;29;0,9310344827586207;12,235325144083596;15,249040786873756;0,4425776399900441;98,14366857486559;0,1281416931000847;0,28102836327989733;0,06701546548815843;0,050794864764051005;0,0;0,009138472566567057;0,045311781224110774;0,0;0,13085218873061133;0,0;0,04305235964693814;0,10246811952324959;0,018276945133134114;0,1815494637052024;4,961438177823963;0,03249234690334954;0,11942224910020381;0,018276945133134114;0,3080752485979583;229,88317570049827;0,03269542407149547;0,20791197536597125;0,024369260177512155;0,35578734500154313;235,3054143731393;0,03269542407149547;0,26163563612233215;0,018276945133134114;20260920;"{""passenger_counts"":[20260920,30,1,1],""city_assignment"":[20260920,30,1,2],""arrival_terminal_processing"":[20260920,30,1,3],""terminal_access"":[20260920,30,1,4],""departure_terminal_earliness"":[20260920,30,1,5]}";2.3.5;3;1;81ea91cc47cc9acf4a0fe63cb8c913282b3a38d65b4b3217d95589de54776885;15;0,95;2026-07-30T21:11:48.527190+02:00;2026-08-01T00:33:13.256826+02:00;"{""aircraft_spec"":""1d92a29ff955ec8194720f659c80edf216b314fc10254dcf237d7a6f523202b4"",""config"":""7ead259693c46435e769cfce8a5758000255c9bd0ae648a9278403052013ecf4"",""flight_schedule"":""5871c8897f25c6a4b84d5aaf40fda1a067670fa574cb675c9adf829ad9c940f9"",""vertiport_network"":""8f37a94965fd8b2b9be9143f587c88446d15875ef5cba00cefde590914bba9b3""}";d3094d93f4535fbcbc60bb48f00a56a471fb58d21c5438d1e32bf1a9ee2190b6;c398ff11be193803520e0ccd99c35c3a87d8bb6a3e42dce0d1d33aa66c260c8e
low;n6;6;;31;completed;268;268;0;253;0,9440298507462687;12,707647007110385;15,628273554772193;32,78370845735517;18,314782633030266;0,2976951277198108;177;99;9155,183824008303;9001,895875102904;0,22989400115467387;24;-12838,521393902065;89211,66352691912;5465;2,1032064978498966e-11;0,3785310734463277;0,358695652173913;0,3215082969250916;0,33462355274519406;34,16113367167277;94,69511914210854;56,21234774652834;0,2097475662183893;1,263822471270508;6,02731765493827;33,23133736972858;42,34041905760327;58,56138698647992;7;142;0,0;8;3405,649397905583;9;3405,6493979055986;56,21234774652833;94,69511914210852;0,0;0,0;89,80966704258738;1;0,0;0,0;0;0,0;25,394589801202923;0;0,0;5,1328543350636515;11;16,77835969252313;0,0;12;38,07923649283093;0,0;5;33,69767688468358;0,0;0;0,0;0,0;0;0,0;0,0;1;0,8362483935771403;19,990413885045623;1;0,2900114909032709;5,694489725216135;15;0,0;0,0;1;0,0;0,0;0;0,0;0,0;0;0,0;0,0;12;5,013586187590469;0,0;0;0,0;0,0;0;0,0;0,0;0;0,0;0,0;113,84475701115434;11,483333333333333;0,7278977452141114;4,6;3,066666666666667;19,897653445000007;4,6;7,863333333333333;4,000000000000001;0,0;18,702162496666674;8,862157615000001;8;712,5974358565134;0,8985902536495372;2;127,52280842493359;0,07795341862955019;3;472,9545531446235;0,3788366931819829;3;301,480536610897;0,21182213430028368;2;292,92543631835485;0,19864627008834906;2;348,3849063241624;0,23648923701307487;0,6693457171066433;126;142;15;0,05597014925373134;15,0;47;22,628089378967935;0,04929577464788732;6,038958305173305;13,083708457355169;1,5141242937853108;0,03954802259887006;28,347273589116995;27,57919494530221;32,97956613817187;38,24661867590972;44,568677512289526;126;0,9603174603174603;12,129801792722601;15,0;9;0,8888888888888888;14,731779233992192;19,51368505496015;55;0,9636363636363636;11,715258967882955;15,0;27;0,9629629629629629;13,343511096090722;15,0;23;0,8695652173913043;14,689774345179282;24,64201847439633;28;0,8928571428571429;14,365339505338213;20,335599152491834;0,5074153696949909;163,43635811226522;0,1207249159769662;0,27195447161812975;0,07055352232420105;0,07610804696247997;0,0;0,01136695637445461;0,058441942471198625;0,011758920387366837;0,11639131603472824;0,0;0,04389996944616953;0,09032886492467376;0,029397300968417094;0,22355338721247126;35,61251933369725;0,033316941097539375;0,16197840864219332;0,005879460193683419;0,2412785607033227;105,6852897751755;0,02959328297487321;0,1928487101135396;0,017638380581050255;0,21784129537982205;54,27835727760466;0,03155310303943435;0,17430688122388932;0,005879460193683419;20260920;"{""passenger_counts"":[20260920,31,1,1],""city_assignment"":[20260920,31,1,2],""arrival_terminal_processing"":[20260920,31,1,3],""terminal_access"":[20260920,31,1,4],""departure_terminal_earliness"":[20260920,31,1,5]}";2.3.5;3;1;900e75b995e2120080442d34930fd05d496867e00ce80b4b27857e92da62b87d;15;0,95;2026-07-30T20:26:01.478606+02:00;2026-08-01T00:46:51.663527+02:00;"{""aircraft_spec"":""1d92a29ff955ec8194720f659c80edf216b314fc10254dcf237d7a6f523202b4"",""config"":""7ead259693c46435e769cfce8a5758000255c9bd0ae648a9278403052013ecf4"",""flight_schedule"":""5871c8897f25c6a4b84d5aaf40fda1a067670fa574cb675c9adf829ad9c940f9"",""vertiport_network"":""8f37a94965fd8b2b9be9143f587c88446d15875ef5cba00cefde590914bba9b3""}";d3094d93f4535fbcbc60bb48f00a56a471fb58d21c5438d1e32bf1a9ee2190b6;c398ff11be193803520e0ccd99c35c3a87d8bb6a3e42dce0d1d33aa66c260c8e
low;n6;6;;32;completed;225;225;0;218;0,9688888888888889;12,325344510375958;15,0;26,40632495878696;17,99666150736074;0,1770251402385232;151;81;7688,12855633054;7565,647144574844;0,23175626247401646;20;-7029,238539403723;89138,61708493608;4598;-6,821210263296962e-12;0,37251655629139074;0,34913793103448276;0,31159208184948345;0,32484674636047023;34,16946025035796;36,24056893050936;64,79632432157662;0,28798366365145167;1,6383570669810672;6,06256144514094;33,0334132555597;42,6187098350005;53,87566622299952;4;121;0,0;8;2773,2025148345906;9;2773,2025148345947;64,79632432157662;36,24056893050935;0,0;0,0;82,07640064026062;3;0,0;0,0;0;0,0;29,40959118646327;0;0,0;0,0;5;5,147632720501861;0,0;6;20,248651744193314;0,0;3;8,844284465814175;0,0;0;0,0;0,0;0;0,0;0,0;1;0,0;24,83776959671286;0;0,0;10,548963538400494;7;0,0;0,0;0;0,0;0,0;0;0,0;0,0;0;0,0;0,0;6;2,0;0,0;0;0,0;0,0;0;0,0;0,0;0;0,0;0,0;112,777804401196;9,720833333333333;0,8044849432594932;3,8666666666666667;2,577777777777778;16,69052558500001;3,8666666666666667;6,641666666666667;3,3333333333333335;0,0;15,926296554444454;7,208673475;8;620,0475886046494;0,7936400999112795;1;75,0;0,046793182303849386;3;405,0;0,31143487682231913;3;290,1203334563163;0,22179089727126935;3;220,7824783433407;0,15756861040640713;3;246,1206383679064;0,19899861118018994;0,7036309814897375;104;121;7;0,03111111111111109;15,0;45;21,944626493255342;0,03305785123966942;5,355010492215327;7,309847406585686;1,490066225165563;0,039735099337748346;26,71329322898328;27,37655427524256;32,79881673772097;37,89550692459262;43,23522805834382;104;0,9807692307692307;12,23119656185169;15,0;5;1,0;15,0;15,0;41;1,0;12,174806614078388;15,0;28;0,9642857142857143;12,695925587842984;15,0;20;0,85;12,62752948040934;18,16119182166421;27;0,9629629629629629;11,813129450259654;15,0;0,4737812577202241;6,148900339363657;0,10731236475016126;0,24685080856985192;0,03743454584307951;0,08377583061134562;0,0;0,009358636460769877;0,05020847868233601;0,01247818194769317;0,1756503681403016;0,0;0,0405540913300028;0,1244640974155327;0,018717272921539754;0,27918311185275974;31,22490847977036;0,02807590938230962;0,16171635681787297;0,031195454869232923;0,2576997901407526;57,747629242339706;0,027659969984053193;0,19840843490643273;0,01247818194769317;0,17367320988111157;20,960719589655127;0,02828387908143785;0,1364325002541359;0,01247818194769317;20260920;"{""passenger_counts"":[20260920,32,1,1],""city_assignment"":[20260920,32,1,2],""arrival_terminal_processing"":[20260920,32,1,3],""terminal_access"":[20260920,32,1,4],""departure_terminal_earliness"":[20260920,32,1,5]}";2.3.5;3;1;b097c6eee53f8fdf7e738e893ceb5434b73187e691b54bfb133c2ad13e6c8f61;15;0,95;2026-07-30T22:02:50.761461+02:00;2026-08-01T00:45:38.617085+02:00;"{""aircraft_spec"":""1d92a29ff955ec8194720f659c80edf216b314fc10254dcf237d7a6f523202b4"",""config"":""7ead259693c46435e769cfce8a5758000255c9bd0ae648a9278403052013ecf4"",""flight_schedule"":""5871c8897f25c6a4b84d5aaf40fda1a067670fa574cb675c9adf829ad9c940f9"",""vertiport_network"":""8f37a94965fd8b2b9be9143f587c88446d15875ef5cba00cefde590914bba9b3""}";d3094d93f4535fbcbc60bb48f00a56a471fb58d21c5438d1e32bf1a9ee2190b6;c398ff11be193803520e0ccd99c35c3a87d8bb6a3e42dce0d1d33aa66c260c8e
low;n6;6;;33;completed;236;236;0;223;0,9449152542372882;12,635989254643793;15,953077298985347;32,5324182652992;18,12600979281751;0,18231633327501895;161;83;8095,146246722205;7985,860284314925;0,22947226135792756;21;-8589,22064050048;88823,91333633866;4823;1,6370904631912708e-11;0,36645962732919257;0,3401639344262295;0,30212741384665714;0,3155397790470696;34,30146714712799;56,95773910247784;37,64484700899787;0,1595120635974486;1,3108028268390626;4,568481276059962;32,46931074589862;41,90477599688893;57,56683297026333;3;116;0,0;7;2982,0934640959345;9;2982,0934640959463;37,64484700899787;56,95773910247784;0,0;0,0;86,77863640666206;0;0,0;0,0;0;0,0;10,750587593850954;0;0,0;0,014813838398307173;11;27,70915666372433;0,0;10;19,850968559408525;0,0;3;6,237508333333244;0,0;0;0,0;0,0;0;0,0;0,0;1;0,0;24,03845893553207;2;0,0;2,840986641216538;13;0,0;0,0;2;0,0;0,0;0;0,0;0,0;0;0,0;0,0;10;3,16010554601174;0,0;0;0,0;0,0;0;0,0;0,0;0;0,0;0,0;112,46874914056826;10,283333333333333;0,48889116849373954;4,066666666666666;2,7111111111111112;17,597344300000017;4,066666666666666;7,01;3,5;0,16246090789209727;17,01072948222223;7,3643925955555645;7;692,7787807164231;0,9101382832001287;1;58,028512841326425;0,03574169753441454;4;380,3315224773664;0,3140373121774949;3;293,32040220350194;0,22706436064560867;3;240,0;0,16539863502649985;2;271,21856606315026;0,18439059169876534;0,6927325580181543;120;116;13;0,05508474576271183;15,0;33;22,139281306562104;0,02586206896551724;7,049564886634067;12,832418265299202;1,4658385093167703;0,031055900621118012;27,059203882455318;27,07630797941604;32,16807062357777;38,04827912501853;42,811536813024;120;0,9666666666666667;12,313808683170071;15,0;3;0,3333333333333333;19,342837613775473;24,958520811052306;42;0,9285714285714286;12,13942808129872;17,31956461335173;28;0,8928571428571429;13,166101776747619;17,86001107277078;22;1,0;12,206060146532385;15,0;21;0,9523809523809523;14,255607470809897;15,0;0,5102210503278525;248,86998337316538;0,11312642915913274;0,2873591687309643;0,06775267082125917;0,05860930866154567;0,0;0,010265556185039269;0,045019982617341844;0,0;0,14437298946072444;0,0;0,04147284698755865;0,10295710045120184;0,006159333711023561;0,20978976648778874;31,433339517859714;0,03449226878173194;0,1821392211356718;0,030796668555117805;0,1673678767084344;22,701206009707253;0,0252532682151966;0,11508200048298325;0,024637334844094243;0,29442038486530997;256,7875919486339;0,025869201586298955;0,193262830517336;0,0;20260920;"{""passenger_counts"":[20260920,33,1,1],""city_assignment"":[20260920,33,1,2],""arrival_terminal_processing"":[20260920,33,1,3],""terminal_access"":[20260920,33,1,4],""departure_terminal_earliness"":[20260920,33,1,5]}";2.3.5;3;1;0c39d92ed49bb4a6afcfdbd2fd76ac64d1eea5d350523c2f7717b2c2004f6420;15;0,95;2026-07-30T21:36:50.779359+02:00;2026-08-01T00:40:23.913336+02:00;"{""aircraft_spec"":""1d92a29ff955ec8194720f659c80edf216b314fc10254dcf237d7a6f523202b4"",""config"":""7ead259693c46435e769cfce8a5758000255c9bd0ae648a9278403052013ecf4"",""flight_schedule"":""5871c8897f25c6a4b84d5aaf40fda1a067670fa574cb675c9adf829ad9c940f9"",""vertiport_network"":""8f37a94965fd8b2b9be9143f587c88446d15875ef5cba00cefde590914bba9b3""}";d3094d93f4535fbcbc60bb48f00a56a471fb58d21c5438d1e32bf1a9ee2190b6;c398ff11be193803520e0ccd99c35c3a87d8bb6a3e42dce0d1d33aa66c260c8e
low;n6;6;;34;completed;247;247;0;231;0,9352226720647774;12,304744580811938;15,801645884365488;32,62896043953891;18,106726730644155;0,13889338470662763;163;96;8603,339703605534;8315,674318620284;0,23316807545579024;22;-10174,556633789152;87509,82138585554;5101;3,2741809263825417e-11;0,37883435582822084;0,37065637065637064;0,343585937732899;0,35311976664830985;34,831334832411066;69,8464663468483;105,8395910085573;0,42850036845569756;3,219740076932248;4,8310577516855115;32,83295858260304;42,731547588762716;58,38474613129268;4;129;0,0;10;3039,2719114605484;12;3039,2719114605466;105,8395910085573;69,84646634684829;0,0;0,0;81,36599964155776;2;0,0;0,0;0;0,0;65,42810353981592;0;0,0;0,0;12;13,712077227190578;0,0;13;25,70469630580504;0,0;6;26,42969281385267;0,0;2;0,0;0,0;0;0,0;0,0;0;0,0;28,10603186423729;0;0,0;12,305455604504095;16;0,0;0,0;1;0,0;0,0;0;0,0;0,0;0;0,0;0,0;13;4,0;0,0;0;0,0;0,0;0;0,0;0,0;0;0,0;0,0;109,62220223983518;10,579166666666667;1,2694012318415384;4,316666666666666;2,8777777777777778;18,728176270000017;4,316666666666666;7,245;3,6666666666666665;0,18557251328679436;17,01597276777779;8,906647946666673;10;671,3428480941217;0,8525767143243296;1;60,0;0,036853385085545885;3;424,010992397074;0,34949995552895824;2;285,86144588426095;0,19672164460469732;3;365,80970406843466;0,26824364722782346;2;258,9908956415638;0,16289562210762415;0,6733248721783728;118;129;16;0,06477732793522262;15,0;59;23,413281054701812;0,031007751937984496;4,479311656788741;12,928960439538908;1,5153374233128833;0,03067484662576687;27,134549449901304;27,062345847926235;33,18000356666671;38,11150356471051;44,79350447608769;118;0,940677966101695;11,763195770170118;15,460052732001458;4;1,0;15,0;15,0;47;0,9574468085106383;12,106626160900628;15,0;23;0,9130434782608695;13,925095287109746;20,903900639027626;35;0,9142857142857143;12,477720874843298;16,655155827798932;20;0,9;13,26029793975529;15,906147701252857;0,49453223031044846;138,12579613455534;0,12100194769754233;0,26386140436141814;0,07370677017109177;0,0738148183569756;0,0;0,011874979638675896;0,05165415692192368;0,012284461695181962;0,20047597884687207;0,0;0,04401932107440203;0,1256529408523553;0,018426692542772943;0,17752559752613692;35,581628985262675;0,030711154237954907;0,12115532872645196;0,0;0,20049197896742624;0,0;0,03234908246397917;0,13913249364503183;0,012284461695181962;0,18595079471638637;6,391101202156885;0,02518314647512302;0,14447418474798102;0,018426692542772943;20260920;"{""passenger_counts"":[20260920,34,1,1],""city_assignment"":[20260920,34,1,2],""arrival_terminal_processing"":[20260920,34,1,3],""terminal_access"":[20260920,34,1,4],""departure_terminal_earliness"":[20260920,34,1,5]}";2.3.5;3;1;c739576a9134c2d7cf7578389d2a3c6ae483c61adec7ea76bbd2337ae5078034;15;0,95;2026-07-30T21:10:25.443366+02:00;2026-08-01T00:18:29.821386+02:00;"{""aircraft_spec"":""1d92a29ff955ec8194720f659c80edf216b314fc10254dcf237d7a6f523202b4"",""config"":""7ead259693c46435e769cfce8a5758000255c9bd0ae648a9278403052013ecf4"",""flight_schedule"":""5871c8897f25c6a4b84d5aaf40fda1a067670fa574cb675c9adf829ad9c940f9"",""vertiport_network"":""8f37a94965fd8b2b9be9143f587c88446d15875ef5cba00cefde590914bba9b3""}";d3094d93f4535fbcbc60bb48f00a56a471fb58d21c5438d1e32bf1a9ee2190b6;c398ff11be193803520e0ccd99c35c3a87d8bb6a3e42dce0d1d33aa66c260c8e
low;n6;6;;35;completed;240;240;0;229;0,9541666666666667;12,330599330301853;15,000000000000004;26,703972964746693;17,734321355416203;0,0530076656148795;164;82;8148,36243761665;8038,0921467729695;0,23316807545579005;22;-10981,213012118382;89074,09435315477;4926;1,7848833522293717e-11;0,36585365853658536;0,3333333333333333;0,3023680921122693;0,31330460066267396;33,95151015673604;38,57125941895095;31,893286027443356;0,13288869178101398;1,0540447343134713;4,02967113152002;33,05266658308664;42,95221484395087;49,365346260930046;2;139;0,0;7;2959,3438392724447;10;2959,3438392724406;31,893286027443356;38,571259418950895;0,0;0,0;95,57927742672452;0;0,0;0,0;0;0,0;14,567263050202989;0;0,0;0,0;9;12,125936978781949;0,0;10;24,44532244016894;0,0;1;0,0;0,0;0;0,0;0,0;0;0,0;0,0;1;0,0;13,212633434184621;0;0,0;4,113389543055746;11;0,0;0,0;1;0,0;0,0;0;0,0;0,0;0;0,0;0,0;10;2,0;0,0;0;0,0;0,0;0;0,0;0,0;0;0,0;0,0;116,44304642236344;10,466666666666667;0,4353188564258845;4,1;2,7333333333333343;17,68048033;4,1;7,133333333333334;3,6666666666666665;0,0;17,10161859555556;7,412195067777779;7;631,2495171015548;0,7582948815048486;1;101,7039729647467;0,060988652562000374;3;418,00629091415607;0,29300437251290734;3;311,3018658248038;0,2150101849766833;3;300,0;0,21818327378714042;3;293,2513417284116;0,22914343999656941;0,6982720826428328;101;139;11;0,04583333333333328;15,0;33;21,750336367906314;0,014388489208633094;3,6840327602341256;4,653972964746694;1,4634146341463414;0,018292682926829267;27,7931409347981;27,062559853330878;33,18000356666671;37,40519017808903;43,99790149908883;101;0,9603960396039604;12,520037531762544;15,0;6;0,8333333333333334;16,950662160791115;23,77797972356002;44;0,9772727272727273;11,104788845131795;15,0;27;0,8518518518518519;13,279574163275484;17,39054189689016;30;1,0;12,127996955963267;15,0;32;0,96875;11,941154853954572;15,0;0,5001670034752848;186,9600659029611;0,11113853220603362;0,3067420585240988;0,07196020070894261;0,11658960581697898;22,275535932255057;0,011993366784823769;0,0964905231515028;0,005996683392411884;0,1670097534791767;0,0;0,04197678374688319;0,12357165177027181;0,023986733569647537;0,1618917992789795;26,210051986357893;0,028384301390749586;0,13932927801502978;0,005996683392411884;0,17602682961509003;62,83187467178153;0,02618551748019856;0,12548967839244518;0,011993366784823769;0,2699665100659722;181,12811788069152;0,02618551748019856;0,1907970381388822;0,011993366784823769;20260920;"{""passenger_counts"":[20260920,35,1,1],""city_assignment"":[20260920,35,1,2],""arrival_terminal_processing"":[20260920,35,1,3],""terminal_access"":[20260920,35,1,4],""departure_terminal_earliness"":[20260920,35,1,5]}";2.3.5;3;1;a3af5ca1ea177f50f0e443c944de711b6c9ece57f880bebae963da93ebd7f351;15;0,95;2026-07-30T20:56:58.786988+02:00;2026-08-01T00:44:34.094353+02:00;"{""aircraft_spec"":""1d92a29ff955ec8194720f659c80edf216b314fc10254dcf237d7a6f523202b4"",""config"":""7ead259693c46435e769cfce8a5758000255c9bd0ae648a9278403052013ecf4"",""flight_schedule"":""5871c8897f25c6a4b84d5aaf40fda1a067670fa574cb675c9adf829ad9c940f9"",""vertiport_network"":""8f37a94965fd8b2b9be9143f587c88446d15875ef5cba00cefde590914bba9b3""}";d3094d93f4535fbcbc60bb48f00a56a471fb58d21c5438d1e32bf1a9ee2190b6;c398ff11be193803520e0ccd99c35c3a87d8bb6a3e42dce0d1d33aa66c260c8e
low;n6;6;;36;completed;254;254;0;241;0,9488188976377953;12,933529014554685;15,16968786378922;40,830865760559995;18,576898507342584;0,31594233880042827;170;105;9178,248542736086;8921,420950880314;0,23316807545579005;24;-9551,917805865494;88800,95804468644;5357;3,3651303965598345e-11;0,3735294117647059;0,38181818181818183;0,35622301226083974;0,36519462153114896;36,13483678242554;92,2197934683371;66,41585116812605;0,2614797290083703;1,3818835962841938;5,10019221591477;33,26928762598647;42,28518725945223;66,68212514311635;3;130;0,0;10;3285,1163696968897;14;3285,1163696969006;66,41585116812605;92,2197934683371;0,0;0,0;88,86956050335009;0;0,0;0,0;0;0,0;25,670231329976772;0;0,0;0,0;10;27,70798855848164;0,0;11;42,825065142546855;0,0;4;15,900335515120847;0,0;0;0,0;0,0;0;0,0;0,0;2;0,6797441263691629;31,99622771095807;0;0,0;8,749392127191216;13;0,0;0,0;2;0,0;0,0;0;0,0;0,0;0;0,0;0,0;11;5,106660125818598;0,0;0;0,0;0,0;0;0,0;0,0;0;0,0;0,0;108,3946231459055;10,958333333333334;0,7599335005786942;4,583333333333333;3,0555555555555554;20,08712177500001;4,583333333333333;7,49;4,009225773879872;0,0;17,84936762722223;9,87664303666667;10;697,0096676003069;0,9455993525111375;1;90,0;0,05490434268750156;4;372,7563420632167;0,3015991316164563;3;274,86770552862305;0,19735343856433232;3;339,0216427149415;0,2653033109984094;2;354,137129431255;0,23931992284615303;0,6612595038539315;124;130;13;0,051181102362204745;15,0;51;22,917890415341624;0,023076923076923078;13,690834681351891;21,130865760559995;1,4941176470588236;0,023529411764705882;27,32024329181998;27,93832023193623;33,3025165316666;38,35421037108054;43,725525789057;124;0,9596774193548387;12,500324693802446;15,0;6;1,0;15,0;15,0;41;0,975609756097561;12,05818778394618;15,0;25;0,92;12,940185494531537;16,226898085793845;30;0,8666666666666667;14,496302005203848;21,69130051469573;28;0,9642857142857143;14,010596821578188;15,0;0,47581970177619454;155,23432591322356;0,125263241094448;0,28422556704649266;0,05490434268750156;0,10659421185447368;0,0;0,014234459215278182;0,09450097891395044;0,01830144756250052;0,12451052457755192;0,0;0,04473687181944572;0,10055303595803401;0,024401930083334026;0,17149540329023896;15,110977403016598;0,02948566551736195;0,13561269132991413;0,01863913759627244;0,24516672730540798;25,0236132405286;0,033145955029862055;0,15946634812673793;0,0061004825208335065;0,29283737278369903;156,6645025426323;0,03273925619513982;0,18307881002838067;0,024401930083334026;20260920;"{""passenger_counts"":[20260920,36,1,1],""city_assignment"":[20260920,36,1,2],""arrival_terminal_processing"":[20260920,36,1,3],""terminal_access"":[20260920,36,1,4],""departure_terminal_earliness"":[20260920,36,1,5]}";2.3.5;3;1;ad345ab5b8053555e82911aca56ff6390e20434a84b354b54e78052b8acf73a0;15;0,95;2026-07-30T21:20:48.082194+02:00;2026-08-01T00:40:00.958045+02:00;"{""aircraft_spec"":""1d92a29ff955ec8194720f659c80edf216b314fc10254dcf237d7a6f523202b4"",""config"":""7ead259693c46435e769cfce8a5758000255c9bd0ae648a9278403052013ecf4"",""flight_schedule"":""5871c8897f25c6a4b84d5aaf40fda1a067670fa574cb675c9adf829ad9c940f9"",""vertiport_network"":""8f37a94965fd8b2b9be9143f587c88446d15875ef5cba00cefde590914bba9b3""}";d3094d93f4535fbcbc60bb48f00a56a471fb58d21c5438d1e32bf1a9ee2190b6;c398ff11be193803520e0ccd99c35c3a87d8bb6a3e42dce0d1d33aa66c260c8e
low;n6;6;;37;completed;233;233;0;215;0,9227467811158798;13,564162453242211;16,355808546666665;31,306748173981518;19,030119912760107;0,5226612592743667;167;104;9147,880488497194;8970,682395789352;0,227949807427618;24;-6077,88131778121;89010,74195564029;5243;2,8990143619012088e-11;0,34880239520958084;0,3837638376383764;0,34938191743254926;0,3612975855108773;39,26128965020255;102,88796927428021;78,31808806767033;0,33612913333764094;2,4512105965016198;5,378018838576221;33,40740161144389;42,51843528677571;62,08434881483821;7;114;0,0;7;3160,4498516054355;9;3160,449851605436;78,31808806767033;102,88796927428011;0,09337543333337332;0,0;81,27755573821415;0;0,0;0,0;0;0,0;63,5838218839505;0;0,0;3,7946294493826525;14;38,43894656838081;0,0;16;42,40252227433266;0,0;8;16,558872663310346;0,0;0;0,0;0,0;1;0,09337543333337332;0,0;0;0,0;8,717056813447197;1;0,0;2,2225799208899844;18;0,0;0,0;1;1,4876277682563037;0,0;0;0,0;0,0;0;0,0;0,0;15;4,0;0,0;0;0,0;0,0;0;0,0;0,0;0;0,0;0,0;103,47335776380413;10,420833333333333;1,113305010420551;4,516666666666667;3,011111111111111;20,274637285000022;4,516666666666667;7,055;4,0;0,09946095203338902;18,0887539788889;9,713661083888898;7;690,245569499914;0,9731530958414192;1;46,317060666666656;0,029225616528373615;3;362,49586475065604;0,27871458855103126;3;257,26092515127095;0,20018471394171103;3;376,8476707422378;0,2764341214608723;2;322,8573570322209;0,2365010993763602;0,6529068622622046;119;114;18;0,07725321888412018;15,0;40;24,240803184651277;0,06140350877192982;8,511911936753972;15,521268474911267;1,3952095808383234;0,0;26,413506464839305;27,941200781348016;33,26796983360561;39,113348091982566;48,46078645569761;119;0,9495798319327731;12,960194414261704;15,061560091710819;3;0,6666666666666666;15,439020222222219;16,18535459999999;36;0,9722222222222222;12,269715977562818;15,0;24;0,875;13,218950589653478;15,936047830825558;26;0,8461538461538461;16,84983335609752;30,478986183727738;25;0,88;14,992375961565825;21,94620270277278;0,5037772477864568;25,724593151033666;0,12746004288178286;0,27198299940729254;0,06309903112959547;0,06123908782129754;0,0;0,0063099031129595475;0,035823539483291346;0,0063099031129595475;0,15373185525383126;0,0;0,047324273347196605;0,09710152445072064;0,03785941867775729;0,14772091161179857;7,900656898427284;0,030497865045971146;0,11773685500008034;0,0063099031129595475;0,21165598267220553;54,211462156202955;0,04059371002670642;0,17359287375560423;0,018929709338878643;0,2342969279704198;94,53422894682856;0,03281149618738965;0,20125519053661073;0,018929709338878643;20260920;"{""passenger_counts"":[20260920,37,1,1],""city_assignment"":[20260920,37,1,2],""arrival_terminal_processing"":[20260920,37,1,3],""terminal_access"":[20260920,37,1,4],""departure_terminal_earliness"":[20260920,37,1,5]}";2.3.5;3;1;370aa9abaf6fd01c7e0a5b2895a7b8d3d10bdc88f19cc925ae3da99eb0e15f24;15;0,95;2026-07-30T22:18:42.118682+02:00;2026-08-01T00:43:30.741956+02:00;"{""aircraft_spec"":""1d92a29ff955ec8194720f659c80edf216b314fc10254dcf237d7a6f523202b4"",""config"":""7ead259693c46435e769cfce8a5758000255c9bd0ae648a9278403052013ecf4"",""flight_schedule"":""5871c8897f25c6a4b84d5aaf40fda1a067670fa574cb675c9adf829ad9c940f9"",""vertiport_network"":""8f37a94965fd8b2b9be9143f587c88446d15875ef5cba00cefde590914bba9b3""}";d3094d93f4535fbcbc60bb48f00a56a471fb58d21c5438d1e32bf1a9ee2190b6;c398ff11be193803520e0ccd99c35c3a87d8bb6a3e42dce0d1d33aa66c260c8e
low;n6;6;;38;completed;215;215;0;201;0,9348837209302325;13,127415075597842;16,09241182513482;20,636236602316362;18,733597975524376;0,04829476509573968;147;91;7937,490908938872;7702,778958065928;0,23316807545578855;20;-8606,24742124692;88914,14056138256;4616;1,1027623258996755e-11;0,3656462585034014;0,38235294117647056;0,35205220925461733;0,3626810596822551;36,91856236715754;35,60505296165605;74,07932348420461;0,3445549929497889;2,1465986044207237;5,709111749538958;33,172320385305824;42,28671816473947;48,406240009883184;3;104;0,0;8;2822,3942412535353;10;2822,3942412535293;74,07932348420461;35,60505296165599;0,0;0,0;83,06818864291373;2;0,0;0,0;0;0,0;45,67521333331497;0;0,0;2,138266558754549;7;1,340270990914117;0,0;13;27,987741735092218;0,0;4;5,957864299999953;0,0;0;0,0;0,0;0;0,0;0,0;0;0,0;18,76717044959999;1;0,0;7,498673142535093;14;0,0;0,0;0;0,0;0,0;0;0,0;0,0;0;0,0;0,0;13;0,31917593564970353;0,0;0;0,0;0,0;0;0,0;0,0;0;0,0;0,0;114,40215490311495;9,379166666666666;0,9426735534891159;3,966666666666667;2,6444444444444444;17,357207070000015;3,966666666666667;6,391666666666666;3,3333333333333335;0,15;15,530218813333343;8,438099367777781;8;602,6152524799381;0,8949818421251634;1;115,65125618875736;0,07115512473721333;3;285,0;0,2037418410310014;3;225,0;0,17283342977957936;3;229,27372484830934;0,20256175794145598;3;240,0;0,19122088487535588;0,7038660772565372;111;104;14;0,06511627906976747;15,0;45;23,2282517596466;0,028846153846153848;1,6742185233189755;1,923724848309333;1,4625850340136055;0,006802721088435374;27,088996661841524;28,29027620604124;33,51421453801219;38,3829636920209;43,12065040937235;111;0,918918918918919;13,104951423641799;16,163228729643198;7;0,7142857142857143;16,52160802696534;20,449871497553755;26;1,0;12,736527811306715;15,0;22;1,0;12,768775097328128;15,0;26;0,8846153846153846;12,662757195445044;19,004190830360994;23;1,0;13,512996292337995;15,0;0,4129030335302099;67,09450479178686;0,11095115825346469;0,24776717356701344;0,073830715288812;0,09327844086083108;0,0;0,012305119214801999;0,0656340306572974;0,0061525596074009994;0,2333662282612077;0,0;0,0346594191216923;0,11934761109001582;0,024610238429603998;0,162437339655153;31,956704699771823;0,028301774194044598;0,12777991923279133;0,0;0,29716788750323786;159,80169110001768;0,030967883357251695;0,18956650133131464;0,012305119214801999;0,2992752559724153;265,16526104369467;0,026866176952317695;0,16826875221060167;0,0061525596074009994;20260920;"{""passenger_counts"":[20260920,38,1,1],""city_assignment"":[20260920,38,1,2],""arrival_terminal_processing"":[20260920,38,1,3],""terminal_access"":[20260920,38,1,4],""departure_terminal_earliness"":[20260920,38,1,5]}";2.3.5;3;1;29334aca62d0e299346ec455751953b53d469ce846074013d4af40cc24968d08;15;0,95;2026-07-30T21:36:33.752579+02:00;2026-08-01T00:41:54.140561+02:00;"{""aircraft_spec"":""1d92a29ff955ec8194720f659c80edf216b314fc10254dcf237d7a6f523202b4"",""config"":""7ead259693c46435e769cfce8a5758000255c9bd0ae648a9278403052013ecf4"",""flight_schedule"":""5871c8897f25c6a4b84d5aaf40fda1a067670fa574cb675c9adf829ad9c940f9"",""vertiport_network"":""8f37a94965fd8b2b9be9143f587c88446d15875ef5cba00cefde590914bba9b3""}";d3094d93f4535fbcbc60bb48f00a56a471fb58d21c5438d1e32bf1a9ee2190b6;c398ff11be193803520e0ccd99c35c3a87d8bb6a3e42dce0d1d33aa66c260c8e
low;n6;6;;39;completed;223;223;0;218;0,9775784753363229;12,485005549014538;15,0;32,233931323344706;17,884798925913774;0,24295343102508637;154;92;8275,98945729165;8042,619574456088;0,23316807545578855;21;-9640,380390165848;88244,63114623292;4792;-9,663381206337363e-12;0,362012987012987;0,37398373983739835;0,34423002969304467;0,354576584593035;37,11206034659932;43,28928890850016;31,40392304852897;0,1408247670337622;0,9176100194045128;4,438655348142977;32,77851478340964;41,663027622515216;61,67466716129881;2;119;2,69480548794636;7;2784,156237430242;9;2784,156237430233;31,40392304852897;43,28928890850014;0,0;0,0;82,77365282619682;1;0,0;0,0;0;0,0;19,477089082314098;0;0,0;0,0;5;28,13256440991378;0,0;4;10,449835500655535;0,0;0;0,0;0,0;0;0,0;0,0;0;0,0;0,0;0;0,0;7,798077679853789;1;0,0;4,1287562863610825;5;0,0;0,0;2;0,0;0,0;0;0,0;0,0;0;0,0;0,0;4;2,012083509984465;0,0;0;0,0;0,0;0;0,0;0,0;1;2,69480548794636;0,0;113,45408386987769;9,779166666666667;0,39600764912063924;4,1;2,7333333333333334;18,274094375000015;4,1;6,655000000000002;3,5;0,15;16,464697122777793;8,642730585555556;7;654,5437201881255;0,767053125875443;2;90,0;0,06226174559478992;4;307,4511188526266;0,22918625996841452;3;287,23393132334473;0,21436918513406214;2;315,0;0,2179812356390866;3;302,3187205716659;0,21573632701317405;0,6954328272885142;104;119;5;0,022421524663677084;15,0;21;21,75;0,01680672268907563;14,45572914599264;15,662352153671964;1,448051948051948;0,032467532467532464;27,190280982332993;27,007756895624677;31,197766917666723;37,82186621475112;42,401990361933734;104;0,9807692307692307;12,032532704382769;15,0;7;1,0;14,510694490053183;15,0;33;1,0;11,330252374238558;15,0;26;0,9230769230769231;13,450980871728254;26,115513980989547;26;1,0;13,67762549054516;15,0;27;0,9629629629629629;13,035402999077064;15,0;0,5296190877016508;184,90720404500252;0,11360268365361537;0,2766290828595025;0,04290748843032235;0,040834582569829074;0,0;0,007151248071720392;0,036543833726796836;0,0;0,09714706201392881;0,0;0,03820809684033467;0,06838351751391929;0,012259282408663528;0,19073487676577836;16,38588234609027;0,03023956327470337;0,1655817578761328;0,024518564817327056;0,29524191712375064;193,7310265450548;0,0328957411299138;0,22088629233576784;0,03064820602165882;0,22833866616048823;90,3380855329006;0,029217956407314744;0,13245221144447822;0,01838892361299529;20260920;"{""passenger_counts"":[20260920,39,1,1],""city_assignment"":[20260920,39,1,2],""arrival_terminal_processing"":[20260920,39,1,3],""terminal_access"":[20260920,39,1,4],""departure_terminal_earliness"":[20260920,39,1,5]}";2.3.5;3;1;150b9ea15f004f2e1518c6888166803b2cc2fd77ae4b0266e6a1be64c0fbe425;15;0,95;2026-07-30T21:19:19.619610+02:00;2026-08-01T00:30:44.631146+02:00;"{""aircraft_spec"":""1d92a29ff955ec8194720f659c80edf216b314fc10254dcf237d7a6f523202b4"",""config"":""7ead259693c46435e769cfce8a5758000255c9bd0ae648a9278403052013ecf4"",""flight_schedule"":""5871c8897f25c6a4b84d5aaf40fda1a067670fa574cb675c9adf829ad9c940f9"",""vertiport_network"":""8f37a94965fd8b2b9be9143f587c88446d15875ef5cba00cefde590914bba9b3""}";d3094d93f4535fbcbc60bb48f00a56a471fb58d21c5438d1e32bf1a9ee2190b6;c398ff11be193803520e0ccd99c35c3a87d8bb6a3e42dce0d1d33aa66c260c8e
low;n6;6;;40;completed;260;260;0;242;0,9307692307692308;12,251008321764044;15,80404056524233;26,82623318249765;17,943715216974176;0,24974177303551195;167;100;8930,584558558308;8639,74220976557;0,22583490844874782;23;-9760,195213669766;89016,589393538;5233;3,717559593496844e-11;0,38922155688622756;0,37453183520599254;0,3480487134022817;0,3573114648961284;34,34840214830118;52,36390436231021;75,10379275463464;0,2888607413639794;1,6117835911694176;5,3772360423890255;32,08696855816271;41,927427824130625;58,55031876921021;6;118;0,0;8;3185,2621636586514;11;3185,2621636586655;75,10379275463464;52,36390436231016;0,0;0,0;89,89634573580801;6;3,128740900493843;0,0;0;0,0;38,67043737674821;0;0,0;4,448218217400426;13;8,943013379340604;0,0;16;33,259016215809034;0,0;2;3,0331338666666854;0,0;0;0,0;0,0;0;0,0;0,0;0;0,0;31,985137160485934;0;0,0;6,063298011819522e-14;18;0,0;0,0;0;0,0;0,0;0;0,0;0,0;0;0,0;0,0;16;4,0;0,0;0;0,0;0,0;0;0,0;0,0;0;0,0;0,0;110,0092123091185;10,983333333333333;0,7927078878939445;4,45;2,966666666666667;19,592720815;4,45;7,55;3,8333333333333353;0,0;17,608804918888897;9,400582562777773;8;757,3523212994153;1,0272238405342118;2;75,0;0,047000559979615796;3;428,99735876486665;0,31618443386165307;4;217,3348275727385;0,18425310872479214;3;288,35063017741754;0,22671015714198034;2;180,0;0,13345226744194602;0,668229155746933;142;118;18;0,0692307692307692;15,0;50;22,902214003922232;0,05084745762711865;4,9115882030317355;13,225646243546969;1,5568862275449102;0,017964071856287425;27,43799572422438;27,155936018971197;33,30859823666658;38,020922969732155;46,32378851757287;142;0,9436619718309859;11,909139441295375;15,095790051388528;6;1,0;12,896011637568497;15,0;42;0,9285714285714286;12,393524491946204;15,929105037417044;26;0,8461538461538461;11,666621560075145;17,16966125135465;28;0,8928571428571429;13,329583547785486;19,018316169252945;16;1,0;13,731235287975611;15,0;0,47160948023775995;182,60362731954265;0,12168851261759839;0,27398589080852404;0,036445810767333955;0,08790873550313706;0,0;0,010123836324259432;0,04530451550544733;0,01214860358911132;0,1572065851879138;0,0;0,04656964709159339;0,12864809521847237;0,036445810767333955;0,16777452798484355;53,717819172085605;0,027941788254956034;0,12881703058761318;0,00607430179455566;0,23047946741086636;18,85663708782049;0,03401609004951169;0,18291087616145918;0,018222905383667054;0,2924061454628343;139,35264106255843;0,02996655551980792;0,20188631756400238;0,030371508972778297;20260920;"{""passenger_counts"":[20260920,40,1,1],""city_assignment"":[20260920,40,1,2],""arrival_terminal_processing"":[20260920,40,1,3],""terminal_access"":[20260920,40,1,4],""departure_terminal_earliness"":[20260920,40,1,5]}";2.3.5;3;1;63eb9295d321c1d6a2881b247681a3829e64329a12c6ffa366eb55842b6133e3;15;0,95;2026-07-30T21:17:19.804786+02:00;2026-08-01T00:43:36.589394+02:00;"{""aircraft_spec"":""1d92a29ff955ec8194720f659c80edf216b314fc10254dcf237d7a6f523202b4"",""config"":""7ead259693c46435e769cfce8a5758000255c9bd0ae648a9278403052013ecf4"",""flight_schedule"":""5871c8897f25c6a4b84d5aaf40fda1a067670fa574cb675c9adf829ad9c940f9"",""vertiport_network"":""8f37a94965fd8b2b9be9143f587c88446d15875ef5cba00cefde590914bba9b3""}";d3094d93f4535fbcbc60bb48f00a56a471fb58d21c5438d1e32bf1a9ee2190b6;c398ff11be193803520e0ccd99c35c3a87d8bb6a3e42dce0d1d33aa66c260c8e
low;n6;6;;41;completed;249;249;0;240;0,963855421686747;12,497972430675526;15,0;32,70616026251913;17,982223824908463;0,0954242161655375;171;93;8810,817302391644;8581,402310094312;0,2279498074276212;23;-7906,8552573663555;88792,30647254069;5174;-5,115907697472721e-12;0,36403508771929827;0,3522727272727273;0,3136182360369138;0,3271678571957439;35,384808443339935;42,90341949222155;52,32859716400118;0,2101550086907678;1,3853390825554015;5,753332204118881;32,30397383897827;41,196442511888065;57,19689740395806;1;119;0,0;7;3111,9951352382054;8;3111,9951352381895;52,32859716400115;42,90341949222154;0,0;0,0;83,21959272902632;0;0,0;0,0;0;0,0;22,040876766770573;0;0,0;0,699321461179837;6;18,35847237134082;0,0;6;11,475060929684998;0,0;4;12,069886191195716;0,0;1;0,0;0,0;0;0,0;0,0;0;0,0;19,29000204657274;0;0,0;10,298396889478;9;0,0;0,0;1;0,0;0,0;0;0,0;0,0;0;0,0;0,0;6;1,0;0,0;0;0,0;0,0;0;0,0;0,0;0;0,0;0,0;107,22233162433366;10,887500000000003;0,7137353025878613;4,4;2,933333333333333;19,282235515000043;4,4;7,415;3,8333333333333335;0,07780044125647287;18,268441095000025;8,34712775333335;7;744,387326036082;1,003037072183663;1;45,0;0,02792164845794052;4;390,0504569966982;0,32660298400137233;2;240,0;0,1742034716469469;3;313,3180390820413;0,2118846899241111;2;293,6575946279778;0,1872842264291269;0,6652942778789696;130;119;9;0,03614457831325302;15,0;40;21,794944253098475;0,008403361344537815;11,355481723698965;11,355481723698965;1,456140350877193;0,023391812865497075;26,860878258307515;27,39154241543674;32,96286186346629;37,67049556217491;42,292823695465735;130;0,9692307692307692;12,434980008228269;15,0;3;1,0;15,0;15,0;47;0,9787234042553191;11,199374032418067;15,0;22;1,0;12,76161339295409;15,0;28;0,9642857142857143;12,19587613039454;15,0;19;0,8421052631578947;15,886164649939188;21,161882414191425;0,48873396980599926;140,34614834873733;0,12120063701002329;0,2693064533078464;0,062048107684312265;0,14608505129263616;55,31252697664628;0,00930721615264684;0,06589875708212284;0,0062048107684312265;0,13768294268247805;0,0;0,043847329430247335;0,08793681260406533;0,012409621536862453;0,20364921736632016;15,298499886416296;0,02895578358601239;0,16053938717089125;0,01861443230529368;0,17759721193581393;29,664629612000756;0,03950396189234547;0,15401893101577527;0,012409621536862453;0,23566702002809042;69,73263656401468;0,030196745739698636;0,18483541492811012;0,031024053842156132;20260920;"{""passenger_counts"":[20260920,41,1,1],""city_assignment"":[20260920,41,1,2],""arrival_terminal_processing"":[20260920,41,1,3],""terminal_access"":[20260920,41,1,4],""departure_terminal_earliness"":[20260920,41,1,5]}";2.3.5;3;1;a3655da2797db3efa43496f61b38d59b5b1b739ffd78a3009df1ae8726f24dd0;15;0,95;2026-07-30T21:48:13.144743+02:00;2026-08-01T00:39:52.306473+02:00;"{""aircraft_spec"":""1d92a29ff955ec8194720f659c80edf216b314fc10254dcf237d7a6f523202b4"",""config"":""7ead259693c46435e769cfce8a5758000255c9bd0ae648a9278403052013ecf4"",""flight_schedule"":""5871c8897f25c6a4b84d5aaf40fda1a067670fa574cb675c9adf829ad9c940f9"",""vertiport_network"":""8f37a94965fd8b2b9be9143f587c88446d15875ef5cba00cefde590914bba9b3""}";d3094d93f4535fbcbc60bb48f00a56a471fb58d21c5438d1e32bf1a9ee2190b6;c398ff11be193803520e0ccd99c35c3a87d8bb6a3e42dce0d1d33aa66c260c8e
low;n6;6;;42;completed;255;255;0;244;0,9568627450980393;12,512436066745305;15,000000000000004;21,796455307873234;17,88869695414759;0,025968283747611686;174;95;8976,72544990275;8846,016251745337;0,2378622575156492;23;-8539,682586194;89734,31607038926;5295;4,172306944383308e-11;0,36637931034482757;0,35315985130111527;0,31039118259178383;0,3253845619498974;35,20284490157941;27,954379384209386;27,19652628758329;0,1066530442650325;0,7846334061481078;6,142716132413625;32,761167087631165;41,69650460938474;49,11302717947401;1;134;0,0;8;3190,671197020053;10;3190,6711970200627;27,19652628758328;27,95437938420934;0,0;0,0;89,88479629987599;1;0,0;0,0;0;0,0;8,059785395211597;0;0,0;0,34255271421134237;8;10,756488740721398;0,0;7;10,845124131331492;0,0;3;6,35276651215645;0,0;0;0,0;0,0;0;0,0;0,0;0;0,0;15,058983769338981;1;0,0;3,735204408821361;11;0,0;0,0;0;0,0;0,0;0;0,0;0,0;0;0,0;0,0;7;0,0;0,0;0;0,0;0,0;0;0,0;0,0;0;0,0;0,0;108,87784964187608;11,1125;0,3470538981235143;4,483333333333333;2,988888888888889;19,642948475000015;4,483333333333333;7,575;3,8333333333333335;0,4457568570834216;18,69886079833335;8,416309898888889;8;771,2928147128875;0,924579692568551;2;75,0;0,04614456804092833;3;345,0;0,28201130037961575;3;272,96337186666665;0,1948309541922219;3;360,2983515815818;0,2474977186587189;2;349,3870338897663;0,25296143356144846;0,664740528299949;121;134;11;0,04313725490196074;15,0;26;21,75;0,007462686567164179;3,479750022179966;3,479750022179966;1,4655172413793103;0,017241379310344827;27,298332960162018;27,423455232252618;33,121121446593314;37,58104122569687;42,31022014876368;121;0,9421487603305785;12,515446758317623;15,487249308449949;6;1,0;12,596697826841126;15,0;37;1,0;12,483954123715161;15,0;25;0,96;12,764544620364834;15,0;34;0,9411764705882353;11,922838466163904;15,126721526443355;32;0,96875;12,947672698950605;15,0;0,5279593490473636;149,00143056912427;0,1202759647676979;0,29557583468692;0,09158068383327252;0,046663785791973826;15,306754364321629;0,012210757844436336;0,039337331085312024;0,006105378922218168;0,10199199532706638;0,0;0,03703929879479022;0,07311102245975953;0,012210757844436336;0,17814288092782057;6,967417513711917;0,031544457764793865;0,15385721709416164;0,018316136766654504;0,2387550181694397;83,07197447736401;0,03480065985664355;0,21486018909957225;0,0;0,2519311023730375;73,99169990440338;0,03785334931775264;0,20533793601208314;0,012210757844436336;20260920;"{""passenger_counts"":[20260920,42,1,1],""city_assignment"":[20260920,42,1,2],""arrival_terminal_processing"":[20260920,42,1,3],""terminal_access"":[20260920,42,1,4],""departure_terminal_earliness"":[20260920,42,1,5]}";2.3.5;3;1;faf416d93ab5a6ab379d982adf24e229f62b7b997f718c1cc68d2c1b012af75d;15;0,95;2026-07-30T21:37:40.317414+02:00;2026-08-01T00:55:34.316070+02:00;"{""aircraft_spec"":""1d92a29ff955ec8194720f659c80edf216b314fc10254dcf237d7a6f523202b4"",""config"":""7ead259693c46435e769cfce8a5758000255c9bd0ae648a9278403052013ecf4"",""flight_schedule"":""5871c8897f25c6a4b84d5aaf40fda1a067670fa574cb675c9adf829ad9c940f9"",""vertiport_network"":""8f37a94965fd8b2b9be9143f587c88446d15875ef5cba00cefde590914bba9b3""}";d3094d93f4535fbcbc60bb48f00a56a471fb58d21c5438d1e32bf1a9ee2190b6;c398ff11be193803520e0ccd99c35c3a87d8bb6a3e42dce0d1d33aa66c260c8e
low;n6;6;;43;completed;257;257;0;239;0,9299610894941635;12,579539365153611;17,623750024720938;39,9763064688011;18,386760040118922;0,3791870932143307;162;88;8377,489590730536;8126,20610544942;0,2279498074276206;22;-6277,267042612796;87947,98631579884;4955;2,6943780540023e-11;0,3966049382716049;0,352;0,31604694959682017;0,3285986139065433;32,59723576159742;91,52267029458075;77,7057134660838;0,3023568617357346;1,6350456595774934;4,892716132413565;32,5604851410526;41,91223413151027;65,29081322089635;5;114;0,0;9;3232,9416168444773;10;3232,9416168444936;77,7057134660838;91,5226702945807;0,0;0,0;80,06854052610572;5;4,890987588742791;0,0;0;0,0;51,36018435279433;0;0,0;1,1963857924148518;13;14,26130495764628;0,0;15;39,703668282065486;0,0;9;28,66670946612612;0,0;0;0,0;0,0;0;0,0;0,0;2;0,0;20,539391528732843;3;0,0;4,609751792141773;18;0,0;0,0;1;0,0;0,0;0;0,0;0,0;0;0,0;0,0;15;4,00000000000003;0,0;0;0,0;0,0;0;0,0;0,0;0;0,0;0,0;104,90607281454216;10,754166666666666;0,7749792600328475;4,166666666666667;2,7777777777777772;18,417425745000013;4,166666666666667;7,411666666666667;3,6666666666666665;0,0;17,346328480000007;8,01554170944445;9;723,254504923222;1,1347335749429828;1;60,0;0,03820631806959872;3;372,5084264767429;0,2933601952074838;2;387,00583759541547;0,27076642780837906;4;227,7648786862696;0,1752879880196743;2;192,54099320026452;0,14629209117859548;0,6680124642308135;143;114;18;0,07003891050583655;15,0;52;23,09754109279558;0,043859649122807015;8,64546572528674;20,2763064688011;1,5864197530864197;0,030864197530864196;26,17368148844768;28,160079744701946;33,46495703825508;38,080291910159126;45,51668039484411;143;0,9300699300699301;12,461603565652537;16,609545851286445;4;1,0;15,0;15,0;42;1,0;10,969023301070738;15,0;29;0,8620689655172413;14,662663943216433;22,88637258805145;22;0,9545454545454546;12,512541728666696;15,0;17;0,8235294117647058;13,514126819250016;19,482255891125856;0,4461773779773874;57,0375231435189;0,11907635798358264;0,2548580123481293;0,03820631806959872;0,017944396217241896;0,0;0,005306433065222044;0,014760536378108669;0,0063677196782664525;0,17506924927261514;0,0;0,04457403774786517;0,10849536183867693;0,03183859839133226;0,2190967490406439;31,908967579808692;0,03565923019829213;0,16279677185172703;0,03183859839133226;0,2410747231897938;102,42018766510789;0,03247537035915891;0,16911951649635693;0,012735439356532905;0,3487216594260334;201,55296987260056;0,028230223906981274;0,20132047790653726;0,01910315903479936;20260920;"{""passenger_counts"":[20260920,43,1,1],""city_assignment"":[20260920,43,1,2],""arrival_terminal_processing"":[20260920,43,1,3],""terminal_access"":[20260920,43,1,4],""departure_terminal_earliness"":[20260920,43,1,5]}";2.3.5;3;1;11c984c88507af0dc1fd67c7e6117fbbf67cb99339891372de72e0f37a94fbdf;15;0,95;2026-07-30T22:15:22.732957+02:00;2026-08-01T00:25:47.986316+02:00;"{""aircraft_spec"":""1d92a29ff955ec8194720f659c80edf216b314fc10254dcf237d7a6f523202b4"",""config"":""7ead259693c46435e769cfce8a5758000255c9bd0ae648a9278403052013ecf4"",""flight_schedule"":""5871c8897f25c6a4b84d5aaf40fda1a067670fa574cb675c9adf829ad9c940f9"",""vertiport_network"":""8f37a94965fd8b2b9be9143f587c88446d15875ef5cba00cefde590914bba9b3""}";d3094d93f4535fbcbc60bb48f00a56a471fb58d21c5438d1e32bf1a9ee2190b6;c398ff11be193803520e0ccd99c35c3a87d8bb6a3e42dce0d1d33aa66c260c8e
low;n6;6;;44;completed;241;241;0;229;0,950207468879668;12,388086315031604;15,000000000000016;34,13640250685251;18,06864297168754;0,4978916884385623;151;89;7998,308644133319;7789,903928891342;0,2279498074276219;20;-10221,456896330006;88059,36581197036;4719;-7,958078640513122e-12;0,3990066225165563;0,37083333333333335;0,3416981554383621;0,3519256726067215;33,18800267275236;83,3440535418516;37,2641542540811;0,15462304669743196;0,9108149216049545;5,80984465955759;32,17958046118813;42,17730398724476;61,49689611403774;7;108;0,0;7;2985,528801922616;12;2985,5288019226305;37,2641542540811;83,34405354185158;0,0;0,0;82,58720222964266;4;8,957510796561353;0,0;0;0,0;20,17196501605722;0;0,0;1,9175145756056735;8;34,46290921672262;0,0;11;23,4972017200232;0,0;4;12,426431808544415;0,0;0;0,0;0,0;0;0,0;0,0;2;0,0;10,076411376054967;0;0,0;5,098263286363241;12;0,0;0,0;2;0,0;0,0;0;0,0;0,0;0;0,0;0,0;11;4,0;0,0;0;0,0;0,0;0;0,0;0,0;0;0,0;0,0;114,93570277563798;10,054166666666667;0,400802618195902;4,0;2,6666666666666665;17,475699120000016;3,9999999999999996;6,935;3,3333333333333335;0,0;15,892963929444457;8,249401857222221;7;719,7500556832372;0,9329762623917998;1;49,13640250685251;0,02999755261676457;4;343,3217673386029;0,3140192521509387;2;261,0222917752111;0,16067068121179567;3;270,218281036161;0,20192529686336097;2;231,60155935846828;0,1830628534681407;0,7016772933419757;133;108;12;0,049792531120331995;15,0;34;22,12743742201334;0,06481481481481481;7,68175747876639;18,183750643237847;1,596026490066225;0,039735099337748346;27,300228530083437;26,86220798229433;32,76629307987469;38,72782619908512;46,69821911415372;133;0,9924812030075187;11,490435417942507;15,0;2;0,5;24,568201253426256;33,17958238150989;42;0,9047619047619048;12,246853352237887;19,566154059085246;18;0,8888888888888888;14,62115438388735;17,97770407294833;24;0,9166666666666666;13,781516875936738;17,660503031666696;22;0,9090909090909091;13,629975641043869;16,715375423853267;0,4839849919103641;180,6688951806247;0,11111018100052743;0,24247190207957353;0,04883964000023183;0,05923645536990577;0,0;0,009767928000046366;0,04428935559875925;0,0;0,18481883749029182;0,0;0,04171719250019802;0,11825501309736514;0,030524775000144895;0,1801943763038573;23,902170519502274;0,024826817000117848;0,14256461626544295;0,012209910000057958;0,21795261990168857;75,8761044869961;0,029100285500138115;0,17316205643592456;0,012209910000057958;0,2788597275473543;202,1669749688048;0,027675796000131373;0,18863169883720288;0,018314865000086937;20260920;"{""passenger_counts"":[20260920,44,1,1],""city_assignment"":[20260920,44,1,2],""arrival_terminal_processing"":[20260920,44,1,3],""terminal_access"":[20260920,44,1,4],""departure_terminal_earliness"":[20260920,44,1,5]}";2.3.5;3;1;a9cbf779343df5c0c01afd7b48c8ac367d200caba03011a6ad319ac656c79a3c;15;0,95;2026-07-30T21:09:38.543104+02:00;2026-08-01T00:27:39.365812+02:00;"{""aircraft_spec"":""1d92a29ff955ec8194720f659c80edf216b314fc10254dcf237d7a6f523202b4"",""config"":""7ead259693c46435e769cfce8a5758000255c9bd0ae648a9278403052013ecf4"",""flight_schedule"":""5871c8897f25c6a4b84d5aaf40fda1a067670fa574cb675c9adf829ad9c940f9"",""vertiport_network"":""8f37a94965fd8b2b9be9143f587c88446d15875ef5cba00cefde590914bba9b3""}";d3094d93f4535fbcbc60bb48f00a56a471fb58d21c5438d1e32bf1a9ee2190b6;c398ff11be193803520e0ccd99c35c3a87d8bb6a3e42dce0d1d33aa66c260c8e
low;n6;6;;45;completed;238;238;0;230;0,9663865546218487;12,55664590282168;15,0;24,23664595707487;18,098550825865345;0,008882400234456543;162;88;8250,52656308054;8036,162699811725;0,23316807545578805;21;-11087,45946822873;87749,28443670062;4891;1,2050804798491299e-11;0,36728395061728397;0,352;0,31813109118819954;0,33013710965055665;34,66607799613673;25,498693746935245;47,47337168439223;0,19946794825374886;1,3762388405830885;4,314148167551078;32,26141127952113;41,00985406107583;44,64409950763863;1;112;0,0;10;2988,48172487156;11;2988,4817248715412;47,47337168439223;25,498693746935228;0,0;0,0;93,27947064387695;0;0,0;0,0;0;0,0;13,065932771396668;0;0,0;0,0;3;0,006697477238776628;0,0;7;7,76880599818281;0,0;4;17,44229181192119;0,0;0;0,0;0,0;0;0,0;0,0;1;0,0;22,811275875693415;4;0,0;11,596163037302146;8;0,0;0,0;0;0,0;0,0;0;0,0;0,0;0;0,0;0,0;7;0,2808984595924509;0,0;0;0,0;0,0;0;0,0;0,0;0;0,0;0,0;114,44482302661815;10,358333333333333;0,4234056688192469;4,166666666666667;2,7777777777777777;17,826900035000016;4,166666666666667;7,0633333333333335;3,5;0,0;16,89080963000001;7,880534849444448;10;757,2911259912361;0,9421177829259654;2;105,0;0,07160033585522373;3;389,5778235040372;0,2927713923073015;3;255,0;0,1832662417309208;2;240,0;0,16214659384943195;3;227,2821496955783;0,1622903959084525;0,6947506676466527;126;112;8;0,03361344537815125;15,0;38;21,9716121384816;0,008928571428571428;0,9948288262591328;0,9948288262591328;1,4691358024691359;0,030864197530864196;27,454651084702597;27,645567619985936;33,16703170266292;37,45423539649821;41,689953925394775;126;0,9603174603174603;12,316911909964743;15,0;8;1,0;14,743216788395163;15,0;41;0,975609756097561;11,762833790311527;15,0;23;1,0;13,125680145201374;15,0;20;1,0;13,355034476127413;15,0;20;0,9;13,366878582194428;15,120135214293816;0,4898483254182252;188,23582147690547;0,11453230400718847;0,28576025105305297;0,066776785021859;0,08881841182357961;4,921646768393233;0,014771834262411234;0,07956633590069775;0,012141233640338001;0,17772348582242745;0,0;0,042291963847177365;0,12016508424279414;0,0;0,2199676289909138;95,17374989036588;0,029341314630816833;0,16622172946845756;0,024282467280676002;0,17740635349038678;47,465652048594954;0,025496590644709802;0,15528982219594856;0,012141233640338001;0,23768363643024104;79,39410629155851;0,026508360114737967;0,20010296119169166;0,012141233640338001;20260920;"{""passenger_counts"":[20260920,45,1,1],""city_assignment"":[20260920,45,1,2],""arrival_terminal_processing"":[20260920,45,1,3],""terminal_access"":[20260920,45,1,4],""departure_terminal_earliness"":[20260920,45,1,5]}";2.3.5;3;1;4e125f916905805b84bfb8da9ba479fedead367eb564f009f5f158c7c6e73d17;15;0,95;2026-07-30T20:55:12.540532+02:00;2026-08-01T00:22:29.284437+02:00;"{""aircraft_spec"":""1d92a29ff955ec8194720f659c80edf216b314fc10254dcf237d7a6f523202b4"",""config"":""7ead259693c46435e769cfce8a5758000255c9bd0ae648a9278403052013ecf4"",""flight_schedule"":""5871c8897f25c6a4b84d5aaf40fda1a067670fa574cb675c9adf829ad9c940f9"",""vertiport_network"":""8f37a94965fd8b2b9be9143f587c88446d15875ef5cba00cefde590914bba9b3""}";d3094d93f4535fbcbc60bb48f00a56a471fb58d21c5438d1e32bf1a9ee2190b6;c398ff11be193803520e0ccd99c35c3a87d8bb6a3e42dce0d1d33aa66c260c8e
low;n6;6;;46;completed;254;254;0;243;0,9566929133858267;12,663942279990716;15,0;35,56093332678926;18,132652944007837;0,21775699935455342;172;101;9124,072141416638;8989,37930796228;0,2279498074276219;25;-10489,072390482259;89053,27717168658;5332;3,1377567211166024e-11;0,3691860465116279;0,36996336996337;0,33533455390363226;0,3474559052672303;35,92154386384503;67,47045959943729;44,55250866034909;0,17540357740294918;0,9290958064336153;5,259117554701273;32,62972453927937;42,18028207461206;61,554088538340025;3;125;0,0;7;3216,6413391176416;10;3216,6413391176347;44,55250866034909;67,47045959943729;0,0;0,0;88,50860931089646;0;0,0;0,0;0;0,0;20,59158888575827;0;0,0;0,0;7;22,542416354910408;0,0;10;18,764026061052693;0,0;6;24,09584824961215;0,0;1;0,0;0,0;0;0,0;0,0;0;0,0;18,009366848384555;0;0,0;5,951552926206265;11;0,0;0,0;1;0,0;0,0;0;0,0;0,0;0;0,0;0,0;10;2,0681689338620344;0,0;0;0,0;0,0;0;0,0;0,0;0;0,0;0,0;110,44100619926049;11,025;0,6105868848365446;4,55;3,033333333333333;19,999519650000003;4,55;7,523333333333333;4,166666666666667;0,004469869517690515;18,333369282777777;9,249483700555558;7;746,2230945789066;0,9511470858394078;2;93,41420890052868;0,0601085505844901;3;386,4900888242159;0,28815703949432975;3;343,6114008367593;0,2363120138750879;3;262,69907083657927;0,20808679558554535;2;260,56093332678927;0,19504651019740335;0,6656925822126686;129;125;11;0,04330708661417326;15,0;44;22,450894408289102;0,024;9,073208306439724;15,959009653158379;1,4767441860465116;0,01744186046511628;27,650652656158012;27,299098337229086;32,79745920326478;38,13093077979527;42,993635838457884;129;0,9457364341085271;12,232482649052267;16,3277194304444;7;0,8571428571428571;14,246062747515767;17,38994623037008;39;1,0;12,258046476130028;15,0;31;0,967741935483871;12,646802737039836;15,0;27;0,9629629629629629;12,78607934904193;15,0;21;0,9523809523809523;15,40903801504052;15,0;0,4917867867137962;195,65719489901943;0,1237664175518138;0,2797760199145574;0,08438619378532759;0,04468412938331856;0,0;0,010045975450634237;0,03526822262188925;0,0;0,12506123687569812;0,0;0,042193096892663796;0,09983080312959217;0,02411034108152217;0,1609269592366344;2,9132583832505285;0,033553558005118354;0,13870244269295812;0,02411034108152217;0,2547954151687724;142,76850337627522;0,03335263849610567;0,16029703371064657;0,0;0,31533666724625314;233,95855646244016;0,03134344340597882;0,22722220432433118;0,01808275581114163;20260920;"{""passenger_counts"":[20260920,46,1,1],""city_assignment"":[20260920,46,1,2],""arrival_terminal_processing"":[20260920,46,1,3],""terminal_access"":[20260920,46,1,4],""departure_terminal_earliness"":[20260920,46,1,5]}";2.3.5;3;1;73a7d04a2c4729f714d5e93388a8023e7ed11edc9a127bccbe6a78bcb12aba2f;15;0,95;2026-07-30T21:05:10.927610+02:00;2026-08-01T00:44:13.277172+02:00;"{""aircraft_spec"":""1d92a29ff955ec8194720f659c80edf216b314fc10254dcf237d7a6f523202b4"",""config"":""7ead259693c46435e769cfce8a5758000255c9bd0ae648a9278403052013ecf4"",""flight_schedule"":""5871c8897f25c6a4b84d5aaf40fda1a067670fa574cb675c9adf829ad9c940f9"",""vertiport_network"":""8f37a94965fd8b2b9be9143f587c88446d15875ef5cba00cefde590914bba9b3""}";d3094d93f4535fbcbc60bb48f00a56a471fb58d21c5438d1e32bf1a9ee2190b6;c398ff11be193803520e0ccd99c35c3a87d8bb6a3e42dce0d1d33aa66c260c8e
low;n6;6;;47;completed;224;224;0;222;0,9910714285714286;12,610307785209057;15,0;18,541517145529237;17,982875519300975;0,0;154;78;7778,895681455544;7647,656420731776;0,23366141369410218;20;-9030,24768246632;89606,34938517783;4566;4,0245140553452075e-11;0,36363636363636365;0,33620689655172414;0,2992473679898657;0,3121428007315805;34,72721286364082;6,815653612196002;21,455172436589557;0,09578201980620338;0,8782584278358319;2,978387956667575;32,120639618260796;41,28482433072732;42,64819221835899;0;103;0,0;9;2824,7089438868284;9;2824,7089438868265;21,455172436589432;6,8156536121958196;0,0;0,0;92,79523144060603;0;0,0;0,0;0;0,0;5,911881753031472;0;0,0;0,0;0;0,0;0,0;2;3,541517145529239;0,0;1;3,274136466666581;0,0;0;0,0;0,0;0;0,0;1,5158245029548804e-14;0;0,0;10,275434390898408;0;0,0;5,2678562926595385;2;0,0;0,0;0;0,0;0,0;0;0,0;0,0;0;0,0;0,0;2;0,0;0,0;0;0,0;0,0;0;0,0;0,0;0;0,0;0,0;116,83483139586964;9,8;0,2807707325902551;3,8666666666666667;2,577777777777778;17,11269826000001;3,8666666666666667;6,673333333333331;3,3333333333333335;0,048250279836033264;16,507729752777788;7,049412951666662;9;675,0428218025013;0,8680473306810331;2;45,0;0,03554601144500608;3;375,0;0,2916394925265017;2;270,0;0,18868444724976546;3;273,5415171455292;0,1924122230406796;2;210,0;0,14192256043372226;0,7106986749496962;121;103;2;0,008928571428571397;15,0;20;21,75;0,0;;;1,4545454545454546;0,01948051948051948;27,399054741012264;27,07105325309684;32,71653867718693;38,05267796956991;42,01667988377226;121;0,9917355371900827;11,793558511298777;15,0;4;1,0;14,60890670109555;15,0;38;1,0;12,616810137433667;15,0;21;1,0;14,770787139925613;15,0;23;0,9565217391304348;13,752816605038541;15,0;17;1,0;13,724272949322978;15,0;0,5156136677228483;219,51985141955527;0,1056403029886975;0,3012107961613342;0,07299521895572189;0,07651678358471363;0,0;0,007096757398472961;0,04627083364851032;0,006082934912976823;0,11272901306171716;0,0;0,03852525444885322;0,08440808470485099;0,024331739651907294;0,21281730872184168;5,429745081306343;0,03446996450686867;0,1717639895960334;0,012165869825953647;0,2953648492748257;171,38099557501434;0,027575971605494933;0,23143473379307833;0,006082934912976823;0,21311233170611232;64,49957013194305;0,021898565686716564;0,17148394433215722;0,0;20260920;"{""passenger_counts"":[20260920,47,1,1],""city_assignment"":[20260920,47,1,2],""arrival_terminal_processing"":[20260920,47,1,3],""terminal_access"":[20260920,47,1,4],""departure_terminal_earliness"":[20260920,47,1,5]}";2.3.5;3;1;667b7f70eabaa66573b32b9bba83b35b3196878084fcf329c5d95573d2fc51bd;15;0,95;2026-07-30T21:29:29.752318+02:00;2026-08-01T00:53:26.349385+02:00;"{""aircraft_spec"":""1d92a29ff955ec8194720f659c80edf216b314fc10254dcf237d7a6f523202b4"",""config"":""7ead259693c46435e769cfce8a5758000255c9bd0ae648a9278403052013ecf4"",""flight_schedule"":""5871c8897f25c6a4b84d5aaf40fda1a067670fa574cb675c9adf829ad9c940f9"",""vertiport_network"":""8f37a94965fd8b2b9be9143f587c88446d15875ef5cba00cefde590914bba9b3""}";d3094d93f4535fbcbc60bb48f00a56a471fb58d21c5438d1e32bf1a9ee2190b6;c398ff11be193803520e0ccd99c35c3a87d8bb6a3e42dce0d1d33aa66c260c8e
low;n6;6;;48;completed;233;233;0;228;0,9785407725321889;12,343977966736992;15,0;25,616795865408374;17,90236542382183;0,03302588764267012;156;77;7765,558247502765;7597,896216873277;0,23707805107198596;20;-10409,875467497446;87660,66845627718;4622;6,252776074688882e-12;0,3733974358974359;0,33047210300429186;0,2941953649275192;0,3069289568882676;33,328576169539765;22,393997039439697;44,854277500767935;0,19250762875866068;1,1441861202284296;5,409941099368795;32,10941143620306;41,761436738730346;49,572905912930096;1;108;0,0;8;2876,146866249719;13;2876,146866249717;44,854277500767815;22,393997039439636;0,0;0,0;90,08331811354559;0;0,0;0,0;0;0,0;21,908227554943913;0;0,0;0,0;2;2,4395290987416955;0,0;4;9,594543368423183;0,0;4;9,359924572274759;0,0;0;0,0;0,0;0;0,0;0,0;0;0,0;16,278978466825357;1;0,0;6,667071478998545;5;0,0;0,0;1;0,0;0,0;0;0,0;0,0;0;0,0;0,0;4;1,0;0,0;0;0,0;0,0;0;0,0;0,0;0;0,0;0,0;115,27917764009196;10,054166666666667;0,5338510440775482;3,8833333333333333;2,588888888888889;16,968473114999995;3,8833333333333333;6,871666666666667;3,3880158515660583;0,0;16,54455141833333;6,896143918888885;8;740,4023316712932;0,9224351245458704;1;105,0;0,0642394724036269;3;279,72623985002673;0,22879363039742484;3;195,0;0,135680509907533;3;253,94408987874084;0,18916736939088016;2;340,6167958654084;0,21932348614730074;0,7052831953069991;125;108;5;0,02145922746781115;15,0;33;21,867112580314277;0,009259259259259259;3,566795865408373;3,566795865408373;1,4935897435897436;0,038461538461538464;27,241817756604064;27,249393164512437;33,083261442148434;37,734432583993126;43,24218501906544;125;0,968;12,06182858648111;15,0;7;1,0;15,0;15,0;34;1,0;10,99897832322084;15,0;17;1,0;13,045354320085151;15,0;25;1,0;12,367831205862142;15,0;25;0,96;14,339449054482822;15,0;0,47289386825719343;122,58686874434443;0,10828939633754249;0,26817843335172115;0,05506240491739445;0,04789420154771318;1,6348545158900378;0,011216415816506283;0,041164352057809404;0,006118044990821609;0,19223236480100528;0,0;0,03711613961098443;0,1278888972217266;0,032597525594663494;0,23168251628493647;115,90067022903422;0,024472179963286437;0,16992319797421263;0,012236089981643218;0,21532985791815323;36,92408728869638;0,02569578896145076;0,18029876780514345;0,012236089981643218;0,2717134038078031;144,0827094889897;0,030794159787135435;0,20170196708772056;0,006118044990821609;20260920;"{""passenger_counts"":[20260920,48,1,1],""city_assignment"":[20260920,48,1,2],""arrival_terminal_processing"":[20260920,48,1,3],""terminal_access"":[20260920,48,1,4],""departure_terminal_earliness"":[20260920,48,1,5]}";2.3.5;3;1;b4c82d939e1278fba63a9182c1283faf1ce4d7145cdb951edb340f60d871b1d8;15;0,95;2026-07-30T21:06:30.124533+02:00;2026-08-01T00:21:00.668456+02:00;"{""aircraft_spec"":""1d92a29ff955ec8194720f659c80edf216b314fc10254dcf237d7a6f523202b4"",""config"":""7ead259693c46435e769cfce8a5758000255c9bd0ae648a9278403052013ecf4"",""flight_schedule"":""5871c8897f25c6a4b84d5aaf40fda1a067670fa574cb675c9adf829ad9c940f9"",""vertiport_network"":""8f37a94965fd8b2b9be9143f587c88446d15875ef5cba00cefde590914bba9b3""}";d3094d93f4535fbcbc60bb48f00a56a471fb58d21c5438d1e32bf1a9ee2190b6;c398ff11be193803520e0ccd99c35c3a87d8bb6a3e42dce0d1d33aa66c260c8e
low;n6;6;;49;completed;226;226;0;215;0,9513274336283186;12,904959229496999;15,0;23,45130549912792;18,39223000458378;0,07653056502936383;157;99;8477,25939813887;8228,131701964128;0,22686488563184862;23;-11788,795290296268;86814,71686863886;4959;1,6257217794191092e-11;0,35987261146496813;0,38671875;0,35685668744289206;0,3674064759666059;37,50999733689766;35,0906706762568;59,62319516961273;0,2638194476531537;1,575442568444305;3,927138438199351;32,73534087671066;41,20139366169827;49,931498077690534;3;111;0,0;6;2916,5207858663216;10;2916,52078586631;59,623195169612636;35,0906706762568;0,0;0,0;77,8556844994715;2;0,0;0,0;0;0,0;26,097775822700928;0;0,0;2,1722984833437295;8;2,1342448324612633;0,0;11;24,849815752903428;0,0;4;6,535191007274989;0,0;0;0,0;0,0;0;0,0;0,0;1;0,0;30,43699695053689;2;0,0;0,9161239130310909;11;0,0;0,0;0;0,0;0,0;0;0,0;0,0;0;0,0;0,0;11;1,5714190836171231;0,0;0;0,0;0,0;0;0,0;0,0;0;0,0;0,0;113,20627867607558;9,941666666666666;0,6968600607223354;4,266666666666667;2,8444444444444446;18,388327949999994;4,266666666666667;6,76;3,8333333333333335;0,13494246698194223;16,39979370611111;9,099645354999994;6;735,8740179065259;0,8980358501374567;2;128,65540062984425;0,08919505784207059;3;332,15788877394175;0,2555748203005208;3;186,44216456884763;0,13591753389678787;3;275,40268232334216;0,21030366839701847;3;255,0;0,18566895317841778;0,6888574830495053;115;111;11;0,04867256637168138;15,0;43;22,0557879928973;0,02702702702702703;2,831630906086462;4,0921645688476325;1,4394904458598725;0,012738853503184714;27,389864488593094;27,713858629537267;32,8707844649982;37,93777743909751;43,06331716162798;115;0,9565217391304348;12,833259256259185;15,0;9;0,6666666666666666;16,28693698231024;21,24159618385592;32;0,96875;13,125299427614616;15,0;17;0,9411764705882353;13,139162947259218;16,288432913769523;29;0,9655172413793104;11,917632370031077;15,0;24;1,0;12,713618668239498;15,0;0,45751338471840863;0,9019119011756023;0,11885986354227415;0,21473676765304722;0,04867980759410546;0,04727719315037497;0,0;0,013792612151663212;0,03906247561886968;0,012169951898526364;0,1525858027510379;0,0;0,041986334049915953;0,1042171849886268;0,04867980759410546;0,3439699737971728;184,0652307417249;0,02839655442989485;0,17789673500107892;0,006084975949263182;0,2340328985182555;80,26070129873357;0,028599386961536955;0,1841809351619834;0,012169951898526364;0,2315177546572054;158,6852788143995;0,027990889366610636;0,16746508435980395;0,012169951898526364;20260920;"{""passenger_counts"":[20260920,49,1,1],""city_assignment"":[20260920,49,1,2],""arrival_terminal_processing"":[20260920,49,1,3],""terminal_access"":[20260920,49,1,4],""departure_terminal_earliness"":[20260920,49,1,5]}";2.3.5;3;1;8f38b22ba874a472c7f9dd8056478618439e8178333ec280d6327388e5654948;15;0,95;2026-07-30T20:43:31.204710+02:00;2026-08-01T00:06:54.716869+02:00;"{""aircraft_spec"":""1d92a29ff955ec8194720f659c80edf216b314fc10254dcf237d7a6f523202b4"",""config"":""7ead259693c46435e769cfce8a5758000255c9bd0ae648a9278403052013ecf4"",""flight_schedule"":""5871c8897f25c6a4b84d5aaf40fda1a067670fa574cb675c9adf829ad9c940f9"",""vertiport_network"":""8f37a94965fd8b2b9be9143f587c88446d15875ef5cba00cefde590914bba9b3""}";d3094d93f4535fbcbc60bb48f00a56a471fb58d21c5438d1e32bf1a9ee2190b6;c398ff11be193803520e0ccd99c35c3a87d8bb6a3e42dce0d1d33aa66c260c8e
low;n6;6;;50;completed;258;258;0;241;0,9341085271317829;12,582298273752164;15,993933805853715;25,756011351869528;18,263272754458885;0,06350184375441258;170;99;9067,691065177754;8767,74975993927;0,2279498074276204;24;-6230,482832545274;88121,15533153847;5284;1,1027623258996755e-11;0,37941176470588234;0,3680297397769517;0,34123895242071883;0,3505367588896438;35,14608939991378;69,59391195532778;84,19141602233363;0,3263233179160218;2,4032371471563008;6,015928730081092;32,698434194497516;43,091986005083875;49,62833535626439;3;124;0,0;9;3246,2329546280585;9;3246,2329546280403;84,19141602233358;69,59391195532766;0,0;0,0;85,71472483116727;4;0,30862324054044926;0,0;0;0,0;61,73436248214924;0;0,0;0,9862205720901935;13;16,035504513901955;0,0;17;33,8997129702524;0,0;5;12,920533185067688;0,0;1;0,0;0,0;0;0,0;7,579122514774402e-15;4;0,4295380455651563;10,774825279111353;2;0,0;10,696007688982778;17;0,0;0,0;0;0,0;0,0;0;0,0;0,0;0;0,0;0,0;16;6,0;0,0;0;0,0;0,0;0;0,0;0,0;0;0,0;0,0;101,56042858876837;11,041666666666666;1,0388736742639415;4,483333333333333;2,988888888888889;20,06604436000003;4,483333333333333;7,5633333333333335;4,0;0,0268280948850952;18,14113734222224;9,397129240000009;9;744,7914165947404;1,0465721972985071;2;45,0;0,030769278330818255;6;438,06638530689634;0,3502246204878952;3;336,54407984963206;0,25721321702636923;3;195,9910594134218;0,16707314650912436;2;296,2035363265623;0,21248877562036814;0,6458420684470665;134;124;17;0,06589147286821706;15,0;47;24,459008096275262;0,024193548387096774;2,624742875182387;4,098313224706362;1,5176470588235293;0,023529411764705882;26,20878837891215;27,706084760193644;34,241950900760195;38,09339245414848;43,823284799765126;134;0,9402985074626866;12,281816078619245;15,325520681727285;4;1,0;12,096382565163943;15,0;43;0,9767441860465116;12,807855297840092;15,0;29;0,8620689655172413;13,947407117179273;16,51721400828799;24;0,9583333333333334;10,946961851641563;15,0;24;0,875;13,922683382820937;16,276492861436186;0,4988932096287074;117,30424149951291;0,129515504317462;0,29550129997837765;0,07631028077624602;0,05772177818126852;0,0;0,00805497408193708;0,03661228087148743;0,006359190064687169;0,12330170254270811;0,0;0,04387841144634146;0,09614748628785869;0,006359190064687169;0,26709788436043586;68,76769464358634;0,0402748704096854;0,20932839649101873;0,025436760258748674;0,23180871020824953;85,24755680456862;0,03200792332559208;0,15466332169200903;0,019077570194061505;0,17472537953338482;42,63248168034218;0,03137200431912337;0,15582580806589072;0,019077570194061505;20260920;"{""passenger_counts"":[20260920,50,1,1],""city_assignment"":[20260920,50,1,2],""arrival_terminal_processing"":[20260920,50,1,3],""terminal_access"":[20260920,50,1,4],""departure_terminal_earliness"":[20260920,50,1,5]}";2.3.5;3;1;d3d43695e1b42e268c8855071bc2b53cfacaca30433a23126768e25b2d17a424;15;0,95;2026-07-30T22:16:09.517167+02:00;2026-08-01T00:28:41.155332+02:00;"{""aircraft_spec"":""1d92a29ff955ec8194720f659c80edf216b314fc10254dcf237d7a6f523202b4"",""config"":""7ead259693c46435e769cfce8a5758000255c9bd0ae648a9278403052013ecf4"",""flight_schedule"":""5871c8897f25c6a4b84d5aaf40fda1a067670fa574cb675c9adf829ad9c940f9"",""vertiport_network"":""8f37a94965fd8b2b9be9143f587c88446d15875ef5cba00cefde590914bba9b3""}";d3094d93f4535fbcbc60bb48f00a56a471fb58d21c5438d1e32bf1a9ee2190b6;c398ff11be193803520e0ccd99c35c3a87d8bb6a3e42dce0d1d33aa66c260c8e
low;n6;6;;51;completed;263;263;0;244;0,9277566539923955;12,219854527012568;15,784732648961809;28,86598530147603;18,035725279604325;0,1831873526772032;171;103;9122,365976338866;8945,58344136226;0,23316807545578955;23;-10812,773908186879;88390,75374633224;5381;0,0;0,3845029239766082;0,3759124087591241;0,3424478225692665;0,3542067575938977;34,68580219140253;66,89767783846233;99,32400793163237;0,377657824835104;2,3723290159209602;4,9610170613422575;32,82050188576302;42,998512439705564;52,45963330637763;6;135;0,0;8;3213,821740604305;9;3213,821740604318;99,32400793163237;66,89767783846231;0,0;0,0;84,24374382601705;1;0,0;0,0;0;0,0;57,112537878148636;0;0,0;6,680600335406295;16;18,164277659027114;0,0;16;37,49256019865837;0,0;4;10,0;0,0;0;0,0;0,0;0;0,0;0,0;1;0,0;29,126282684300836;3;0,0;6,404587033776594;19;0,0;0,0;0;0,0;0,0;0;0,0;0,0;0;0,0;0,0;16;1,2408399807768242;0,0;0;0,0;0,0;0;0,0;0,0;0;0,0;0,0;109,34994359585076;11,179166666666667;1,2179312872369894;4,566666666666666;3,0444444444444434;19,909393430000016;4,566666666666666;7,671666666666667;3,8333333333333335;0,0;18,09616768500001;9,424336856111115;8;694,513433991253;0,8694077834330405;1;60,0;0,03628903210516028;3;508,86598530147603;0,38517793332952044;3;309,5268701722661;0,24408855501269527;3;322,1676232184236;0,2224979996621026;4;243,09317951300426;0,18631336854167635;0,6613672689745491;128;135;19;0,07224334600760451;15,0;57;23,794976839207067;0,044444444444444446;4,121715435237072;7,31136592608697;1,5380116959064327;0,03508771929824561;27,556535459588645;26,963622517982593;33,121682471666695;38,37369121225113;44,766338967860065;128;0,9453125;11,230249881100754;15,09626101619947;4;1,0;15,0;15,0;51;0,9803921568627451;12,487258091818825;15,0;30;0,9;13,45246984297418;16,66655076843135;26;0,8461538461538461;14,149093886252937;16,13338114000056;24;0,8333333333333334;12,83537736703528;20,244369127118937;0,551818398361189;211,24268700327295;0,12418913209321515;0,28697199660896305;0,06652989219279384;0,05130050882671455;0,0;0,007056200687114499;0,03395592192489021;0,006048172017526714;0,1588411367010334;0,0;0,05040143347938928;0,11131541241307508;0,012096344035053427;0,18694939403772687;23,456467558163787;0,03225691742680914;0,16069030591008926;0,03024086008763357;0,19435829326531673;64,93558145007142;0,03850669517825341;0,16967402497047177;0,01814451605258014;0,09490809896331243;0,0;0,02378947660227174;0,08069489472212465;0,006048172017526714;20260920;"{""passenger_counts"":[20260920,51,1,1],""city_assignment"":[20260920,51,1,2],""arrival_terminal_processing"":[20260920,51,1,3],""terminal_access"":[20260920,51,1,4],""departure_terminal_earliness"":[20260920,51,1,5]}";2.3.5;3;1;258b6bab8659fc7e426649686aa1528df2624992f04a4cfaa71ff6700fbe9e16;15;0,95;2026-07-30T20:59:47.226092+02:00;2026-08-01T00:33:10.753746+02:00;"{""aircraft_spec"":""1d92a29ff955ec8194720f659c80edf216b314fc10254dcf237d7a6f523202b4"",""config"":""7ead259693c46435e769cfce8a5758000255c9bd0ae648a9278403052013ecf4"",""flight_schedule"":""5871c8897f25c6a4b84d5aaf40fda1a067670fa574cb675c9adf829ad9c940f9"",""vertiport_network"":""8f37a94965fd8b2b9be9143f587c88446d15875ef5cba00cefde590914bba9b3""}";d3094d93f4535fbcbc60bb48f00a56a471fb58d21c5438d1e32bf1a9ee2190b6;c398ff11be193803520e0ccd99c35c3a87d8bb6a3e42dce0d1d33aa66c260c8e
low;n6;6;;52;completed;212;212;0;203;0,9575471698113207;12,860539776714633;15,0;33,3757718742066;18,186471188774195;0,11556910075721016;152;92;8058,361527997205;7868,720610424791;0,2272853764241015;20;-12468,91730588536;88554,55943825294;4690;1,7280399333685637e-11;0,34868421052631576;0,3770491803278688;0,3318938437174241;0,347889115477075;38,01113928300568;40,0407201048979;35,59745935662675;0,16791254413503184;1,1490045976591736;5,828330512742468;32,14857306293169;40,93532838935291;58,765675330321514;1;98;0,0;10;2726,434432663503;11;2726,4344326635273;35,59745935662675;40,0407201048979;0,0;0,0;83,09046942647765;1;0,0;0,0;0;0,0;13,250444502561004;0;0,0;0,0;8;9,057823876025699;0,0;7;17,70875976220562;0,0;6;13,274136466666581;0,0;0;0,0;0,0;0;0,0;0,0;1;0,0;12,587775025284493;1;0,0;9,759239828781256;9;0,0;0,0;0;0,0;0,0;0;0,0;0,0;0;0,0;0,0;7;0,0;0,0;0;0,0;0,0;0;0,0;0,0;0;0,0;0,0;120,4187301992585;9,483333333333333;0,4463673448608013;4,066666666666666;2,7111111111111112;17,42625258500002;4,066666666666666;6,42;3,3333333333333335;0,0;16,170861692222235;8,033168670555565;10;687,4402566176763;0,8636416870568789;3;90,0;0,08044828870838851;3;300,0;0,21953858990137368;2;240,0;0,1476162836462516;3;252,36247021438902;0,16826322404037572;2;225,86490837891338;0,13977955395858735;0,7151925517525544;114;98;9;0,04245283018867929;15,0;34;22,179773186190417;0,01020408163265306;11,325771874206596;11,325771874206596;1,394736842105263;0,019736842105263157;28,06207687337175;27,480726284592468;32,665744859610946;37,57851727446915;41,96477452499228;114;0,9385964912280702;12,755568112230842;15,738360329195716;10;1,0;13,545276372396017;15,0;28;1,0;13,201518828179964;15,0;19;1,0;13,081324735081774;15,0;23;0,9565217391304348;12,317779638214947;15,0;18;0,9444444444444444;13,075015295038309;15,129736256837008;0,49516482658660443;192,6774768345803;0,10809368625925471;0,24440766937350528;0,05345292177655453;0,1118220292929857;82,28862047836252;0,010888558139668514;0,07080039966317031;0,0;0,17971738568931866;0,0;0,03761501902794578;0,11393180926946131;0,0;0,17308910286646398;41,856183030110664;0,02732038224135009;0,14361144559218508;0,029696067653641404;0,26219628730166195;177,93865665151546;0,02831025116313814;0,14579371336361918;0,01187842706145656;0,17670461551413325;15,185285742120444;0,029300120084926187;0,15918393559848482;0,02375685412291312;20260920;"{""passenger_counts"":[20260920,52,1,1],""city_assignment"":[20260920,52,1,2],""arrival_terminal_processing"":[20260920,52,1,3],""terminal_access"":[20260920,52,1,4],""departure_terminal_earliness"":[20260920,52,1,5]}";2.3.5;3;1;2eccd5241159e7ac8c4e13a8b2d039ca28cec6e07181d532826d84d47b59cf4b;15;0,95;2026-07-30T20:32:11.082694+02:00;2026-08-01T00:35:54.559438+02:00;"{""aircraft_spec"":""1d92a29ff955ec8194720f659c80edf216b314fc10254dcf237d7a6f523202b4"",""config"":""7ead259693c46435e769cfce8a5758000255c9bd0ae648a9278403052013ecf4"",""flight_schedule"":""5871c8897f25c6a4b84d5aaf40fda1a067670fa574cb675c9adf829ad9c940f9"",""vertiport_network"":""8f37a94965fd8b2b9be9143f587c88446d15875ef5cba00cefde590914bba9b3""}";d3094d93f4535fbcbc60bb48f00a56a471fb58d21c5438d1e32bf1a9ee2190b6;c398ff11be193803520e0ccd99c35c3a87d8bb6a3e42dce0d1d33aa66c260c8e
low;n6;6;;53;completed;251;251;0;242;0,9641434262948207;12,292994955024861;15,0;39,62272569754168;17,94303920620627;0,3791164256976033;162;90;8353,37234562498;8155,765758483518;0,23316807545578905;22;-9486,118500652356;88227,69564689521;4997;2,091837814077735e-11;0,3873456790123457;0,35714285714285715;0,3191040972819105;0,33252879484413417;33,2803679108565;78,26152521846078;58,91110704653327;0,23470560576308075;1,502994799622805;5,990410662789327;32,72242968682828;42,460355068152;68,48907682172381;5;130;0,0;9;3085,5417337112403;10;3085,5417337112467;58,91110704653327;78,26152521846076;0,0;0,0;91,31856591685677;1;0,7677445640320608;0,0;0;0,0;35,29851464803148;0;0,0;0,0;8;47,692184170439695;0,0;7;22,748444700184216;0,0;6;3,6790141342466085;0,0;0;0,0;0,0;0;0,0;0,0;0;0,0;15,388630869501867;2;0,0;8,223961528999924;8;0,0;0,0;1;0,0;0,0;0;0,0;0,0;0;0,0;0,0;7;3,374137649558179;0,0;0;0,0;0,0;0;0,0;0,0;0;0,0;0,0;111,1447271851552;10,629166666666666;0,7140512516903998;4,2;2,8;18,140871375000014;4,2;7,301666666666668;3,7258737674006626;0,0;17,118316310000004;8,022555065000008;9;665,6470098525099;0,8835079280875562;1;60,0;0,036842283063109285;3;453,76470975696805;0,3852448004110323;2;249,62272569754168;0,179976335230493;3;232,26558565468102;0,15677908016461958;3;337,06189829748837;0,25228960565029773;0,6824709166545909;121;130;9;0,03585657370517925;15,0;42;22,968649129808;0,038461538461538464;9,857027068137686;23,475068845257677;1,5493827160493827;0,024691358024691357;27,142726152096547;27,068246443543078;33,01337186666667;37,98516947480912;43,84300360543669;121;0,9834710743801653;11,891312600968634;15,0;4;1,0;15,0;15,0;52;0,9615384615384616;12,065300906625856;15,0;19;0,9473684210526315;15,426468571639573;17,462272569754116;22;0,9090909090909091;11,605668107143257;18,28403364041363;33;0,9393939393939394;12,450595776702656;17,594137345294964;0,5321941607985555;165,3235237709522;0,11380171879493756;0,302404784209624;0,0429826635736275;0,051767674969580235;18,44117793585683;0,008187174014024285;0,04685537056116566;0,006140380510518214;0,14048252301808095;0,0;0,050146440835898747;0,1141782184680449;0,03070190255259107;0,2119713247904591;97,8042521669074;0,02763171229733196;0,16822946452224133;0,012280761021036427;0,17579220041574586;3,6882719677617084;0,025175560093124674;0,14148045203636483;0,024561522042072854;0,21979772156690056;10,952426044039749;0,032953375406447744;0,19005615052828373;0,02060246629614254;20260920;"{""passenger_counts"":[20260920,53,1,1],""city_assignment"":[20260920,53,1,2],""arrival_terminal_processing"":[20260920,53,1,3],""terminal_access"":[20260920,53,1,4],""departure_terminal_earliness"":[20260920,53,1,5]}";2.3.5;3;1;d8ece3dea8ac33ac51532d4ed5e8456695beff79a604623b2b8d0b2e521b9fb6;15;0,95;2026-07-30T21:21:53.881499+02:00;2026-08-01T00:30:27.695647+02:00;"{""aircraft_spec"":""1d92a29ff955ec8194720f659c80edf216b314fc10254dcf237d7a6f523202b4"",""config"":""7ead259693c46435e769cfce8a5758000255c9bd0ae648a9278403052013ecf4"",""flight_schedule"":""5871c8897f25c6a4b84d5aaf40fda1a067670fa574cb675c9adf829ad9c940f9"",""vertiport_network"":""8f37a94965fd8b2b9be9143f587c88446d15875ef5cba00cefde590914bba9b3""}";d3094d93f4535fbcbc60bb48f00a56a471fb58d21c5438d1e32bf1a9ee2190b6;c398ff11be193803520e0ccd99c35c3a87d8bb6a3e42dce0d1d33aa66c260c8e
low;n6;6;;54;completed;238;238;0;226;0,9495798319327731;12,84211725902814;15,036454316586887;23,497728050002237;18,330297109273758;0,03241965203612294;164;92;8496,20656768887;8282,039976893731;0,23316807545578866;23;-10478,217000991943;88992,51336033878;4993;-4,661160346586257e-12;0,3628048780487805;0,359375;0,32042934946779433;0,3341575408596404;35,69834692306248;38,166112039828356;34,686804358456634;0,14574287545570014;1,2112208596444816;3,346183328406035;32,66620543613943;41,8573037769384;49,0128555793736;1;112;0,0;10;3056,4239076486974;11;3056,4239076486942;34,68680435845663;38,16611203982829;0,0;0,0;84,97792031587257;1;0,0;0,0;0;0,0;17,08318042397717;0;0,0;0,0;10;14,030902121008937;0,0;7;15,770891738184462;0,0;3;7,364318180634897;0,0;0;0,0;0,0;0;0,0;0,0;3;0,0;11,232785410669385;2;0,0;6,370838523810077;12;0,0;0,0;0;0,0;0,0;0;0,0;0,0;0;0,0;0,0;7;1,0;0,0;0;0,0;0,0;0;0,0;0,0;0;0,0;0,0;114,168880062565;10,425;0,40643844187525247;4,266666666666667;2,844444444444443;18,476454320000023;4,266666666666667;7,096666666666665;3,833333333333333;0,0;17,38855848555557;8,199006945555563;10;730,509044594108;0,9508706612456115;1;90,0;0,054287326335941445;3;435,0539603020477;0,30764236749796325;3;323,49772805000225;0,21494973046339746;3;201,88544834828184;0,14519490495027423;3;234,45836799093402;0,17066703279012527;0,6886581388183804;126;112;12;0,050420168067226934;15,0;38;22,043839016491738;0,008928571428571428;3,631001028045769;3,631001028045769;1,451219512195122;0,03048780487804878;27,63075843370298;27,982910035232987;33,15586586738978;37,93491276215917;43,463650114031736;126;0,9523809523809523;12,511084544082337;15,000000000000046;6;1,0;15,0;15,0;40;0,975;12,75058791046305;15,0;25;0,96;14,254137786776885;15,0;18;0,8888888888888888;13,372817814951642;18,388950899782056;23;0,9130434782608695;12,301720579880392;17,486481689655296;0,4627395567474939;147,27911824794327;0,11581296285000837;0,24204689049447348;0,06031925148437937;0,06521395156072553;0,0;0,010053208580729897;0,055256825374510224;0,006031925148437939;0,13062775468615417;0,0;0,043630925240367754;0,10326766796962619;0,012063850296875877;0,2073339463653378;31,502258918674002;0,03478410168932544;0,1673283357726829;0,024127700593751755;0,3397242019143666;208,31789766117035;0,027746855682814518;0,21587019885829026;0,018095775445313815;0,27522688231111797;148,5384818681837;0,02533408562343934;0,16660999641764826;0,018095775445313815;20260920;"{""passenger_counts"":[20260920,54,1,1],""city_assignment"":[20260920,54,1,2],""arrival_terminal_processing"":[20260920,54,1,3],""terminal_access"":[20260920,54,1,4],""departure_terminal_earliness"":[20260920,54,1,5]}";2.3.5;3;1;6e457a7438829372c6311c2bd0f52cc0746217a2d1882f42a047fcc60d8eddb4;15;0,95;2026-07-30T21:05:21.782999+02:00;2026-08-01T00:43:12.513360+02:00;"{""aircraft_spec"":""1d92a29ff955ec8194720f659c80edf216b314fc10254dcf237d7a6f523202b4"",""config"":""7ead259693c46435e769cfce8a5758000255c9bd0ae648a9278403052013ecf4"",""flight_schedule"":""5871c8897f25c6a4b84d5aaf40fda1a067670fa574cb675c9adf829ad9c940f9"",""vertiport_network"":""8f37a94965fd8b2b9be9143f587c88446d15875ef5cba00cefde590914bba9b3""}";d3094d93f4535fbcbc60bb48f00a56a471fb58d21c5438d1e32bf1a9ee2190b6;c398ff11be193803520e0ccd99c35c3a87d8bb6a3e42dce0d1d33aa66c260c8e
low;n6;6;;55;completed;247;247;0;228;0,9230769230769231;12,855491825256712;16,8491776477212;33,32908754230084;18,493206212550106;0,19485427137702233;167;99;8970,735440161088;8832,030367898142;0,23316807545578916;24;-10120,12177833149;90004,33358113;5222;2,9558577807620168e-12;0,36976047904191617;0,37218045112781956;0,3468210788335542;0,35561801716590424;36,31876696421493;82,30273998059491;75,26545366146951;0,30471843587639474;1,6151177765497198;5,919598678039862;33,2769445065297;41,98654551331474;60,062408851822326;3;128;0,0;10;3175,306480838407;12;3175,3064808384106;75,26545366146951;82,30273998059491;0,0;0,0;88,07873983876902;3;0,0;0,0;0;0,0;40,21798329664489;0;0,0;4,042716132413504;13;30,70012674537526;0,0;17;26,756391462126324;0,0;7;23,053040828601056;0,0;0;0,0;0,0;0;0,0;0,0;0;0,0;20,88714921363271;3;0,0;10,1176050187784;19;0,0;0,0;2;0,0;0,0;0;0,0;0,0;0;0,0;0,0;17;1,7931809444922693;0,0;0;0,0;0,0;0;0,0;0,0;0;0,0;0,0;112,17423641156863;10,7125;0,9918072953116396;4,433333333333334;2,9555555555555557;19,86165967000001;4,433333333333334;7,3116666666666665;4,0;0,0;17,7994839088889;9,45106465;10;786,8707465643473;0,9318645318152063;2;75,0;0,0535335668383977;4;417,0353837560176;0,3314382881619059;2;274,90708320034867;0,1964988898968205;3;271,5866797185185;0,19331013728665256;4;256,23917524742524;0,19617031834448315;0,6722088185679311;119;128;19;0,07692307692307687;15,0;46;23,30184229693207;0,0234375;8,313782245419619;13,205980797399631;1,4790419161676647;0,03592814371257485;27,812348710961526;28,131446002405404;35,84138187762139;38,06065014708276;43,86808905417633;119;0,8907563025210085;13,06756704717047;17,933457313300107;8;1,0;11,166706714883125;15,0;44;0,9772727272727273;12,570105336167833;15,0;23;0,9130434782608695;14,256771253375321;16,949885816144945;25;0,96;12,903381474192546;15,0;28;0,9285714285714286;11,691337072579497;17,12818870333335;0,489966551972949;244,32794642312703;0,12304686158610692;0,27108792124236675;0,07790304548471055;0,06783064320615916;0,0;0,008988812940543526;0,054782326785033725;0,0;0,13236644519164975;0,0;0,03875177134367653;0,10217673569910206;0,0239701678414494;0,19614788549692902;63,78441720328347;0,03655450595821033;0,14059731644606677;0,0119850839207247;0,22151783717606333;79,16868838997107;0,032159975187277944;0,175943331758054;0,0119850839207247;0,2899709207726017;246,5850119072192;0,026167433226915594;0,19450642278453165;0,01797762588108705;20260920;"{""passenger_counts"":[20260920,55,1,1],""city_assignment"":[20260920,55,1,2],""arrival_terminal_processing"":[20260920,55,1,3],""terminal_access"":[20260920,55,1,4],""departure_terminal_earliness"":[20260920,55,1,5]}";2.3.5;3;1;a0895e0e8f9da4eb0c4f18e8ff268b13b80f68faf0e0c1759cac52128a053786;15;0,95;2026-07-30T21:11:19.878222+02:00;2026-08-01T01:00:04.333581+02:00;"{""aircraft_spec"":""1d92a29ff955ec8194720f659c80edf216b314fc10254dcf237d7a6f523202b4"",""config"":""7ead259693c46435e769cfce8a5758000255c9bd0ae648a9278403052013ecf4"",""flight_schedule"":""5871c8897f25c6a4b84d5aaf40fda1a067670fa574cb675c9adf829ad9c940f9"",""vertiport_network"":""8f37a94965fd8b2b9be9143f587c88446d15875ef5cba00cefde590914bba9b3""}";d3094d93f4535fbcbc60bb48f00a56a471fb58d21c5438d1e32bf1a9ee2190b6;c398ff11be193803520e0ccd99c35c3a87d8bb6a3e42dce0d1d33aa66c260c8e
low;n6;6;;56;completed;242;242;0;227;0,9380165289256198;12,133163264918466;16,14078776288867;24,504467228396727;17,9614535916642;0,040373674188207795;152;84;7923,640145194432;7750,627003608231;0,2279498074276208;21;-10264,777364844545;89211,65014874894;4693;-2,1600499167107046e-12;0,3980263157894737;0,3559322033898305;0,32490447403214423;0,33571574404851884;32,74231464956377;47,37335636019294;61,946259072466816;0,2559762771589538;1,634068758615346;5,881360628827194;32,72297824631242;42,47362011635818;50,099506910204944;1;119;0,0;10;2936,2255101102687;12;2936,2255101102646;61,946259072466816;47,37335636019294;0,0;0,0;86,85932411371982;2;0,0;0,0;0;0,0;31,5808545199563;0;0,0;0,0;14;22,758893444322286;0,0;9;18,117170499687322;0,0;3;5,4972924161833365;0,0;0;0,0;0,0;0;0,0;0,0;2;0,0;19,222035973720754;2;0,0;11,143368578789765;15;0,0;0,0;2;0,0;0,0;0;0,0;0,0;0;0,0;0,0;9;1,0;0,0;0;0,0;0,0;0;0,0;0,0;0;0,0;0,0;116,50661640241115;10,108333333333333;0,6757860435480078;3,933333333333333;2,6222222222222222;17,45716605;3,933333333333333;6,97;3,5;0,08725513780813546;16,210880922222227;7,80184068333333;10;658,7446455509408;0,8965536673714157;1;75,0;0,0452368476882131;4;368,27346170338984;0,3047869979639982;3;183,77455337459892;0,13098799207530856;2;246,00278043633105;0,1723083745936928;3;301,2041830755632;0,22113393602875894;0,7027189414486591;123;119;15;0,06198347107438018;15,0;38;23,050107460748773;0,008403361344537815;4,804467228396728;4,804467228396728;1,5921052631578947;0,05921052631578947;27,63234097599819;27,92509536719211;33,97484980290877;37,682134499520814;43,37681450186758;123;0,9186991869918699;12,084817873213963;16,29511451509673;5;1,0;15,0;15,0;47;1,0;10,75146159930902;15,0;15;0,8;14,4780194431451;22,661330641088373;22;0,9545454545454546;12,985319344889845;15,0;30;0,9666666666666667;12,220896643422478;15,0;0,47781543139095506;263,3193064530096;0,10776422382614322;0,2692900978523413;0,054284217225855726;0,08859640180213939;0,0;0,009047369537642621;0,0467581769227304;0,012063159383523495;0,12929749937691326;0,0;0,03799895205809901;0,09232377446376938;0,018094739075285242;0,21334772118780546;10,657343569117074;0,024729476736223163;0,14981990133061987;0,018094739075285242;0,2701077089158288;145,529996824152;0,029353687833240504;0,18760586437958443;0,012063159383523495;0,3014029432275425;205,96035685922124;0,028348424551280213;0,19499502097589427;0,012063159383523495;20260920;"{""passenger_counts"":[20260920,56,1,1],""city_assignment"":[20260920,56,1,2],""arrival_terminal_processing"":[20260920,56,1,3],""terminal_access"":[20260920,56,1,4],""departure_terminal_earliness"":[20260920,56,1,5]}";2.3.5;3;1;9e2996aeb831d5faa2fa8c3adde37aa96a667409ddc68899a53e2b87862c08fe;15;0,95;2026-07-30T21:08:55.222635+02:00;2026-08-01T00:46:51.650149+02:00;"{""aircraft_spec"":""1d92a29ff955ec8194720f659c80edf216b314fc10254dcf237d7a6f523202b4"",""config"":""7ead259693c46435e769cfce8a5758000255c9bd0ae648a9278403052013ecf4"",""flight_schedule"":""5871c8897f25c6a4b84d5aaf40fda1a067670fa574cb675c9adf829ad9c940f9"",""vertiport_network"":""8f37a94965fd8b2b9be9143f587c88446d15875ef5cba00cefde590914bba9b3""}";d3094d93f4535fbcbc60bb48f00a56a471fb58d21c5438d1e32bf1a9ee2190b6;c398ff11be193803520e0ccd99c35c3a87d8bb6a3e42dce0d1d33aa66c260c8e
low;n6;6;;57;completed;242;242;0;235;0,9710743801652892;12,488373658710133;15,0;20,822760536264227;18,04956944001172;0,04123409882335564;159;99;8553,873971308314;8314,884127120933;0,23663107973000397;22;-10092,584965504757;88095,9831567791;5049;-1,000444171950221e-11;0,3805031446540881;0,38372093023255816;0,35292719909246806;0,3637929221733714;35,34658665829882;21,667862161871653;44,80937907498512;0,18516272345035173;1,3719351901382941;6,142716132413565;33,452638873649654;42,64612901259952;50,653826905785806;3;141;0,0;8;3022,186425407852;9;3022,1864254078373;44,80937907498512;21,667862161871653;0,0;0,0;90,52448443254482;1;0,0;0,0;0;0,0;17,549246317138447;0;0,0;0,0;4;0,0;0,0;7;21,667862161871653;0,0;0;0,0;0,0;0;0,0;0,0;0;0,0;0,0;0;0,0;17,739775544657217;0;0,0;9,52035721318945;7;0,0;0,0;0;0,0;0,0;0;0,0;0,0;0;0,0;0,0;7;0,0;0,0;0;0,0;0,0;0;0,0;0,0;0;0,0;0,0;111,95194621850688;10,341666666666667;0,5537069869668597;4,3;2,8666666666666667;18,580293665000006;4,3;7,086666666666667;3,6666666666666665;0,0;16,660157736666672;9,086802595000004;8;619,0147998467789;0,7703438427547296;2;120,0;0,07415274248537015;4;459,0753859668257;0,3664769017600699;3;308,50596094805456;0,22466586189083482;3;275,6627680222885;0,20866610887214831;2;259,99969688368924;0,20245928269666935;0,6841037507283871;101;141;7;0,02892561983471076;15,0;44;21,860937028445527;0,02127659574468085;1,9380026446977152;3,544241971212129;1,5220125786163523;0,025157232704402517;27,274602256189958;27,497650635641996;32,08119633772197;37,71826874626506;43,2878754470347;101;1,0;12,481676383152589;15,0;9;1,0;13,483243716627664;15,0;53;1,0;11,315673658400048;15,0;28;0,8928571428571429;13,13072576489277;17,436553910644836;26;0,9230769230769231;13,133734901156945;16,754582845397724;25;0,92;13,252791380700428;15,438536835912526;0,5018582818670037;197,21726294133862;0,11936216429395259;0,28523445036838624;0,061106910048098595;0,059452959854619895;0,0;0,010184485008016431;0,0515646957981309;0,0;0,1334107513296603;0,0;0,044811734035272305;0,10823755130190224;0,04888552803847888;0,2511453078277586;82,4751934524645;0,03360880052645423;0,1943507000418684;0,0;0,22431522874589294;51,11770892897487;0,029127627122926995;0,17312030971712483;0,018332073014429576;0,22069499861166222;59,08709426718015;0,02566490222020141;0,1682872989449205;0,00611069100480986;20260920;"{""passenger_counts"":[20260920,57,1,1],""city_assignment"":[20260920,57,1,2],""arrival_terminal_processing"":[20260920,57,1,3],""terminal_access"":[20260920,57,1,4],""departure_terminal_earliness"":[20260920,57,1,5]}";2.3.5;3;1;499ec7deb6b2d3c98f3dd2798f2f410ead0ab4d43ddddcd131daf7f3589badfc;15;0,95;2026-07-30T21:11:47.415034+02:00;2026-08-01T00:28:15.983157+02:00;"{""aircraft_spec"":""1d92a29ff955ec8194720f659c80edf216b314fc10254dcf237d7a6f523202b4"",""config"":""7ead259693c46435e769cfce8a5758000255c9bd0ae648a9278403052013ecf4"",""flight_schedule"":""5871c8897f25c6a4b84d5aaf40fda1a067670fa574cb675c9adf829ad9c940f9"",""vertiport_network"":""8f37a94965fd8b2b9be9143f587c88446d15875ef5cba00cefde590914bba9b3""}";d3094d93f4535fbcbc60bb48f00a56a471fb58d21c5438d1e32bf1a9ee2190b6;c398ff11be193803520e0ccd99c35c3a87d8bb6a3e42dce0d1d33aa66c260c8e
low;n6;6;;58;completed;256;256;0;242;0,9453125;12,199972489009332;15,561698224900995;25,029823767173973;17,882691534568888;0,16406729428664193;158;92;8315,696467605538;8203,86442994972;0,2268388473612723;23;3191,1704838066908;89218,15748727233;4973;7,503331289626658e-12;0,4050632911392405;0,368;0,34138398506724604;0,3507450201262919;32,48318932658413;57,805671867910014;51,77607566324665;0,20225029555955723;1,334323278163629;6,142716132413503;32,59655807942761;42,79211432766755;52,026910915507806;6;127;0,0;9;3123,192957186389;13;3123,192957186376;51,77607566324665;57,80567186790995;0,0;0,0;84,81251702078178;1;0,0;0,0;0;0,0;32,40501885532503;0;0,0;0,0;14;10,785861217680456;0,0;14;33,928305468351454;0,0;3;10,0;0,0;0;0,0;0,0;0;0,0;0,0;3;0,0;11,549761191298785;0;0,0;7,821295616622835;14;0,0;0,0;1;0,0;0,0;0;0,0;0,0;0;0,0;0,0;14;3,0915051818780435;0,0;0;0,0;0,0;0;0,0;0,0;0;0,0;0,0;91,74236387427612;10,6;0,6348208170555093;4,166666666666667;2,7777777777777777;18,13001587000001;4,166666666666666;7,326666666666667;3,8333333333333335;0,0;16,514441128888894;8,560019185555557;9;751,3967425313435;1,1002042769781553;1;75,0;0,05230916665509529;3;389,90520411013654;0,3739820311956338;3;255,9444673124891;0,2372277063164787;3;253,67524309012163;0,2174725796205859;3;218,85745739884447;0,1970925178138203;0,6398622134975871;129;127;14;0,0546875;15,0;45;22,629371717071475;0,047244094488188976;3,4727577290672547;5,9260529832775015;1,620253164556962;0,0189873417721519;23,896385278740453;27,35247264782089;33,01337186666667;37,923227533579315;44,53913481544518;129;0,9767441860465116;12,228328040924685;15,0;5;1,0;15,0;15,0;47;1,0;11,408704729502293;15,0;26;0,8461538461538461;13,082041543685689;20,27024446534115;27;0,8888888888888888;11,54846344483351;16,90935043603719;22;0,8181818181818182;12,844905657916545;23,538689425064067;0,4000503559560683;61,19344119909965;0,13274904071137514;0,29796568251071653;0,07672011109413975;0,053571414551657516;0,0;0,013484140737757895;0,0455506756645429;0,020923666662038112;0,18669172798514025;0,0;0,046962007397018835;0,11248720638011617;0,01394911110802541;0,2375056745088025;33,25186177222531;0,034175322214662254;0,17370050177426766;0,01394911110802541;0,23965205918893925;108,65735739251356;0,032780411103859715;0,19289636816064462;0,006974555554012705;0,371086678562177;314,7898338172672;0,030455559252522142;0,24356982901944074;0,02789822221605082;20260920;"{""passenger_counts"":[20260920,58,1,1],""city_assignment"":[20260920,58,1,2],""arrival_terminal_processing"":[20260920,58,1,3],""terminal_access"":[20260920,58,1,4],""departure_terminal_earliness"":[20260920,58,1,5]}";2.3.5;3;1;1aecd79eaf4ba80e9d94d2ca618fd493b8c50c0f1c7ca5087a9b1f67eff1ecd0;15;0,95;2026-07-31T00:53:11.170484+02:00;2026-08-01T00:46:58.157487+02:00;"{""aircraft_spec"":""1d92a29ff955ec8194720f659c80edf216b314fc10254dcf237d7a6f523202b4"",""config"":""7ead259693c46435e769cfce8a5758000255c9bd0ae648a9278403052013ecf4"",""flight_schedule"":""5871c8897f25c6a4b84d5aaf40fda1a067670fa574cb675c9adf829ad9c940f9"",""vertiport_network"":""8f37a94965fd8b2b9be9143f587c88446d15875ef5cba00cefde590914bba9b3""}";d3094d93f4535fbcbc60bb48f00a56a471fb58d21c5438d1e32bf1a9ee2190b6;c398ff11be193803520e0ccd99c35c3a87d8bb6a3e42dce0d1d33aa66c260c8e
low;n6;6;;59;completed;261;261;0;243;0,9310344827586207;12,521716549993029;16,413930366666683;31,56507904375612;18,123311505517236;0,10417184404634332;175;101;9323,364069508301;9091,667121580691;0,23707805107198654;25;-9210,951888743826;88198,95760071477;5407;3,61524143954739e-11;0,37285714285714283;0,36594202898550726;0,3482133112594825;0,3543530971185885;35,72170141574062;79,56256110203277;55,26628339181853;0,21174821222918977;1,4300507583895523;6,139887465437763;32,643207928534395;42,61158837361484;53,53558349444866;2;130;0,0;8;3268,168019548181;10;3268,168019548172;55,266283391818526;79,5625611020327;0,0;0,0;91,85768348145368;0;0,0;0,0;0;0,0;31,828517844852467;0;0,0;0,0;11;13,523058012489976;0,0;14;27,325567984563502;0,0;7;29,65794240700173;0,0;2;6,565079043756123;0,0;0;0,0;0,0;2;0,0;17,76844582977028;3;0,09395328838157486;5,669319717195776;18;0,0;0,0;2;0,0;0,0;0;0,0;0,0;0;0,0;0,0;14;2,3969603658397927;0,0;0;0,0;0,0;0;0,0;0,0;0;0,0;0,0;105,1176299742007;11,270833333333332;0,7076979683991286;4,583333333333336;3,066666666666667;20,67988714500002;4,6;7,701666666666667;4,166666666666667;0,4554673948310483;18,47590644611112;9,870647365555566;8;717,2898874098507;1,0062073868146075;2;75,0;0,04659990546061723;3;443,9305957447814;0,3525569778378271;3;256,27791635853913;0,19315159473135698;3;232,21956346778163;0,18091002185677332;3;325,70414388691466;0,23361449287242886;0,6474759941271244;131;130;18;0,06896551724137934;15,0;43;23,256574742277735;0,015384615384615385;6,771169863012316;8,221242893518138;1,4914285714285713;0,03428571428571429;27,05830819151628;27,339259804915375;33,15071994059775;37,98795565310433;43,409500757418606;131;0,9465648854961832;12,470047134508345;15,706965183333372;6;1,0;12,609146036489033;15,0;45;0,8888888888888888;12,719460481874;17,930463252567854;24;0,9583333333333334;13,065888444809772;15,0;23;0,8695652173913043;12,769875981742222;17,091930255206496;32;0,9375;11,852274274025556;18,451993574627917;0,44608269469157025;154,7555582643999;0,13160878669523188;0,2752340578839541;0,09239306398261207;0,06029078857029889;0,0;0,01129248559787481;0,053515297211574005;0,0;0,16453769573318508;0,0;0,043116763191885635;0,12679726074614397;0,018478612796522416;0,26053823704113216;102,81179243643915;0,030797687994204025;0,21033898227384848;0,018478612796522416;0,22016929529937113;66,23996091828982;0,03449341055350851;0,16159948059389406;0,018478612796522416;0,26787321154654153;70,77197272482542;0,032029595513972185;0,192652110215836;0,006159537598840806;20260920;"{""passenger_counts"":[20260920,59,1,1],""city_assignment"":[20260920,59,1,2],""arrival_terminal_processing"":[20260920,59,1,3],""terminal_access"":[20260920,59,1,4],""departure_terminal_earliness"":[20260920,59,1,5]}";2.3.5;3;1;3659be446e345d010ea0d341b6e000f77ce5332ca27bcc4b549d65cb63577e91;15;0,95;2026-07-30T21:26:29.048111+02:00;2026-08-01T00:29:58.957601+02:00;"{""aircraft_spec"":""1d92a29ff955ec8194720f659c80edf216b314fc10254dcf237d7a6f523202b4"",""config"":""7ead259693c46435e769cfce8a5758000255c9bd0ae648a9278403052013ecf4"",""flight_schedule"":""5871c8897f25c6a4b84d5aaf40fda1a067670fa574cb675c9adf829ad9c940f9"",""vertiport_network"":""8f37a94965fd8b2b9be9143f587c88446d15875ef5cba00cefde590914bba9b3""}";d3094d93f4535fbcbc60bb48f00a56a471fb58d21c5438d1e32bf1a9ee2190b6;c398ff11be193803520e0ccd99c35c3a87d8bb6a3e42dce0d1d33aa66c260c8e
low;n6;6;;60;completed;250;250;0;244;0,976;12,178146651794886;15,0;18,13000356666671;17,729782087987893;0,02611554947976315;165;93;8583,812431058312;8414,593977997309;0,2279498074276214;22;-8239,731211795799;89002,07506625066;5105;1,864464138634503e-11;0,3787878787878788;0,36046511627906974;0,33246442109111124;0,34231014744510074;34,33524972423324;10,34452046458182;55,40885904825272;0,2216354361930109;1,7349386333612589;4,951472241605006;32,26705036663894;41,611467069398465;49,04223533693487;1;127;0,0;8;3044,536662948721;10;3044,536662948734;55,40885904825272;10,344520464581759;0,0;0,0;86,7810537465274;1;0,0;0,0;0;0,0;42,050340549945034;0;0,0;0,0;3;0,0;0,0;6;6,900895172173872;0,0;3;3,443625292407887;0,0;0;0,0;0,0;0;0,0;0,0;1;0,0;8,507502256104969;0;0,0;4,851016242202726;6;0,0;0,0;0;0,0;0,0;0;0,0;0,0;0;0,0;0,0;5;0,0;0,0;0;0,0;0,0;0;0,0;0,0;0;0,0;0,0;109,5606260520136;10,708333333333334;0,612187882843577;4,3;2,8666666666666667;18,719542315000023;4,3;7,333333333333333;3,6666666666666665;0,002320880219590941;17,279965498333347;8,606243483333346;8;710,3542736941585;0,911308704293125;2;105,27258344590703;0,06988177838696745;3;375,0;0,29740768667157536;3;270,0;0,20394272027285604;3;198,06520254232493;0,14695585315565368;3;330,0;0,24903890735576398;0,6760094052885663;123;127;6;0,02400000000000002;15,0;37;21,75;0,007874015748031496;3,3166747839299204;3,3166747839299204;1,5151515151515151;0,024242424242424242;27,011612855012903;27,072325141108287;32,99919331309696;37,29816219923949;42,2948395661254;123;0,967479674796748;12,007764835009429;15,0;8;0,875;14,157146575564298;15,177179239839571;41;1,0;11,756284818259864;15,0;27;1,0;12,241826232463508;15,0;20;0,95;11,908543836655932;15,153260127116248;31;1,0;13,019888809024494;15,0;0,4914019473794995;183,23884000362432;0,12155265777563524;0,27498855337850425;0,06170185673890114;0,06997985974686136;0,0;0,015425464184725285;0,046920400652486045;0,006170185673890115;0,09396677216871534;0,0;0,0415459168708601;0,0745448257323728;0,03085092836945057;0,26478018550163424;86,32790007286725;0,032907656927413945;0,20768025712673524;0,006170185673890115;0,27049804956423124;139,7157445219982;0,024886415551356796;0,1756187576054826;0,01234037134778023;0,2534343712813275;84,10109719530622;0,028999872667283537;0,20209091679077676;0,018510557021670343;20260920;"{""passenger_counts"":[20260920,60,1,1],""city_assignment"":[20260920,60,1,2],""arrival_terminal_processing"":[20260920,60,1,3],""terminal_access"":[20260920,60,1,4],""departure_terminal_earliness"":[20260920,60,1,5]}";2.3.5;3;1;0cc66f2bb12e9ab8bea20cdb9f26cd89f6156b1e5456c414b715be8dc55c58a9;15;0,95;2026-07-30T21:42:40.268788+02:00;2026-08-01T00:43:22.075066+02:00;"{""aircraft_spec"":""1d92a29ff955ec8194720f659c80edf216b314fc10254dcf237d7a6f523202b4"",""config"":""7ead259693c46435e769cfce8a5758000255c9bd0ae648a9278403052013ecf4"",""flight_schedule"":""5871c8897f25c6a4b84d5aaf40fda1a067670fa574cb675c9adf829ad9c940f9"",""vertiport_network"":""8f37a94965fd8b2b9be9143f587c88446d15875ef5cba00cefde590914bba9b3""}";d3094d93f4535fbcbc60bb48f00a56a471fb58d21c5438d1e32bf1a9ee2190b6;c398ff11be193803520e0ccd99c35c3a87d8bb6a3e42dce0d1d33aa66c260c8e
low;n6;6;;61;completed;242;242;0;232;0,9586776859504132;12,793237410457674;15,0;22,958360569614765;18,184165518734922;0,007152445430037533;175;92;8953,582945158309;8788,913671437791;0,23316807545579035;23;-10944,518164317491;88700,4720423454;5240;1,9554136088117957e-11;0,3457142857142857;0,3445692883895131;0,31230352264797356;0,3235598272489354;36,99827663288557;21,259236247737682;61,10460220309412;0,2524983562111327;1,6502352903826552;5,496129012059707;32,82624547114512;42,828425565860975;46,65764338319702;1;127;0,0;7;3095,963453330757;9;3095,963453330768;61,10460220309412;21,259236247737682;0,0;0,0;88,82577285401862;2;0,0;0,0;0;0,0;43,16486820483157;0;0,0;0,0;7;10,79052786072886;0,0;8;10,27026109326016;0,0;2;0,0;0,0;0;0,0;0,0;0;0,0;0,0;4;0,0;11,807806626673967;0;0,0;6,131927371588578;10;0,0;0,0;1;0,0;0,0;0;0,0;0,0;0;0,0;0,0;8;0,19844729374866196;0,0;0;0,0;0,0;0;0,0;0,0;0;0,0;0,0;111,5436504214118;10,875;0,8251594102129992;4,45;2,966666666666667;19,69969005500002;4,45;7,3533333333333335;3,8333333333333335;0,07815045781343037;18,647822996111124;8,468533725555563;7;744,3948198598822;0,836368148603986;2;105,0;0,0749117463776892;3;360,4880173210724;0,26686524665850614;3;347,9346991975006;0,24239675113222894;3;350,4512099106163;0,2432659414369558;2;295,99598243612223;0,20038831669180096;0,6716463127151974;115;127;10;0,04132231404958675;15,0;40;22,30648340150556;0,007874015748031496;0,9083605696147666;0,9083605696147666;1,3828571428571428;0,011428571428571429;27,679163946295247;26,919810689334692;32,33308450769238;38,17459192711519;43,81799539321666;115;1,0;12,078245793740429;15,0;9;1,0;13,823296729942323;15,0;36;0,9722222222222222;12,311011523048851;15,0;31;0,9354838709677419;12,985818221880567;15,114151068542622;28;0,9285714285714286;14,428709733392909;16,702377702676436;23;0,782608695652174;14,469341923394323;17,400361694490964;0,4852961578410414;195,6321007433561;0,12163180481891984;0,2734488464964651;0,042149635333289054;0,06559996459562345;0,0;0,01103919020633761;0,058871413469513724;0,006021376476184151;0,14823842263800574;0,0;0,03913894709519698;0,10974458456225364;0,036128258857104904;0,2337482554763232;62,24990299123862;0,03412113336504352;0,1730530366856787;0,018064129428552452;0,24776882807457198;134,32874847122827;0,03271614552060055;0,14400804784666413;0,024085505904736605;0,21068425560336057;52,208515120544625;0,0293040321840962;0,18879205081043318;0,012042752952368303;20260920;"{""passenger_counts"":[20260920,61,1,1],""city_assignment"":[20260920,61,1,2],""arrival_terminal_processing"":[20260920,61,1,3],""terminal_access"":[20260920,61,1,4],""departure_terminal_earliness"":[20260920,61,1,5]}";2.3.5;3;1;53a54501e1db0b8901f3f8350fc922452dc1f5066d1976d81d7c7578fdab419b;15;0,95;2026-07-30T20:57:35.481836+02:00;2026-08-01T00:38:20.472042+02:00;"{""aircraft_spec"":""1d92a29ff955ec8194720f659c80edf216b314fc10254dcf237d7a6f523202b4"",""config"":""7ead259693c46435e769cfce8a5758000255c9bd0ae648a9278403052013ecf4"",""flight_schedule"":""5871c8897f25c6a4b84d5aaf40fda1a067670fa574cb675c9adf829ad9c940f9"",""vertiport_network"":""8f37a94965fd8b2b9be9143f587c88446d15875ef5cba00cefde590914bba9b3""}";d3094d93f4535fbcbc60bb48f00a56a471fb58d21c5438d1e32bf1a9ee2190b6;c398ff11be193803520e0ccd99c35c3a87d8bb6a3e42dce0d1d33aa66c260c8e
low;n6;6;;62;completed;256;256;0;244;0,953125;12,274775680781952;15,000000000000002;44,60878529040977;18,02542475589088;0,27936952447550323;159;86;8200,273637544431;7979,399621260119;0,23316807545578966;22;-8766,188411484345;87700,24785119332;4911;3,296918293926865e-12;0,4025157232704403;0,3510204081632653;0,31966061796199596;0,3306216222710064;32,032318896657934;79,9207313978853;51,66616322788641;0,20182095010893128;1,270232338892947;5,5438400919124735;33,06861016822706;43,08370577648627;69,80097324911792;4;134;0,0;10;3142,34257428018;13;3142,3425742802024;51,66616322788641;79,92073139788529;0,0;0,0;83,76892167431099;0;0,0;0,0;0;0,0;26,023412400321376;0;0,0;0,9692581031905623;11;49,54599362309139;0,0;7;7,32479639842301;0,0;6;21,15844499366455;0,0;0;0,0;0,0;0;0,0;0,0;0;0,0;19,165361749269625;1;0,0;5,508130975104844;12;0,0;0,0;1;0,0;0,0;0;0,0;0,0;0;0,0;0,0;7;1,8914963827063427;0,0;0;0,0;0,0;0;0,0;0,0;0;0,0;0,0;109,634705000854;10,633333333333333;0,6063482080534808;4,083333333333333;2,7222222222222223;18,00411834000003;4,083333333333333;7,343333333333334;3,6666666666666665;0,0;16,878998206666683;7,930675688888904;10;725,1977093533347;0,9255484281261857;1;45,0;0,027989009489766084;4;430,46995311765664;0,3720260634421311;4;258,1831384632255;0,20649606497413264;3;231,04083147607915;0,20824241691618225;3;286,3483783831775;0,2141659310876899;0,6819037330392461;122;134;12;0,046875;15,0;50;22,13819199106474;0,029850746268656716;9,358879069929358;24,90878529040977;1,610062893081761;0,03773584905660377;26,796232295188236;27,41809065566559;33,16455771745157;38,213113008021836;43,87263399691533;122;0,9672131147540983;12,197316728122429;15,0;3;1,0;15,0;15,0;52;0,9807692307692307;11,50257324906898;15,0;27;0,8888888888888888;12,296258944642537;18,205895040866814;25;0,92;13,392269225753894;22,94667887261183;27;0,9259259259259259;12,752977864757808;19,243735208964274;0,42730817543901467;8,397787230116228;0,11112673397418238;0,24585761543586096;0,062197798866146854;0,16056488925261114;102,24710567421958;0,008915017837481049;0,08364633911748123;0,0;0,13964711240341993;0,0;0,04291648121764133;0,10566372358337212;0,043538459206302796;0,2574271492916787;36,85052870627478;0,026330401520002166;0,13835847637254153;0,006219779886614685;0,3316318985008973;210,1614289707323;0,03130622542929391;0,20609660429920762;0,01243955977322937;0,22622517976379095;89,76052375540033;0,03337948539149881;0,1860710491962781;0,01243955977322937;20260920;"{""passenger_counts"":[20260920,62,1,1],""city_assignment"":[20260920,62,1,2],""arrival_terminal_processing"":[20260920,62,1,3],""terminal_access"":[20260920,62,1,4],""departure_terminal_earliness"":[20260920,62,1,5]}";2.3.5;3;1;1065296dd50387f054daa5118157aca28ddae60ceaf499cd9fb530a6fda4b51d;15;0,95;2026-07-30T21:33:53.811589+02:00;2026-08-01T00:21:40.247851+02:00;"{""aircraft_spec"":""1d92a29ff955ec8194720f659c80edf216b314fc10254dcf237d7a6f523202b4"",""config"":""7ead259693c46435e769cfce8a5758000255c9bd0ae648a9278403052013ecf4"",""flight_schedule"":""5871c8897f25c6a4b84d5aaf40fda1a067670fa574cb675c9adf829ad9c940f9"",""vertiport_network"":""8f37a94965fd8b2b9be9143f587c88446d15875ef5cba00cefde590914bba9b3""}";d3094d93f4535fbcbc60bb48f00a56a471fb58d21c5438d1e32bf1a9ee2190b6;c398ff11be193803520e0ccd99c35c3a87d8bb6a3e42dce0d1d33aa66c260c8e
low;n6;6;;63;completed;218;218;0;213;0,9770642201834863;11,984668076646791;15,0;20,160420017967166;17,549679440276883;0,0031789728917972055;142;69;6963,724003188877;6852,242354430138;0,23749854186424063;19;-10526,237657595097;89165,56331557293;4227;3,808509063674137e-11;0,38380281690140844;0,32701421800947866;0,28147132682679826;0,29761494818135703;31,94368808802237;10,80419099063074;26,672477271360066;0,12235081317137644;0,730634333450871;4,2121754307906185;32,074245965889446;41,943815663548335;46,814541263983365;1;106;0,0;7;2612,6576407090006;9;2612,657640708988;26,672477271360034;10,80419099063074;0,0;0,0;85,19012639770399;0;0,0;0,0;0;0,0;13,636610557263095;0;0,0;0,0;3;0,0;0,0;5;5,802523268112054;0,0;2;4,784193671218236;0,0;0;0,0;0,0;0;0,0;0,0;1;0,0;11,852750947356117;2;0,0;1,1831157667408205;5;0,0;0,0;0;0,0;0,0;0;0,0;0,0;0;0,0;0,0;5;0,2174740513004508;0,0;0;0,0;0,0;0;0,0;0,0;0;0,0;0,0;122,61134929819733;9,275;0,3116705259718866;3,5166666666666666;2,3444444444444446;15,047204020000027;3,5166666666666666;6,363333333333333;3,1666666666666665;0,0;15,02322392944446;5,885091201666677;7;653,6722066180276;0,8154537958372353;1;45,227706307891154;0,02722051715370103;3;293,8027966960673;0,23774277118691728;3;240,63187099355417;0,18593859892525952;3;240,0;0,1690924912438315;4;179,4122433145385;0,13699265741946853;0,7379424271682968;112;106;5;0,022935779816513735;15,0;23;21,75;0,009433962264150943;0,33697112653050376;0,33697112653050376;1,5352112676056338;0,035211267605633804;27,692166936991118;26,980249829064707;32,116298387398196;37,4565815066854;42,936760101099765;112;0,9821428571428571;12,097329987711317;15,0;3;0,6666666666666666;15,075902102630385;15,20493567710204;33;1,0;11,970204559583626;15,0;26;0,9615384615384616;11,882406280311978;15,0;22;1,0;12,770556805406974;15,0;22;0,9545454545454546;10,34624601382352;15,0;0,5092890565771256;212,0136700477034;0,09348812950533887;0,2642433278760213;0,08425968753700071;0,15638012115093428;109,4276715644793;0,010030915182976274;0,05460045711877258;0,0;0,13660482696074547;0,0;0,03250016519284313;0,08182062789624088;0,0060185491097857645;0,20092309703402697;60,1871019917647;0,025679142868419262;0,16578086914508972;0,0060185491097857645;0,19517759473488092;43,369833813098076;0,027685325905014515;0,1606854665974551;0,0060185491097857645;0,26892919916888214;137,58997224324182;0,02226863170620733;0,20072484589846293;0,012037098219571529;20260920;"{""passenger_counts"":[20260920,63,1,1],""city_assignment"":[20260920,63,1,2],""arrival_terminal_processing"":[20260920,63,1,3],""terminal_access"":[20260920,63,1,4],""departure_terminal_earliness"":[20260920,63,1,5]}";2.3.5;3;1;e92438af6acced861fd353b43e9aed9274b179aae6c0de1bcd702de53665bda5;15;0,95;2026-07-30T21:04:33.762342+02:00;2026-08-01T00:46:05.563316+02:00;"{""aircraft_spec"":""1d92a29ff955ec8194720f659c80edf216b314fc10254dcf237d7a6f523202b4"",""config"":""7ead259693c46435e769cfce8a5758000255c9bd0ae648a9278403052013ecf4"",""flight_schedule"":""5871c8897f25c6a4b84d5aaf40fda1a067670fa574cb675c9adf829ad9c940f9"",""vertiport_network"":""8f37a94965fd8b2b9be9143f587c88446d15875ef5cba00cefde590914bba9b3""}";d3094d93f4535fbcbc60bb48f00a56a471fb58d21c5438d1e32bf1a9ee2190b6;c398ff11be193803520e0ccd99c35c3a87d8bb6a3e42dce0d1d33aa66c260c8e
low;n6;6;;64;completed;236;236;0;224;0,9491525423728814;12,620740141222875;15,022289387335082;29,034342592780376;18,30287890702888;0,35580000934279454;157;85;8098,421918577764;7963,358601424363;0,2279498074276214;21;-7923,885855118862;89009,13533466535;4792;2,3419488570652902e-11;0,37579617834394907;0,3512396694214876;0,32453610351200873;0,3338713047953579;34,315347112617644;88,57613191818722;42,984748730218065;0,18213876580600877;1,2011997826052114;5,9036226565684045;33,1952077120455;43,37641129664927;56,38637542314446;8;122;0,0;9;2978,4946733285983;13;2978,4946733285897;42,984748730218065;88,57613191818716;0,0;0,0;89,26351324059436;1;4,173415012276109;0,0;0;0,0;19,960151916403294;0;0,0;0,0;8;37,2967930318983;0,0;10;31,686593580801734;0,0;4;9,281470689228293;0,0;0;0,0;0,0;0;0,0;0,0;0;0,0;14,912682756561496;2;1,8182435442596518;8,111914057253276;12;0,0;0,0;5;0,0;0,0;0;0,0;0,0;0;0,0;0,0;9;4,319616059723073;0,0;0;0,0;0,0;0;0,0;0,0;0;0,0;0,0;111,74044077068815;10,15;0,5865995697274626;4,033333333333333;2,688888888888889;17,776961120000024;4,033333333333333;6,943333333333333;3,5;0,10214496700294047;16,548313841111124;7,950869501111122;9;620,853568556357;0,8416077212276846;1;75,0;0,04642380836546397;3;463,68545298545877;0,35734296746815736;3;261,0282350428036;0,1665304537268123;5;308,03535393273916;0,25226606706903343;3;259,59222814289353;0,1794698612383425;0,6916555745347871;114;122;12;0,05084745762711862;15,0;28;23,044227829655096;0,06557377049180328;5,425950142477617;10,981416328325485;1,5031847133757963;0,06369426751592357;26,925839219384503;27,440658999216787;32,841147208590364;38,572408968295285;47,878747345883326;114;1,0;11,926839046089055;15,0;5;1,0;15,0;15,0;49;0,9795918367346939;11,781746067214717;15,0;20;0,85;13,451916666537896;24,0122770506486;28;0,7857142857142857;14,55530477658699;25,434260380711788;20;0,9;14,497129885286572;22,01967866546429;0,48954642829899014;197,7658758713354;0,11368674848609175;0,2828286947180285;0,061898411153951956;0,04456602343265015;1,0147000714315557;0,009284761673092792;0,03899516642879447;0,024759364461580783;0,10424782227089778;0,0;0,04374154388212605;0,08952220146578287;0,006189841115395196;0,22972345245391027;19,348222948535962;0,027441628944918698;0,198124710637042;0,012379682230790391;0,33081243291655504;201,3275479326404;0,0325998298744147;0,21382725015812964;0,018569523346185585;0,2628250047222413;122,20349653390961;0,022902412126962222;0,17910327877414564;0,006189841115395196;20260920;"{""passenger_counts"":[20260920,64,1,1],""city_assignment"":[20260920,64,1,2],""arrival_terminal_processing"":[20260920,64,1,3],""terminal_access"":[20260920,64,1,4],""departure_terminal_earliness"":[20260920,64,1,5]}";2.3.5;3;1;d936a8a087783b0eca5cc74274902c09aa1d145ae8eeb5103ae48e396d0f6d69;15;0,95;2026-07-30T21:47:56.114145+02:00;2026-08-01T00:43:29.135335+02:00;"{""aircraft_spec"":""1d92a29ff955ec8194720f659c80edf216b314fc10254dcf237d7a6f523202b4"",""config"":""7ead259693c46435e769cfce8a5758000255c9bd0ae648a9278403052013ecf4"",""flight_schedule"":""5871c8897f25c6a4b84d5aaf40fda1a067670fa574cb675c9adf829ad9c940f9"",""vertiport_network"":""8f37a94965fd8b2b9be9143f587c88446d15875ef5cba00cefde590914bba9b3""}";d3094d93f4535fbcbc60bb48f00a56a471fb58d21c5438d1e32bf1a9ee2190b6;c398ff11be193803520e0ccd99c35c3a87d8bb6a3e42dce0d1d33aa66c260c8e
low;n6;6;;65;completed;276;276;0;257;0,9311594202898551;12,573802052188723;17,464522217412892;38,96742221288041;18,351050632281236;0,6679868419594989;174;107;9404,588395419414;9180,839203064348;0,22728537642410118;25;-8285,022011943816;89344,32666154936;5531;6,195932655828074e-11;0,39655172413793105;0,3807829181494662;0,3555348419987641;0,3643602395689906;34,07459563557759;141,701277605216;66,52060810553395;0,24101669603454332;1,6666365601641093;5,894629449382744;33,247930570970944;46,19540732349064;63,32531992391717;15;143;0,0;7;3470,369366404088;12;3470,369366404111;66,52060810553381;141,70127760521595;0,0;0,0;87,17422374961066;5;3,462687398827135;0,0;0;0,0;35,45430830925555;0;0,0;3,1993044150052206;13;45,255029721595264;0,0;18;43,05380413596853;0,0;9;43,13388905089608;0,0;0;0,0;0,0;0;0,0;0,0;5;0,795867297928938;18,084423289136126;1;0,0;9,782572092136919;18;0,0;0,0;1;0,0;0,0;0;0,0;0,0;0;0,0;0,0;17;6,0;0,0;0;0,0;0,0;0;0,0;0,0;0;0,0;0,0;105,05052157801356;11,55;0,852782123919861;4,683333333333334;3,1222222222222222;20,646721865000007;4,683333333333334;7,96;4,166666666666666;0,0;18,33650146333334;10,11577595722222;7;770,5715473922937;0,9851400039715735;2;75,0;0,04827356347761598;5;483,115779583937;0,4041940036493725;6;207,54423302976724;0,1980245607460746;4;307,134155481092;0,2570248048228499;3;341,2663597425561;0,24012551874572405;0,6456082500110047;133;143;19;0,0688405797101449;15,0;53;24,452072925986492;0,1048951048951049;6,368141226680556;19,267422212880412;1,5862068965517242;0,04597701149425287;27,119263520414773;27,107199021969066;31,719634688864172;38,95924033332933;49,43076121905279;133;0,9849624060150376;12,052453250619951;15,0;6;1,0;13,09143489018938;15,0;52;0,9615384615384616;12,647819651929412;15,0;26;0,8076923076923077;12,392954414739645;24,73768327607827;31;0,8064516129032258;13,490948541820723;21,23588221179948;28;0,8571428571428571;13,954344044660546;24,645630751045204;0,4995252849011214;231,83698362074048;0,13336153704705592;0,2801163963897666;0,079894008369204;0,04545558683560449;0,0;0,012291385902954463;0,038080755293831814;0,0;0,13535945582915804;0,0;0,04711697929465877;0,10628559276518706;0,030728464757386154;0,17459763801228864;29,40247011556433;0,027245905418215723;0,12007938557658387;0,0061456929514772315;0,20197473895065485;59,32567321262234;0,03134303405253388;0,1586507026975744;0,018437078854431695;0,28410038744882277;127,22286814561825;0,03646444484543157;0,23750681907777796;0,018437078854431674;20260920;"{""passenger_counts"":[20260920,65,1,1],""city_assignment"":[20260920,65,1,2],""arrival_terminal_processing"":[20260920,65,1,3],""terminal_access"":[20260920,65,1,4],""departure_terminal_earliness"":[20260920,65,1,5]}";2.3.5;3;1;71e503b96c8738c2e13c4916667ac27d9a094283b29926625189d68abfee7cca;15;0,95;2026-07-30T21:41:54.977988+02:00;2026-08-01T00:49:04.326662+02:00;"{""aircraft_spec"":""1d92a29ff955ec8194720f659c80edf216b314fc10254dcf237d7a6f523202b4"",""config"":""7ead259693c46435e769cfce8a5758000255c9bd0ae648a9278403052013ecf4"",""flight_schedule"":""5871c8897f25c6a4b84d5aaf40fda1a067670fa574cb675c9adf829ad9c940f9"",""vertiport_network"":""8f37a94965fd8b2b9be9143f587c88446d15875ef5cba00cefde590914bba9b3""}";d3094d93f4535fbcbc60bb48f00a56a471fb58d21c5438d1e32bf1a9ee2190b6;c398ff11be193803520e0ccd99c35c3a87d8bb6a3e42dce0d1d33aa66c260c8e
low;n6;6;;66;completed;219;219;0;206;0,9406392694063926;12,844229494737949;15,976147075533897;26,498990161941766;18,383916269989587;0,23165760081955564;150;94;8248,484224147205;8066,082717445874;0,23316807545579166;20;-7853,132158140103;88765,59673259297;4731;-2,2282620193436742e-11;0,365;0,38524590163934425;0,36479285665424666;0,371870898274769;37,664311525786324;69,76698527794596;59,94140378010898;0,27370504009182184;1,7057626453314634;6,02731765493833;33,11425495894242;42,87055846930401;53,326278267866655;6;115;0,0;8;2812,8862593476106;10;2812,8862593476347;59,94140378010898;69,76698527794596;0,0;0,0;81,84957481620405;3;0,3541499075939403;0,0;0;0,0;35,076504402532464;0;0,0;1,4298156437267608;10;21,505480207455186;0,0;10;32,614292178612835;0,0;2;11,56864661761956;0,0;0;0,0;0,0;0;0,0;0,0;2;0,0;17,243652057653282;4;0,7244163666644454;6,191431676196468;13;0,0;0,0;0;0,0;0,0;0;0,0;0,0;0;0,0;0,0;10;3,0;0,0;0;0,0;0,0;0;0,0;0,0;0;0,0;0,0;111,69457634465996;9,5625;0,7708165004507732;4,066666666666666;2,711111111111113;18,310544195;4,066666666666666;6,515000000000002;3,333333333333334;0,0;15,93628133166667;9,152040641111107;8;681,4662825295476;0,7751764628512027;2;135,0;0,09045774442855116;3;361,3355248133113;0,30836919578048555;2;257,99958175861843;0,17178775647741432;2;233,48415347426064;0,15901076915430326;3;313,90641159516986;0,24199372364708038;0,6936206528093097;104;115;13;0,05936073059360736;15,0;47;23,65464691586971;0,05217391304347826;4,44010401570815;7,461471129198981;1,46;0,013333333333333334;26,838535802981408;27,393013507022086;33,44956382080433;38,28824722850515;45,43577609559451;104;0,9615384615384616;12,00265456838105;15,0;10;1,0;14,566520475015674;15,0;41;0,975609756097561;12,111479563157772;15,0;19;0,8947368421052632;14,559574271788216;22,000431453203152;18;0,9444444444444444;14,225387403357933;16,272623021139086;27;0,8148148148148148;14,432793813775456;22,339947576284498;0,4599815618505546;152,30455912730764;0,11716154962876693;0,25616346425900083;0,06209976128733232;0,037533331932374354;0,0;0,010349960214555459;0,03132335580364112;0,01241995225746646;0,11079373464254012;0,0;0,03932984881531046;0,09021355944926587;0,00620997612873323;0,2850576668255414;107,47016236166128;0,028565890192172858;0,14900433749875705;0,01862992838619969;0,2678838036632855;154,73728243485155;0,025460902127806242;0,15753292758974113;0,01241995225746646;0,3405994010592847;272,25395299202233;0,03167087825653947;0,2380735846990949;0,01241995225746646;20260920;"{""passenger_counts"":[20260920,66,1,1],""city_assignment"":[20260920,66,1,2],""arrival_terminal_processing"":[20260920,66,1,3],""terminal_access"":[20260920,66,1,4],""departure_terminal_earliness"":[20260920,66,1,5]}";2.3.5;3;1;0c8ed34a59dac7ff8b48f3fe9781a3814f651cbafaae99d348c367cbfac6fd44;15;0,95;2026-07-30T21:49:06.867842+02:00;2026-08-01T00:39:25.596733+02:00;"{""aircraft_spec"":""1d92a29ff955ec8194720f659c80edf216b314fc10254dcf237d7a6f523202b4"",""config"":""7ead259693c46435e769cfce8a5758000255c9bd0ae648a9278403052013ecf4"",""flight_schedule"":""5871c8897f25c6a4b84d5aaf40fda1a067670fa574cb675c9adf829ad9c940f9"",""vertiport_network"":""8f37a94965fd8b2b9be9143f587c88446d15875ef5cba00cefde590914bba9b3""}";d3094d93f4535fbcbc60bb48f00a56a471fb58d21c5438d1e32bf1a9ee2190b6;c398ff11be193803520e0ccd99c35c3a87d8bb6a3e42dce0d1d33aa66c260c8e
low;n6;6;;67;completed;261;261;0;250;0,9578544061302682;12,460081179951043;15,0;22,743833216555384;17,999166791734453;0,01009950261904773;172;99;9154,221364172194;8909,783013328715;0,2258349084487467;23;-10447,56703891835;88943,4920320195;5355;4,490630090003833e-11;0,3793604651162791;0,36531365313653136;0,3395483601818908;0,3484715971376837;35,07364507345668;29,925433321266308;66,45134467546958;0,25460285316271875;1,6100803800184318;5,894629449382774;32,973532555258664;42,32830967020503;46,46614879889109;1;140;0,0;9;3252,081187967223;11;3252,0811879671733;66,45134467546958;29,925433321266247;0,0;0,0;88,25089256363262;1;0,0;0,0;0;0,0;45,359692037332664;0;0,0;2,0707910251650903;6;10,304063662686652;0,0;10;10,969930958579546;0,0;3;7,651438700000047;0,0;0;0,0;0,0;0;0,0;0,0;1;0,0;18,718969187042966;0;0,0;0,3018924259288724;11;0,0;0,0;0;0,0;0,0;0;0,0;0,0;0;0,0;0,0;10;1,0;0,0;0;0,0;0,0;0;0,0;0,0;0;0,0;0,0;109,87470066666707;11,17083333333333;0,7893236104508304;4,500000000000002;3,011111111111111;20,30412973000001;4,516666666666667;7,651666666666666;3,8333333333333335;0,0;18,38162895277779;9,450278555;9;718,6681141215325;0,9368704336610842;3;75,0;0,05586680059617175;4;345,19830311219613;0,310201797628783;2;242,96337186666668;0,16921364252092522;3;328,80795930489353;0,2519837395265115;2;350,52161551712976;0,23906704824885122;0,6632872314294194;121;140;11;0,04214559386973182;15,0;46;22,079154263014182;0,007142857142857143;1,413930366666682;1,413930366666682;1,5174418604651163;0,01744186046511628;27,608627519704957;27,57980060954084;33,3241364666667;37,635258022629074;43,41928817949487;121;0,9586776859504132;12,82597033248264;15,0;8;1,0;11,568042662830024;15,0;44;0,9772727272727273;11,6785171181945;15,0;21;0,9523809523809523;13,34787550746495;15,0;36;0,9722222222222222;11,594875342683018;15,0;31;0,9032258064516129;12,774799523879741;16,123739525231514;0,4351476312972016;133,69238278405615;0,12395481158126016;0,2701016318898193;0,03622056182569291;0,08084231425671229;0,0;0,010061267173803585;0,05851004150450916;0,0;0,14246663226783038;0,0;0,040647519382166486;0,11034179529464302;0,03622056182569291;0,3233960918122073;266,61367473116843;0,028775224117078255;0,18956633487686692;0,03622056182569291;0,19577179503396402;40,382426438383;0,03279973098659969;0,12972913271097308;0,012073520608564302;0,3055699771636346;166,10140627733938;0,03642178716916898;0,18945445978573588;0,018110280912846454;20260920;"{""passenger_counts"":[20260920,67,1,1],""city_assignment"":[20260920,67,1,2],""arrival_terminal_processing"":[20260920,67,1,3],""terminal_access"":[20260920,67,1,4],""departure_terminal_earliness"":[20260920,67,1,5]}";2.3.5;3;1;7b1560ba17c9d03a86aa0802f3a4f62e4f38fe0687ec142dccfb16b5865b0598;15;0,95;2026-07-30T21:05:52.432961+02:00;2026-08-01T00:42:23.492032+02:00;"{""aircraft_spec"":""1d92a29ff955ec8194720f659c80edf216b314fc10254dcf237d7a6f523202b4"",""config"":""7ead259693c46435e769cfce8a5758000255c9bd0ae648a9278403052013ecf4"",""flight_schedule"":""5871c8897f25c6a4b84d5aaf40fda1a067670fa574cb675c9adf829ad9c940f9"",""vertiport_network"":""8f37a94965fd8b2b9be9143f587c88446d15875ef5cba00cefde590914bba9b3""}";d3094d93f4535fbcbc60bb48f00a56a471fb58d21c5438d1e32bf1a9ee2190b6;c398ff11be193803520e0ccd99c35c3a87d8bb6a3e42dce0d1d33aa66c260c8e
low;n6;6;;68;completed;245;245;0;235;0,9591836734693877;12,228746854699484;15,0;24,197427841809017;17,89707524847931;0,09205854381047547;161;87;8251,933099111096;8109,494860537842;0,23316807545579066;21;-8548,045934382333;88905,39049887864;4908;2,034994395216927e-11;0,3804347826086957;0,35080645161290325;0,31765862916846327;0,3293130433069139;33,68135958820856;45,98549849525995;49,99045647605767;0,20404267949411295;1,3716886147927048;4,587058679174758;32,64327194422757;42,40841138520025;50,464213098733794;4;124;0,0;9;2996,042979401374;10;2996,0429794013776;49,99045647605767;45,98549849525989;0,0;0,0;80,13517922159957;0;0,0;0,0;0;0,0;30,82623855973064;0;0,0;0,0;7;5,156285328187126;0,0;9;20,731549974316174;0,0;5;16,18996112508988;0,0;0;0,0;0,0;0;0,0;0,0;0;0,0;16,279823913511716;2;1,9077020676667114;2,8843940028153154;10;0,0;0,0;0;0,0;0,0;0;0,0;0,0;0;0,0;0,0;9;2,0;0,0;0;0,0;0,0;0;0,0;0,0;0;0,0;0,0;111,66792189236627;10,47083333333333;0,5885934075133362;4,133333333333334;2,7555555555555555;17,99782320000002;4,133333333333334;7,175;3,5;0,0;16,981233242222235;7,905478846666673;9;673,5530651041537;0,900066613837008;1;60,0;0,03694071888850618;3;413,2003080815377;0,35172700467636747;2;218,5160236250898;0,14359184328696104;3;260,80998254848856;0,19969260922208704;3;285,0;0,21258090142154784;0,687515551914928;121;124;10;0,04081632653061229;15,0;37;22,293388196735446;0,03225806451612903;2,8538148581247396;4,831671163281256;1,5217391304347827;0,049689440993788817;27,070399009239157;27,445459327749663;33,18000356666671;37,715331029661655;43,697330949757664;121;0,9752066115702479;12,081898696593017;15,0;4;1,0;15,0;15,0;51;0,9019607843137255;11,201635716369172;16,13203789078131;16;0,9375;14,576581845938154;17,129005906272443;25;0,96;12,973820666011123;15,0;28;1,0;12,331392478339362;15,0;0,5337227302678098;77,46109945557552;0,11205351396180209;0,2725092471382428;0,055411078332759274;0,049548519361086715;5,877711533127149;0,009235179722126546;0,042161854615169324;0,0;0,16128270363147917;0,0;0,04514976753039644;0,1034385325787544;0,012313572962835395;0,12021981317808281;16,196008618090612;0,030168253758946714;0,10205729305790061;0,03694071888850618;0,2501327653216304;136,72199496591136;0,028936896462663175;0,1606190752548983;0,006156786481417697;0,1966987864053951;66,39421102177148;0,028936896462663175;0,15088253485237754;0,01847035944425309;20260920;"{""passenger_counts"":[20260920,68,1,1],""city_assignment"":[20260920,68,1,2],""arrival_terminal_processing"":[20260920,68,1,3],""terminal_access"":[20260920,68,1,4],""departure_terminal_earliness"":[20260920,68,1,5]}";2.3.5;3;1;c4893afa8cdb51ab57f9d7ea3c56028c4f5ef752efe0c3cb29e3ffdc3844bbb2;15;0,95;2026-07-30T21:37:31.954066+02:00;2026-08-01T00:41:45.390499+02:00;"{""aircraft_spec"":""1d92a29ff955ec8194720f659c80edf216b314fc10254dcf237d7a6f523202b4"",""config"":""7ead259693c46435e769cfce8a5758000255c9bd0ae648a9278403052013ecf4"",""flight_schedule"":""5871c8897f25c6a4b84d5aaf40fda1a067670fa574cb675c9adf829ad9c940f9"",""vertiport_network"":""8f37a94965fd8b2b9be9143f587c88446d15875ef5cba00cefde590914bba9b3""}";d3094d93f4535fbcbc60bb48f00a56a471fb58d21c5438d1e32bf1a9ee2190b6;c398ff11be193803520e0ccd99c35c3a87d8bb6a3e42dce0d1d33aa66c260c8e
low;n6;6;;69;completed;237;237;0;230;0,9704641350210971;12,672203639654622;15,0;17,963371866666662;17,994454926894647;0,0;170;101;9010,981046647199;8929,850121068755;0,23316807545578905;24;-8551,926530664761;88577,76799266154;5295;3,842615114990622e-11;0,34852941176470587;0,3726937269372694;0,3361955509664631;0,3490368167725408;38,02101707446076;11,909090090053299;39,12355507588521;0,16507829145943126;1,1085004699854222;5,617719772066873;32,92797622108884;41,7436371584989;45,340680842303236;0;132;0,0;9;3003,312262598146;9;3003,312262598141;39,12355507588521;11,909090090053299;0,0;0,0;89,773295537615;0;0,0;0,0;0;0,0;23,7475922601939;0;0,0;0,0;5;0,0;0,0;7;7,531787856719954;0,0;3;4,377302233333345;0,0;0;0,0;0,0;0;0,0;0,0;1;0,0;9,396478343021348;0;0,0;5,979484472669962;7;0,0;0,0;0;0,0;0,0;0;0,0;0,0;0;0,0;0,0;7;0,0;0,0;0;0,0;0,0;0;0,0;0,0;0;0,0;0,0;107,82343429558108;10,604166666666666;0,5945497705179403;4,516666666666667;3,011111111111111;19,63789569500004;4,516666666666667;7,178333333333334;4,0;0,0;18,032694912222244;9,13297856055557;9;686,0301943088132;0,812068333413956;2;120,05078885790954;0,08008178330389022;3;436,4139303666667;0,34110600823023635;2;271,55029705086673;0,18999056238049405;3;335,1736935568225;0,252972712015547;3;270,0;0,1790189666389271;0,6660585199494473;105;132;7;0,029535864978902926;15,0;31;21,75;0,0;;;1,3941176470588235;0,01764705882352941;26,98047070092397;27,15424059731246;31,62342541603158;37,52072046727459;42,59432204941047;105;0,9809523809523809;12,51999192961337;15,0;10;0,9;12,963865248650114;15,027933871850246;47;0,9787234042553191;11,748766801231945;15,0;22;0,9545454545454546;13,980094913888149;15,0;31;0,9354838709677419;13,210302280004019;16,190187621911537;22;1,0;13,172770866303434;15,0;0,5106503828997112;135,9223978478218;0,12581116475214787;0,29434870988381423;0,06795038358135647;0,047802768419858296;0,0;0,011942794690056591;0,04069886468180739;0,012354615196610266;0,10941390441294957;0,0;0,042005691668474905;0,09002593449110126;0,02470923039322053;0,21407205151585598;82,32391315413837;0,0370638455898308;0,1624170798321614;0,012354615196610266;0,29999827211922786;172,09823997571056;0,037269755843107634;0,25595000305177373;0,0185319227949154;0,1839157869506254;53,14503421924625;0,024915140646497372;0,14150783574881567;0,012354615196610266;20260920;"{""passenger_counts"":[20260920,69,1,1],""city_assignment"":[20260920,69,1,2],""arrival_terminal_processing"":[20260920,69,1,3],""terminal_access"":[20260920,69,1,4],""departure_terminal_earliness"":[20260920,69,1,5]}";2.3.5;3;1;3476206412757435fca5da41ce0a9b5822593f533e1c349de933b33e9fed3788;15;0,95;2026-07-30T21:37:28.073469+02:00;2026-08-01T00:36:17.767993+02:00;"{""aircraft_spec"":""1d92a29ff955ec8194720f659c80edf216b314fc10254dcf237d7a6f523202b4"",""config"":""7ead259693c46435e769cfce8a5758000255c9bd0ae648a9278403052013ecf4"",""flight_schedule"":""5871c8897f25c6a4b84d5aaf40fda1a067670fa574cb675c9adf829ad9c940f9"",""vertiport_network"":""8f37a94965fd8b2b9be9143f587c88446d15875ef5cba00cefde590914bba9b3""}";d3094d93f4535fbcbc60bb48f00a56a471fb58d21c5438d1e32bf1a9ee2190b6;c398ff11be193803520e0ccd99c35c3a87d8bb6a3e42dce0d1d33aa66c260c8e
low;n6;6;;70;completed;240;240;0;226;0,9416666666666667;12,309795241698982;16,605395227475565;24,326039700885424;17,96830773279691;0,028332960832270927;160;96;8558,560674188868;8315,097964243401;0,23316807545578966;23;-9508,65875346462;88211,55772142451;5004;3,89945853385143e-11;0,375;0,375;0,3508816186360187;0,3593213155347272;35,660669475786946;41,672050207385865;63,04299786350296;0,26267915776459566;1,6480886147656322;5,1318268264061775;32,49372294399346;42,40594097553683;46,80960371966103;4;121;0,0;6;2954,3508580077555;9;2954,350858007741;63,04299786350296;41,672050207385865;0,0;0,0;86,79297901267263;0;0,0;0,0;0;0,0;34,836888324973216;0;0,0;0,0;9;3,4495622896300726;0,0;14;23,60226606485015;0,0;4;10,959737517989561;0,0;0;0,0;0,0;0;0,0;0,0;2;0,0;22,88636405315583;2;1,7937375445886574;5,319745485373915;14;0,0;0,0;0;0,0;0,0;0;0,0;0,0;0;0,0;0,0;14;1,8667467903274277;0,0;0;0,0;0,0;0;0,0;0,0;0;0,0;0,0;110,6902016254293;10,333333333333334;0,7943752413289111;4,266666666666667;2,8444444444444423;18,766473420000015;4,266666666666667;7,066666666666666;3,8333333333333335;0,00486606027907126;16,797615784444453;9,079968746666673;6;682,2634128352419;0,8679440741020767;2;75,0;0,05375445761833728;4;413,65074053078513;0,3034644740084955;3;307,0934092522903;0,2283675143275736;3;245,23077551892902;0,1994596099154226;2;237,0254600839582;0,16097485982133275;0,6796354262305979;119;121;14;0,05833333333333335;15,0;41;22,81778674904544;0,03305785123966942;0,8570720651761955;2,2760397008854247;1,5;0,05;27,144504576358095;27,07719842962509;31,90217657666673;37,82071812754583;45,458232293102625;119;0,9831932773109243;11,878947172178172;15,0;6;1,0;14,591381208206036;15,0;43;0,9767441860465116;11,494036469980058;15,0;28;0,8571428571428571;13,283406509477881;17,688436803417567;25;0,88;12,994157505954695;16,472410976905945;19;0,7894736842105263;13,798682586627692;19,09587048674548;0,5138714124225576;252,71635264934673;0,11993424106885442;0,27766671706348345;0,0306998910585805;0,036373809299498315;0,0;0,010233297019526834;0,03023383108778221;0,0122799564234322;0,1534585812925754;0,0;0,04502650688591807;0,11463978083532221;0,0552598039054449;0,20177365575442838;58,73706842020874;0,02824389977389406;0,17978053961252263;0,0184199346351483;0,1925202846165657;61,61055317059654;0,027834567893112987;0,13787897570659907;0,0184199346351483;0,24413743489809275;129,44190053309296;0,0306998910585805;0,18854794093522798;0,0061399782117161;20260920;"{""passenger_counts"":[20260920,70,1,1],""city_assignment"":[20260920,70,1,2],""arrival_terminal_processing"":[20260920,70,1,3],""terminal_access"":[20260920,70,1,4],""departure_terminal_earliness"":[20260920,70,1,5]}";2.3.5;3;1;a47e0d3165b7804d0109b1b0ec71c6a7eb7a8b7b8c6cf9917873d747f3f333f7;15;0,95;2026-07-30T21:21:31.341247+02:00;2026-08-01T00:30:11.557721+02:00;"{""aircraft_spec"":""1d92a29ff955ec8194720f659c80edf216b314fc10254dcf237d7a6f523202b4"",""config"":""7ead259693c46435e769cfce8a5758000255c9bd0ae648a9278403052013ecf4"",""flight_schedule"":""5871c8897f25c6a4b84d5aaf40fda1a067670fa574cb675c9adf829ad9c940f9"",""vertiport_network"":""8f37a94965fd8b2b9be9143f587c88446d15875ef5cba00cefde590914bba9b3""}";d3094d93f4535fbcbc60bb48f00a56a471fb58d21c5438d1e32bf1a9ee2190b6;c398ff11be193803520e0ccd99c35c3a87d8bb6a3e42dce0d1d33aa66c260c8e
low;n6;6;;71;completed;229;229;0;219;0,9563318777292577;12,669309428880812;15,0;19,788716679323624;18,169799132742874;0,0;160;85;8212,668396144434;8062,050422933075;0,227949807427621;21;-9043,322615029085;89161,24918406774;4810;5,445599526865408e-11;0,3578125;0,3469387755102041;0,3224640237482781;0,33100563009948136;35,86318076918967;20,907013408004076;56,36214218441346;0,2461228916349933;1,5666069659458293;4,275228898669563;32,32476696681012;41,01085405641971;43,359472834756886;0;108;0,0;9;2901,2718592137053;9;2901,2718592136944;56,36214218441346;20,907013408004058;0,0;0,0;86,01815271200407;2;0,0;0,0;0;0,0;31,332978397873983;0;0,0;1,5994799956383454;7;0,0;0,0;10;17,77700984133735;0,0;2;3,13000356666671;0,0;0;0,0;0,0;0;0,0;1,2126596023639043e-13;2;0,0;14,813184738885381;1;0,0;8,61649905201563;10;0,0;0,0;0;0,0;0,0;0;0,0;0,0;0;0,0;0,0;10;0,0;0,0;0;0,0;0,0;0;0,0;0,0;0;0,0;0,0;113,5627514220136;10,104166666666666;0,6917109742580432;4,083333333333333;2,7222222222222223;18,061768380000018;4,083333333333333;6,865;3,5;0,0;16,848506599444455;8,01881733611112;9;682,8398254361043;0,9174497986074671;3;75,0;0,05314477689844876;3;409,81971048503124;0,3078564046095915;2;300,0;0,19143282983078486;2;240,0;0,16474334698131357;2;184,10172164017447;0,13796151551160638;0,6938337961760229;121;108;10;0,04366812227074235;15,0;44;22,278000382542082;0,0;;;1,43125;0,03125;27,27904772197134;27,72073605875043;33,786687273761586;37,48298678046959;41,882902325545544;121;0,9421487603305785;12,410160415897234;15,143758776969966;7;1,0;12,42633347302546;15,0;43;0,9767441860465116;11,718180771431951;15,0;23;1,0;13,622883392624345;15,0;19;1,0;14,19171039214906;15,0;16;0,875;14,112970370387249;16,411625936064105;0,5292965201428952;169,34142508747857;0,11628786512467669;0,2754655028731337;0,05498725671394519;0,08776043329907954;28,330231855297946;0,011201107849136985;0,05965461125207746;0,006109695190438355;0,1254317775810139;0,0;0,04215689681402465;0,10074528677057835;0,018329085571315067;0,18608105531916705;2,5732471816320563;0,03217772800297534;0,1534264052810715;0,01221939038087671;0,18187523328157798;29,423788423326915;0,02403146774905753;0,1541145831896572;0,01221939038087671;0,24973485416505228;74,7067527871739;0,02362415473636164;0,18155139986141752;0,02443878076175342;20260920;"{""passenger_counts"":[20260920,71,1,1],""city_assignment"":[20260920,71,1,2],""arrival_terminal_processing"":[20260920,71,1,3],""terminal_access"":[20260920,71,1,4],""departure_terminal_earliness"":[20260920,71,1,5]}";2.3.5;3;1;4074cef1c0974d8959b14cce2857e0389237023905820c141e2a9fabc0d4bf5b;15;0,95;2026-07-30T21:29:16.677385+02:00;2026-08-01T00:46:01.249184+02:00;"{""aircraft_spec"":""1d92a29ff955ec8194720f659c80edf216b314fc10254dcf237d7a6f523202b4"",""config"":""7ead259693c46435e769cfce8a5758000255c9bd0ae648a9278403052013ecf4"",""flight_schedule"":""5871c8897f25c6a4b84d5aaf40fda1a067670fa574cb675c9adf829ad9c940f9"",""vertiport_network"":""8f37a94965fd8b2b9be9143f587c88446d15875ef5cba00cefde590914bba9b3""}";d3094d93f4535fbcbc60bb48f00a56a471fb58d21c5438d1e32bf1a9ee2190b6;c398ff11be193803520e0ccd99c35c3a87d8bb6a3e42dce0d1d33aa66c260c8e
low;n6;6;;72;completed;239;239;0;231;0,9665271966527197;12,761145486955149;15,0;29,19679668250719;18,274699392559516;0,14391726704060942;164;88;8515,128434124983;8350,36651969978;0,23316807545579105;21;-10917,037502382096;88664,14300298905;4971;1,4779288903810084e-11;0,3643292682926829;0,3492063492063492;0,3234566098079276;0,3323716157366898;35,62815244403759;47,79954179411058;44,48938343944307;0,18614804786377853;1,402299393699237;3,470787264092117;33,23262421379714;42,38723362608279;53,471745519782296;4;128;0,0;10;3049,9137713822806;13;3049,9137713822784;44,48938343944307;47,79954179411046;0,0;0,0;83,66117652459596;0;0,0;0,0;0;0,0;25,256968621580988;0;0,0;0,0;8;28,59350392721596;0,0;6;13,869413062398477;0,0;0;0,0;0,0;0;0,0;0,0;0;0,0;0,0;0;0,0;12,931403010596478;0;0,0;6,3010118072656045;8;0,0;0,0;2;2,336624804496023;0,0;0;0,0;0,0;0;0,0;0,0;6;3,0;0,0;0;0,0;0,0;0;0,0;0,0;0;0,0;0,0;114,29686433556158;10,445833333333333;0,5177112317237273;4,2;2,8;18,893225275000017;4,2;7,115;3,5;0,0;17,517890410555566;8,375334864444449;10;678,8852031795279;0,8429900252921125;1;45,0;0,0271135568618246;4;366,4139303666667;0,3009045333228537;3;240,86083316219302;0,17554142866463066;3;323,0871045163293;0,2563152902605816;3;350,60792283287554;0,2347798425765612;0,6886654511756669;111;128;8;0,03347280334728031;15,0;37;21,75;0,03125;4,605352545299501;7,146796682507192;1,4573170731707317;0,03048780487804878;27,66143902926976;27,658088992604444;31,791121940414026;38,06679147592517;43,416831670910085;111;0,9819819819819819;12,604495776702889;15,0;3;1,0;15,0;15,0;42;1,0;11,890646288772842;15,0;22;0,9090909090909091;13,242895980320695;16,580834655701526;31;0,9354838709677419;13,722676981572887;15,60156907203406;30;0,9333333333333333;12,9886966014662;18,54200774061937;0,5319327987071504;216,08742701110035;0,1146803034674211;0,281026629421247;0,06025234858183245;0,0339299014182762;0,0;0,011046263906669282;0,027302143074274626;0,01205046971636649;0,10866948914926265;0,0;0,03916402657819109;0,08456444623104711;0,01205046971636649;0,18121532982262983;19,099418310828938;0,0271135568618246;0,12958702705823955;0,006025234858183245;0,2771182621730298;201,70280821044642;0,02972449196703734;0,17153284888878867;0,01205046971636649;0,22656084161292314;115,53161170092207;0,031331221262552875;0,17160391147070397;0,02410093943273298;20260920;"{""passenger_counts"":[20260920,72,1,1],""city_assignment"":[20260920,72,1,2],""arrival_terminal_processing"":[20260920,72,1,3],""terminal_access"":[20260920,72,1,4],""departure_terminal_earliness"":[20260920,72,1,5]}";2.3.5;3;1;bcb0fbe676f5a11eb00518d119205ed189f2d28e46367470bcc31c03dbce68c1;15;0,95;2026-07-30T20:58:02.962498+02:00;2026-08-01T00:37:44.143003+02:00;"{""aircraft_spec"":""1d92a29ff955ec8194720f659c80edf216b314fc10254dcf237d7a6f523202b4"",""config"":""7ead259693c46435e769cfce8a5758000255c9bd0ae648a9278403052013ecf4"",""flight_schedule"":""5871c8897f25c6a4b84d5aaf40fda1a067670fa574cb675c9adf829ad9c940f9"",""vertiport_network"":""8f37a94965fd8b2b9be9143f587c88446d15875ef5cba00cefde590914bba9b3""}";d3094d93f4535fbcbc60bb48f00a56a471fb58d21c5438d1e32bf1a9ee2190b6;c398ff11be193803520e0ccd99c35c3a87d8bb6a3e42dce0d1d33aa66c260c8e
low;n6;6;;73;completed;234;234;0;231;0,9871794871794872;12,74220259710512;15,0;18,27413646666658;18,097164155439128;0,014104622080592618;163;100;8694,936292044424;8520,654586098877;0,2279498074276195;23;-9015,11576805239;88965,75137867944;5095;2,7284841053187847e-11;0,3588957055214724;0,38022813688212925;0,34792161799164867;0,35935353251881547;37,15784740189925;7,60374044907488;21,06100465015652;0,09000429337673727;0,4667526569643087;5,894629449382774;32,46852547371911;41,49997017954145;48,629539288693195;1;116;0,0;7;2981,6754077225983;9;2981,6754077225746;21,061004650156487;7,603740449074758;0,0;0,0;85,9724148347987;1;0,0;0,0;0;0,0;9,286622013915803;0;0,0;0,0;2;0,0;0,0;3;4,329603982408177;0,0;1;3,274136466666581;0,0;0;0,0;0,0;0;0,0;0,0;0;0,0;6,877486305663842;0;0,0;4,896896330576843;3;0,0;0,0;0;0,0;0,0;0;0,0;0,0;0;0,0;0,0;3;0,0;0,0;0;0,0;0,0;0;0,0;0,0;0;0,0;0,0;110,92485447161458;10,308333333333334;0,3563083570626759;4,366666666666668;2,922222222222222;18,825444640000033;4,383333333333334;7,006666666666667;3,8333333333333335;0,37428222031954245;17,039460327777796;9,091539867777788;7;728,1040579164523;0,9127540018305179;1;105,0;0,06429826744200373;3;405,0;0,3225288208286275;3;224,7752130341413;0,15345926460418227;3;360,0;0,24970519543490885;4;164,221785486364;0,12312647644064664;0,6792643770267826;118;116;3;0,012820512820512775;15,0;21;21,75;0,008620689655172414;1,6361361613487437;1,6361361613487437;1,4355828220858895;0,024539877300613498;27,216907540758843;27,4521392010505;31,91540956849984;37,571401164882005;42,318790015274075;118;0,9830508474576272;12,631698953531611;15,0;7;1,0;15,0;15,0;42;1,0;12,540338708175327;15,0;21;0,9523809523809523;11,933390331442501;15,0;31;1,0;13,153941709546512;15,0;15;1,0;13,404487700418006;15,0;0,49025377106909335;198,2253494904028;0,12267701184966426;0,2857878650122214;0,0979783122925771;0,12480417101251434;0,0;0,012247289036572137;0,07041963256475378;0,006123644518286069;0,13275509700274554;0,0;0,047356184274745604;0,10293364651900548;0,024494578073144275;0,10837012852150174;13,966871293800311;0,029189372203830263;0,0853299160214504;0,0;0,2472295514834092;140,04276528817365;0,03429240930240199;0,18849507661295253;0,006123644518286069;0,30327377345526474;282,47888121501666;0,022657484717658456;0,17191800720696657;0,006123644518286069;20260920;"{""passenger_counts"":[20260920,73,1,1],""city_assignment"":[20260920,73,1,2],""arrival_terminal_processing"":[20260920,73,1,3],""terminal_access"":[20260920,73,1,4],""departure_terminal_earliness"":[20260920,73,1,5]}";2.3.5;3;1;c293ee7e4b8d4142551aba2563bab0870f178e8687cf051c00023a495ab555ff;15;0,95;2026-07-30T21:29:44.884232+02:00;2026-08-01T00:42:45.751379+02:00;"{""aircraft_spec"":""1d92a29ff955ec8194720f659c80edf216b314fc10254dcf237d7a6f523202b4"",""config"":""7ead259693c46435e769cfce8a5758000255c9bd0ae648a9278403052013ecf4"",""flight_schedule"":""5871c8897f25c6a4b84d5aaf40fda1a067670fa574cb675c9adf829ad9c940f9"",""vertiport_network"":""8f37a94965fd8b2b9be9143f587c88446d15875ef5cba00cefde590914bba9b3""}";d3094d93f4535fbcbc60bb48f00a56a471fb58d21c5438d1e32bf1a9ee2190b6;c398ff11be193803520e0ccd99c35c3a87d8bb6a3e42dce0d1d33aa66c260c8e
low;n6;6;;74;completed;277;277;0;256;0,924187725631769;12,283462971587312;16,43133560618536;43,64664927244085;18,111279412834396;0,381954984995954;168;95;8846,610593019423;8586,77215267611;0,23316807545578996;24;-10934,076291009618;87570,98051046177;5226;4,581579560181126e-11;0,41220238095238093;0,3612167300380228;0,33768637082041975;0,3458700171990701;31,93722235747084;123,73921877752122;39,55515422544231;0,1427983907055679;0,9172113978393948;2,4152807512924483;32,62777191731078;41,527386332381354;69,55818419774745;3;131;0,0;17;3402,519243129685;19;3402,5192431297037;39,55515422544231;123,73921877752122;0,0;0,0;91,21118497845539;3;0,0;0,0;0;0,0;11,630545848807682;0;0,0;0,0;14;48,65332931235195;0,0;17;24,450907146016107;0,0;10;45,055759250030796;0,0;3;0,378083357076442;0,0;0;0,0;0,0;0;0,0;27,92460837663463;3;0,0;0,0;20;0,0;0,0;3;3,201139712045915;0,0;0;0,0;0,0;0;0,0;0,0;17;2,0;0,0;0;0,0;0,0;0;0,0;0,0;0;0,0;0,0;108,99391791108408;11,370833333333334;0,36333228582782895;4,383333333333334;2,922222222222222;19,530906504999997;4,383333333333334;7,878333333333333;3,999999999999998;0,34888241165159345;17,774154581666675;9,06230747888888;17;662,206921657297;1,0370280584857028;2;120,0;0,08013383575214736;3;372,85501696697406;0,29815503823563466;3;190,34488050278912;0,14046979845815022;3;360,0;0,2699168636339912;3;358,64664927244087;0,24679056174180586;0,6638882598530069;146;131;21;0,07581227436823101;15,0;49;23,56117530854899;0,022900763358778626;16,67870101148999;22,994880502789115;1,6488095238095237;0,06547619047619048;27,3625157781865;27,98396735246157;36,17300986962688;37,803309829280124;42,657980121808194;146;0,8835616438356164;11,661245183316638;17,376880362384206;9;1,0;14,617755634231584;15,0;46;0,9782608695652174;10,641224267045676;15,0;14;0,8571428571428571;16,47260175715634;28,93718079448219;34;1,0;13,03341959997123;15,0;28;0,9642857142857143;14,470308513359296;15,0;0,4858711606688515;106,44608899281344;0,12506972129187152;0,29551316349727264;0,09745692568197774;0,061373292153933424;0,0;0,013197292019434495;0,04854007679038754;0,0;0,14985057771765128;0,0;0,04101312289116566;0,09689615495248052;0,006091057855123613;0,1704286917720434;11,026807608245024;0,022333878802119914;0,12734782747951678;0,012182115710247226;0,1937965285373267;24,181752671056042;0,032688677155830057;0,16397781968647554;0,006091057855123613;0,326699520981818;194,24203505574164;0,032688677155830057;0,24652028986129632;0,024364231420494452;20260920;"{""passenger_counts"":[20260920,74,1,1],""city_assignment"":[20260920,74,1,2],""arrival_terminal_processing"":[20260920,74,1,3],""terminal_access"":[20260920,74,1,4],""departure_terminal_earliness"":[20260920,74,1,5]}";2.3.5;3;1;17ff140192b169e5abe37487b84308a0a519a26d4f4ff49fb1f81f5b8d30520d;15;0,95;2026-07-30T20:57:45.923709+02:00;2026-08-01T00:19:30.980510+02:00;"{""aircraft_spec"":""1d92a29ff955ec8194720f659c80edf216b314fc10254dcf237d7a6f523202b4"",""config"":""7ead259693c46435e769cfce8a5758000255c9bd0ae648a9278403052013ecf4"",""flight_schedule"":""5871c8897f25c6a4b84d5aaf40fda1a067670fa574cb675c9adf829ad9c940f9"",""vertiport_network"":""8f37a94965fd8b2b9be9143f587c88446d15875ef5cba00cefde590914bba9b3""}";d3094d93f4535fbcbc60bb48f00a56a471fb58d21c5438d1e32bf1a9ee2190b6;c398ff11be193803520e0ccd99c35c3a87d8bb6a3e42dce0d1d33aa66c260c8e
low;n6;6;;75;completed;259;259;0;247;0,9536679536679536;12,063033439532441;15,000000000000002;29,145284121664492;17,68083475049593;0,09052352580911416;166;79;8000,002224369429;7887,075710883362;0,23316807545579135;21;-5808,833790464437;89384,69305857099;4953;3,7630343285854906e-11;0,39006024096385544;0,3224489795918367;0,28831637804960286;0,3005452058008729;30,888039476329844;47,330928670691435;34,26053953954258;0,13228007544224932;1,0226937494588129;4,589484882812394;32,81988542637838;42,07159717119084;52,72382625641076;3;144;3,031649005909761e-14;7;3124,3256608389024;8;3124,3256608389083;34,26053953954246;47,330928670691414;0,0;0,0;87,52292359230754;1;0,0;0,0;0;0,0;8,690758676851207;0;0,0;0,0;9;10,828004070659397;0,0;11;26,921542040464736;0,0;2;7,360193771362537;0,0;0;0,0;0,0;0;0,0;0,0;3;0,0;18,462991109501065;1;0,0;7,106789753190181;12;0,0;0,0;0;0,0;0,0;0;0,0;0,0;0;0,0;0,0;11;2,2211887882047145;0,0;0;0,0;0,0;0;0,0;0,0;1;3,031649005909761e-14;0,0;108,3536278771826;10,929166666666667;0,39657125398721593;4,083333333333333;2,7222222222222223;17,072623394999994;4,083333333333333;7,515;3,5;0,0;16,993708881111107;6,88447006944444;7;753,617139938762;0,9037928388030292;2;164,1452841216645;0,10849841249911707;3;459,6076932198533;0,396684679092294;3;239,40973293068873;0,18106547379040613;3;180,6249959779463;0,1349089215518665;2;317,21792500683273;0,24429638520425914;0,6829474532381852;115;144;12;0,04633204633204635;15,0;38;21,75;0,020833333333333332;4,34512923883748;10,68295256518298;1,5602409638554218;0,04819277108433735;26,442646346954287;27,314047057203677;32,34612066589457;37,21690912398318;43,06843697771285;115;0,9739130434782609;12,468873603849582;15,0;12;0,9166666666666666;14,344925754600586;21,365377854749013;59;0,9661016949152542;10,667178997111101;15,0;26;0,9615384615384616;11,048885282500223;15,0;17;0,9411764705882353;12,590643182276489;15,590109076306032;30;0,8666666666666667;12,919685835591082;19,78800642477628;0,46771788877852916;16,32681367112497;0,11471368234226369;0,270986600784255;0,06933244537169783;0,08202662699678656;1,847567145125989;0,01575737394811314;0,06518675516764794;0,0;0,1625176015248105;0,0;0,04874281007949666;0,13556536713119077;0,02521179831698103;0,316931058329198;191,88386594322012;0,026262289913521905;0,16790469474994116;0,0;0,22393454037978072;38,33785654902228;0,022270421846666576;0,16815012739931864;0,012605899158490514;0,19741003100038532;90,78334068695646;0,02962386302245271;0,16962560935930193;0,02521179831698103;20260920;"{""passenger_counts"":[20260920,75,1,1],""city_assignment"":[20260920,75,1,2],""arrival_terminal_processing"":[20260920,75,1,3],""terminal_access"":[20260920,75,1,4],""departure_terminal_earliness"":[20260920,75,1,5]}";2.3.5;3;1;88d8e70f4c45d1a3f9992c74bea2d821082b38d58b6e3783367d5cd544cc3e8d;15;0,95;2026-07-30T22:23:11.166210+02:00;2026-08-01T00:49:44.693059+02:00;"{""aircraft_spec"":""1d92a29ff955ec8194720f659c80edf216b314fc10254dcf237d7a6f523202b4"",""config"":""7ead259693c46435e769cfce8a5758000255c9bd0ae648a9278403052013ecf4"",""flight_schedule"":""5871c8897f25c6a4b84d5aaf40fda1a067670fa574cb675c9adf829ad9c940f9"",""vertiport_network"":""8f37a94965fd8b2b9be9143f587c88446d15875ef5cba00cefde590914bba9b3""}";d3094d93f4535fbcbc60bb48f00a56a471fb58d21c5438d1e32bf1a9ee2190b6;c398ff11be193803520e0ccd99c35c3a87d8bb6a3e42dce0d1d33aa66c260c8e
low;n6;6;;76;completed;247;247;0;226;0,9149797570850202;12,759292333195702;18,463234913464593;26,43031291391356;18,561245417504907;0,31979112492762657;160;80;8148,003383133316;7987,816463548617;0,23316807545578985;21;-9288,863666542582;88881,66304920005;4825;-1,77351466845721e-11;0,3859375;0,3333333333333333;0,30235513528173347;0,31302983466263007;32,987867947908164;112,87274043354859;88,33241182437497;0,3576211005035424;2,9755008534924148;4,892716132413625;33,61472550862438;44,07751551949454;55,55776349731338;11;130;0,0;9;3151,545206299338;14;3151,545206299329;88,33241182437496;112,87274043354851;0,0;0,0;75,2031178748731;8;1,404225160347778;0,0;0;0,0;66,03472374459157;0;0,0;1,3281483972405113;20;46,79302264948152;0,0;15;46,79485188673031;0,0;3;11,906693022192606;0,0;0;0,0;0,0;0;0,0;0,0;2;0,28713659456479945;15,294849646348302;5;0,3333333333333333;5,674690036194564;21;0,0;0,0;3;0,35347778689817155;0,0;0;0,0;0,0;0;0,0;0,0;15;5,0;0,0;0;0,0;0,0;0;0,0;0,0;0;0,0;0,0;112,72154218678133;10,479166666666666;0,8832152861236507;4,0;2,6666666666666665;18,17195372000002;4,0;7,195;3,5;0,0;17,328535959444455;7,510084427222229;9;713,7414935264455;0,9005271487164748;2;45,0;0,03289492214722328;3;347,9322060653149;0,2981480154471433;3;246,4818840317134;0,1888929786659962;2;282,2846392221926;0,21055865914106417;3;378,69530620050307;0,2951440886161698;0,6889331001340464;117;130;21;0,08502024291497978;15,0;60;25,236440210997255;0,08461538461538462;3,7793496582355863;10,213862166742304;1,54375;0,03125;27,269590754372956;28,05513266081573;35,09690588950829;38,61835907165217;46,93108667085133;117;0,9316239316239316;12,593336824974676;16,179769881255755;4;1,0;13,455465972776073;15,0;45;0,9555555555555556;10,840499153962755;15,0;21;0,8095238095238095;14,71724064170348;23,01679536114801;25;0,92;13,780436314959193;17,88483867824523;35;0,8571428571428571;13,797357445946291;19,25183773975548;0,5091604633458562;258,5039760546985;0,11021637921256974;0,23645914404308746;0,036670884026363315;0,023675659530985535;6,780810925606662;0,0061118140043938856;0,020008571128349206;0,0061118140043938856;0,117249352705044;0,0;0,0374857925602825;0,08233835905593241;0,024447256017575542;0,2245202220483655;152,33475413519676;0,026077073085413915;0,14438803287155702;0,03055907002196943;0,26621231940617657;217,7877949781061;0,028725525820651264;0,17527589761059803;0,024447256017575542;0,268184619779657;57,34357997332202;0,03585597549244413;0,16515575515357345;0,0061118140043938856;20260920;"{""passenger_counts"":[20260920,76,1,1],""city_assignment"":[20260920,76,1,2],""arrival_terminal_processing"":[20260920,76,1,3],""terminal_access"":[20260920,76,1,4],""departure_terminal_earliness"":[20260920,76,1,5]}";2.3.5;3;1;d2c9ff6f0aa2003dc2cfc61cd60cd5e7f497813aaf06eb45f6c09930e69b4a0e;15;0,95;2026-07-30T21:25:11.136333+02:00;2026-08-01T00:41:21.663049+02:00;"{""aircraft_spec"":""1d92a29ff955ec8194720f659c80edf216b314fc10254dcf237d7a6f523202b4"",""config"":""7ead259693c46435e769cfce8a5758000255c9bd0ae648a9278403052013ecf4"",""flight_schedule"":""5871c8897f25c6a4b84d5aaf40fda1a067670fa574cb675c9adf829ad9c940f9"",""vertiport_network"":""8f37a94965fd8b2b9be9143f587c88446d15875ef5cba00cefde590914bba9b3""}";d3094d93f4535fbcbc60bb48f00a56a471fb58d21c5438d1e32bf1a9ee2190b6;c398ff11be193803520e0ccd99c35c3a87d8bb6a3e42dce0d1d33aa66c260c8e
low;n6;6;;77;completed;232;232;0;221;0,9525862068965517;13,186523880362337;15,000000000000007;33,62526967016978;18,70781947466463;0,4132200691636446;161;95;8576,933971113875;8381,680829436318;0,23316807545579085;23;-8288,682253754989;88801,5132771343;4976;-1,375610736431554e-11;0,36024844720496896;0,37109375;0,3397245791512287;0,35067801574150337;36,96954297893912;86,74355298732894;52,44057787813176;0,22603697361263692;1,9622234264953746;3,995610729104131;33,34175866124292;41,64842351165654;60,81674862861995;5;117;0,0;10;3059,273540244062;13;3059,2735402440553;52,44057787813175;86,74355298732893;0,0;0,0;85,14476659139231;1;0,0;0,0;0;0,0;30,44065071143438;0;0,0;0,8677606369332352;9;65,6707106916229;0,0;7;16,041548062372748;0,0;3;1,4139303666665606;0,0;0;0,0;0,0;0;0,0;0,0;0;0,0;19,5827588503095;2;1,6173638666667103;1,5494076794546345;11;0,0;0,0;2;0,0;0,0;0;0,0;0,0;0;0,0;0,0;7;2,0;0,0;0;0,0;0,0;0;0,0;0,0;0;0,0;0,0;109,94775733895963;10,2;0,5877314361171003;4,266666666666667;2,8444444444444446;18,851930615000008;4,266666666666667;6,9366666666666665;3,8333333333333335;0,0817953836278462;17,142758302222227;8,82028342388889;10;665,8115735498164;0,9212184510443727;2;75,0;0,05240301247076617;3;350,19908319077086;0,3249969131523285;2;270,0;0,17127930794211907;3;339,6909944516392;0,27382009250858436;3;210,0;0,14685841763514157;0,6794574265986294;115;117;11;0,04741379310344829;15,0;39;22,634226413142233;0,042735042735042736;9,669349618429283;15,103615916028623;1,4409937888198758;0,024844720496894408;26,96949875858036;27,9946588298782;33,18000356666671;38,59745507668688;44,33205303580156;115;0,9565217391304348;12,962504280950887;15,000000000000005;6;1,0;14,132829797761993;15,0;39;0,9230769230769231;13,484621301237189;17,818092862467463;20;1,0;13,85795124874645;15,0;33;0,9090909090909091;13,426892081790228;24,220595833756832;19;1,0;12,507467090835872;15,0;0,49925721103470105;162,30006761660925;0,11968252753495683;0,2789132535193843;0,04943856559103208;0,07696806222076663;7,140087442551643;0,01235964139775802;0,0678762518489374;0,01235964139775802;0,13197138577113732;0,0;0,037490912239865996;0,07444117661994296;0,01853946209663703;0,18825140406110466;65,07950175706128;0,031517085564282954;0,1658907951678617;0,01853946209663703;0,26222236369829427;149,1610696851075;0,037284918216570026;0,20006662417789237;0,01235964139775802;0,2295029373788138;55,000818850137755;0,02533726486540394;0,15908238795538987;0,03089910349439505;20260920;"{""passenger_counts"":[20260920,77,1,1],""city_assignment"":[20260920,77,1,2],""arrival_terminal_processing"":[20260920,77,1,3],""terminal_access"":[20260920,77,1,4],""departure_terminal_earliness"":[20260920,77,1,5]}";2.3.5;3;1;db52b46d617283f3909458d87bbfb93bd43cf9b0f1dc378652aef519c9eac284;15;0,95;2026-07-30T21:41:51.317746+02:00;2026-08-01T00:40:01.513277+02:00;"{""aircraft_spec"":""1d92a29ff955ec8194720f659c80edf216b314fc10254dcf237d7a6f523202b4"",""config"":""7ead259693c46435e769cfce8a5758000255c9bd0ae648a9278403052013ecf4"",""flight_schedule"":""5871c8897f25c6a4b84d5aaf40fda1a067670fa574cb675c9adf829ad9c940f9"",""vertiport_network"":""8f37a94965fd8b2b9be9143f587c88446d15875ef5cba00cefde590914bba9b3""}";d3094d93f4535fbcbc60bb48f00a56a471fb58d21c5438d1e32bf1a9ee2190b6;c398ff11be193803520e0ccd99c35c3a87d8bb6a3e42dce0d1d33aa66c260c8e
low;n6;6;;78;completed;204;204;0;200;0,9803921568627451;12,592641744884766;15,0;18,629392236294734;18,097214409292018;0,009887937678497157;136;73;6975,006882419433;6853,87006239833;0,23316807545578966;17;-8464,810821189167;88272,31385315691;4144;1,7053025658242404e-12;0,375;0,3492822966507177;0,31288753934129954;0,325645461077931;34,1912102079384;8,717943053187174;40,932823539079315;0,20065109577980056;1,8216650474198686;5,7632112553586925;32,78478187928628;41,97177966103347;46,836275872744956;1;104;0,0;9;2568,8989159564926;9;2568,8989159564912;40,932823539079315;8,717943053187174;0,0;0,0;81,66235661158791;0;0,0;0,0;0;0,0;26,526097982865455;0;0,0;4,511186734700337;3;0,0;0,0;4;8,717943053187174;0,0;0;0,0;0,0;0;0,0;0,0;0;0,0;0,0;1;0,0;8,563859742334655;1;0,0;1,3316790791788662;4;0,0;0,0;0;0,0;0,0;0;0,0;0,0;0;0,0;0,0;4;0,0;0,0;0;0,0;0,0;0;0,0;0,0;0;0,0;0,0;118,23533861263982;8,783333333333335;0,5587769414229043;3,4833333333333334;2,3222222222222224;15,264063665000014;3,4833333333333334;6,006666666666667;2,9956197772222204;0,09585323873633064;14,477197907777786;6,592421312777783;9;641,640300195925;0,7670993755561114;1;75,0;0,04651781841923367;3;330,0;0,2718010465821216;2;198,62939223629473;0,15440866083235383;2;257,75769524444297;0,18518224751248905;5;249,84316205074137;0,1683184952287617;0,7333400016425848;100;104;4;0,019607843137254943;15,0;25;21,75;0,009615384615384616;1,0283455185637043;1,0283455185637043;1,5;0,022058823529411766;26,87142352065169;27,52022250425386;31,463930366666567;37,84685820143284;42,40548600821654;100;1,0;12,367831321797429;15,0;5;1,0;15,0;15,0;34;1,0;12,888848887172767;15,0;20;0,95;12,447541561448526;15,18146961181474;23;0,9565217391304348;12,981158090645845;15,0;22;0,9090909090909091;12,335338831775035;15,781499034118102;0,48677180825532756;25,374247172449667;0,09737729989092915;0,2483094238265754;0,07442850947077387;0,058043387511979974;0,0;0,007236105087436349;0,04577271626047012;0,006202375789231156;0,1513950082294421;0,0;0,03866147575287421;0,10466374618188663;0,0;0,31720306084822236;37,482911492922355;0,020674585964103855;0,14668485734857273;0,024646496430674597;0,23050231349330733;97,00792501182562;0,026049978314770857;0,18790597830434577;0,0;0,23910070849594325;99,80207128223749;0,026049978314770857;0,1848825548609283;0,006202375789231156;20260920;"{""passenger_counts"":[20260920,78,1,1],""city_assignment"":[20260920,78,1,2],""arrival_terminal_processing"":[20260920,78,1,3],""terminal_access"":[20260920,78,1,4],""departure_terminal_earliness"":[20260920,78,1,5]}";2.3.5;3;1;2a2ec50df696aa4000b6993b928412d5c643eaae6aa4883d7a9369a602f1c3b3;15;0,95;2026-07-30T21:38:55.189179+02:00;2026-08-01T00:31:12.313853+02:00;"{""aircraft_spec"":""1d92a29ff955ec8194720f659c80edf216b314fc10254dcf237d7a6f523202b4"",""config"":""7ead259693c46435e769cfce8a5758000255c9bd0ae648a9278403052013ecf4"",""flight_schedule"":""5871c8897f25c6a4b84d5aaf40fda1a067670fa574cb675c9adf829ad9c940f9"",""vertiport_network"":""8f37a94965fd8b2b9be9143f587c88446d15875ef5cba00cefde590914bba9b3""}";d3094d93f4535fbcbc60bb48f00a56a471fb58d21c5438d1e32bf1a9ee2190b6;c398ff11be193803520e0ccd99c35c3a87d8bb6a3e42dce0d1d33aa66c260c8e
low;n6;6;;79;completed;265;265;0;249;0,939622641509434;12,467289348869686;16,23464879522938;22,93804204521548;18,174702903167518;0,016984653842429684;173;98;8959,7154920472;8768,625293182684;0,2279498074276204;25;-9277,012573860973;89292,28712457315;5342;2,1259438653942198e-11;0,3829479768786127;0,36162361623616235;0,32262276622103836;0,3364230686653249;33,81024713980076;69,29730061251976;61,214591888925256;0,2309984599582085;1,498007111919287;4,368735222298953;32,85405485602253;42,122494579300785;47,94676837978865;1;133;0,0;11;3303,831677450466;11;3303,831677450486;61,214591888925256;69,29730061251976;0,0;0,0;89,51674526887867;0;0,0;0,0;0;0,0;20,355479235730126;0;0,0;0,6261146554938023;15;11,009916510268159;0,0;14;56,47934562370283;0,0;2;0,0;0,0;1;0,0;0,0;0;0,0;0,0;3;0,0;34,623330925321234;2;0,0;5,609667072380095;16;0,0;0,0;0;0,0;0,0;0;0,0;0,0;0;0,0;0,0;14;1,8080384785487695;0,0;0;0,0;0,0;0;0,0;0,0;0;0,0;0,0;108,97709518043331;11,2875;0,6413862059863621;4,516666666666667;3,011111111111111;19,399451254999992;4,516666666666666;7,741666666666666;4,166666666666667;0,023955744859597165;18,239891915555557;8,687337117222214;11;686,9041107876442;0,9890065171959496;1;90,70162642793657;0,055210878055600585;3;353,224744806771;0,28364028844774886;3;319,34979583211765;0,22161234227161217;3;270,0;0,18985973696189487;3;363,2020756618622;0,271741648282435;0,6633531668410414;132;133;16;0,060377358490566024;15,0;55;23,107193201360445;0,007518796992481203;2,258958961043148;2,258958961043148;1,5317919075144508;0,03468208092485549;27,380361027342815;27,89132078289778;35,18133349007718;37,77947513912379;43,62635100971818;132;0,9242424242424242;12,308797954190927;18,529770312917062;6;0,8333333333333334;15,116937737989428;15,526219820952427;43;1,0;10,836521162231186;15,0;26;0,9615384615384616;14,002675245027245;15,0;24;1,0;12,996070356432561;15,0;34;0,8823529411764706;13,130090181420499;19,34891607089672;0,5109169010530215;181,60909837663687;0,12397369198509307;0,2987580887266912;0,0669579678479226;0,060688383940744536;0,0;0,012174175972349564;0,04921256931737568;0,006087087986174782;0,1416439698025869;0,0;0,044029936433330925;0,10570418996711174;0,03043543993087391;0,2514840355075457;149,27894228770566;0,03652252791704869;0,1753553267705475;0,02434835194469913;0,17795966256312828;63,82616386763014;0,025565769541934086;0,15532083903016367;0,012174175972349564;0,20210403818514747;49,68170537002261;0,03266737219247132;0,1471175328305936;0,012174175972349564;20260920;"{""passenger_counts"":[20260920,79,1,1],""city_assignment"":[20260920,79,1,2],""arrival_terminal_processing"":[20260920,79,1,3],""terminal_access"":[20260920,79,1,4],""departure_terminal_earliness"":[20260920,79,1,5]}";2.3.5;3;1;3f75ae4600ecb1919ad757d1d81832cb70190d6a5404ec689334ed47c62c74e8;15;0,95;2026-07-30T21:25:22.987426+02:00;2026-08-01T00:48:12.287125+02:00;"{""aircraft_spec"":""1d92a29ff955ec8194720f659c80edf216b314fc10254dcf237d7a6f523202b4"",""config"":""7ead259693c46435e769cfce8a5758000255c9bd0ae648a9278403052013ecf4"",""flight_schedule"":""5871c8897f25c6a4b84d5aaf40fda1a067670fa574cb675c9adf829ad9c940f9"",""vertiport_network"":""8f37a94965fd8b2b9be9143f587c88446d15875ef5cba00cefde590914bba9b3""}";d3094d93f4535fbcbc60bb48f00a56a471fb58d21c5438d1e32bf1a9ee2190b6;c398ff11be193803520e0ccd99c35c3a87d8bb6a3e42dce0d1d33aa66c260c8e
low;n6;6;;80;completed;238;238;0;229;0,9621848739495799;12,637064938378693;15,0;19,70796076843326;18,161351805704964;0,019091051646733852;161;92;8481,589399147202;8343,121349123001;0,23155906769170706;21;-9498,306671146307;88754,58658834301;4949;4,4565240386873484e-11;0,3695652173913043;0,36363636363636365;0,33138797759516303;0,34264155808304536;35,63693024851766;23,079029014366945;38,2802744236528;0,16084148917501176;1,0021205618689066;6,201472241604885;32,83405689977378;42,43839326018277;48,26378995150396;2;119;0,0;8;3007,6214553341288;9;3007,621455334149;38,2802744236528;23,079029014366945;0,0;0,0;92,06311655889424;1;0,0;0,0;0;0,0;22,18043454331831;0;0,0;0,0;8;3,1420994055817575;0,0;7;19,54215276814454;0,0;1;0,0;0,0;0;0,0;0,0;1;0,0;0,0;1;0,0;11,463728366725991;1;0,0;4,636111513608497;9;0,0;0,0;1;0,0;0,0;0;0,0;0,0;0;0,0;0,0;7;0,3947768406406491;0,0;0;0,0;0,0;0;0,0;0,0;0;0,0;0,0;112,35483640601281;10,325000000000003;0,5927511964367613;4,216666666666667;2,811111111111111;18,655039195000015;4,216666666666667;7,046666666666667;3,5;0,0360841905882747;17,171840197222235;8,510976775555559;8;723,8306923364961;0,9058400619404039;1;30,0;0,018320071198780246;3;363,1958960617279;0,31841166955000155;3;229,70796076843325;0,17711132934981497;2;305,61232293273713;0,20137296503311214;3;289,11096778637585;0,21560520961789734;0,6861162008284872;119;119;9;0,037815126050420145;15,0;31;21,78162204124766;0,01680672268907563;1,135917572980664;2,2638743775280696;1,4782608695652173;0,031055900621118012;27,292470349858142;27,54224289767432;33,03003503666667;38,12587090187324;43,18239860670962;119;0,9831932773109243;12,465183041456537;15,0;2;1,0;15,0;15,0;43;0,9767441860465116;12,125917744524065;15,0;22;0,9545454545454546;13,183106467919414;15,0;23;0,9130434782608695;14,337301767206696;17,249928717132565;29;0,896551724137931;12,174618187802924;16,01108134793765;0,43545437981467655;142,1479267407895;0,11521289220566244;0,27863915299469866;0,06106690399593415;0,07513775897365467;0,0;0,009160035599390123;0,05668953961740602;0,006106690399593415;0,15234266895364829;0,0;0,04315394549046014;0,1127818594137653;0,030533451997967077;0,22914740042080492;40,061061131358215;0,025037430638333004;0,16898468595827604;0,0;0,3387237319790428;256,74514609658996;0,03480813527768247;0,2245325014513978;0,01221338079918683;0,2754315957486409;80,14861332913148;0,03012633930466085;0,17491494530184173;0,018320071198780246;20260920;"{""passenger_counts"":[20260920,80,1,1],""city_assignment"":[20260920,80,1,2],""arrival_terminal_processing"":[20260920,80,1,3],""terminal_access"":[20260920,80,1,4],""departure_terminal_earliness"":[20260920,80,1,5]}";2.3.5;3;1;45ca123853019ffa65e9471eed98a9717fa52915d40f9fc8634d66490b0fa9dc;15;0,95;2026-07-30T21:21:41.693329+02:00;2026-08-01T00:39:14.586588+02:00;"{""aircraft_spec"":""1d92a29ff955ec8194720f659c80edf216b314fc10254dcf237d7a6f523202b4"",""config"":""7ead259693c46435e769cfce8a5758000255c9bd0ae648a9278403052013ecf4"",""flight_schedule"":""5871c8897f25c6a4b84d5aaf40fda1a067670fa574cb675c9adf829ad9c940f9"",""vertiport_network"":""8f37a94965fd8b2b9be9143f587c88446d15875ef5cba00cefde590914bba9b3""}";d3094d93f4535fbcbc60bb48f00a56a471fb58d21c5438d1e32bf1a9ee2190b6;c398ff11be193803520e0ccd99c35c3a87d8bb6a3e42dce0d1d33aa66c260c8e
low;n6;6;;81;completed;238;238;0;220;0,9243697478991597;12,809494869267398;16,7028597450967;27,52948284141724;18,389035185811966;0,0741038442966318;160;100;8692,78402800276;8508,951295321061;0,2319795584839586;22;-9192,056669541378;88300,75879848548;5058;2,432898327242583e-11;0,371875;0,38461538461538464;0,3582260536411344;0,36745989265433543;36,52430263866706;59,237034401131574;66,43059533760595;0,2791201484773359;1,9197000323282933;6,201472241605006;32,89771352848304;42,408613350246405;48,08262923438597;2;120;0,0;7;3048,6597788856407;9;3048,659778885624;66,43059533760594;59,237034401131496;0,0;0,0;82,61374890446588;2;0,0;0,0;0;0,0;39,361111646114445;0;0,0;0,0;13;3,734777737679542;0,0;17;32,73879300671342;0,0;6;19,957236308084006;0,0;0;0,0;0,0;0;0,0;0,0;1;0,0;16,674309008715984;3;0,0;10,395174682775512;18;0,0;0,0;0;0,0;0,0;0;0,0;0,0;0;0,0;0,0;17;2,806227348654526;0,0;0;0,0;0,0;0;0,0;0,0;0;0,0;0,0;110,07205247254431;10,291666666666666;0,810078603610634;4,333333333333333;2,888888888888889;19,06200581500003;4,333333333333333;7,03;3,6666666666666665;0,0;16,868532754444463;9,415695282777795;7;692,9732562073332;0,9237091350667179;1;102,92805715193293;0,06334501059866628;3;360,1362217568141;0,2959883692738314;3;289,64608916260755;0,2079861162577013;3;272,6268219098964;0,22849237063318953;3;213,2741364666667;0,156715578834934;0,6774163938796672;118;120;18;0,07563025210084029;15,0;40;22,866281497626527;0,016666666666666666;4,4462306577979085;6,793928200694306;1,4875;0,025;27,081337630007457;27,67304978793372;32,248005511332316;38,0352995400232;44,01402338246843;118;0,923728813559322;12,719633368812177;16,926534287401516;6;0,6666666666666666;17,15467619198882;24,496755708691854;40;0,95;12,023641444289929;15,034591753071625;27;0,9259259259259259;12,516760526063985;16,177902107158623;28;0,9285714285714286;13,25974078928187;15,162508323613691;19;0,9473684210526315;13,402318428350206;15,327413646666663;0,49638419542427553;234,8949408979632;0,12123970308228933;0,26040656311499644;0,03692579789308305;0,06965374622077845;0,0;0,013334315905835545;0,06061442787379318;0,012308599297694348;0,10775995965356625;0,0;0,040002947717506634;0,08409035842674395;0,012308599297694348;0,2551665927799728;137,6149979136764;0,03343836142540298;0,1947718234848192;0,030771498244235872;0,27105223937164324;167,7350456604951;0,03548979464168537;0,19962607498881627;0,024617198595388697;0,21417186990855888;27,135381963294883;0,023181195343991025;0,12087656507220843;0,018462898946541524;20260920;"{""passenger_counts"":[20260920,81,1,1],""city_assignment"":[20260920,81,1,2],""arrival_terminal_processing"":[20260920,81,1,3],""terminal_access"":[20260920,81,1,4],""departure_terminal_earliness"":[20260920,81,1,5]}";2.3.5;3;1;fbe7a00ac7eabad9e29faf56d6f17cfcd8425041bb9bf65867a17ee06220ad93;15;0,95;2026-07-30T21:26:47.943330+02:00;2026-08-01T00:31:40.758798+02:00;"{""aircraft_spec"":""1d92a29ff955ec8194720f659c80edf216b314fc10254dcf237d7a6f523202b4"",""config"":""7ead259693c46435e769cfce8a5758000255c9bd0ae648a9278403052013ecf4"",""flight_schedule"":""5871c8897f25c6a4b84d5aaf40fda1a067670fa574cb675c9adf829ad9c940f9"",""vertiport_network"":""8f37a94965fd8b2b9be9143f587c88446d15875ef5cba00cefde590914bba9b3""}";d3094d93f4535fbcbc60bb48f00a56a471fb58d21c5438d1e32bf1a9ee2190b6;c398ff11be193803520e0ccd99c35c3a87d8bb6a3e42dce0d1d33aa66c260c8e
low;n6;6;;82;completed;249;249;0;239;0,9598393574297188;12,810143487247494;15,0;18,82698848035155;18,226241399493173;0,0;172;96;8954,615250130531;8788,658434067343;0,23316807545578985;24;-8284,79982106459;88208,95981905515;5251;-1,2732925824820995e-11;0,36191860465116277;0,3582089552238806;0,329398398904642;0,3394857925374305;35,962310241488076;20,87313555672869;60,3583801491742;0,24240313312921366;1,5030059996356417;5,648632201692332;32,52783145744063;41,762561212297925;45,1628207037246;0;122;0,0;8;3189,7257283246263;9;3189,7257283246436;60,358380149174174;20,87313555672863;0,0;0,0;93,3034446025361;1;0,0;0,0;0;0,0;41,921570982333165;0;0,0;0,0;5;0,818251741603793;0,0;8;10,640108715124915;0,0;5;9,414775099999922;0,0;0;0,0;0,0;0;0,0;0,0;1;0,0;15,052452434963895;1;0,0;3,3843567318771117;10;0,0;0,0;0;0,0;0,0;0;0,0;0,0;0;0,0;0,0;8;0,0;0,0;0;0,0;0,0;0;0,0;0,0;0;0,0;0,0;106,03838320878008;10,920833333333333;0,7399239544881918;4,466666666666667;2,977777777777778;19,62230090500001;4,466666666666667;7,431666666666668;4,0;0,1587135541541041;18,151002767777786;8,915742581666668;8;753,1841809532469;1,0241589780460545;2;75,0;0,055388230036083105;4;364,2268727666667;0,26855944484093836;2;257,96337186666665;0,18843106007907384;3;225,0;0,18731357177281846;3;319,345728917348;0,259526131684458;0,6593486476488698;127;122;10;0,04016064257028118;15,0;42;21,88795574845173;0,0;;;1,447674418604651;0,011627906976744186;26,803822122255482;27,46914647328644;32,202452197382875;37,7938395966831;42,84852200048642;127;0,952755905511811;12,969153577538933;15,000000000000043;7;1,0;12,725282276174914;15,0;35;1,0;12,34014786645976;15,0;22;0,9545454545454546;13,77456168182054;15,0;25;1,0;12,04972718131911;15,0;33;0,9090909090909091;12,64780412681321;15,579989666315015;0,4414951804473132;187,44115726640314;0,12767665024088923;0,2675373518147174;0,0932702802084418;0,0770783375621514;0,0;0,013472373807886037;0,06619094188961279;0,0;0,11293547197082142;0,0;0,04290432889588323;0,09516575512713835;0,01865405604168836;0,2610137040698891;54,16888043254851;0,03627177563661625;0,23144168309785612;0,006218018680562786;0,25518447190552207;133,53384495308248;0,02507934201160324;0,19693614528117004;0,012436037361125573;0,35146241656421057;176,193963200181;0,03233369713892649;0,2529753485312025;0,01865405604168836;20260920;"{""passenger_counts"":[20260920,82,1,1],""city_assignment"":[20260920,82,1,2],""arrival_terminal_processing"":[20260920,82,1,3],""terminal_access"":[20260920,82,1,4],""departure_terminal_earliness"":[20260920,82,1,5]}";2.3.5;3;1;70bbebb5b7c7b802bbabc270345f5090d6f28964aca193f13d7dac053b78add3;15;0,95;2026-07-30T21:41:55.200179+02:00;2026-08-01T00:30:08.959819+02:00;"{""aircraft_spec"":""1d92a29ff955ec8194720f659c80edf216b314fc10254dcf237d7a6f523202b4"",""config"":""7ead259693c46435e769cfce8a5758000255c9bd0ae648a9278403052013ecf4"",""flight_schedule"":""5871c8897f25c6a4b84d5aaf40fda1a067670fa574cb675c9adf829ad9c940f9"",""vertiport_network"":""8f37a94965fd8b2b9be9143f587c88446d15875ef5cba00cefde590914bba9b3""}";d3094d93f4535fbcbc60bb48f00a56a471fb58d21c5438d1e32bf1a9ee2190b6;c398ff11be193803520e0ccd99c35c3a87d8bb6a3e42dce0d1d33aa66c260c8e
low;n6;6;;83;completed;236;236;0;228;0,9661016949152542;12,076429273427827;15,0;21,45659569258581;17,802902264510646;0,0;148;81;7743,424952338875;7583,890799891832;0,23707805107198615;20;-7520,817650145671;88066,40078911529;4576;-1,0800249583553523e-11;0,39864864864864863;0,3537117903930131;0,3345645140875391;0,341188949245514;32,81112267940201;24,767616389530364;50,94762589554665;0,21587977074384174;1,511045662845087;4,953571734633564;32,90083772159511;41,966244521855;46,19784823464155;0;126;0,0;8;2850,037308528967;9;2850,037308528984;50,94762589554664;24,767616389530364;0,0;0,0;85,04362883504001;0;0,0;0,0;0;0,0;25,34200414758743;0;0,0;0,0;3;1,7019600621539819;0,0;8;5,156728794030399;0,0;5;16,23703176958085;0,0;0;0,0;0,0;0;0,0;0,0;0;0,0;17,819758865094474;2;0,6718957637651328;7,785862882864739;8;0,0;0,0;0;0,0;0,0;0;0,0;0,0;0;0,0;0,0;8;1,0;0,0;0;0,0;0,0;0;0,0;0,0;0;0,0;0,0;111,4200667918458;9,85;0,5432296658115292;3,816666666666667;2,5444444444444443;17,194289830000013;3,816666666666667;6,793333333333333;3,3333333333333335;0,0;15,674599671111125;7,880801269999998;8;591,6027373662887;0,804022753854843;2;105,0;0,07254059833680115;3;368,9072465712652;0,3209500630208007;3;255,0;0,20186062738369193;3;272,4191721036448;0,18150832285728719;4;252,20278528419047;0,20808316052218603;0,6993826284168663;110;126;8;0,03389830508474578;15,0;39;21,753290355209266;0,0;;;1,5945945945945945;0,033783783783783786;26,552005122016933;27,273904490512695;33,18000356666671;37,813239748730545;42,79047403474675;110;0,9454545454545454;11,644590697402881;15,507834990416981;8;1,0;14,445737539446881;15,0;43;1,0;11,890978210102269;15,0;25;1,0;12,863530589340815;15,0;24;0,9583333333333334;12,04852479548848;15,0;26;0,9615384615384616;12,750058024593589;15,0;0,49976801655347924;193,6306761446799;0,11005655538229443;0,26547891849539323;0,056492908656310833;0,04650590095971659;0,0;0,008369319800934938;0,041484309079155623;0,006276989850701203;0,129945745917444;0,0;0,04121890001960457;0,09973539251925809;0,01883096955210361;0,19032223150029492;34,425748806340316;0,0236433284376412;0,1582973608742107;0,01883096955210361;0,21825741882762142;27,84756199117328;0,026781823362991803;0,1924695212001149;0,012553979701402406;0,3421478693073841;256,3078262687993;0,029501852298295658;0,21329525351485298;0,012553979701402406;20260920;"{""passenger_counts"":[20260920,83,1,1],""city_assignment"":[20260920,83,1,2],""arrival_terminal_processing"":[20260920,83,1,3],""terminal_access"":[20260920,83,1,4],""departure_terminal_earliness"":[20260920,83,1,5]}";2.3.5;3;1;2d27c07708f0bcecdbb13361a3035335cf9ac1db551c9de16f327f46445bbb92;15;0,95;2026-07-30T21:54:39.182350+02:00;2026-08-01T00:27:46.400789+02:00;"{""aircraft_spec"":""1d92a29ff955ec8194720f659c80edf216b314fc10254dcf237d7a6f523202b4"",""config"":""7ead259693c46435e769cfce8a5758000255c9bd0ae648a9278403052013ecf4"",""flight_schedule"":""5871c8897f25c6a4b84d5aaf40fda1a067670fa574cb675c9adf829ad9c940f9"",""vertiport_network"":""8f37a94965fd8b2b9be9143f587c88446d15875ef5cba00cefde590914bba9b3""}";d3094d93f4535fbcbc60bb48f00a56a471fb58d21c5438d1e32bf1a9ee2190b6;c398ff11be193803520e0ccd99c35c3a87d8bb6a3e42dce0d1d33aa66c260c8e
low;n6;6;;84;completed;215;215;0;208;0,9674418604651163;12,685872121834613;15,0;19,392661947237382;18,101378515680626;0,0;147;84;7678,828690808315;7586,613588248922;0,22764909207550957;19;-9337,438946502181;89632,26785665256;4505;-1,4779288903810084e-11;0,3656462585034014;0,36363636363636365;0,329019466431801;0,34120219588345335;35,71548228282937;16,29804477556548;38,08387467689281;0,17713430082275725;1,313733037283952;4,290419628716336;32,23889733253256;41,329081830599556;44,2233559850624;0;100;0,0;8;2727,4625061944416;9;2727,462506194439;38,08387467689281;16,29804477556548;0,0;0,0;82,5882697774508;0;0,0;0,0;0;0,0;9,189118731092337;0;0,0;0,0;6;5,667705363251904;0,0;3;3,346039966666649;0,0;2;6,237677465076194;0,0;0;0,0;0,0;0;0,0;0,0;1;0,04662198057073207;21,922364987466185;1;0,0;6,97239095833429;7;0,0;0,0;1;0,0;0,0;0;0,0;0,0;0;0,0;0,0;3;1,0;0,0;0;0,0;0,0;0;0,0;0,0;0;0,0;0,0;118,5805300372332;9,379166666666666;0,4353536696911134;3,85;2,566666666666667;16,729460965000012;3,8499999999999996;6,391666666666667;3,1666666666666665;0,0;15,53060106833334;7,615526563333337;8;717,7976223871077;0,8780075570322659;1;109,39266194723739;0,06631887603636938;3;295,72009086450805;0,2303539753329272;2;210,0;0,15700433613223172;2;180,0;0,1178745736599186;3;290,1110084716068;0,20395422304727334;0,7188898534765793;115;100;7;0,032558139534883734;15,0;33;21,869932093053503;0,0;;;1,4625850340136055;0,013605442176870748;27,49158522309854;27,47746192047052;31,713839473938958;37,7145480564039;42,25209803846317;115;0,9652173913043478;12,593644998614133;15,0;7;0,8571428571428571;15,627523135319626;18,074863363066164;34;1,0;11,175522254725953;15,0;20;1,0;12,948894261525771;15,0;13;1,0;14,956425634191039;15,0;26;0,9230769230769231;12,939288241188375;16,6106006048979;0,45081396600401197;178,2460868536189;0,1052847415292924;0,24183577248645416;0,07274953349432874;0,03550511888453191;3,1;0,011114512061633556;0,028836411647551775;0,0;0,18527339762671413;0,0;0,03839558712200683;0,09933281757795029;0,006062461124527394;0,19302247453582044;10,693962494382443;0,022229024123267112;0,11783320542153845;0,012124922249054789;0,3063871891436491;228,27893362919107;0,026876910985404782;0,19967324937523254;0,012124922249054789;0,32112902731954884;170,77600445012146;0,029503977472699987;0,2315487055437509;0,012124922249054789;20260920;"{""passenger_counts"":[20260920,84,1,1],""city_assignment"":[20260920,84,1,2],""arrival_terminal_processing"":[20260920,84,1,3],""terminal_access"":[20260920,84,1,4],""departure_terminal_earliness"":[20260920,84,1,5]}";2.3.5;3;1;9dc0a2307711af2460b4da2248dc428e64f63cd6ada897f0f769d84d79ec9dd9;15;0,95;2026-07-30T21:24:22.561053+02:00;2026-08-01T00:53:52.267857+02:00;"{""aircraft_spec"":""1d92a29ff955ec8194720f659c80edf216b314fc10254dcf237d7a6f523202b4"",""config"":""7ead259693c46435e769cfce8a5758000255c9bd0ae648a9278403052013ecf4"",""flight_schedule"":""5871c8897f25c6a4b84d5aaf40fda1a067670fa574cb675c9adf829ad9c940f9"",""vertiport_network"":""8f37a94965fd8b2b9be9143f587c88446d15875ef5cba00cefde590914bba9b3""}";d3094d93f4535fbcbc60bb48f00a56a471fb58d21c5438d1e32bf1a9ee2190b6;c398ff11be193803520e0ccd99c35c3a87d8bb6a3e42dce0d1d33aa66c260c8e
low;n6;6;;85;completed;249;249;0;243;0,9759036144578314;12,236207881924885;15,0;21,562666496609868;17,825866406103607;0,023540741454968428;163;87;8374,52457518054;8226,25661806577;0,23707805107198665;20;-12644,13258266732;88471,36370239744;4942;1,8189894035458565e-12;0,38190184049079756;0,348;0,3162442074612356;0,32733448114267805;33,6326288159861;18,279103169495375;31,07497252050231;0,12479908642772013;1,1338039371163178;2,0034350259517546;32,627223849561844;42,13473930662973;47,53960690498716;2;127;0,0;6;3046,815762599297;7;3046,815762599294;31,07497252050225;18,279103169495343;0,0;0,0;91,10651104093542;0;0,0;0,0;0;0,0;20,56656551833151;0;0,0;0,0;2;0,0;0,0;6;16,865172802828663;0,0;1;1,413930366666682;0,0;0;0,0;0,0;0;0,0;0,0;1;0,0;7,3504295845118275;1;0,0;3,1579774176589126;6;0,0;0,0;0;0,0;0,0;0;0,0;0,0;0;0,0;0,0;6;0,0;0,0;0;0,0;0,0;0;0,0;0,0;0;0,0;0,0;117,11090735413723;10,620833333333334;0,35047330130539395;4,150000000000001;2,7777777777777777;18,403634975000017;4,166666666666667;7,281666666666666;3,483485839701417;0,18038122718667587;17,33189613277779;8,016183286666674;6;733,446934570178;0,8948958438313912;1;45,0;0,026702138635488287;3;428,9396264820569;0,349775834768169;2;195,0;0,136132192112507;4;310,06661202076214;0,22977779257461406;4;239,33719980937047;0,1706383511826617;0,6949137075328882;122;127;6;0,02409638554216864;15,0;29;21,75;0,015748031496062992;1,4948370823904953;1,8626664966098663;1,5276073619631902;0,049079754601226995;28,08763785696243;27,387050345571904;31,746973391035514;37,661091310087606;42,544584870436644;122;0,9836065573770492;12,36172641700176;15,0;3;1,0;15,0;15,0;52;0,9807692307692307;11,335819590098145;15,0;16;1,0;14,338618922739503;15,0;33;0,9393939393939394;11,734391682559982;17,33080306726844;23;0,9565217391304348;12,503030119637687;15,0;0,47846343161313537;48,12161704163925;0,11392912484475003;0,28441487879051264;0,05933808585664064;0,05103358426819985;0,0;0,007516157541841147;0,02687599123739742;0,0;0,196646496716757;0,0;0,042921215436303395;0,10945916928034934;0,023735234342656255;0,2081048108717439;115,97474203259165;0,029273455689276046;0,17373122023853874;0,017213474560003602;0,21659121746667628;80,16575529256603;0,029273455689276046;0,1908670466977217;0,005933808585664064;0,24435514525287721;162,54573315789168;0,02432861520122266;0,15818855916790875;0,01780142575699219;20260920;"{""passenger_counts"":[20260920,85,1,1],""city_assignment"":[20260920,85,1,2],""arrival_terminal_processing"":[20260920,85,1,3],""terminal_access"":[20260920,85,1,4],""departure_terminal_earliness"":[20260920,85,1,5]}";2.3.5;3;1;032888535654e46fe1cc0835e08b65b39a0e2c39d59cfb16ed9b07072f5e3b20;15;0,95;2026-07-30T20:29:15.867417+02:00;2026-08-01T00:34:31.363702+02:00;"{""aircraft_spec"":""1d92a29ff955ec8194720f659c80edf216b314fc10254dcf237d7a6f523202b4"",""config"":""7ead259693c46435e769cfce8a5758000255c9bd0ae648a9278403052013ecf4"",""flight_schedule"":""5871c8897f25c6a4b84d5aaf40fda1a067670fa574cb675c9adf829ad9c940f9"",""vertiport_network"":""8f37a94965fd8b2b9be9143f587c88446d15875ef5cba00cefde590914bba9b3""}";d3094d93f4535fbcbc60bb48f00a56a471fb58d21c5438d1e32bf1a9ee2190b6;c398ff11be193803520e0ccd99c35c3a87d8bb6a3e42dce0d1d33aa66c260c8e
low;n6;6;;86;completed;225;225;0;215;0,9555555555555556;12,767407580004798;15,0;23,014491822092047;18,201178540803667;0,034599389059422975;154;90;8008,862408022207;7839,593067129121;0,2276490920755103;21;-9670,311331187571;88639,86539387931;4775;2,4556356947869062e-11;0,3652597402597403;0,36885245901639346;0,33237682654492173;0,3453773633511678;35,59494403565425;37,61167730483116;38,848466179746396;0,17265984968776177;1,3838622815306698;3,882326685552198;32,73194639347063;41,774765878225196;47,832065333221664;3;114;0,0;7;2872,6667055010794;9;2872,6667055010726;38,84846617974639;37,61167730483115;0,0;0,0;81,84430381271444;0;0,0;0,0;0;0,0;19,03599444920883;0;0,0;0,0;8;1,6991975066350278;0,0;8;27,131283918850144;0,0;7;6,132126174101723;0,0;0;0,0;0,0;0;0,0;0,0;3;0,0;16,28960188745562;1;0,0;3,522869843081935;10;0,0;0,0;0;0,0;0,0;0;0,0;0,0;0;0,0;0,0;8;2,649069705244256;0,0;0;0,0;0,0;0;0,0;0,0;0;0,0;0,0;115,33058968651542;9,820833333333333;0,46673629081819246;4,066666666666666;2,7111111111111112;17,196024119999993;4,066666666666666;6,691666666666666;3,5;0,0;16,005465702777776;7,968336194999997;7;691,1636272374167;0,8211015133075134;1;94,80981165578814;0,05786368094175978;3;485,66791707950193;0,37169470181020603;2;210,0;0,14325076999340416;3;250,88020813365935;0,21316635170505807;2;225,11402029379983;0,1461494341900068;0,7038778295092335;111;114;10;0,0444444444444444;15,0;35;21,80785161465086;0,02631578947368421;1,3147767842580733;1,824752956786809;1,4610389610389611;0,01948051948051948;27,308382423629688;27,192272778235587;32,59852529858084;38,12583912409421;42,81602685971187;111;0,954954954954955;12,120515748120344;15,000000000000007;6;0,8333333333333334;15,80163527596469;18,60735874184111;49;0,9795918367346939;12,429038034942991;15,0;17;1,0;13,806871092209287;15,0;25;0,92;13,970947805308013;19,022838253738964;17;0,9411764705882353;14,086251670086373;15,022804058759963;0,5518502463575251;181,67727872916413;0,10700825032000616;0,275193694238154;0,054928189327759815;0,14340140649802735;3,8144960933641414;0,012206264295057737;0,08614975543259908;0,006103132147528868;0,13648890366451163;0,0;0,047807868488976134;0,10072030606631946;0,024412528590115473;0,15217189988859767;15,378740696152574;0,02583659275787221;0,10986931421835251;0,018309396442586605;0,1822787801391638;66,99723868114512;0,024615966328366438;0,14869839379045;0,012206264295057737;0,15467352389016373;29,22457711838433;0,030719098475895306;0,12678064678598847;0,012206264295057737;20260920;"{""passenger_counts"":[20260920,86,1,1],""city_assignment"":[20260920,86,1,2],""arrival_terminal_processing"":[20260920,86,1,3],""terminal_access"":[20260920,86,1,4],""departure_terminal_earliness"":[20260920,86,1,5]}";2.3.5;3;1;e95a5309432aa395cb77f6d72d994ccc8b01d784fbc3fc0dea72bd16a3d34329;15;0,95;2026-07-30T21:18:49.688669+02:00;2026-08-01T00:37:19.865394+02:00;"{""aircraft_spec"":""1d92a29ff955ec8194720f659c80edf216b314fc10254dcf237d7a6f523202b4"",""config"":""7ead259693c46435e769cfce8a5758000255c9bd0ae648a9278403052013ecf4"",""flight_schedule"":""5871c8897f25c6a4b84d5aaf40fda1a067670fa574cb675c9adf829ad9c940f9"",""vertiport_network"":""8f37a94965fd8b2b9be9143f587c88446d15875ef5cba00cefde590914bba9b3""}";d3094d93f4535fbcbc60bb48f00a56a471fb58d21c5438d1e32bf1a9ee2190b6;c398ff11be193803520e0ccd99c35c3a87d8bb6a3e42dce0d1d33aa66c260c8e
low;n6;6;;87;completed;264;264;0;254;0,9621212121212122;12,062478770225947;15,0;29,069371456079654;17,7396034837354;0,12730696879769052;172;101;9072,244461791643;8787,038321928967;0,2272853764241013;24;-8527,376746331785;87896,94804725467;5386;1,0686562745831907e-11;0,38372093023255816;0,36996336996337;0,34167222797115243;0,35163173497800976;34,364562355271374;45,69276861578825;59,26092436649488;0,22447319835793517;1,7782217454553477;5,5049761421556465;32,715493142781625;42,70945432281316;53,75842517838052;5;140;0,0;10;3184,49439533965;10;3184,494395339655;59,26092436649488;45,69276861578825;0,0;0,0;88,64353631382912;1;0,0;0,0;0;0,0;37,5711257514703;0;0,0;0,0;9;17,837765668516173;0,0;6;10,131224177332115;0,0;3;16,723778769939962;0,0;0;0,0;0,0;0;0,0;0,0;1;0,0;12,528815025627818;0;0,0;9,160983589396762;10;0,0;0,0;1;0,0;0,0;0;0,0;0,0;0;0,0;0,0;6;1,0;0,0;0;0,0;0,0;0;0,0;0,0;0;0,0;0,0;105,08934165296894;11,233333333333333;0,6161939274193788;4,55;3,033333333333333;19,758460675000016;4,55;7,706666666666667;4,0;0,16987840058911388;17,999862332777784;9,341931675555562;10;679,080417824959;0,9297386892019417;2;105,0;0,06536861002129013;3;403,62556635038595;0,33115879602859816;3;270,1708528474779;0,19637078604820588;3;304,2769233158376;0,2449418167389188;3;287,24793579711815;0,2139717471355164;0,6539180349642987;124;140;10;0,037878787878787845;15,0;50;22,368387380013697;0,03571428571428571;3,5645951263353344;9,369371456079655;1,5348837209302326;0,040697674418604654;26,784534664885125;27,079064000027095;32,76137668488916;37,707758954935635;43,819943805869535;124;0,967741935483871;12,049653943652066;15,0;8;1,0;13,131508508329519;15,0;45;1,0;11,826579002412812;15,0;24;0,9166666666666666;13,149250315197278;15,936259182688461;33;0,9696969696969697;11,928459238770017;15,0;30;0,9;11,462267356914545;17,411123133895117;0,49641714973556966;196,56057263840685;0,12880567249588976;0,28697865382068016;0,06844745881424094;0,17625625571248094;155,79325338614655;0,016593323348906893;0,09693573076247591;0,006222496255840085;0,14241922990830438;0,0;0,043557473790880596;0,1199795185943462;0,03733497753504051;0,1413882297052471;8,641381506564963;0,030075398569893746;0,11356143998509108;0,01244499251168017;0,18760125371848713;52,482989909373735;0,03173473090478444;0,16104354645583016;0,01244499251168017;0,21026171930605086;45,67745754918557;0,032356980530368444;0,1823165025975488;0,01244499251168017;20260920;"{""passenger_counts"":[20260920,87,1,1],""city_assignment"":[20260920,87,1,2],""arrival_terminal_processing"":[20260920,87,1,3],""terminal_access"":[20260920,87,1,4],""departure_terminal_earliness"":[20260920,87,1,5]}";2.3.5;3;1;9e7bf557f045abe252e18a9fa1fe5789bd7843de1c0d51d95e3eb0800d24673c;15;0,95;2026-07-30T21:37:52.623254+02:00;2026-08-01T00:24:56.948047+02:00;"{""aircraft_spec"":""1d92a29ff955ec8194720f659c80edf216b314fc10254dcf237d7a6f523202b4"",""config"":""7ead259693c46435e769cfce8a5758000255c9bd0ae648a9278403052013ecf4"",""flight_schedule"":""5871c8897f25c6a4b84d5aaf40fda1a067670fa574cb675c9adf829ad9c940f9"",""vertiport_network"":""8f37a94965fd8b2b9be9143f587c88446d15875ef5cba00cefde590914bba9b3""}";d3094d93f4535fbcbc60bb48f00a56a471fb58d21c5438d1e32bf1a9ee2190b6;c398ff11be193803520e0ccd99c35c3a87d8bb6a3e42dce0d1d33aa66c260c8e
low;n6;6;;88;completed;258;258;0;245;0,9496124031007752;12,588716829725671;15,000442213549338;22,57945263010227;18,154251825573805;0,005948667060405285;176;102;9213,75714410275;9031,886853298936;0,23316807545578905;24;-8616,230763032097;87658,36418277796;5462;-2,467004378559068e-11;0,3664772727272727;0,3669064748201439;0,3360929646215543;0,3469694522486761;35,71223699264632;25,198360521239586;61,908028928818354;0,23995360049929595;1,5472310077516644;5,2693730094208755;33,08749583172339;41,95332883524762;47,541119938573836;2;141;0,0;12;3247,8889420692226;13;3247,8889420692535;61,908028928818354;25,198360521239525;0,0;0,0;88,11057795567972;4;0,0;0,0;0;0,0;38,97600915739273;0;0,0;3,265269586211313;9;0,0;0,0;13;24,893044357803927;0,0;4;0,0;0,0;0;0,0;0,0;0;0,0;0,0;2;0,0;15,358934693617751;1;0,0;4,307815491596557;13;0,0;0,0;0;0,0;0,0;0;0,0;0,0;0;0,0;0,0;13;0,3053161634356002;0,0;0;0,0;0,0;0;0,0;0,0;0;0,0;0,0;104,31136530696772;11,241666666666667;0,7333810467243493;4,633333333333334;3,088888888888889;20,00570635500002;4,633333333333334;7,663333333333333;4,0;0,14664997876914843;18,4087668588889;9,319161718333339;12;683,3142202532624;0,9166225724834013;3;105,0;0,0810041180222114;3;527,2278680627371;0,408197571304469;2;227,50025706400083;0,15327947144284884;3;316,75121123948594;0,2356124536225054;3;311,1031619411949;0,22942462237794423;0,6500865489946623;117;141;13;0,050387596899224785;15,0;43;21,991350019842454;0,014184397163120567;0,4193810277585726;0,6061339344632264;1,4659090909090908;0,011363636363636364;26,742943040502794;27,68594521249222;33,18000356666671;37,56963357959605;43,13372339535796;117;0,9658119658119658;12,570864228493715;15,0;9;1,0;14,441923428761102;15,0;54;0,9629629629629629;12,1293382207411;15,0;17;0,8823529411764706;14,467567673204051;16,246771573234653;32;0,9375;11,814319550362068;15,694960942127416;29;0,896551724137931;12,694116431052882;16,812134746763668;0,501661824901854;150,06007354681697;0,131083387129319;0,28400705015506533;0,06232173714547655;0,08472693411052423;0,0;0,015580434286369137;0,07071949553946;0,031160868572738275;0,11550867507604734;0,0;0,04715678110674392;0,09345394834865427;0,03739304228728593;0,14801466281375533;13,77205039917147;0,028044781715464446;0,11749918772574675;0,006232173714547655;0,21827412905131763;64,02272355523237;0,03448469455383036;0,19770795579331038;0,0;0,29456564625328857;152,89217639897785;0,032407303315647805;0,222505597505939;0,01246434742909531;20260920;"{""passenger_counts"":[20260920,88,1,1],""city_assignment"":[20260920,88,1,2],""arrival_terminal_processing"":[20260920,88,1,3],""terminal_access"":[20260920,88,1,4],""departure_terminal_earliness"":[20260920,88,1,5]}";2.3.5;3;1;91fdd113c672f4f2f86d41b7a7e9db0c798a5795e4f2520c3915f35a6df51697;15;0,95;2026-07-30T21:36:23.769237+02:00;2026-08-01T00:20:58.364183+02:00;"{""aircraft_spec"":""1d92a29ff955ec8194720f659c80edf216b314fc10254dcf237d7a6f523202b4"",""config"":""7ead259693c46435e769cfce8a5758000255c9bd0ae648a9278403052013ecf4"",""flight_schedule"":""5871c8897f25c6a4b84d5aaf40fda1a067670fa574cb675c9adf829ad9c940f9"",""vertiport_network"":""8f37a94965fd8b2b9be9143f587c88446d15875ef5cba00cefde590914bba9b3""}";d3094d93f4535fbcbc60bb48f00a56a471fb58d21c5438d1e32bf1a9ee2190b6;c398ff11be193803520e0ccd99c35c3a87d8bb6a3e42dce0d1d33aa66c260c8e
low;n6;6;;89;completed;247;247;0;229;0,9271255060728745;12,72471484856872;17,581610148373667;30,97817438577537;18,360897529799914;0,3967051438587391;163;103;8848,252528761086;8720,090116170124;0,23316807545578955;25;-9847,277984043592;89945,75096738288;5171;1,3983481039758772e-11;0,37883435582822084;0,38721804511278196;0,3582426224853166;0,3684330725973681;35,82288473182626;83,96079272183029;57,38712226410498;0,23233652738504043;1,324236354211583;6,0273176549382095;32,6592434077915;43,137912275826565;57,07286758311154;8;116;0,0;8;3143,004567596474;11;3143,00456759649;57,38712226410498;83,96079272183027;0,0;0,0;90,56005740028519;1;0,0;0,0;0;0,0;28,256274539316745;0;0,0;0,0;13;10,872968044306374;0,0;16;48,67289324636246;0,0;5;20,637309366666766;0,0;0;0,0;0,0;0;0,0;0,0;0;0,0;20,356227970024097;0;0,0;8,77461975476414;17;0,0;0,0;2;0,0;0,0;0;0,0;0,0;0;0,0;0,0;16;3,7776220644946688;0,0;0;0,0;0,0;0;0,0;0,0;0;0,0;0,0;112,4581613165806;10,579166666666667;0,7585263369073765;4,433333333333334;2,9555555555555535;19,29197171000003;4,433333333333334;7,244999999999999;4,16666666666667;0,0;17,12263912777779;9,558221471111125;8;716,4910235698143;0,9475012104476304;2;75,0;0,0477526000343758;4;357,3885351958732;0,30324433542900925;3;332,55573035554517;0,24889140192784898;2;233,57409311107622;0,1469276373469876;3;276,7291786029908;0,19539671604845665;0,6761483993314932;131;116;18;0,07287449392712553;15,0;46;23,71038868357825;0,06896551724137931;5,752224585951717;12,242358488878502;1,5153374233128833;0,03680981595092025;27,720285819840687;27,30819472657495;33,09668771666669;38,702238039165366;48,00524397564974;131;0,9541984732824428;12,02977299309313;15,000000000000007;6;1,0;13,237157215934314;15,0;40;0,875;12,609029477009667;18,622753966240264;29;0,896551724137931;14,274498205946529;20,945110155034214;17;0,8823529411764706;14,374856830914338;18,59282076221527;24;0,9166666666666666;13,541132042803675;19,88835358463312;0,517691083434386;184,26101853712055;0,12245344317535435;0,28029967808763184;0,024049776073719362;0,06406324301709777;0,0;0,013026962039931322;0,05296200395481764;0,024049776073719362;0,16704243911534475;0,0;0,041085034125937246;0,1301109761711049;0,036074664110579045;0,19506221044846075;23,05251478761511;0,03306844210136412;0,16973479002082506;0,018037332055289523;0,1755320001601004;10,59017867858056;0,02926056088969189;0,14420206569719557;0,03006222009214922;0,19693287569744305;38,94824770554563;0,02765724248477726;0,16544197999707272;0,018037332055289595;20260920;"{""passenger_counts"":[20260920,89,1,1],""city_assignment"":[20260920,89,1,2],""arrival_terminal_processing"":[20260920,89,1,3],""terminal_access"":[20260920,89,1,4],""departure_terminal_earliness"":[20260920,89,1,5]}";2.3.5;3;1;3d66a635a1c97a8d51b6ea21ac16057dc67d07118e3282173e4d005860592a90;15;0,95;2026-07-30T21:15:52.722016+02:00;2026-08-01T00:59:05.750967+02:00;"{""aircraft_spec"":""1d92a29ff955ec8194720f659c80edf216b314fc10254dcf237d7a6f523202b4"",""config"":""7ead259693c46435e769cfce8a5758000255c9bd0ae648a9278403052013ecf4"",""flight_schedule"":""5871c8897f25c6a4b84d5aaf40fda1a067670fa574cb675c9adf829ad9c940f9"",""vertiport_network"":""8f37a94965fd8b2b9be9143f587c88446d15875ef5cba00cefde590914bba9b3""}";d3094d93f4535fbcbc60bb48f00a56a471fb58d21c5438d1e32bf1a9ee2190b6;c398ff11be193803520e0ccd99c35c3a87d8bb6a3e42dce0d1d33aa66c260c8e
low;n6;6;;90;completed;229;229;0;220;0,9606986899563319;12,651144457058543;15,0;23,92903529857334;18,134145488781538;0,01708213907793944;150;78;7683,768642516656;7538,359235384361;0,23316807545579035;19;-8958,238198088331;88510,4088644584;4510;1,1823431123048067e-11;0,38166666666666665;0,34210526315789475;0,32106353976996455;0,32836788572696285;33,553574858151336;28,486868880154482;32,35723626456614;0,1412979749544373;1,0908003060654998;3,2566134512696103;32,37745104414385;41,09297737453468;47,86215971309466;1;110;0,0;10;2897,112080666406;12;2897,1120806664085;32,35723626456614;28,48686888015436;0,0;0,0;82,47248831145333;0;0,0;0,0;0;0,0;9,432064529414129;0;0,0;0,0;6;8,929035298573337;0,0;8;10,54857148743516;0,0;3;6,541679404111104;0,0;0;0,0;0,0;0;0,0;0,0;2;0,0;17,48910887925534;3;1,4675826900347602;5,436062855896671;9;0,0;0,0;0;0,0;0,0;0;0,0;0,0;0;0,0;0,0;7;1,0;0,0;0;0,0;0,0;0;0,0;0,0;0;0,0;0,0;115,23102158823697;9,770833333333334;0,4485476593405575;3,8;2,533333333333333;16,999009190000006;3,8;6,698333333333333;3,1666666666666665;0,0;15,841178041666675;7,491164481666666;10;684,0568161139494;0,9172460437885905;1;45,0;0,02770121553310758;3;376,11429238930975;0,30073308081176353;2;255,0;0,19063819791763031;2;210,0;0,15095229807010216;3;248,92903529857333;0,19614085654791416;0,7093420811368722;119;110;9;0,0393013100436681;15,0;31;21,88689200676968;0,00909090909090909;1,8790352985733383;1,8790352985733383;1,5266666666666666;0,02;27,074624184040758;27,66595281268663;33,18000356666671;37,47443549453847;41,523779135658245;119;0,9495798319327731;12,521390883970227;15,072069863794109;3;1,0;15,0;15,0;39;0,9487179487179487;12,526515604134241;15,093508885354327;24;1,0;12,903643909356553;15,0;19;1,0;12,906242336732582;15,0;25;0,96;12,745055947609503;15,0;0,53041344221391;201,1462535377758;0,10895811443022314;0,25981578825445595;0,06155825674023906;0,02136843605074675;0,0;0,0088233501327676;0,016135984227826434;0,0;0,15080392254540284;0,0;0,03898689593548474;0,10679082519514695;0,01846747702207172;0,2140399021017979;88,53075244534514;0,02770121553310758;0,1696864609659137;0,01846747702207172;0,23579904971837337;144,0613301667318;0,023186943372156713;0,18973807147840638;0,012311651348047813;0,2050549409757805;37,49851615178468;0,026264856209168668;0,15446925101903464;0,006155825674023906;20260920;"{""passenger_counts"":[20260920,90,1,1],""city_assignment"":[20260920,90,1,2],""arrival_terminal_processing"":[20260920,90,1,3],""terminal_access"":[20260920,90,1,4],""departure_terminal_earliness"":[20260920,90,1,5]}";2.3.5;3;1;98b09345184b1c7ca0d61da2585a2124ea2949bd0c20417c9e22d89c6f9f9b59;15;0,95;2026-07-30T21:30:41.761802+02:00;2026-08-01T00:35:10.408864+02:00;"{""aircraft_spec"":""1d92a29ff955ec8194720f659c80edf216b314fc10254dcf237d7a6f523202b4"",""config"":""7ead259693c46435e769cfce8a5758000255c9bd0ae648a9278403052013ecf4"",""flight_schedule"":""5871c8897f25c6a4b84d5aaf40fda1a067670fa574cb675c9adf829ad9c940f9"",""vertiport_network"":""8f37a94965fd8b2b9be9143f587c88446d15875ef5cba00cefde590914bba9b3""}";d3094d93f4535fbcbc60bb48f00a56a471fb58d21c5438d1e32bf1a9ee2190b6;c398ff11be193803520e0ccd99c35c3a87d8bb6a3e42dce0d1d33aa66c260c8e
low;n6;6;;91;completed;241;241;0;231;0,9585062240663901;12,798935973234695;15,0;44,56176268441911;18,497945970303928;0,42358495389201134;160;91;8389,108810677757;8285,851962272183;0,22583490844874862;22;-7976,446379817432;89310,65296485525;4962;2,0804691303055733e-11;0,3765625;0,36254980079681276;0,3328183647989685;0,34322506970970995;34,8095801272936;78,04631861171305;79,21140929368609;0,328678046861768;2,433021215936242;4,928315084201434;33,36707401170445;42,581296792382936;73,20969730734019;4;127;0,0;13;3084,543569549561;14;3084,5435695495603;79,21140929368607;78,04631861171305;0,0;0,0;79,9193243745289;2;0,0;0,0;0;0,0;55,45841180516057;0;0,0;0,0;9;52,30629010267985;0,0;7;16,228710408487313;0,0;2;0,7763142666666681;0,0;0;0,0;0,0;0;0,0;0,0;0;0,0;15,559956865887534;2;0,0;8,19304062263797;10;0,0;0,0;1;6,735003833879213;0,0;0;0,0;0,0;0;0,0;0,0;7;2,0;0,0;0;0,0;0,0;0;0,0;0,0;0;0,0;0,0;110,45424558893876;10,354166666666666;0,9030395463575425;4,183333333333334;2,788888888888888;18,38927806000002;4,183333333333334;7,085;3,6666666666666665;0,13721349026869778;16,920727229444456;8,440773052777784;13;635,9754814781147;0,8896269586827662;2;75,0;0,052016029901322584;3;426,666982522023;0,31279903332081876;3;224,5617626844191;0,16479913405833538;3;347,85660839449207;0,2823051938836246;3;271,1528944051954;0,20078823942165328;0,681205913217437;114;127;10;0,04149377593360992;15,0;48;23,830715212975097;0,031496062992125984;13,44882228607136;27,44007776862054;1,50625;0,025;27,02419426240908;27,912218500196303;34,51872332741459;38,26355848660153;44,19689136859638;114;0,9649122807017544;12,653395659220655;15,0;7;1,0;12,048782544108178;15,0;41;1,0;12,370451475447187;15,0;20;0,95;13,360691439207756;16,478088134220975;34;0,9117647058823529;13,46306541317317;22,838433960910724;25;0,92;13,02273693057087;15,301264110823006;0,4725764237628052;152,23168096267753;0,11841241107607163;0,2470705805608392;0,0801750699994235;0,03547653239520246;0,0;0,010278855128131217;0,02930921931832373;0,0;0,19953480374943722;0,0;0,04111542051252487;0,11081472343580213;0,018501939230636193;0,18959692089754937;11,068859495520154;0,027136177538266415;0,13439361876511008;0,018501939230636193;0,28389140542799407;38,78187319766821;0,03515368453820877;0,17043915763371464;0,006167313076878731;0,20499932547252603;114,29978198196889;0,025902714922890632;0,18167929865976584;0,012334626153757461;20260920;"{""passenger_counts"":[20260920,91,1,1],""city_assignment"":[20260920,91,1,2],""arrival_terminal_processing"":[20260920,91,1,3],""terminal_access"":[20260920,91,1,4],""departure_terminal_earliness"":[20260920,91,1,5]}";2.3.5;3;1;d5a247cc5617a9b77160a3286cfcbb130fed83e8107c1b65c7b8f073b4f75ea2;15;0,95;2026-07-30T21:47:03.553620+02:00;2026-08-01T00:48:30.652965+02:00;"{""aircraft_spec"":""1d92a29ff955ec8194720f659c80edf216b314fc10254dcf237d7a6f523202b4"",""config"":""7ead259693c46435e769cfce8a5758000255c9bd0ae648a9278403052013ecf4"",""flight_schedule"":""5871c8897f25c6a4b84d5aaf40fda1a067670fa574cb675c9adf829ad9c940f9"",""vertiport_network"":""8f37a94965fd8b2b9be9143f587c88446d15875ef5cba00cefde590914bba9b3""}";d3094d93f4535fbcbc60bb48f00a56a471fb58d21c5438d1e32bf1a9ee2190b6;c398ff11be193803520e0ccd99c35c3a87d8bb6a3e42dce0d1d33aa66c260c8e
low;n6;6;;92;completed;238;238;0;227;0,9537815126050421;12,688584700044812;15,000000000000002;35,73588881568139;18,233811559828144;0,2717493176708733;158;87;8130,589213544428;7984,154579245901;0,23316807545578996;21;-9391,237501253112;88773,97299756417;4860;1,6484591469634324e-11;0,37658227848101267;0,3551020408163265;0,31545366487156445;0,3294305027545089;34,16213955270768;72,61162162779036;50,763992628432156;0,2132940866740847;1,5310714329364985;6,1541933818579615;33,299256059541165;42,5798692291615;59,10812896292928;4;130;0,0;8;3019,8831586106658;11;3019,883158610646;50,76399262843215;72,61162162779034;0,0;0,0;89,17427840154284;1;0,0;0,0;0;0,0;24,615794442053115;0;0,0;0,0;10;21,713063136429657;0,0;10;37,317505048268686;0,0;5;9,581053443092;0,0;0;0,0;0,0;0;0,0;0,0;1;0,0;14,266401209490747;0;0,0;11,88179697688829;11;0,0;0,0;0;0,0;0,0;0;0,0;0,0;0;0,0;0,0;10;4,0;0,0;0;0,0;0,0;0;0,0;0,0;0;0,0;0,0;113,6886803022851;10,225;0,629443566854916;4,083333333333333;2,7222222222222223;17,680004740000005;4,083333333333333;6,996666666666667;3,5;0,0;16,761500563888895;7,724059731666663;8;669,3978386064463;0,8145354152436385;2;127,7373525538258;0,0851381223264717;3;394,0699431916309;0,3145110697749629;3;285,0;0,21501809684210435;3;313,61745999746273;0,22832496927096596;3;268,46011593776336;0,1882686997775967;0,6948816982590071;108;130;11;0,04621848739495793;15,0;35;22,718919771589793;0,03076923076923077;8,831852824303382;13,685888815681391;1,5063291139240507;0,012658227848101266;27,268114027449244;27,5169295498085;33,273689951666626;38,1030350060883;43,861302274877545;108;0,9722222222222222;12,33935810125514;15,0;8;0,75;17,411670207608644;29,178840038543438;43;0,9767441860465116;11,96668425142149;15,0;28;1,0;12,563867105690626;15,0;28;0,8928571428571429;13,341409922988309;20,168350592229494;23;0,9130434782608695;13,392345321743779;20,375717764717265;0,5058280423865256;135,63609968077992;0,11225972973523825;0,27300768353189236;0,042785014962613485;0,07630467979443976;0,0;0,011205599156874961;0,06452912356157006;0,012224289989318139;0,1424371432726592;0,0;0,03911772796581805;0,10902386247539506;0,006112144994659069;0,14933647595157543;31,54838674142229;0,0291345578078749;0,11520737200271358;0,012224289989318139;0,1812693896525938;59,891402844757216;0,0291345578078749;0,16169866324437773;0,024448579978636278;0,34175315649078725;306,4334614003067;0,028727081474897626;0,256632423797845;0,030560724973295348;20260920;"{""passenger_counts"":[20260920,92,1,1],""city_assignment"":[20260920,92,1,2],""arrival_terminal_processing"":[20260920,92,1,3],""terminal_access"":[20260920,92,1,4],""departure_terminal_earliness"":[20260920,92,1,5]}";2.3.5;3;1;8597da3f2249df0e72d29c71973468fc608aeab402bd00f14618ff29ea01a16e;15;0,95;2026-07-30T21:23:28.762499+02:00;2026-08-01T00:39:33.972998+02:00;"{""aircraft_spec"":""1d92a29ff955ec8194720f659c80edf216b314fc10254dcf237d7a6f523202b4"",""config"":""7ead259693c46435e769cfce8a5758000255c9bd0ae648a9278403052013ecf4"",""flight_schedule"":""5871c8897f25c6a4b84d5aaf40fda1a067670fa574cb675c9adf829ad9c940f9"",""vertiport_network"":""8f37a94965fd8b2b9be9143f587c88446d15875ef5cba00cefde590914bba9b3""}";d3094d93f4535fbcbc60bb48f00a56a471fb58d21c5438d1e32bf1a9ee2190b6;c398ff11be193803520e0ccd99c35c3a87d8bb6a3e42dce0d1d33aa66c260c8e
low;n6;6;;93;completed;245;245;0;231;0,9428571428571428;12,346170723003405;15,635712304370994;27,591116646945252;17,985561151685083;0,21998057873566318;162;90;8389,217545524984;8167,859650131052;0,23316807545578794;23;-9108,37826017586;88975,41413832581;4976;1,3528733688872308e-11;0,37808641975308643;0,35714285714285715;0,3194942784530652;0,33272450040217905;34,24170426744891;65,2844653777874;55,40065502701112;0,22612512255922906;1,1664082736445076;4,093791738374421;32,47210212607426;43,02262207807284;55,70584403728705;4;120;0,0;7;3024,811827135834;12;3024,8118271358553;55,40065502701112;65,2844653777874;0,0;0,0;84,21131614095628;2;0,0;0,0;0;0,0;32,080250173632585;0;0,0;0,0;8;25,071066113234824;0,0;13;26,152346983208677;0,0;6;9,55760178994254;0,0;0;0,0;0,0;0;0,0;0,0;1;0,0;17,501690492216827;2;0,0;5,81871436116171;14;0,0;0,0;2;0,0;0,0;0;0,0;0,0;0;0,0;0,0;13;4,503450491401357;0,0;0;0,0;0,0;0;0,0;0,0;0;0,0;0,0;111,69692377037845;10,504166666666666;0,620158613703505;4,2;2,8;18,307593235000017;4,2;7,191666666666666;3,8333333333333335;0,11914504508683321;17,221961995000015;8,085631240000003;7;700,9214787790881;0,925179165678218;1;71,5216167631057;0,04375133649350916;4;309,9486629168432;0,26676933979831613;3;273,23881938801617;0,21276281836464733;2;232,15457514164942;0,1511359189168977;3;342,59111664694524;0,25074494020354304;0,6832745005407319;125;120;14;0,05714285714285716;15,0;42;22,66093468136755;0,03333333333333333;6,599417362069896;9,634908385319674;1,5123456790123457;0,037037037037037035;27,245497888472684;27,10429734140626;32,630227059313036;38,06356544343676;43,802410387068896;125;0,944;12,099344162373509;15,366165126787866;4;0,75;17,880404190776424;24,793374248639847;42;0,9761904761904762;10,383233548834678;15,0;28;0,9642857142857143;12,421776253927492;15,0;16;0,8125;15,441650098960183;24,516070630525704;30;0,9666666666666667;13,663341477721682;15,0;0,5152841417962805;172,3368715057921;0,11541152440362741;0,26368339440249833;0,0734066232955934;0,059406345355095674;7,296253189010046;0,012234437215932235;0,05206568302553634;0,006117218607966117;0,16383766229266447;0,0;0,03813066265632213;0,11015927999432516;0,01835165582389835;0,1688184622237877;5,3;0,02813920559664414;0,12158341805741821;0,006117218607966117;0,23267094889704437;124,72562843196307;0,02977046389210177;0,18172607454904752;0,006117218607966117;0,2011402527699639;67,57023010739452;0,033236887769949236;0,17867317146817374;0,030586093039830585;20260920;"{""passenger_counts"":[20260920,93,1,1],""city_assignment"":[20260920,93,1,2],""arrival_terminal_processing"":[20260920,93,1,3],""terminal_access"":[20260920,93,1,4],""departure_terminal_earliness"":[20260920,93,1,5]}";2.3.5;3;1;60614ee91c18f52306e0a7c859f878d97647019b079e245f5536fbccf66c0358;15;0,95;2026-07-30T21:28:11.621740+02:00;2026-08-01T00:42:55.414138+02:00;"{""aircraft_spec"":""1d92a29ff955ec8194720f659c80edf216b314fc10254dcf237d7a6f523202b4"",""config"":""7ead259693c46435e769cfce8a5758000255c9bd0ae648a9278403052013ecf4"",""flight_schedule"":""5871c8897f25c6a4b84d5aaf40fda1a067670fa574cb675c9adf829ad9c940f9"",""vertiport_network"":""8f37a94965fd8b2b9be9143f587c88446d15875ef5cba00cefde590914bba9b3""}";d3094d93f4535fbcbc60bb48f00a56a471fb58d21c5438d1e32bf1a9ee2190b6;c398ff11be193803520e0ccd99c35c3a87d8bb6a3e42dce0d1d33aa66c260c8e
low;n6;6;;94;completed;263;263;0;252;0,9581749049429658;12,121451976841941;15,0;25,969340529457742;17,72373724020687;0,07387825151831469;174;106;9278,109636247198;9040,833910500509;0,23316807545578966;25;-9136,965864575694;88250,63551964155;5531;-1,7621459846850485e-11;0,37787356321839083;0,37857142857142856;0,34670757585163403;0,3579571550497315;35,27798340778402;37,86000020668539;63,15102426497598;0,24011796298469953;1,5952114972296114;5,729748876422855;33,30332393919642;42,98882165934895;53,34125511006217;3;157;0,0;7;3187,9418699094304;9;3187,941869909447;63,151024264975966;37,86000020668538;0,0;0,0;89,41278343398639;2;0,0;0,0;0;0,0;42,46152628430361;0;0,0;0,3344846262181818;10;2,8393369627910334;0,0;11;30,53324113603867;0,0;3;1,748327467911804;0,0;0;0,0;0,0;0;0,0;0,0;4;0,09182785697848886;10,52046021547964;1;0,0;9,83455313897454;11;0,0;0,0;0;0,0;0,0;0;0,0;0,0;0;0,0;0,0;11;2,64726678296538;0,0;0;0,0;0,0;0;0,0;0,0;0;0,0;0,0;105,79627992416489;11,279166666666667;0,763805470086913;4,666666666666667;3,111111111111111;20,140639135000015;4,666666666666667;7,721666666666667;4,166666666666667;0,0;18,238890263333346;9,679526649444448;7;692,4902817482345;0,8342929387381216;1;124,43786782364513;0,07666552993704497;3;446,3993940226002;0,35939072509645087;3;294,4517140945751;0,21150700953778348;3;357,39215779080627;0,24102955446639668;3;283,71028641388705;0,24118882128621785;0,6518054357254787;106;157;11;0,041825095057034245;15,0;44;21,75;0,01910828025477707;3,8662951627918014;7,640547248834385;1,5114942528735633;0,022988505747126436;27,0521114956159;27,202952649104784;32,15600384400014;37,42204595671051;43,678235369472084;106;0,9811320754716981;12,775123923820026;15,0;8;0,875;15,554733477955642;17,88461408536934;53;0,9811320754716981;11,006352414112564;15,0;27;0,8888888888888888;12,714913786934252;16,28752475524964;34;0,9117647058823529;11,506514790288685;17,32642187490604;35;0,9714285714285714;11,185143231310187;15,0;0,47589064310999024;143,55591161908984;0,1306121089256175;0,28252945915153904;0,06160948534227241;0,11892595643544739;0,0;0,015402371335568103;0,08009112677592954;0,030804742671136205;0,18248573768715207;0,0;0,044153464495295225;0,12549656534680254;0,030804742671136205;0,19471424852317046;42,11826219144544;0,03593886644965891;0,15766872078794844;0,024643794136908963;0,15605033789257056;17,978247084874873;0,036554961303081626;0,13417897059606387;0,0;0,22165426317436712;112,05404572591335;0,024849159088049872;0,18208234480821883;0,006160948534227241;20260920;"{""passenger_counts"":[20260920,94,1,1],""city_assignment"":[20260920,94,1,2],""arrival_terminal_processing"":[20260920,94,1,3],""terminal_access"":[20260920,94,1,4],""departure_terminal_earliness"":[20260920,94,1,5]}";2.3.5;3;1;55f412c451117eaf01018012f8e853239a569d12a5bd35a541ef5f213c60480e;15;0,95;2026-07-30T21:27:43.034135+02:00;2026-08-01T00:30:50.635520+02:00;"{""aircraft_spec"":""1d92a29ff955ec8194720f659c80edf216b314fc10254dcf237d7a6f523202b4"",""config"":""7ead259693c46435e769cfce8a5758000255c9bd0ae648a9278403052013ecf4"",""flight_schedule"":""5871c8897f25c6a4b84d5aaf40fda1a067670fa574cb675c9adf829ad9c940f9"",""vertiport_network"":""8f37a94965fd8b2b9be9143f587c88446d15875ef5cba00cefde590914bba9b3""}";d3094d93f4535fbcbc60bb48f00a56a471fb58d21c5438d1e32bf1a9ee2190b6;c398ff11be193803520e0ccd99c35c3a87d8bb6a3e42dce0d1d33aa66c260c8e
low;n6;6;;95;completed;239;239;0;224;0,9372384937238494;12,45979105069481;16,773084627261426;24,884162622629688;18,094809261808432;0,11854429937331577;161;96;8559,669905086086;8362,080967763291;0,226864885631848;21;-9951,786797871391;89113,5218222555;5010;6,900791049702093e-11;0,37111801242236025;0,3735408560311284;0,3425081364126895;0,353408359948654;35,81451843132253;55,988403138634325;71,01935245615658;0,297152102327015;1,5680243748593057;6,142716132413625;32,423511904494596;42,04864280219427;54,23344054549125;5;114;0,0;9;2977,8900611160593;9;2977,890061116037;71,01935245615651;55,988403138634325;0,0;0,0;83,38903652778471;2;0,0;0,0;0;0,0;33,65361641197069;0;0,0;0,0;10;0,03970973735486041;0,0;15;33,98235865020088;0,0;8;17,3563085951156;0,0;1;0,0;0,0;0;0,0;0,0;3;1,6100261559629871;28,756369655583754;2;0,0;8,609366388602075;15;0,0;0,0;1;0,0;0,0;0;0,0;0,0;0;0,0;0,0;15;3,0;0,0;0;0,0;0,0;0;0,0;0,0;0;0,0;0,0;112,96342604166175;10,345833333333333;0,9241278561583454;4,266666666666667;2,8555555555555556;18,689442064999994;4,283333333333333;7,065;3,6573722423400854;0,05809060616237629;16,981917452222223;8,84641350166666;9;722,6979497090903;0,9506092188840166;1;75,0;0,04542457963014658;4;412,09239583842464;0,30473342112752466;2;235,25167863123522;0,14690343252017818;3;199,23335867180285;0,14798242472860518;3;249,8841626226297;0,20793897925604202;0,6841754855364851;125;114;15;0,06276150627615062;15,0;46;23,17389911442751;0,043859649122807015;2,7028100257116;7,534162622629689;1,484472049689441;0,024844720496894408;27,518141283368582;27,681464838780418;33,33245404464925;37,62312491514611;45,31469911823852;125;0,944;12,556319419451048;16,344603394998018;5;1,0;15,0;15,0;44;0,9545454545454546;11,435041822297471;15,0;17;0,8823529411764706;14,267680274477877;19,178931428659972;21;0,9047619047619048;11,634860774677753;17,268117743674278;27;0,9259259259259259;12,715764909971583;17,45169467028319;0,4824479325444949;84,21897348931913;0,11830579405895952;0,252462668203404;0,0787359380255874;0,026609808518708318;0,0;0,009084915926029315;0,021158858963090728;0,006056610617352877;0,1977185576337287;0,0;0,04582835367130344;0,10193323645778944;0,030283053086764385;0,24072690604796124;144,0736594728432;0,031292488189656534;0,17664298943063517;0,01177546498035443;0,16210242283532647;98,17259858049732;0,027456634798666377;0,1427337809353752;0,0;0,2584835192455805;156,6583354946689;0,027456634798666377;0,2133746651601441;0,006056610617352877;20260920;"{""passenger_counts"":[20260920,95,1,1],""city_assignment"":[20260920,95,1,2],""arrival_terminal_processing"":[20260920,95,1,3],""terminal_access"":[20260920,95,1,4],""departure_terminal_earliness"":[20260920,95,1,5]}";2.3.5;3;1;baa1661bc1638946b3ea6819d4363a11d751cae1462637757057a605649ce276;15;0,95;2026-07-30T21:14:08.213202+02:00;2026-08-01T00:45:13.521822+02:00;"{""aircraft_spec"":""1d92a29ff955ec8194720f659c80edf216b314fc10254dcf237d7a6f523202b4"",""config"":""7ead259693c46435e769cfce8a5758000255c9bd0ae648a9278403052013ecf4"",""flight_schedule"":""5871c8897f25c6a4b84d5aaf40fda1a067670fa574cb675c9adf829ad9c940f9"",""vertiport_network"":""8f37a94965fd8b2b9be9143f587c88446d15875ef5cba00cefde590914bba9b3""}";d3094d93f4535fbcbc60bb48f00a56a471fb58d21c5438d1e32bf1a9ee2190b6;c398ff11be193803520e0ccd99c35c3a87d8bb6a3e42dce0d1d33aa66c260c8e
low;n6;6;;96;completed;265;265;0;257;0,969811320754717;12,284909272551124;15,0;18,27413646666658;17,78676600376988;0,0;176;93;9085,188785352757;8905,756137664597;0,23316807545579085;24;-10605,648850180749;88214,06248166085;5275;2,7284841053187847e-11;0,37642045454545453;0,34572490706319703;0,3181868869094513;0,32772561562693514;34,2837312654821;16,2848065847417;31,742033772970625;0,11978125952064388;1,117178741284126;3,298217075032032;31,66487154432214;40,93151884654367;42,94714732023689;0;114;0,0;8;3255,500957226048;10;3255,5009572260433;31,742033772970625;16,2848065847417;0,0;0,0;93,03615667648997;0;0,0;0,0;0;0,0;14,921361819920154;0;0,0;0,0;1;0,0;0,0;8;0,08097195823769046;0,0;7;16,20383462650401;0,0;0;0,0;0,0;0;0,0;0,0;1;0,0;13,708758061141634;1;0,0;3,1119138919088374;8;0,0;0,0;0;0,0;0,0;0;0,0;0,0;0;0,0;0,0;6;0,0;0,0;0;0,0;0,0;0;0,0;0,0;0;0,0;0,0;108,9385558198974;11,387499999999998;0,44156145982280326;4,483333333333333;2,988888888888889;20,147429104999983;4,483333333333333;7,791666666666664;4,0;0,03725027946020519;18,831440453888884;8,788210873333323;8;801,2533431277182;1,0794291460342644;1;120,0;0,07285995782584342;3;345,0;0,2747806537684235;3;287,96337186666665;0,2003460021847895;3;273,24537060668564;0,1890713655794199;2;255,0;0,16014339498628202;0,6614382152205012;151;114;8;0,030188679245283012;15,0;25;21,75;0,0;;;1,5056818181818181;0,022727272727272728;27,44991981440044;27,31191464947164;33,01337186666667;37,4306302383785;41,58226049626718;151;0,9602649006622517;11,773606690318134;15,0;8;1,0;15,0;15,0;40;1,0;11,314060368737632;15,0;25;0,96;13,198756068259604;15,0;23;0,9565217391304348;13,539114324402437;15,0;18;1,0;14,65307783726433;15,0;0,47097847714889757;118,4029932465869;0,12467148339088764;0,27464716492428326;0,06678829467368981;0,03870257397325515;0,0;0,011131382445614967;0,032023744505886166;0,006071663152153618;0,1540944714897561;0,0;0,03987058803247543;0,10676434542765127;0,03642997891292171;0,20215779017866886;36,61878437453209;0,032382203478152634;0,18272846809177729;0,012143326304307237;0,23377479314333197;81,4381016323695;0,033596536108583354;0,201282293285962;0,024286652608614474;0,3011488105620618;200,67925870193662;0,030560704532506547;0,24114792142012065;0,0;20260920;"{""passenger_counts"":[20260920,96,1,1],""city_assignment"":[20260920,96,1,2],""arrival_terminal_processing"":[20260920,96,1,3],""terminal_access"":[20260920,96,1,4],""departure_terminal_earliness"":[20260920,96,1,5]}";2.3.5;3;1;da3292c1fc2eea18728e0e90e06666255f39ade87be22afa43ff78fcbba1c0a7;15;0,95;2026-07-30T21:03:14.351150+02:00;2026-08-01T00:30:14.062482+02:00;"{""aircraft_spec"":""1d92a29ff955ec8194720f659c80edf216b314fc10254dcf237d7a6f523202b4"",""config"":""7ead259693c46435e769cfce8a5758000255c9bd0ae648a9278403052013ecf4"",""flight_schedule"":""5871c8897f25c6a4b84d5aaf40fda1a067670fa574cb675c9adf829ad9c940f9"",""vertiport_network"":""8f37a94965fd8b2b9be9143f587c88446d15875ef5cba00cefde590914bba9b3""}";d3094d93f4535fbcbc60bb48f00a56a471fb58d21c5438d1e32bf1a9ee2190b6;c398ff11be193803520e0ccd99c35c3a87d8bb6a3e42dce0d1d33aa66c260c8e
low;n6;6;;97;completed;238;238;0;231;0,9705882352941176;12,251099162648211;15,0;42,73561026839185;17,93456765281843;0,32989777404153775;155;83;7878,716994263874;7707,432185697009;0,22764909207550768;20;-8836,080457630589;87665,59124535717;4715;-7,617018127348274e-12;0,38387096774193546;0,3487394957983193;0,317210721489977;0,3283528459237606;33,1038529170751;57,47215568778593;56,1655006605121;0,23598949857358026;1,4706619470610571;6,1237606361840635;32,454633197294214;42,52096597791363;67,04702113869135;4;116;0,0;9;2915,761600710274;9;2915,761600710276;56,16550066051198;57,47215568778593;0,0;0,0;86,81451286320093;0;0,0;0,0;0;0,0;36,98863744745631;0;0,0;1,1195016556032593;6;39,70377659080162;0,0;6;11,483305537822282;0,0;1;2,0960749207332507;0,0;0;0,0;0,0;0;0,0;0,0;1;1,1889986384287718;15,391061358689937;2;0,0;2,6663001987624737;7;0,0;0,0;2;0,0;0,0;0;0,0;0,0;0;0,0;0,0;6;3,0;0,0;0;0,0;0,0;0;0,0;0,0;0;0,0;0,0;112,01853522625807;10,125;0,7509664759425267;3,966666666666667;2,6444444444444444;17,083840025000015;3,966666666666667;6,946666666666666;3,3333333333333335;0,0;16,178658590555564;7,5162925455555625;9;674,6721881260305;0,8730866555651335;2;135,0;0,09774872624714392;3;406,50829654540445;0,30996180391388534;3;221,8057599320091;0,17605401566376103;3;223,87868392463108;0,1560136904392491;3;264,44758875919496;0,2000124703481707;0,69647623662538;122;116;7;0,02941176470588236;15,0;41;21,75;0,034482758620689655;9,567035447204596;21,69298663201856;1,5354838709677419;0,025806451612903226;26,806019917496595;27,050687106336948;33,05811142443866;38,138093741232026;44,009943957914174;122;0,9754098360655737;11,510153251858751;15,0;11;1,0;14,292296196495613;15,0;39;0,9743589743589743;12,782834291351975;15,0;24;1,0;11,798268626095089;15,0;16;0,875;15,682897849937472;22,791207809277388;26;0,9615384615384616;12,37278060900176;15,0;0,4167494495771755;15,134404636857653;0,11315866147489662;0,25972644455848504;0,08704512421145894;0,05707063858421091;0,0;0,011398766265786288;0,05023137882473914;0,0;0,22072821992122343;0,0;0,04352256210572947;0,13090272002270942;0,0186525266167412;0,2710890140036731;38,55472349031517;0,023833784010280423;0,15434320673468827;0,006217508872247066;0,18500498751558575;120,84289515748254;0,024455534897505127;0,15154436662070808;0,0;0,3531598645738619;192,27259740103025;0,030258543178269058;0,2222062859992743;0,012435017744494133;20260920;"{""passenger_counts"":[20260920,97,1,1],""city_assignment"":[20260920,97,1,2],""arrival_terminal_processing"":[20260920,97,1,3],""terminal_access"":[20260920,97,1,4],""departure_terminal_earliness"":[20260920,97,1,5]}";2.3.5;3;1;b8509264967a278028a581ed3a95df201d6d3ee1e162564b212179c823afa494;15;0,95;2026-07-30T21:32:43.919542+02:00;2026-08-01T00:21:05.591245+02:00;"{""aircraft_spec"":""1d92a29ff955ec8194720f659c80edf216b314fc10254dcf237d7a6f523202b4"",""config"":""7ead259693c46435e769cfce8a5758000255c9bd0ae648a9278403052013ecf4"",""flight_schedule"":""5871c8897f25c6a4b84d5aaf40fda1a067670fa574cb675c9adf829ad9c940f9"",""vertiport_network"":""8f37a94965fd8b2b9be9143f587c88446d15875ef5cba00cefde590914bba9b3""}";d3094d93f4535fbcbc60bb48f00a56a471fb58d21c5438d1e32bf1a9ee2190b6;c398ff11be193803520e0ccd99c35c3a87d8bb6a3e42dce0d1d33aa66c260c8e
low;n6;6;;98;completed;251;251;0;238;0,9482071713147411;12,742336161462235;15,061428768249879;22,454997710177363;18,16914409171537;0,04006177349267046;172;103;9351,400789011082;9111,568743565726;0,23316807545578866;24;-12444,70472914868;88717,93707536055;5365;2,2737367544323206e-11;0,3648255813953488;0,37454545454545457;0,34704246567370706;0,3565043008082249;37,25657684864973;43,52426984335937;45,37879049353693;0,1807919939981551;1,3215989084651785;5,2531437858740295;33,197162969279105;42,17719372274199;49,31707658942672;2;135;0,0;7;3198,326376527021;9;3198,326376527024;45,37879049353693;43,52426984335931;0,0;0,0;87,92777436158697;1;0,0;0,0;0;0,0;24,505898404756167;0;0,0;0,0;11;1,5770274446664796;0,0;13;33,76873152860847;0,0;2;6,997649626573669;0,0;0;0,0;0,0;0;0,0;0,0;1;0,0;16,695624714576116;5;0,0;4,177267374204651;13;0,0;0,0;1;0,0;0,0;0;0,0;0,0;0;0,0;0,0;13;1,1808612435106929;0,0;0;0,0;0,0;0;0,0;0,0;0;0,0;0,0;112,57296948089434;10,9625;0,4858969110652535;4,583333333333333;3,0555555555555554;20,89248106000001;4,583333333333333;7,468333333333334;4,0;0,0;18,629772972777783;9,901596976111108;7;708,413657365867;0,860545630436891;1;65,77456851102531;0,03901118081008446;3;480,1228575364997;0,3621457466906926;2;280,2064320233541;0,18917305285828706;3;318,3152671656257;0,22641216938908534;4;310,25625905648616;0,21965341439601574;0,6676751465136798;116;135;13;0,05179282868525892;15,0;39;22,12442194011625;0,014814814814814815;2,704169710755256;2,7549977101773644;1,4593023255813953;0,01744186046511628;28,100733834585895;27,882617814567237;33,32413646666661;37,763735102216714;43,65154246000122;116;0,9568965517241379;12,50791226556362;15,000000000000014;4;0,75;16,443642127756327;19,908383234371506;49;0,9795918367346939;12,46109539234594;15,0;26;0,9230769230769231;12,267465247031016;17,139817734015743;28;0,9642857142857143;13,633603090529709;15,0;28;0,8928571428571429;13,226618858143793;18,217585554969737;0,4992101673304816;230,62422596998564;0,12178408728992729;0,2663647983919444;0,05931043212171784;0,03574398803567933;0,0;0,004547133129331701;0,033075018590202024;0,005931043212171784;0,1383326337760982;0,0;0,04151730248520249;0,0962298078457898;0,04151730248520249;0,17435702775220877;69,28672468118724;0,03301614054775626;0,1544880329914333;0,023724172848687136;0,23108211557716687;76,68571587882859;0,03519085639221925;0,20302252714324587;0,005931043212171784;0,2768587348833455;171,0124251794647;0,03578396071343643;0,18237069827369834;0,005931043212171784;20260920;"{""passenger_counts"":[20260920,98,1,1],""city_assignment"":[20260920,98,1,2],""arrival_terminal_processing"":[20260920,98,1,3],""terminal_access"":[20260920,98,1,4],""departure_terminal_earliness"":[20260920,98,1,5]}";2.3.5;3;1;644fe66549f4e6bf4bbec5ab7e30ecaf45c48c2472067e36b5e88f7a83beb8ec;15;0,95;2026-07-30T20:32:35.295271+02:00;2026-08-01T00:38:37.937075+02:00;"{""aircraft_spec"":""1d92a29ff955ec8194720f659c80edf216b314fc10254dcf237d7a6f523202b4"",""config"":""7ead259693c46435e769cfce8a5758000255c9bd0ae648a9278403052013ecf4"",""flight_schedule"":""5871c8897f25c6a4b84d5aaf40fda1a067670fa574cb675c9adf829ad9c940f9"",""vertiport_network"":""8f37a94965fd8b2b9be9143f587c88446d15875ef5cba00cefde590914bba9b3""}";d3094d93f4535fbcbc60bb48f00a56a471fb58d21c5438d1e32bf1a9ee2190b6;c398ff11be193803520e0ccd99c35c3a87d8bb6a3e42dce0d1d33aa66c260c8e
low;n6;6;;99;completed;297;297;0;277;0,9326599326599326;12,294905445399495;15,722492416823336;46,511671844777325;18,14229571336356;0,3956924376173285;185;108;9795,92176271108;9571,036329490178;0,2279498074276199;26;-9927,606683749647;88104,6113554791;5828;7,16227077646181e-11;0,40135135135135136;0,36860068259385664;0,33690296988603174;0,34799445492218267;32,98290155794976;109,09728490410228;76,92490958532711;0,25900642958022596;1,5498129769160245;5,973063233855403;33,36046266824153;43,525959339711626;68,20576835010664;9;159;0,0;9;3651,586917283649;10;3651,586917283625;76,92490958532711;109,09728490410207;4,667450422512775;0,0;92,33181670014467;0;0,0;0,0;0;0,0;29,079953899941575;0;0,0;4,939547522801271;16;53,84714178265228;0,0;14;29,842997886639658;0,0;6;12,48033240919843;0,0;0;0,0;0,0;0;0,0;0,0;1;0,0;26,134078375796467;2;0,0;16,771329786787806;20;0,0;0,0;1;7,926812825611705;0,0;1;4,667450422512775;0,0;0;0,0;0,0;13;5,0;0,0;0;0,0;0,0;0;0,0;0,0;0;0,0;0,0;102,66768092257526;12,354166666666666;0,9250595192018672;4,883333333333334;3,2555555555555555;21,480590240000026;4,883333333333334;8,528333333333334;4,333333333333333;0,0756438280484018;19,640588643888904;9,978890485000012;9;815,9900302397463;1,0730333650181454;2;106,51167184477733;0,07149571807519106;4;389,1989919510421;0,3274095433607284;3;359,2334981159835;0,2680646292110067;4;330,53274841080497;0,2587919609589743;4;276,04595728825024;0,2361354971678777;0,6283710578587026;138;159;20;0,06734006734006737;15,0;60;22,814214904774246;0,05660377358490566;6,990566397906137;26,437100679893167;1,6054054054054054;0,05405405405405406;27,231171677563538;27,598345489304748;32,61585459324186;38,361545502790435;47,996089777817076;138;0,9565217391304348;12,704328599375138;15,00000000000007;6;0,8333333333333334;19,469121731162105;38,633753883583;48;0,9791666666666666;11,144681855160849;15,0;36;0,8611111111111112;12,166189897878894;22,24448681877681;39;0,9743589743589743;10,841858950226385;15,0;30;0,8;12,860492525090594;22,584858001053025;0,452170472068526;134,89910042614508;0,13587369812105898;0,2849393082989306;0,08568611593219937;0,13851109055512897;87,38837283795486;0,013260946513316569;0,0908898922440629;0,0;0,14239663621990928;0,0;0,04345510165132968;0,12268012413613781;0,012240873704599909;0,19981780623369502;35,32413617377812;0,04182298515738302;0,16198844730973289;0,018361310556899865;0,1558767863522187;0,0;0,03223430075544643;0,13234272403384684;0,012240873704599909;0,32063717339441783;217,2015802986875;0,03223430075544643;0,20993392395740476;0,030602184261499774;20260920;"{""passenger_counts"":[20260920,99,1,1],""city_assignment"":[20260920,99,1,2],""arrival_terminal_processing"":[20260920,99,1,3],""terminal_access"":[20260920,99,1,4],""departure_terminal_earliness"":[20260920,99,1,5]}";2.3.5;3;1;be8d962cd9d30dc26bfb65002fbf11187d665d9fa66cdc87bc6f83d9560abd27;15;0,95;2026-07-30T21:14:32.393316+02:00;2026-08-01T00:28:24.611355+02:00;"{""aircraft_spec"":""1d92a29ff955ec8194720f659c80edf216b314fc10254dcf237d7a6f523202b4"",""config"":""7ead259693c46435e769cfce8a5758000255c9bd0ae648a9278403052013ecf4"",""flight_schedule"":""5871c8897f25c6a4b84d5aaf40fda1a067670fa574cb675c9adf829ad9c940f9"",""vertiport_network"":""8f37a94965fd8b2b9be9143f587c88446d15875ef5cba00cefde590914bba9b3""}";d3094d93f4535fbcbc60bb48f00a56a471fb58d21c5438d1e32bf1a9ee2190b6;c398ff11be193803520e0ccd99c35c3a87d8bb6a3e42dce0d1d33aa66c260c8e
