scenario,fleet_size,request_hour_local,origin,destination,metric,n,mean,std,ci_low,ci_high,confidence
low,4,2026-07-30T21:00:00+02:00,BW,LYBE,boarded_passengers,2,1.5,0.7071067811865476,-4.853102368087329,7.853102368087329,0.95
low,4,2026-07-30T21:00:00+02:00,BW,LYBE,completed_journeys,2,1.5,0.7071067811865476,-4.853102368087329,7.853102368087329,0.95
low,4,2026-07-30T21:00:00+02:00,BW,LYBE,extra_after_boarding_min_max,2,0.0,0.0,0.0,0.0,0.95
low,4,2026-07-30T21:00:00+02:00,BW,LYBE,extra_after_boarding_min_mean,2,0.0,0.0,0.0,0.0,0.95
low,4,2026-07-30T21:00:00+02:00,BW,LYBE,extra_after_boarding_min_p95,2,0.0,0.0,0.0,0.0,0.95
low,4,2026-07-30T21:00:00+02:00,BW,LYBE,fraction_boarding_within_wait_limit,2,1.0,0.0,1.0,1.0,0.95
low,4,2026-07-30T21:00:00+02:00,BW,LYBE,generated_passengers,2,1.5,0.7071067811865476,-4.853102368087329,7.853102368087329,0.95
low,4,2026-07-30T21:00:00+02:00,BW,LYBE,journey_duration_min_max,2,37.90033361153257,0.44977166798051665,33.85929550389241,41.94137171917272,0.95
low,4,2026-07-30T21:00:00+02:00,BW,LYBE,journey_duration_min_mean,2,37.74408783963522,0.6707365576611967,31.717758965105737,43.7704167141647,0.95
low,4,2026-07-30T21:00:00+02:00,BW,LYBE,journey_duration_min_p95,2,37.88470903434283,0.47186815694858264,33.645141850013765,42.1242762186719,0.95
low,4,2026-07-30T21:00:00+02:00,BW,LYBE,on_time_passengers,2,1.5,0.7071067811865476,-4.853102368087329,7.853102368087329,0.95
low,4,2026-07-30T21:00:00+02:00,BW,LYBE,wait_to_boarding_min_max,2,15.0,0.0,15.0,15.0,0.95
low,4,2026-07-30T21:00:00+02:00,BW,LYBE,wait_to_boarding_min_mean,2,15.0,0.0,15.0,15.0,0.95
low,4,2026-07-30T21:00:00+02:00,BW,LYBE,wait_to_boarding_min_p95,2,15.0,0.0,15.0,15.0,0.95
low,4,2026-07-30T21:00:00+02:00,LYBV,LYBE,boarded_passengers,2,1.0,0.0,1.0,1.0,0.95
low,4,2026-07-30T21:00:00+02:00,LYBV,LYBE,completed_journeys,2,1.0,0.0,1.0,1.0,0.95
low,4,2026-07-30T21:00:00+02:00,LYBV,LYBE,extra_after_boarding_min_max,2,0.0,0.0,0.0,0.0,0.95
low,4,2026-07-30T21:00:00+02:00,LYBV,LYBE,extra_after_boarding_min_mean,2,0.0,0.0,0.0,0.0,0.95
low,4,2026-07-30T21:00:00+02:00,LYBV,LYBE,extra_after_boarding_min_p95,2,0.0,0.0,0.0,0.0,0.95
low,4,2026-07-30T21:00:00+02:00,LYBV,LYBE,fraction_boarding_within_wait_limit,2,1.0,0.0,1.0,1.0,0.95
low,4,2026-07-30T21:00:00+02:00,LYBV,LYBE,generated_passengers,2,1.0,0.0,1.0,1.0,0.95
low,4,2026-07-30T21:00:00+02:00,LYBV,LYBE,journey_duration_min_max,2,38.993863149712375,0.8883045156608027,31.012763728550894,46.974962570873856,0.95
low,4,2026-07-30T21:00:00+02:00,LYBV,LYBE,journey_duration_min_mean,2,38.993863149712375,0.8883045156608027,31.012763728550894,46.974962570873856,0.95
low,4,2026-07-30T21:00:00+02:00,LYBV,LYBE,journey_duration_min_p95,2,38.993863149712375,0.8883045156608027,31.012763728550894,46.974962570873856,0.95
low,4,2026-07-30T21:00:00+02:00,LYBV,LYBE,on_time_passengers,2,1.0,0.0,1.0,1.0,0.95
low,4,2026-07-30T21:00:00+02:00,LYBV,LYBE,wait_to_boarding_min_max,2,15.0,0.0,15.0,15.0,0.95
low,4,2026-07-30T21:00:00+02:00,LYBV,LYBE,wait_to_boarding_min_mean,2,15.0,0.0,15.0,15.0,0.95
low,4,2026-07-30T21:00:00+02:00,LYBV,LYBE,wait_to_boarding_min_p95,2,15.0,0.0,15.0,15.0,0.95
low,4,2026-07-30T22:00:00+02:00,BW,LYBE,boarded_passengers,2,2.5,3.5355339059327378,-29.26551184043665,34.265511840436645,0.95
low,4,2026-07-30T22:00:00+02:00,BW,LYBE,completed_journeys,2,2.5,3.5355339059327378,-29.26551184043665,34.265511840436645,0.95
low,4,2026-07-30T22:00:00+02:00,BW,LYBE,extra_after_boarding_min_max,1,0.0,,,,0.95
low,4,2026-07-30T22:00:00+02:00,BW,LYBE,extra_after_boarding_min_mean,1,0.0,,,,0.95
low,4,2026-07-30T22:00:00+02:00,BW,LYBE,extra_after_boarding_min_p95,1,0.0,,,,0.95
low,4,2026-07-30T22:00:00+02:00,BW,LYBE,fraction_boarding_within_wait_limit,1,1.0,,,,0.95
low,4,2026-07-30T22:00:00+02:00,BW,LYBE,generated_passengers,2,2.5,3.5355339059327378,-29.26551184043665,34.265511840436645,0.95
low,4,2026-07-30T22:00:00+02:00,BW,LYBE,journey_duration_min_max,1,41.11503425869011,,,,0.95
low,4,2026-07-30T22:00:00+02:00,BW,LYBE,journey_duration_min_mean,1,36.83025316102342,,,,0.95
low,4,2026-07-30T22:00:00+02:00,BW,LYBE,journey_duration_min_p95,1,40.9305356924092,,,,0.95
low,4,2026-07-30T22:00:00+02:00,BW,LYBE,on_time_passengers,2,2.5,3.5355339059327378,-29.26551184043665,34.265511840436645,0.95
low,4,2026-07-30T22:00:00+02:00,BW,LYBE,wait_to_boarding_min_max,1,15.0,,,,0.95
low,4,2026-07-30T22:00:00+02:00,BW,LYBE,wait_to_boarding_min_mean,1,11.060549494840949,,,,0.95
low,4,2026-07-30T22:00:00+02:00,BW,LYBE,wait_to_boarding_min_p95,1,15.0,,,,0.95
low,4,2026-07-30T22:00:00+02:00,EXPO,LYBE,boarded_passengers,2,1.0,1.4142135623730951,-11.706204736174659,13.706204736174659,0.95
low,4,2026-07-30T22:00:00+02:00,EXPO,LYBE,completed_journeys,2,1.0,1.4142135623730951,-11.706204736174659,13.706204736174659,0.95
low,4,2026-07-30T22:00:00+02:00,EXPO,LYBE,extra_after_boarding_min_max,1,0.0,,,,0.95
low,4,2026-07-30T22:00:00+02:00,EXPO,LYBE,extra_after_boarding_min_mean,1,0.0,,,,0.95
low,4,2026-07-30T22:00:00+02:00,EXPO,LYBE,extra_after_boarding_min_p95,1,0.0,,,,0.95
low,4,2026-07-30T22:00:00+02:00,EXPO,LYBE,fraction_boarding_within_wait_limit,1,1.0,,,,0.95
low,4,2026-07-30T22:00:00+02:00,EXPO,LYBE,generated_passengers,2,1.0,1.4142135623730951,-11.706204736174659,13.706204736174659,0.95
low,4,2026-07-30T22:00:00+02:00,EXPO,LYBE,journey_duration_min_max,1,34.638179854607976,,,,0.95
low,4,2026-07-30T22:00:00+02:00,EXPO,LYBE,journey_duration_min_mean,1,34.548756944744426,,,,0.95
low,4,2026-07-30T22:00:00+02:00,EXPO,LYBE,journey_duration_min_p95,1,34.62923756362162,,,,0.95
low,4,2026-07-30T22:00:00+02:00,EXPO,LYBE,on_time_passengers,2,1.0,1.4142135623730951,-11.706204736174659,13.706204736174659,0.95
low,4,2026-07-30T22:00:00+02:00,EXPO,LYBE,wait_to_boarding_min_max,1,15.0,,,,0.95
low,4,2026-07-30T22:00:00+02:00,EXPO,LYBE,wait_to_boarding_min_mean,1,15.0,,,,0.95
low,4,2026-07-30T22:00:00+02:00,EXPO,LYBE,wait_to_boarding_min_p95,1,15.0,,,,0.95
low,4,2026-07-30T22:00:00+02:00,JUG,LYBE,boarded_passengers,2,1.0,0.0,1.0,1.0,0.95
low,4,2026-07-30T22:00:00+02:00,JUG,LYBE,completed_journeys,2,1.0,0.0,1.0,1.0,0.95
low,4,2026-07-30T22:00:00+02:00,JUG,LYBE,extra_after_boarding_min_max,2,0.0,0.0,0.0,0.0,0.95
low,4,2026-07-30T22:00:00+02:00,JUG,LYBE,extra_after_boarding_min_mean,2,0.0,0.0,0.0,0.0,0.95
low,4,2026-07-30T22:00:00+02:00,JUG,LYBE,extra_after_boarding_min_p95,2,0.0,0.0,0.0,0.0,0.95
low,4,2026-07-30T22:00:00+02:00,JUG,LYBE,fraction_boarding_within_wait_limit,2,1.0,0.0,1.0,1.0,0.95
low,4,2026-07-30T22:00:00+02:00,JUG,LYBE,generated_passengers,2,1.0,0.0,1.0,1.0,0.95
low,4,2026-07-30T22:00:00+02:00,JUG,LYBE,journey_duration_min_max,2,38.55004164056568,1.169539587544539,28.042145349806074,49.057937931325284,0.95
low,4,2026-07-30T22:00:00+02:00,JUG,LYBE,journey_duration_min_mean,2,38.55004164056568,1.169539587544539,28.042145349806074,49.057937931325284,0.95
low,4,2026-07-30T22:00:00+02:00,JUG,LYBE,journey_duration_min_p95,2,38.55004164056568,1.169539587544539,28.042145349806074,49.057937931325284,0.95
low,4,2026-07-30T22:00:00+02:00,JUG,LYBE,on_time_passengers,2,1.0,0.0,1.0,1.0,0.95
low,4,2026-07-30T22:00:00+02:00,JUG,LYBE,wait_to_boarding_min_max,2,15.0,0.0,15.0,15.0,0.95
low,4,2026-07-30T22:00:00+02:00,JUG,LYBE,wait_to_boarding_min_mean,2,15.0,0.0,15.0,15.0,0.95
low,4,2026-07-30T22:00:00+02:00,JUG,LYBE,wait_to_boarding_min_p95,2,15.0,0.0,15.0,15.0,0.95
low,4,2026-07-31T00:00:00+02:00,LYBE,BW,boarded_passengers,2,0.5,0.7071067811865476,-5.853102368087329,6.853102368087329,0.95
low,4,2026-07-31T00:00:00+02:00,LYBE,BW,completed_journeys,2,0.5,0.7071067811865476,-5.853102368087329,6.853102368087329,0.95
low,4,2026-07-31T00:00:00+02:00,LYBE,BW,extra_after_boarding_min_max,1,7.579122514774402e-15,,,,0.95
low,4,2026-07-31T00:00:00+02:00,LYBE,BW,extra_after_boarding_min_mean,1,7.579122514774402e-15,,,,0.95
low,4,2026-07-31T00:00:00+02:00,LYBE,BW,extra_after_boarding_min_p95,1,7.579122514774402e-15,,,,0.95
low,4,2026-07-31T00:00:00+02:00,LYBE,BW,fraction_boarding_within_wait_limit,1,1.0,,,,0.95
low,4,2026-07-31T00:00:00+02:00,LYBE,BW,generated_passengers,2,0.5,0.7071067811865476,-5.853102368087329,6.853102368087329,0.95
low,4,2026-07-31T00:00:00+02:00,LYBE,BW,journey_duration_min_max,1,26.763930366666674,,,,0.95
low,4,2026-07-31T00:00:00+02:00,LYBE,BW,journey_duration_min_mean,1,26.763930366666674,,,,0.95
low,4,2026-07-31T00:00:00+02:00,LYBE,BW,journey_duration_min_p95,1,26.763930366666674,,,,0.95
low,4,2026-07-31T00:00:00+02:00,LYBE,BW,on_time_passengers,2,0.5,0.7071067811865476,-5.853102368087329,6.853102368087329,0.95
low,4,2026-07-31T00:00:00+02:00,LYBE,BW,wait_to_boarding_min_max,1,15.0,,,,0.95
low,4,2026-07-31T00:00:00+02:00,LYBE,BW,wait_to_boarding_min_mean,1,15.0,,,,0.95
low,4,2026-07-31T00:00:00+02:00,LYBE,BW,wait_to_boarding_min_p95,1,15.0,,,,0.95
low,4,2026-07-31T01:00:00+02:00,BW,LYBE,boarded_passengers,2,0.5,0.7071067811865476,-5.853102368087329,6.853102368087329,0.95
low,4,2026-07-31T01:00:00+02:00,BW,LYBE,completed_journeys,2,0.5,0.7071067811865476,-5.853102368087329,6.853102368087329,0.95
low,4,2026-07-31T01:00:00+02:00,BW,LYBE,extra_after_boarding_min_max,1,0.0,,,,0.95
low,4,2026-07-31T01:00:00+02:00,BW,LYBE,extra_after_boarding_min_mean,1,0.0,,,,0.95
low,4,2026-07-31T01:00:00+02:00,BW,LYBE,extra_after_boarding_min_p95,1,0.0,,,,0.95
low,4,2026-07-31T01:00:00+02:00,BW,LYBE,fraction_boarding_within_wait_limit,1,1.0,,,,0.95
low,4,2026-07-31T01:00:00+02:00,BW,LYBE,generated_passengers,2,0.5,0.7071067811865476,-5.853102368087329,6.853102368087329,0.95
low,4,2026-07-31T01:00:00+02:00,BW,LYBE,journey_duration_min_max,1,36.43015991877884,,,,0.95
low,4,2026-07-31T01:00:00+02:00,BW,LYBE,journey_duration_min_mean,1,36.43015991877884,,,,0.95
low,4,2026-07-31T01:00:00+02:00,BW,LYBE,journey_duration_min_p95,1,36.43015991877884,,,,0.95
low,4,2026-07-31T01:00:00+02:00,BW,LYBE,on_time_passengers,2,0.5,0.7071067811865476,-5.853102368087329,6.853102368087329,0.95
low,4,2026-07-31T01:00:00+02:00,BW,LYBE,wait_to_boarding_min_max,1,15.0,,,,0.95
low,4,2026-07-31T01:00:00+02:00,BW,LYBE,wait_to_boarding_min_mean,1,15.0,,,,0.95
low,4,2026-07-31T01:00:00+02:00,BW,LYBE,wait_to_boarding_min_p95,1,15.0,,,,0.95
low,4,2026-07-31T01:00:00+02:00,LYBE,BW,boarded_passengers,2,1.0,0.0,1.0,1.0,0.95
low,4,2026-07-31T01:00:00+02:00,LYBE,BW,completed_journeys,2,1.0,0.0,1.0,1.0,0.95
low,4,2026-07-31T01:00:00+02:00,LYBE,BW,extra_after_boarding_min_max,2,0.0,0.0,0.0,0.0,0.95
low,4,2026-07-31T01:00:00+02:00,LYBE,BW,extra_after_boarding_min_mean,2,0.0,0.0,0.0,0.0,0.95
low,4,2026-07-31T01:00:00+02:00,LYBE,BW,extra_after_boarding_min_p95,2,0.0,0.0,0.0,0.0,0.95
low,4,2026-07-31T01:00:00+02:00,LYBE,BW,fraction_boarding_within_wait_limit,2,1.0,0.0,1.0,1.0,0.95
low,4,2026-07-31T01:00:00+02:00,LYBE,BW,generated_passengers,2,1.0,0.0,1.0,1.0,0.95
low,4,2026-07-31T01:00:00+02:00,LYBE,BW,journey_duration_min_max,2,26.763930366666667,0.0,26.763930366666667,26.763930366666667,0.95
low,4,2026-07-31T01:00:00+02:00,LYBE,BW,journey_duration_min_mean,2,26.763930366666667,0.0,26.763930366666667,26.763930366666667,0.95
low,4,2026-07-31T01:00:00+02:00,LYBE,BW,journey_duration_min_p95,2,26.763930366666667,0.0,26.763930366666667,26.763930366666667,0.95
low,4,2026-07-31T01:00:00+02:00,LYBE,BW,on_time_passengers,2,1.0,0.0,1.0,1.0,0.95
low,4,2026-07-31T01:00:00+02:00,LYBE,BW,wait_to_boarding_min_max,2,15.0,0.0,15.0,15.0,0.95
low,4,2026-07-31T01:00:00+02:00,LYBE,BW,wait_to_boarding_min_mean,2,15.0,0.0,15.0,15.0,0.95
low,4,2026-07-31T01:00:00+02:00,LYBE,BW,wait_to_boarding_min_p95,2,15.0,0.0,15.0,15.0,0.95
low,4,2026-07-31T01:00:00+02:00,LYBE,DOR,boarded_passengers,2,1.0,1.4142135623730951,-11.706204736174659,13.706204736174659,0.95
low,4,2026-07-31T01:00:00+02:00,LYBE,DOR,completed_journeys,2,1.0,1.4142135623730951,-11.706204736174659,13.706204736174659,0.95
low,4,2026-07-31T01:00:00+02:00,LYBE,DOR,extra_after_boarding_min_max,1,0.0,,,,0.95
low,4,2026-07-31T01:00:00+02:00,LYBE,DOR,extra_after_boarding_min_mean,1,0.0,,,,0.95
low,4,2026-07-31T01:00:00+02:00,LYBE,DOR,extra_after_boarding_min_p95,1,0.0,,,,0.95
low,4,2026-07-31T01:00:00+02:00,LYBE,DOR,fraction_boarding_within_wait_limit,1,1.0,,,,0.95
low,4,2026-07-31T01:00:00+02:00,LYBE,DOR,generated_passengers,2,1.0,1.4142135623730951,-11.706204736174659,13.706204736174659,0.95
low,4,2026-07-31T01:00:00+02:00,LYBE,DOR,journey_duration_min_max,1,28.480003566666664,,,,0.95
low,4,2026-07-31T01:00:00+02:00,LYBE,DOR,journey_duration_min_mean,1,28.480003566666664,,,,0.95
low,4,2026-07-31T01:00:00+02:00,LYBE,DOR,journey_duration_min_p95,1,28.480003566666664,,,,0.95
low,4,2026-07-31T01:00:00+02:00,LYBE,DOR,on_time_passengers,2,1.0,1.4142135623730951,-11.706204736174659,13.706204736174659,0.95
low,4,2026-07-31T01:00:00+02:00,LYBE,DOR,wait_to_boarding_min_max,1,15.0,,,,0.95
low,4,2026-07-31T01:00:00+02:00,LYBE,DOR,wait_to_boarding_min_mean,1,15.0,,,,0.95
low,4,2026-07-31T01:00:00+02:00,LYBE,DOR,wait_to_boarding_min_p95,1,15.0,,,,0.95
low,4,2026-07-31T01:00:00+02:00,LYBE,EXPO,boarded_passengers,2,0.5,0.7071067811865476,-5.853102368087329,6.853102368087329,0.95
low,4,2026-07-31T01:00:00+02:00,LYBE,EXPO,completed_journeys,2,0.5,0.7071067811865476,-5.853102368087329,6.853102368087329,0.95
low,4,2026-07-31T01:00:00+02:00,LYBE,EXPO,extra_after_boarding_min_max,1,0.0,,,,0.95
low,4,2026-07-31T01:00:00+02:00,LYBE,EXPO,extra_after_boarding_min_mean,1,0.0,,,,0.95
low,4,2026-07-31T01:00:00+02:00,LYBE,EXPO,extra_after_boarding_min_p95,1,0.0,,,,0.95
low,4,2026-07-31T01:00:00+02:00,LYBE,EXPO,fraction_boarding_within_wait_limit,1,1.0,,,,0.95
low,4,2026-07-31T01:00:00+02:00,LYBE,EXPO,generated_passengers,2,0.5,0.7071067811865476,-5.853102368087329,6.853102368087329,0.95
low,4,2026-07-31T01:00:00+02:00,LYBE,EXPO,journey_duration_min_max,1,24.696039966666664,,,,0.95
low,4,2026-07-31T01:00:00+02:00,LYBE,EXPO,journey_duration_min_mean,1,24.696039966666664,,,,0.95
low,4,2026-07-31T01:00:00+02:00,LYBE,EXPO,journey_duration_min_p95,1,24.696039966666664,,,,0.95
low,4,2026-07-31T01:00:00+02:00,LYBE,EXPO,on_time_passengers,2,0.5,0.7071067811865476,-5.853102368087329,6.853102368087329,0.95
low,4,2026-07-31T01:00:00+02:00,LYBE,EXPO,wait_to_boarding_min_max,1,15.0,,,,0.95
low,4,2026-07-31T01:00:00+02:00,LYBE,EXPO,wait_to_boarding_min_mean,1,15.0,,,,0.95
low,4,2026-07-31T01:00:00+02:00,LYBE,EXPO,wait_to_boarding_min_p95,1,15.0,,,,0.95
low,4,2026-07-31T01:00:00+02:00,LYBE,LYBV,boarded_passengers,2,1.0,0.0,1.0,1.0,0.95
low,4,2026-07-31T01:00:00+02:00,LYBE,LYBV,completed_journeys,2,1.0,0.0,1.0,1.0,0.95
low,4,2026-07-31T01:00:00+02:00,LYBE,LYBV,extra_after_boarding_min_max,2,0.0,0.0,0.0,0.0,0.95
low,4,2026-07-31T01:00:00+02:00,LYBE,LYBV,extra_after_boarding_min_mean,2,0.0,0.0,0.0,0.0,0.95
low,4,2026-07-31T01:00:00+02:00,LYBE,LYBV,extra_after_boarding_min_p95,2,0.0,0.0,0.0,0.0,0.95
low,4,2026-07-31T01:00:00+02:00,LYBE,LYBV,fraction_boarding_within_wait_limit,2,1.0,0.0,1.0,1.0,0.95
low,4,2026-07-31T01:00:00+02:00,LYBE,LYBV,generated_passengers,2,1.0,0.0,1.0,1.0,0.95
low,4,2026-07-31T01:00:00+02:00,LYBE,LYBV,journey_duration_min_max,2,28.624136466666663,1.2560739669470201e-14,28.62413646666655,28.624136466666776,0.95
low,4,2026-07-31T01:00:00+02:00,LYBE,LYBV,journey_duration_min_mean,2,28.624136466666663,1.2560739669470201e-14,28.62413646666655,28.624136466666776,0.95
low,4,2026-07-31T01:00:00+02:00,LYBE,LYBV,journey_duration_min_p95,2,28.624136466666663,1.2560739669470201e-14,28.62413646666655,28.624136466666776,0.95
low,4,2026-07-31T01:00:00+02:00,LYBE,LYBV,on_time_passengers,2,1.0,0.0,1.0,1.0,0.95
low,4,2026-07-31T01:00:00+02:00,LYBE,LYBV,wait_to_boarding_min_max,2,15.0,0.0,15.0,15.0,0.95
low,4,2026-07-31T01:00:00+02:00,LYBE,LYBV,wait_to_boarding_min_mean,2,15.0,0.0,15.0,15.0,0.95
low,4,2026-07-31T01:00:00+02:00,LYBE,LYBV,wait_to_boarding_min_p95,2,15.0,0.0,15.0,15.0,0.95
low,4,2026-07-31T02:00:00+02:00,BW,LYBE,boarded_passengers,2,1.5,0.7071067811865476,-4.853102368087329,7.853102368087329,0.95
low,4,2026-07-31T02:00:00+02:00,BW,LYBE,completed_journeys,2,1.5,0.7071067811865476,-4.853102368087329,7.853102368087329,0.95
low,4,2026-07-31T02:00:00+02:00,BW,LYBE,extra_after_boarding_min_max,2,0.4296161797374225,0.6075690279995801,-5.029174957979478,5.888407317454323,0.95
low,4,2026-07-31T02:00:00+02:00,BW,LYBE,extra_after_boarding_min_mean,2,0.4296161797374225,0.6075690279995801,-5.029174957979478,5.888407317454323,0.95
low,4,2026-07-31T02:00:00+02:00,BW,LYBE,extra_after_boarding_min_p95,2,0.4296161797374225,0.6075690279995801,-5.029174957979478,5.888407317454323,0.95
low,4,2026-07-31T02:00:00+02:00,BW,LYBE,fraction_boarding_within_wait_limit,2,0.75,0.3535533905932738,-2.4265511840436647,3.9265511840436647,0.95
low,4,2026-07-31T02:00:00+02:00,BW,LYBE,generated_passengers,2,1.5,0.7071067811865476,-4.853102368087329,7.853102368087329,0.95
low,4,2026-07-31T02:00:00+02:00,BW,LYBE,journey_duration_min_max,2,39.924549934980845,2.14125998433796,20.68609226616768,59.163007603794014,0.95
low,4,2026-07-31T02:00:00+02:00,BW,LYBE,journey_duration_min_mean,2,36.72223765170911,2.3874934776188894,15.271459820104592,58.17301548331362,0.95
low,4,2026-07-31T02:00:00+02:00,BW,LYBE,journey_duration_min_p95,2,39.60431870665367,1.6883846381422754,24.43478458788227,54.773852825425074,0.95
low,4,2026-07-31T02:00:00+02:00,BW,LYBE,on_time_passengers,2,1.0,0.0,1.0,1.0,0.95
low,4,2026-07-31T02:00:00+02:00,BW,LYBE,wait_to_boarding_min_max,2,16.256115612271756,1.7764157347833043,0.2956534704414153,32.2165777541021,0.95
low,4,2026-07-31T02:00:00+02:00,BW,LYBE,wait_to_boarding_min_mean,2,12.627926780459347,3.354618118016403,-17.512121196221162,42.767974757139854,0.95
low,4,2026-07-31T02:00:00+02:00,BW,LYBE,wait_to_boarding_min_p95,2,15.893296729090517,1.2633123495033338,4.542885599111258,27.243707859069776,0.95
low,4,2026-07-31T02:00:00+02:00,DOR,LYBE,boarded_passengers,2,3.5,2.1213203435596424,-15.559307104261986,22.559307104261986,0.95
low,4,2026-07-31T02:00:00+02:00,DOR,LYBE,completed_journeys,2,3.5,2.1213203435596424,-15.559307104261986,22.559307104261986,0.95
low,4,2026-07-31T02:00:00+02:00,DOR,LYBE,extra_after_boarding_min_max,2,2.808298522530822,3.9715338577554133,-32.8745174650426,38.49111451010424,0.95
low,4,2026-07-31T02:00:00+02:00,DOR,LYBE,extra_after_boarding_min_mean,2,1.404149261265411,1.9857669288777067,-16.4372587325213,19.24555725505212,0.95
low,4,2026-07-31T02:00:00+02:00,DOR,LYBE,extra_after_boarding_min_p95,2,2.667883596404281,3.7729571648676425,-31.23079159179047,36.56655878459903,0.95
low,4,2026-07-31T02:00:00+02:00,DOR,LYBE,fraction_boarding_within_wait_limit,2,0.75,0.3535533905932738,-2.4265511840436647,3.9265511840436647,0.95
low,4,2026-07-31T02:00:00+02:00,DOR,LYBE,generated_passengers,2,3.5,2.1213203435596424,-15.559307104261986,22.559307104261986,0.95
low,4,2026-07-31T02:00:00+02:00,DOR,LYBE,journey_duration_min_max,2,47.36946747655444,4.009209146998147,11.348152445166527,83.39078250794236,0.95
low,4,2026-07-31T02:00:00+02:00,DOR,LYBE,journey_duration_min_mean,2,41.39861765479225,4.950485710941537,-3.0797317687410555,85.87696707832555,0.95
low,4,2026-07-31T02:00:00+02:00,DOR,LYBE,journey_duration_min_p95,2,47.01262948573002,3.763576249903447,13.19823847449345,80.82702049696658,0.95
low,4,2026-07-31T02:00:00+02:00,DOR,LYBE,on_time_passengers,2,3.0,2.8284271247461903,-22.412409472349317,28.412409472349317,0.95
low,4,2026-07-31T02:00:00+02:00,DOR,LYBE,wait_to_boarding_min_max,2,17.982754238833515,4.218251497784192,-19.9167317974779,55.88224027514493,0.95
low,4,2026-07-31T02:00:00+02:00,DOR,LYBE,wait_to_boarding_min_mean,2,13.521347375984245,6.309382092705839,-43.166201634753264,70.20889638672175,0.95
low,4,2026-07-31T02:00:00+02:00,DOR,LYBE,wait_to_boarding_min_p95,2,17.833616526891838,4.007338922894983,-18.17089520760402,53.838128261387695,0.95
low,4,2026-07-31T02:00:00+02:00,EXPO,LYBE,boarded_passengers,2,0.5,0.7071067811865476,-5.853102368087329,6.853102368087329,0.95
low,4,2026-07-31T02:00:00+02:00,EXPO,LYBE,completed_journeys,2,0.5,0.7071067811865476,-5.853102368087329,6.853102368087329,0.95
low,4,2026-07-31T02:00:00+02:00,EXPO,LYBE,extra_after_boarding_min_max,1,0.0,,,,0.95
low,4,2026-07-31T02:00:00+02:00,EXPO,LYBE,extra_after_boarding_min_mean,1,0.0,,,,0.95
low,4,2026-07-31T02:00:00+02:00,EXPO,LYBE,extra_after_boarding_min_p95,1,0.0,,,,0.95
low,4,2026-07-31T02:00:00+02:00,EXPO,LYBE,fraction_boarding_within_wait_limit,1,1.0,,,,0.95
low,4,2026-07-31T02:00:00+02:00,EXPO,LYBE,generated_passengers,2,0.5,0.7071067811865476,-5.853102368087329,6.853102368087329,0.95
low,4,2026-07-31T02:00:00+02:00,EXPO,LYBE,journey_duration_min_max,1,34.64897153359322,,,,0.95
low,4,2026-07-31T02:00:00+02:00,EXPO,LYBE,journey_duration_min_mean,1,34.64897153359322,,,,0.95
low,4,2026-07-31T02:00:00+02:00,EXPO,LYBE,journey_duration_min_p95,1,34.64897153359322,,,,0.95
low,4,2026-07-31T02:00:00+02:00,EXPO,LYBE,on_time_passengers,2,0.5,0.7071067811865476,-5.853102368087329,6.853102368087329,0.95
low,4,2026-07-31T02:00:00+02:00,EXPO,LYBE,wait_to_boarding_min_max,1,15.0,,,,0.95
low,4,2026-07-31T02:00:00+02:00,EXPO,LYBE,wait_to_boarding_min_mean,1,15.0,,,,0.95
low,4,2026-07-31T02:00:00+02:00,EXPO,LYBE,wait_to_boarding_min_p95,1,15.0,,,,0.95
low,4,2026-07-31T02:00:00+02:00,JUG,LYBE,boarded_passengers,2,1.5,0.7071067811865476,-4.853102368087329,7.853102368087329,0.95
low,4,2026-07-31T02:00:00+02:00,JUG,LYBE,completed_journeys,2,1.5,0.7071067811865476,-4.853102368087329,7.853102368087329,0.95
low,4,2026-07-31T02:00:00+02:00,JUG,LYBE,extra_after_boarding_min_max,2,0.0,0.0,0.0,0.0,0.95
low,4,2026-07-31T02:00:00+02:00,JUG,LYBE,extra_after_boarding_min_mean,2,0.0,0.0,0.0,0.0,0.95
low,4,2026-07-31T02:00:00+02:00,JUG,LYBE,extra_after_boarding_min_p95,2,0.0,0.0,0.0,0.0,0.95
low,4,2026-07-31T02:00:00+02:00,JUG,LYBE,fraction_boarding_within_wait_limit,2,0.75,0.3535533905932738,-2.4265511840436647,3.9265511840436647,0.95
low,4,2026-07-31T02:00:00+02:00,JUG,LYBE,generated_passengers,2,1.5,0.7071067811865476,-4.853102368087329,7.853102368087329,0.95
low,4,2026-07-31T02:00:00+02:00,JUG,LYBE,journey_duration_min_max,2,40.02165012072648,2.565855494540401,16.968353147416913,63.07494709403604,0.95
low,4,2026-07-31T02:00:00+02:00,JUG,LYBE,journey_duration_min_mean,2,39.32753153602415,1.5842235781591572,25.0938474111261,53.56121566092221,0.95
low,4,2026-07-31T02:00:00+02:00,JUG,LYBE,journey_duration_min_p95,2,39.952238262256245,2.4676923029022766,17.78090257378783,62.12357395072466,0.95
low,4,2026-07-31T02:00:00+02:00,JUG,LYBE,on_time_passengers,2,1.0,0.0,1.0,1.0,0.95
low,4,2026-07-31T02:00:00+02:00,JUG,LYBE,wait_to_boarding_min_max,2,16.48168593333333,2.0954203420974347,-2.3449188903100087,35.308290756976675,0.95
low,4,2026-07-31T02:00:00+02:00,JUG,LYBE,wait_to_boarding_min_mean,2,15.740842966666666,1.0477101710487173,6.327540554844996,25.154145378488337,0.95
low,4,2026-07-31T02:00:00+02:00,JUG,LYBE,wait_to_boarding_min_p95,2,16.407601636666662,1.9906493249925619,-1.4776729457945024,34.29287621912783,0.95
low,4,2026-07-31T02:00:00+02:00,LYBE,BW,boarded_passengers,2,1.5,0.7071067811865476,-4.853102368087329,7.853102368087329,0.95
low,4,2026-07-31T02:00:00+02:00,LYBE,BW,completed_journeys,2,1.5,0.7071067811865476,-4.853102368087329,7.853102368087329,0.95
low,4,2026-07-31T02:00:00+02:00,LYBE,BW,extra_after_boarding_min_max,2,0.745007052723713,0.9524435864247767,-7.812359055731811,9.302373161179236,0.95
low,4,2026-07-31T02:00:00+02:00,LYBE,BW,extra_after_boarding_min_mean,2,0.745007052723713,0.9524435864247767,-7.812359055731811,9.302373161179236,0.95
low,4,2026-07-31T02:00:00+02:00,LYBE,BW,extra_after_boarding_min_p95,2,0.745007052723713,0.9524435864247767,-7.812359055731811,9.302373161179236,0.95
low,4,2026-07-31T02:00:00+02:00,LYBE,BW,fraction_boarding_within_wait_limit,2,1.0,0.0,1.0,1.0,0.95
low,4,2026-07-31T02:00:00+02:00,LYBE,BW,generated_passengers,2,1.5,0.7071067811865476,-4.853102368087329,7.853102368087329,0.95
low,4,2026-07-31T02:00:00+02:00,LYBE,BW,journey_duration_min_max,2,28.683937419390364,2.6141445222131616,5.196780745929633,52.17109409285109,0.95
low,4,2026-07-31T02:00:00+02:00,LYBE,BW,journey_duration_min_mean,2,26.421748603021598,0.5850735825442843,21.16507102381619,31.678426182227007,0.95
low,4,2026-07-31T02:00:00+02:00,LYBE,BW,journey_duration_min_p95,2,28.457718537753486,2.294222711737417,7.844945289559369,49.0704917859476,0.95
low,4,2026-07-31T02:00:00+02:00,LYBE,BW,on_time_passengers,2,1.5,0.7071067811865476,-4.853102368087329,7.853102368087329,0.95
low,4,2026-07-31T02:00:00+02:00,LYBE,BW,wait_to_boarding_min_max,2,15.0,0.0,15.0,15.0,0.95
low,4,2026-07-31T02:00:00+02:00,LYBE,BW,wait_to_boarding_min_mean,2,12.737811183631235,3.199218104757446,-16.006023069034903,41.48164543629738,0.95
low,4,2026-07-31T02:00:00+02:00,LYBE,BW,wait_to_boarding_min_p95,2,14.773781118363123,0.31992181047574486,11.899397693096507,17.64816454362974,0.95
low,4,2026-07-31T02:00:00+02:00,LYBE,JUG,boarded_passengers,2,0.5,0.7071067811865476,-5.853102368087329,6.853102368087329,0.95
low,4,2026-07-31T02:00:00+02:00,LYBE,JUG,completed_journeys,2,0.5,0.7071067811865476,-5.853102368087329,6.853102368087329,0.95
low,4,2026-07-31T02:00:00+02:00,LYBE,JUG,extra_after_boarding_min_max,1,0.0,,,,0.95
low,4,2026-07-31T02:00:00+02:00,LYBE,JUG,extra_after_boarding_min_mean,1,0.0,,,,0.95
low,4,2026-07-31T02:00:00+02:00,LYBE,JUG,extra_after_boarding_min_p95,1,0.0,,,,0.95
low,4,2026-07-31T02:00:00+02:00,LYBE,JUG,fraction_boarding_within_wait_limit,1,1.0,,,,0.95
low,4,2026-07-31T02:00:00+02:00,LYBE,JUG,generated_passengers,2,0.5,0.7071067811865476,-5.853102368087329,6.853102368087329,0.95
low,4,2026-07-31T02:00:00+02:00,LYBE,JUG,journey_duration_min_max,1,28.313371866666678,,,,0.95
low,4,2026-07-31T02:00:00+02:00,LYBE,JUG,journey_duration_min_mean,1,28.313371866666678,,,,0.95
low,4,2026-07-31T02:00:00+02:00,LYBE,JUG,journey_duration_min_p95,1,28.313371866666678,,,,0.95
low,4,2026-07-31T02:00:00+02:00,LYBE,JUG,on_time_passengers,2,0.5,0.7071067811865476,-5.853102368087329,6.853102368087329,0.95
low,4,2026-07-31T02:00:00+02:00,LYBE,JUG,wait_to_boarding_min_max,1,15.000000000000016,,,,0.95
low,4,2026-07-31T02:00:00+02:00,LYBE,JUG,wait_to_boarding_min_mean,1,15.000000000000016,,,,0.95
low,4,2026-07-31T02:00:00+02:00,LYBE,JUG,wait_to_boarding_min_p95,1,15.000000000000016,,,,0.95
low,4,2026-07-31T02:00:00+02:00,LYBV,LYBE,boarded_passengers,2,3.0,1.4142135623730951,-9.706204736174659,15.706204736174659,0.95
low,4,2026-07-31T02:00:00+02:00,LYBV,LYBE,completed_journeys,2,3.0,1.4142135623730951,-9.706204736174659,15.706204736174659,0.95
low,4,2026-07-31T02:00:00+02:00,LYBV,LYBE,extra_after_boarding_min_max,2,0.0,0.0,0.0,0.0,0.95
low,4,2026-07-31T02:00:00+02:00,LYBV,LYBE,extra_after_boarding_min_mean,2,0.0,0.0,0.0,0.0,0.95
low,4,2026-07-31T02:00:00+02:00,LYBV,LYBE,extra_after_boarding_min_p95,2,0.0,0.0,0.0,0.0,0.95
low,4,2026-07-31T02:00:00+02:00,LYBV,LYBE,fraction_boarding_within_wait_limit,2,0.875,0.1767766952966369,-0.7132755920218323,2.4632755920218323,0.95
low,4,2026-07-31T02:00:00+02:00,LYBV,LYBE,generated_passengers,2,3.0,1.4142135623730951,-9.706204736174659,15.706204736174659,0.95
low,4,2026-07-31T02:00:00+02:00,LYBV,LYBE,journey_duration_min_max,2,46.32346099890504,6.487659859335021,-11.96585019469346,104.61277219250354,0.95
low,4,2026-07-31T02:00:00+02:00,LYBV,LYBE,journey_duration_min_mean,2,38.944962095825844,2.6512785468014646,15.124169448527208,62.765754743124475,0.95
low,4,2026-07-31T02:00:00+02:00,LYBV,LYBE,journey_duration_min_p95,2,45.379902897161756,5.8131063855782505,-6.848785791396615,97.60859158572012,0.95
low,4,2026-07-31T02:00:00+02:00,LYBV,LYBE,on_time_passengers,2,2.5,0.7071067811865476,-3.8531023680873293,8.85310236808733,0.95
low,4,2026-07-31T02:00:00+02:00,LYBV,LYBE,wait_to_boarding_min_max,2,21.096732837475308,8.622082264922984,-56.36960281724502,98.56306849219564,0.95
low,4,2026-07-31T02:00:00+02:00,LYBV,LYBE,wait_to_boarding_min_mean,2,12.997834084124925,3.584300568832221,-19.20582883871336,45.20149700696321,0.95
low,4,2026-07-31T02:00:00+02:00,LYBV,LYBE,wait_to_boarding_min_p95,2,19.955390454158653,7.649559463243729,-48.773174500640486,88.68395540895779,0.95
low,4,2026-07-31T03:00:00+02:00,BW,LYBE,boarded_passengers,2,3.5,0.7071067811865476,-2.8531023680873293,9.85310236808733,0.95
low,4,2026-07-31T03:00:00+02:00,BW,LYBE,completed_journeys,2,3.5,0.7071067811865476,-2.8531023680873293,9.85310236808733,0.95
low,4,2026-07-31T03:00:00+02:00,BW,LYBE,extra_after_boarding_min_max,2,0.4481656876226528,0.6338019936262195,-5.24631929503927,6.142650670284575,0.95
low,4,2026-07-31T03:00:00+02:00,BW,LYBE,extra_after_boarding_min_mean,2,0.395682515890572,0.5595795803663547,-4.631940541539719,5.423305573320863,0.95
low,4,2026-07-31T03:00:00+02:00,BW,LYBE,extra_after_boarding_min_p95,2,0.4376690532762366,0.6189575109742466,-5.12344354433936,5.998781650891833,0.95
low,4,2026-07-31T03:00:00+02:00,BW,LYBE,fraction_boarding_within_wait_limit,2,1.0,0.0,1.0,1.0,0.95
low,4,2026-07-31T03:00:00+02:00,BW,LYBE,generated_passengers,2,3.5,0.7071067811865476,-2.8531023680873293,9.85310236808733,0.95
low,4,2026-07-31T03:00:00+02:00,BW,LYBE,journey_duration_min_max,2,41.82708634423094,1.9897926249673443,23.949508906110292,59.70466378235159,0.95
low,4,2026-07-31T03:00:00+02:00,BW,LYBE,journey_duration_min_mean,2,37.13396162986072,0.3062104792969566,34.382769627586,39.88515363213544,0.95
low,4,2026-07-31T03:00:00+02:00,BW,LYBE,journey_duration_min_p95,2,41.24645191955604,1.800799933777465,25.066906441947523,57.42599739716455,0.95
low,4,2026-07-31T03:00:00+02:00,BW,LYBE,on_time_passengers,2,3.5,0.7071067811865476,-2.8531023680873293,9.85310236808733,0.95
low,4,2026-07-31T03:00:00+02:00,BW,LYBE,wait_to_boarding_min_max,2,15.0,0.0,15.0,15.0,0.95
low,4,2026-07-31T03:00:00+02:00,BW,LYBE,wait_to_boarding_min_mean,2,12.010432952611659,2.692905249350624,-12.184360778507674,36.20522668373099,0.95
low,4,2026-07-31T03:00:00+02:00,BW,LYBE,wait_to_boarding_min_p95,2,15.0,0.0,15.0,15.0,0.95
low,4,2026-07-31T03:00:00+02:00,DOR,LYBE,boarded_passengers,2,2.5,0.7071067811865476,-3.8531023680873293,8.85310236808733,0.95
low,4,2026-07-31T03:00:00+02:00,DOR,LYBE,completed_journeys,2,2.5,0.7071067811865476,-3.8531023680873293,8.85310236808733,0.95
low,4,2026-07-31T03:00:00+02:00,DOR,LYBE,extra_after_boarding_min_max,2,0.21870282035447416,0.30929249467454395,-2.5601799914483006,2.9975856321572487,0.95
low,4,2026-07-31T03:00:00+02:00,DOR,LYBE,extra_after_boarding_min_mean,2,0.1458018802363161,0.20619499644969597,-1.7067866609655338,1.998390421438166,0.95
low,4,2026-07-31T03:00:00+02:00,DOR,LYBE,extra_after_boarding_min_p95,2,0.21870282035447416,0.30929249467454395,-2.5601799914483006,2.9975856321572487,0.95
low,4,2026-07-31T03:00:00+02:00,DOR,LYBE,fraction_boarding_within_wait_limit,2,0.8333333333333333,0.23570226039551587,-1.2843674560291098,2.951034122695776,0.95
low,4,2026-07-31T03:00:00+02:00,DOR,LYBE,generated_passengers,2,2.5,0.7071067811865476,-3.8531023680873293,8.85310236808733,0.95
low,4,2026-07-31T03:00:00+02:00,DOR,LYBE,journey_duration_min_max,2,41.35156522924149,0.7791078606049102,34.3515588286542,48.351571629828776,0.95
low,4,2026-07-31T03:00:00+02:00,DOR,LYBE,journey_duration_min_mean,2,33.76489198958061,0.22557094063463598,31.73821749677933,35.791566482381896,0.95
low,4,2026-07-31T03:00:00+02:00,DOR,LYBE,journey_duration_min_p95,2,40.40116625381475,0.4526046667760457,36.33467466186991,44.46765784575959,0.95
low,4,2026-07-31T03:00:00+02:00,DOR,LYBE,on_time_passengers,2,2.0,0.0,2.0,2.0,0.95
low,4,2026-07-31T03:00:00+02:00,DOR,LYBE,wait_to_boarding_min_max,2,15.491639813894517,0.6952836926122108,9.244763682095975,21.73851594569306,0.95
low,4,2026-07-31T03:00:00+02:00,DOR,LYBE,wait_to_boarding_min_mean,2,7.800051337640184,0.5539541039533206,2.8229711804792057,12.777131494801163,0.95
low,4,2026-07-31T03:00:00+02:00,DOR,LYBE,wait_to_boarding_min_p95,2,14.57530457833202,0.3622210690739772,11.320877392888434,17.829731763775605,0.95
low,4,2026-07-31T03:00:00+02:00,JUG,LYBE,boarded_passengers,2,2.5,2.1213203435596424,-16.559307104261986,21.559307104261986,0.95
low,4,2026-07-31T03:00:00+02:00,JUG,LYBE,completed_journeys,2,2.5,2.1213203435596424,-16.559307104261986,21.559307104261986,0.95
low,4,2026-07-31T03:00:00+02:00,JUG,LYBE,extra_after_boarding_min_max,2,1.1823898639409132,0.44828004117591363,-2.8452465085769694,5.210026236458796,0.95
low,4,2026-07-31T03:00:00+02:00,JUG,LYBE,extra_after_boarding_min_mean,2,0.6201254685932933,0.34688189236419825,-2.496484682037133,3.7367356192237198,0.95
low,4,2026-07-31T03:00:00+02:00,JUG,LYBE,extra_after_boarding_min_p95,2,1.069936984871389,0.28924765446789086,-1.528850083016828,3.668724052759606,0.95
low,4,2026-07-31T03:00:00+02:00,JUG,LYBE,fraction_boarding_within_wait_limit,2,0.875,0.1767766952966369,-0.7132755920218323,2.4632755920218323,0.95
low,4,2026-07-31T03:00:00+02:00,JUG,LYBE,generated_passengers,2,2.5,2.1213203435596424,-16.559307104261986,21.559307104261986,0.95
low,4,2026-07-31T03:00:00+02:00,JUG,LYBE,journey_duration_min_max,2,41.66402638533643,2.361770127703426,20.444363683173663,62.88368908749919,0.95
low,4,2026-07-31T03:00:00+02:00,JUG,LYBE,journey_duration_min_mean,2,38.3697636387503,2.2970209265391133,17.731849428036714,59.00767784946389,0.95
low,4,2026-07-31T03:00:00+02:00,JUG,LYBE,journey_duration_min_p95,2,41.66369100771283,2.3612958321196147,20.448289682299457,62.879092333126195,0.95
low,4,2026-07-31T03:00:00+02:00,JUG,LYBE,on_time_passengers,2,2.0,1.4142135623730951,-10.706204736174659,14.706204736174659,0.95
low,4,2026-07-31T03:00:00+02:00,JUG,LYBE,wait_to_boarding_min_max,2,16.794481571807456,2.537780176278693,-6.006568674870586,39.5955318184855,0.95
low,4,2026-07-31T03:00:00+02:00,JUG,LYBE,wait_to_boarding_min_mean,2,12.377880400492828,3.7082370997873504,-20.939308073581593,45.69506887456725,0.95
low,4,2026-07-31T03:00:00+02:00,JUG,LYBE,wait_to_boarding_min_p95,2,16.525309336036337,2.157113149836888,-2.8555833736399876,35.90620204571266,0.95
low,4,2026-07-31T03:00:00+02:00,LYBV,LYBE,boarded_passengers,2,4.0,1.4142135623730951,-8.706204736174659,16.70620473617466,0.95
low,4,2026-07-31T03:00:00+02:00,LYBV,LYBE,completed_journeys,2,4.0,1.4142135623730951,-8.706204736174659,16.70620473617466,0.95
low,4,2026-07-31T03:00:00+02:00,LYBV,LYBE,extra_after_boarding_min_max,2,2.4463580662067823,3.4596727556504496,-28.63756838100891,33.53028451342248,0.95
low,4,2026-07-31T03:00:00+02:00,LYBV,LYBE,extra_after_boarding_min_mean,2,0.978543226482713,1.38386910226018,-11.455027352403565,13.412113805368993,0.95
low,4,2026-07-31T03:00:00+02:00,LYBV,LYBE,extra_after_boarding_min_p95,2,2.4463580662067823,3.4596727556504496,-28.63756838100891,33.53028451342248,0.95
low,4,2026-07-31T03:00:00+02:00,LYBV,LYBE,fraction_boarding_within_wait_limit,2,0.8,0.282842712474619,-1.7412409472349315,3.3412409472349314,0.95
low,4,2026-07-31T03:00:00+02:00,LYBV,LYBE,generated_passengers,2,4.0,1.4142135623730951,-8.706204736174659,16.70620473617466,0.95
low,4,2026-07-31T03:00:00+02:00,LYBV,LYBE,journey_duration_min_max,2,45.45097191507767,1.5435741736993989,31.58250819904245,59.319435631112896,0.95
low,4,2026-07-31T03:00:00+02:00,LYBV,LYBE,journey_duration_min_mean,2,38.11690462491326,2.944191569585358,11.664392881993294,64.56941636783323,0.95
low,4,2026-07-31T03:00:00+02:00,LYBV,LYBE,journey_duration_min_p95,2,44.85717965261122,2.2596273418969792,24.555233470294386,65.15912583492806,0.95
low,4,2026-07-31T03:00:00+02:00,LYBV,LYBE,on_time_passengers,2,3.0,0.0,3.0,3.0,0.95
low,4,2026-07-31T03:00:00+02:00,LYBV,LYBE,wait_to_boarding_min_max,2,16.113702711782402,1.5750134794543693,1.9627680406422652,30.264637382922537,0.95
low,4,2026-07-31T03:00:00+02:00,LYBV,LYBE,wait_to_boarding_min_mean,2,8.940478496744227,2.154734852085604,-10.419046055423628,28.30000304891208,0.95
low,4,2026-07-31T03:00:00+02:00,LYBV,LYBE,wait_to_boarding_min_p95,2,15.42811006534668,2.11998454592305,-3.61919537331951,34.47541550401287,0.95
low,4,2026-07-31T04:00:00+02:00,BW,LYBE,boarded_passengers,2,3.0,1.4142135623730951,-9.706204736174659,15.706204736174659,0.95
low,4,2026-07-31T04:00:00+02:00,BW,LYBE,completed_journeys,2,3.0,1.4142135623730951,-9.706204736174659,15.706204736174659,0.95
low,4,2026-07-31T04:00:00+02:00,BW,LYBE,extra_after_boarding_min_max,2,1.5821518427515913,2.237500593752885,-18.52099339496614,21.685297080469326,0.95
low,4,2026-07-31T04:00:00+02:00,BW,LYBE,extra_after_boarding_min_mean,2,1.5821518427515913,2.237500593752885,-18.52099339496614,21.685297080469326,0.95
low,4,2026-07-31T04:00:00+02:00,BW,LYBE,extra_after_boarding_min_p95,2,1.5821518427515913,2.237500593752885,-18.52099339496614,21.685297080469326,0.95
low,4,2026-07-31T04:00:00+02:00,BW,LYBE,fraction_boarding_within_wait_limit,2,1.0,0.0,1.0,1.0,0.95
low,4,2026-07-31T04:00:00+02:00,BW,LYBE,generated_passengers,2,3.0,1.4142135623730951,-9.706204736174659,15.706204736174659,0.95
low,4,2026-07-31T04:00:00+02:00,BW,LYBE,journey_duration_min_max,2,39.54946712235493,3.8923825433148753,4.5777974801264065,74.52113676458346,0.95
low,4,2026-07-31T04:00:00+02:00,BW,LYBE,journey_duration_min_mean,2,35.13874682526499,5.301587786221001,-12.494129588032635,82.77162323856261,0.95
low,4,2026-07-31T04:00:00+02:00,BW,LYBE,journey_duration_min_p95,2,38.95533316461429,4.249765322110814,0.7727066503951505,77.13795967883343,0.95
low,4,2026-07-31T04:00:00+02:00,BW,LYBE,on_time_passengers,2,3.0,1.4142135623730951,-9.706204736174659,15.706204736174659,0.95
low,4,2026-07-31T04:00:00+02:00,BW,LYBE,wait_to_boarding_min_max,2,11.845121403064756,4.461672099426424,-28.241411967369903,51.93165477349942,0.95
low,4,2026-07-31T04:00:00+02:00,BW,LYBE,wait_to_boarding_min_mean,2,6.982187713468139,5.820525712273696,-45.31316098069696,59.27753640763325,0.95
low,4,2026-07-31T04:00:00+02:00,BW,LYBE,wait_to_boarding_min_p95,2,11.180362776920374,4.849945447834184,-32.39466822197044,54.75539377581119,0.95
low,4,2026-07-31T04:00:00+02:00,DOR,LYBE,boarded_passengers,2,1.0,0.0,1.0,1.0,0.95
low,4,2026-07-31T04:00:00+02:00,DOR,LYBE,completed_journeys,2,1.0,0.0,1.0,1.0,0.95
low,4,2026-07-31T04:00:00+02:00,DOR,LYBE,extra_after_boarding_min_max,2,0.5384131760067097,0.7614312156690611,-6.302774870988584,7.379601223002004,0.95
low,4,2026-07-31T04:00:00+02:00,DOR,LYBE,extra_after_boarding_min_mean,2,0.5384131760067097,0.7614312156690611,-6.302774870988584,7.379601223002004,0.95
low,4,2026-07-31T04:00:00+02:00,DOR,LYBE,extra_after_boarding_min_p95,2,0.5384131760067097,0.7614312156690611,-6.302774870988584,7.379601223002004,0.95
low,4,2026-07-31T04:00:00+02:00,DOR,LYBE,fraction_boarding_within_wait_limit,2,0.5,0.7071067811865476,-5.853102368087329,6.853102368087329,0.95
low,4,2026-07-31T04:00:00+02:00,DOR,LYBE,generated_passengers,2,1.0,0.0,1.0,1.0,0.95
low,4,2026-07-31T04:00:00+02:00,DOR,LYBE,journey_duration_min_max,2,40.74865879948932,4.467016858876459,0.6141046706312991,80.88321292834735,0.95
low,4,2026-07-31T04:00:00+02:00,DOR,LYBE,journey_duration_min_mean,2,40.74865879948932,4.467016858876459,0.6141046706312991,80.88321292834735,0.95
low,4,2026-07-31T04:00:00+02:00,DOR,LYBE,journey_duration_min_p95,2,40.74865879948932,4.467016858876459,0.6141046706312991,80.88321292834735,0.95
low,4,2026-07-31T04:00:00+02:00,DOR,LYBE,on_time_passengers,2,0.5,0.7071067811865476,-5.853102368087329,6.853102368087329,0.95
low,4,2026-07-31T04:00:00+02:00,DOR,LYBE,wait_to_boarding_min_max,2,16.56500178333334,2.2132467471280894,-3.3202312881785296,36.450234854845206,0.95
low,4,2026-07-31T04:00:00+02:00,DOR,LYBE,wait_to_boarding_min_mean,2,16.56500178333334,2.2132467471280894,-3.3202312881785296,36.450234854845206,0.95
low,4,2026-07-31T04:00:00+02:00,DOR,LYBE,wait_to_boarding_min_p95,2,16.56500178333334,2.2132467471280894,-3.3202312881785296,36.450234854845206,0.95
low,4,2026-07-31T04:00:00+02:00,JUG,LYBE,boarded_passengers,2,3.0,2.8284271247461903,-22.412409472349317,28.412409472349317,0.95
low,4,2026-07-31T04:00:00+02:00,JUG,LYBE,completed_journeys,2,3.0,2.8284271247461903,-22.412409472349317,28.412409472349317,0.95
low,4,2026-07-31T04:00:00+02:00,JUG,LYBE,extra_after_boarding_min_max,2,5.362807647981118,0.7521096043078278,-1.3946290437887807,12.120244339751016,0.95
low,4,2026-07-31T04:00:00+02:00,JUG,LYBE,extra_after_boarding_min_mean,2,3.8432910024507816,2.9010306526684997,-22.2214352874529,29.908017292354465,0.95
low,4,2026-07-31T04:00:00+02:00,JUG,LYBE,extra_after_boarding_min_p95,2,5.021417557116086,1.2349081008689382,-6.073791524086168,16.11662663831834,0.95
low,4,2026-07-31T04:00:00+02:00,JUG,LYBE,fraction_boarding_within_wait_limit,2,0.5,0.7071067811865476,-5.853102368087329,6.853102368087329,0.95
low,4,2026-07-31T04:00:00+02:00,JUG,LYBE,generated_passengers,2,3.0,2.8284271247461903,-22.412409472349317,28.412409472349317,0.95
low,4,2026-07-31T04:00:00+02:00,JUG,LYBE,journey_duration_min_max,2,45.750400019399024,3.1510850340138283,17.439024249469337,74.0617757893287,0.95
low,4,2026-07-31T04:00:00+02:00,JUG,LYBE,journey_duration_min_mean,2,44.3145889370781,5.181628539637682,-2.240496407289868,90.86967428144607,0.95
low,4,2026-07-31T04:00:00+02:00,JUG,LYBE,journey_duration_min_p95,2,45.73554870445852,3.1720879650217633,17.23546908629338,74.23562832262367,0.95
low,4,2026-07-31T04:00:00+02:00,JUG,LYBE,on_time_passengers,2,2.5,3.5355339059327378,-29.26551184043665,34.265511840436645,0.95
low,4,2026-07-31T04:00:00+02:00,JUG,LYBE,wait_to_boarding_min_max,2,17.10353924608062,2.974853730791286,-9.624461085198202,43.831539577359436,0.95
low,4,2026-07-31T04:00:00+02:00,JUG,LYBE,wait_to_boarding_min_mean,2,15.702418113494842,4.956338239021643,-28.828514188599776,60.23335041558946,0.95
low,4,2026-07-31T04:00:00+02:00,JUG,LYBE,wait_to_boarding_min_p95,2,17.10353924608062,2.974853730791286,-9.624461085198202,43.831539577359436,0.95
low,4,2026-07-31T04:00:00+02:00,LYBV,LYBE,boarded_passengers,2,2.0,1.4142135623730951,-10.706204736174659,14.706204736174659,0.95
low,4,2026-07-31T04:00:00+02:00,LYBV,LYBE,completed_journeys,2,2.0,1.4142135623730951,-10.706204736174659,14.706204736174659,0.95
low,4,2026-07-31T04:00:00+02:00,LYBV,LYBE,extra_after_boarding_min_max,2,1.2895839727784884,1.8237471441223145,-15.096134009834472,17.675301955391447,0.95
low,4,2026-07-31T04:00:00+02:00,LYBV,LYBE,extra_after_boarding_min_mean,2,1.2895839727784884,1.8237471441223145,-15.096134009834472,17.675301955391447,0.95
low,4,2026-07-31T04:00:00+02:00,LYBV,LYBE,extra_after_boarding_min_p95,2,1.2895839727784884,1.8237471441223145,-15.096134009834472,17.675301955391447,0.95
low,4,2026-07-31T04:00:00+02:00,LYBV,LYBE,fraction_boarding_within_wait_limit,2,1.0,0.0,1.0,1.0,0.95
low,4,2026-07-31T04:00:00+02:00,LYBV,LYBE,generated_passengers,2,2.0,1.4142135623730951,-10.706204736174659,14.706204736174659,0.95
low,4,2026-07-31T04:00:00+02:00,LYBV,LYBE,journey_duration_min_max,2,41.858056805259764,5.248810156008384,-5.300631414108828,89.01674502462836,0.95
low,4,2026-07-31T04:00:00+02:00,LYBV,LYBE,journey_duration_min_mean,2,40.655139090034865,3.5476276087184795,8.780969641085242,72.52930853898448,0.95
low,4,2026-07-31T04:00:00+02:00,LYBV,LYBE,journey_duration_min_p95,2,41.7685267739233,5.122195571452665,-4.25257453724803,87.78962808509462,0.95
low,4,2026-07-31T04:00:00+02:00,LYBV,LYBE,on_time_passengers,2,2.0,1.4142135623730951,-10.706204736174659,14.706204736174659,0.95
low,4,2026-07-31T04:00:00+02:00,LYBV,LYBE,wait_to_boarding_min_max,2,15.0,0.0,15.0,15.0,0.95
low,4,2026-07-31T04:00:00+02:00,LYBV,LYBE,wait_to_boarding_min_mean,2,13.772093444377495,1.7365221042881802,-1.8299386482530924,29.374125537008084,0.95
low,4,2026-07-31T04:00:00+02:00,LYBV,LYBE,wait_to_boarding_min_p95,2,14.888779746084161,0.15728919149835996,13.47559242902017,16.30196706314815,0.95
low,4,2026-07-31T05:00:00+02:00,BW,LYBE,boarded_passengers,2,1.5,0.7071067811865476,-4.853102368087329,7.853102368087329,0.95
low,4,2026-07-31T05:00:00+02:00,BW,LYBE,completed_journeys,2,1.5,0.7071067811865476,-4.853102368087329,7.853102368087329,0.95
low,4,2026-07-31T05:00:00+02:00,BW,LYBE,extra_after_boarding_min_max,2,0.0,0.0,0.0,0.0,0.95
low,4,2026-07-31T05:00:00+02:00,BW,LYBE,extra_after_boarding_min_mean,2,0.0,0.0,0.0,0.0,0.95
low,4,2026-07-31T05:00:00+02:00,BW,LYBE,extra_after_boarding_min_p95,2,0.0,0.0,0.0,0.0,0.95
low,4,2026-07-31T05:00:00+02:00,BW,LYBE,fraction_boarding_within_wait_limit,2,0.5,0.7071067811865476,-5.853102368087329,6.853102368087329,0.95
low,4,2026-07-31T05:00:00+02:00,BW,LYBE,generated_passengers,2,1.5,0.7071067811865476,-4.853102368087329,7.853102368087329,0.95
low,4,2026-07-31T05:00:00+02:00,BW,LYBE,journey_duration_min_max,2,49.14283188447507,18.330988554142,-115.554565865381,213.84022963433114,0.95
low,4,2026-07-31T05:00:00+02:00,BW,LYBE,journey_duration_min_mean,2,49.059888446099556,18.448288289602512,-116.6914056132781,214.81118250547723,0.95
low,4,2026-07-31T05:00:00+02:00,BW,LYBE,journey_duration_min_p95,2,49.134537540637524,18.34271852768805,-115.66824984017069,213.93732492144574,0.95
low,4,2026-07-31T05:00:00+02:00,BW,LYBE,on_time_passengers,2,1.0,1.4142135623730951,-11.706204736174659,13.706204736174659,0.95
low,4,2026-07-31T05:00:00+02:00,BW,LYBE,wait_to_boarding_min_max,2,26.86812192203779,16.784058982043288,-123.93066505325707,177.66690889733266,0.95
low,4,2026-07-31T05:00:00+02:00,BW,LYBE,wait_to_boarding_min_mean,2,26.86812192203779,16.784058982043288,-123.93066505325707,177.66690889733266,0.95
low,4,2026-07-31T05:00:00+02:00,BW,LYBE,wait_to_boarding_min_p95,2,26.86812192203779,16.784058982043288,-123.93066505325707,177.66690889733266,0.95
low,4,2026-07-31T05:00:00+02:00,JUG,LYBE,boarded_passengers,2,0.5,0.7071067811865476,-5.853102368087329,6.853102368087329,0.95
low,4,2026-07-31T05:00:00+02:00,JUG,LYBE,completed_journeys,2,0.5,0.7071067811865476,-5.853102368087329,6.853102368087329,0.95
low,4,2026-07-31T05:00:00+02:00,JUG,LYBE,extra_after_boarding_min_max,1,0.0,,,,0.95
low,4,2026-07-31T05:00:00+02:00,JUG,LYBE,extra_after_boarding_min_mean,1,0.0,,,,0.95
low,4,2026-07-31T05:00:00+02:00,JUG,LYBE,extra_after_boarding_min_p95,1,0.0,,,,0.95
low,4,2026-07-31T05:00:00+02:00,JUG,LYBE,fraction_boarding_within_wait_limit,1,1.0,,,,0.95
low,4,2026-07-31T05:00:00+02:00,JUG,LYBE,generated_passengers,2,0.5,0.7071067811865476,-5.853102368087329,6.853102368087329,0.95
low,4,2026-07-31T05:00:00+02:00,JUG,LYBE,journey_duration_min_max,1,40.45072437430111,,,,0.95
low,4,2026-07-31T05:00:00+02:00,JUG,LYBE,journey_duration_min_mean,1,40.45072437430111,,,,0.95
low,4,2026-07-31T05:00:00+02:00,JUG,LYBE,journey_duration_min_p95,1,40.45072437430111,,,,0.95
low,4,2026-07-31T05:00:00+02:00,JUG,LYBE,on_time_passengers,2,0.5,0.7071067811865476,-5.853102368087329,6.853102368087329,0.95
low,4,2026-07-31T05:00:00+02:00,JUG,LYBE,wait_to_boarding_min_max,1,15.0,,,,0.95
low,4,2026-07-31T05:00:00+02:00,JUG,LYBE,wait_to_boarding_min_mean,1,15.0,,,,0.95
low,4,2026-07-31T05:00:00+02:00,JUG,LYBE,wait_to_boarding_min_p95,1,15.0,,,,0.95
low,4,2026-07-31T05:00:00+02:00,LYBE,BW,boarded_passengers,2,1.5,0.7071067811865476,-4.853102368087329,7.853102368087329,0.95
low,4,2026-07-31T05:00:00+02:00,LYBE,BW,completed_journeys,2,1.5,0.7071067811865476,-4.853102368087329,7.853102368087329,0.95
low,4,2026-07-31T05:00:00+02:00,LYBE,BW,extra_after_boarding_min_max,2,0.0,0.0,0.0,0.0,0.95
low,4,2026-07-31T05:00:00+02:00,LYBE,BW,extra_after_boarding_min_mean,2,0.0,0.0,0.0,0.0,0.95
low,4,2026-07-31T05:00:00+02:00,LYBE,BW,extra_after_boarding_min_p95,2,0.0,0.0,0.0,0.0,0.95
low,4,2026-07-31T05:00:00+02:00,LYBE,BW,fraction_boarding_within_wait_limit,2,1.0,0.0,1.0,1.0,0.95
low,4,2026-07-31T05:00:00+02:00,LYBE,BW,generated_passengers,2,1.5,0.7071067811865476,-4.853102368087329,7.853102368087329,0.95
low,4,2026-07-31T05:00:00+02:00,LYBE,BW,journey_duration_min_max,2,27.938930366666682,1.6617009357883876,13.00913980166145,42.868720931671916,0.95
low,4,2026-07-31T05:00:00+02:00,LYBE,BW,journey_duration_min_mean,2,27.521113436557428,1.0708185666387868,17.900190327760377,37.14203654535448,0.95
low,4,2026-07-31T05:00:00+02:00,LYBE,BW,journey_duration_min_p95,2,27.897148673655757,1.602612698873428,13.49824485427134,42.29605249304017,0.95
low,4,2026-07-31T05:00:00+02:00,LYBE,BW,on_time_passengers,2,1.5,0.7071067811865476,-4.853102368087329,7.853102368087329,0.95
low,4,2026-07-31T05:00:00+02:00,LYBE,BW,wait_to_boarding_min_max,2,15.0,0.0,15.0,15.0,0.95
low,4,2026-07-31T05:00:00+02:00,LYBE,BW,wait_to_boarding_min_mean,2,14.582183069890743,0.590882369149602,9.273315613682552,19.891050526098933,0.95
low,4,2026-07-31T05:00:00+02:00,LYBE,BW,wait_to_boarding_min_p95,2,14.958218306989075,0.05908823691495983,14.42733156136826,15.48910505260989,0.95
low,4,2026-07-31T05:00:00+02:00,LYBE,DOR,boarded_passengers,2,2.0,1.4142135623730951,-10.706204736174659,14.706204736174659,0.95
low,4,2026-07-31T05:00:00+02:00,LYBE,DOR,completed_journeys,2,2.0,1.4142135623730951,-10.706204736174659,14.706204736174659,0.95
low,4,2026-07-31T05:00:00+02:00,LYBE,DOR,extra_after_boarding_min_max,2,0.0,0.0,0.0,0.0,0.95
low,4,2026-07-31T05:00:00+02:00,LYBE,DOR,extra_after_boarding_min_mean,2,0.0,0.0,0.0,0.0,0.95
low,4,2026-07-31T05:00:00+02:00,LYBE,DOR,extra_after_boarding_min_p95,2,0.0,0.0,0.0,0.0,0.95
low,4,2026-07-31T05:00:00+02:00,LYBE,DOR,fraction_boarding_within_wait_limit,2,1.0,0.0,1.0,1.0,0.95
low,4,2026-07-31T05:00:00+02:00,LYBE,DOR,generated_passengers,2,2.0,1.4142135623730951,-10.706204736174659,14.706204736174659,0.95
low,4,2026-07-31T05:00:00+02:00,LYBE,DOR,journey_duration_min_max,2,30.830003566666647,3.323401871576773,0.9704224366562038,60.68958469667709,0.95
low,4,2026-07-31T05:00:00+02:00,LYBE,DOR,journey_duration_min_mean,2,28.88250247104839,0.5692194094169667,23.768268985888028,33.99673595620875,0.95
low,4,2026-07-31T05:00:00+02:00,LYBE,DOR,journey_duration_min_p95,2,30.81693105037506,3.304914541742868,1.1234519887824952,60.51041011196763,0.95
low,4,2026-07-31T05:00:00+02:00,LYBE,DOR,on_time_passengers,2,2.0,1.4142135623730951,-10.706204736174659,14.706204736174659,0.95
low,4,2026-07-31T05:00:00+02:00,LYBE,DOR,wait_to_boarding_min_max,2,15.0,0.0,15.0,15.0,0.95
low,4,2026-07-31T05:00:00+02:00,LYBE,DOR,wait_to_boarding_min_mean,2,13.05249890438174,2.7541824621598074,-11.69284874046835,37.79784654923183,0.95
low,4,2026-07-31T05:00:00+02:00,LYBE,DOR,wait_to_boarding_min_p95,2,14.986927483708413,0.018487329833903703,14.820825415290548,15.153029552126279,0.95
low,4,2026-07-31T05:00:00+02:00,LYBE,EXPO,boarded_passengers,2,0.5,0.7071067811865476,-5.853102368087329,6.853102368087329,0.95
low,4,2026-07-31T05:00:00+02:00,LYBE,EXPO,completed_journeys,2,0.5,0.7071067811865476,-5.853102368087329,6.853102368087329,0.95
low,4,2026-07-31T05:00:00+02:00,LYBE,EXPO,extra_after_boarding_min_max,1,0.5405726919149553,,,,0.95
low,4,2026-07-31T05:00:00+02:00,LYBE,EXPO,extra_after_boarding_min_mean,1,0.5405726919149553,,,,0.95
low,4,2026-07-31T05:00:00+02:00,LYBE,EXPO,extra_after_boarding_min_p95,1,0.5405726919149553,,,,0.95
low,4,2026-07-31T05:00:00+02:00,LYBE,EXPO,fraction_boarding_within_wait_limit,1,1.0,,,,0.95
low,4,2026-07-31T05:00:00+02:00,LYBE,EXPO,generated_passengers,2,0.5,0.7071067811865476,-5.853102368087329,6.853102368087329,0.95
low,4,2026-07-31T05:00:00+02:00,LYBE,EXPO,journey_duration_min_max,1,25.236612658581603,,,,0.95
low,4,2026-07-31T05:00:00+02:00,LYBE,EXPO,journey_duration_min_mean,1,25.236612658581603,,,,0.95
low,4,2026-07-31T05:00:00+02:00,LYBE,EXPO,journey_duration_min_p95,1,25.236612658581603,,,,0.95
low,4,2026-07-31T05:00:00+02:00,LYBE,EXPO,on_time_passengers,2,0.5,0.7071067811865476,-5.853102368087329,6.853102368087329,0.95
low,4,2026-07-31T05:00:00+02:00,LYBE,EXPO,wait_to_boarding_min_max,1,15.0,,,,0.95
low,4,2026-07-31T05:00:00+02:00,LYBE,EXPO,wait_to_boarding_min_mean,1,15.0,,,,0.95
low,4,2026-07-31T05:00:00+02:00,LYBE,EXPO,wait_to_boarding_min_p95,1,15.0,,,,0.95
low,4,2026-07-31T05:00:00+02:00,LYBE,LYBV,boarded_passengers,2,2.0,0.0,2.0,2.0,0.95
low,4,2026-07-31T05:00:00+02:00,LYBE,LYBV,completed_journeys,2,2.0,0.0,2.0,2.0,0.95
low,4,2026-07-31T05:00:00+02:00,LYBE,LYBV,extra_after_boarding_min_max,2,0.0,0.0,0.0,0.0,0.95
low,4,2026-07-31T05:00:00+02:00,LYBE,LYBV,extra_after_boarding_min_mean,2,0.0,0.0,0.0,0.0,0.95
low,4,2026-07-31T05:00:00+02:00,LYBE,LYBV,extra_after_boarding_min_p95,2,0.0,0.0,0.0,0.0,0.95
low,4,2026-07-31T05:00:00+02:00,LYBE,LYBV,fraction_boarding_within_wait_limit,2,1.0,0.0,1.0,1.0,0.95
low,4,2026-07-31T05:00:00+02:00,LYBE,LYBV,generated_passengers,2,2.0,0.0,2.0,2.0,0.95
low,4,2026-07-31T05:00:00+02:00,LYBE,LYBV,journey_duration_min_max,2,29.799136466666642,1.6617009357883876,14.86934590166141,44.72892703167187,0.95
low,4,2026-07-31T05:00:00+02:00,LYBE,LYBV,journey_duration_min_mean,2,26.05804728419345,3.628998124112476,-6.547207239593973,58.66330180798087,0.95
low,4,2026-07-31T05:00:00+02:00,LYBE,LYBV,journey_duration_min_p95,2,29.425027548419322,1.1326310297983009,19.248741492293362,39.60131360454528,0.95
low,4,2026-07-31T05:00:00+02:00,LYBE,LYBV,on_time_passengers,2,2.0,0.0,2.0,2.0,0.95
low,4,2026-07-31T05:00:00+02:00,LYBE,LYBV,wait_to_boarding_min_max,2,15.0,0.0,15.0,15.0,0.95
low,4,2026-07-31T05:00:00+02:00,LYBE,LYBV,wait_to_boarding_min_mean,2,11.258910817526809,5.290699059900861,-36.276134271265825,58.79395590631945,0.95
low,4,2026-07-31T05:00:00+02:00,LYBE,LYBV,wait_to_boarding_min_p95,2,14.62589108175268,0.5290699059900869,9.87238657287341,19.37939559063195,0.95
low,4,2026-07-31T06:00:00+02:00,BW,LYBE,boarded_passengers,2,2.0,0.0,2.0,2.0,0.95
low,4,2026-07-31T06:00:00+02:00,BW,LYBE,completed_journeys,2,2.0,0.0,2.0,2.0,0.95
low,4,2026-07-31T06:00:00+02:00,BW,LYBE,extra_after_boarding_min_max,2,0.0,0.0,0.0,0.0,0.95
low,4,2026-07-31T06:00:00+02:00,BW,LYBE,extra_after_boarding_min_mean,2,0.0,0.0,0.0,0.0,0.95
low,4,2026-07-31T06:00:00+02:00,BW,LYBE,extra_after_boarding_min_p95,2,0.0,0.0,0.0,0.0,0.95
low,4,2026-07-31T06:00:00+02:00,BW,LYBE,fraction_boarding_within_wait_limit,2,1.0,0.0,1.0,1.0,0.95
low,4,2026-07-31T06:00:00+02:00,BW,LYBE,generated_passengers,2,2.0,0.0,2.0,2.0,0.95
low,4,2026-07-31T06:00:00+02:00,BW,LYBE,journey_duration_min_max,2,40.200725529093205,0.7596620649315327,33.37543267082914,47.02601838735727,0.95
low,4,2026-07-31T06:00:00+02:00,BW,LYBE,journey_duration_min_mean,2,39.23810587774578,0.013396757517775144,39.11774078696268,39.358470968528884,0.95
low,4,2026-07-31T06:00:00+02:00,BW,LYBE,journey_duration_min_p95,2,40.10446356395846,0.6823561826866014,33.973736500599124,46.2351906273178,0.95
low,4,2026-07-31T06:00:00+02:00,BW,LYBE,on_time_passengers,2,2.0,0.0,2.0,2.0,0.95
low,4,2026-07-31T06:00:00+02:00,BW,LYBE,wait_to_boarding_min_max,2,15.0,0.0,15.0,15.0,0.95
low,4,2026-07-31T06:00:00+02:00,BW,LYBE,wait_to_boarding_min_mean,2,14.957514003851914,0.05816683240044052,14.434905749342917,15.480122258360911,0.95
low,4,2026-07-31T06:00:00+02:00,BW,LYBE,wait_to_boarding_min_p95,2,14.995751400385192,0.00581668324004355,14.943490574934296,15.048012225836088,0.95
low,4,2026-07-31T06:00:00+02:00,JUG,LYBE,boarded_passengers,2,1.5,0.7071067811865476,-4.853102368087329,7.853102368087329,0.95
low,4,2026-07-31T06:00:00+02:00,JUG,LYBE,completed_journeys,2,1.5,0.7071067811865476,-4.853102368087329,7.853102368087329,0.95
low,4,2026-07-31T06:00:00+02:00,JUG,LYBE,extra_after_boarding_min_max,2,0.0,0.0,0.0,0.0,0.95
low,4,2026-07-31T06:00:00+02:00,JUG,LYBE,extra_after_boarding_min_mean,2,0.0,0.0,0.0,0.0,0.95
low,4,2026-07-31T06:00:00+02:00,JUG,LYBE,extra_after_boarding_min_p95,2,0.0,0.0,0.0,0.0,0.95
low,4,2026-07-31T06:00:00+02:00,JUG,LYBE,fraction_boarding_within_wait_limit,2,0.75,0.3535533905932738,-2.4265511840436647,3.9265511840436647,0.95
low,4,2026-07-31T06:00:00+02:00,JUG,LYBE,generated_passengers,2,1.5,0.7071067811865476,-4.853102368087329,7.853102368087329,0.95
low,4,2026-07-31T06:00:00+02:00,JUG,LYBE,journey_duration_min_max,2,39.97108107556214,9.062446198144306,-41.45176754354249,121.39392969466677,0.95
low,4,2026-07-31T06:00:00+02:00,JUG,LYBE,journey_duration_min_mean,2,38.126197765715915,6.453387200364006,-19.855185804130997,96.10758133556283,0.95
low,4,2026-07-31T06:00:00+02:00,JUG,LYBE,journey_duration_min_p95,2,39.78659274457752,8.801540298366273,-39.29210936960132,118.86529485875636,0.95
low,4,2026-07-31T06:00:00+02:00,JUG,LYBE,on_time_passengers,2,1.0,0.0,1.0,1.0,0.95
low,4,2026-07-31T06:00:00+02:00,JUG,LYBE,wait_to_boarding_min_max,2,15.669623879384805,10.138409378779036,-75.42037037138066,106.75961813015026,0.95
low,4,2026-07-31T06:00:00+02:00,JUG,LYBE,wait_to_boarding_min_mean,2,13.709983403993615,7.367059241105557,-52.48041775715676,79.900384565144,0.95
low,4,2026-07-31T06:00:00+02:00,JUG,LYBE,wait_to_boarding_min_p95,2,15.473659831845683,9.861274365011687,-73.12637510995825,104.0736947736496,0.95
low,4,2026-07-31T06:00:00+02:00,LYBE,BW,boarded_passengers,2,0.5,0.7071067811865476,-5.853102368087329,6.853102368087329,0.95
low,4,2026-07-31T06:00:00+02:00,LYBE,BW,completed_journeys,2,0.5,0.7071067811865476,-5.853102368087329,6.853102368087329,0.95
low,4,2026-07-31T06:00:00+02:00,LYBE,BW,extra_after_boarding_min_max,1,0.0,,,,0.95
low,4,2026-07-31T06:00:00+02:00,LYBE,BW,extra_after_boarding_min_mean,1,0.0,,,,0.95
low,4,2026-07-31T06:00:00+02:00,LYBE,BW,extra_after_boarding_min_p95,1,0.0,,,,0.95
low,4,2026-07-31T06:00:00+02:00,LYBE,BW,fraction_boarding_within_wait_limit,1,1.0,,,,0.95
low,4,2026-07-31T06:00:00+02:00,LYBE,BW,generated_passengers,2,0.5,0.7071067811865476,-5.853102368087329,6.853102368087329,0.95
low,4,2026-07-31T06:00:00+02:00,LYBE,BW,journey_duration_min_max,1,26.76393036666668,,,,0.95
low,4,2026-07-31T06:00:00+02:00,LYBE,BW,journey_duration_min_mean,1,26.76393036666668,,,,0.95
low,4,2026-07-31T06:00:00+02:00,LYBE,BW,journey_duration_min_p95,1,26.76393036666668,,,,0.95
low,4,2026-07-31T06:00:00+02:00,LYBE,BW,on_time_passengers,2,0.5,0.7071067811865476,-5.853102368087329,6.853102368087329,0.95
low,4,2026-07-31T06:00:00+02:00,LYBE,BW,wait_to_boarding_min_max,1,15.0,,,,0.95
low,4,2026-07-31T06:00:00+02:00,LYBE,BW,wait_to_boarding_min_mean,1,15.0,,,,0.95
low,4,2026-07-31T06:00:00+02:00,LYBE,BW,wait_to_boarding_min_p95,1,15.0,,,,0.95
low,4,2026-07-31T06:00:00+02:00,LYBE,JUG,boarded_passengers,2,0.5,0.7071067811865476,-5.853102368087329,6.853102368087329,0.95
low,4,2026-07-31T06:00:00+02:00,LYBE,JUG,completed_journeys,2,0.5,0.7071067811865476,-5.853102368087329,6.853102368087329,0.95
low,4,2026-07-31T06:00:00+02:00,LYBE,JUG,extra_after_boarding_min_max,1,0.0,,,,0.95
low,4,2026-07-31T06:00:00+02:00,LYBE,JUG,extra_after_boarding_min_mean,1,0.0,,,,0.95
low,4,2026-07-31T06:00:00+02:00,LYBE,JUG,extra_after_boarding_min_p95,1,0.0,,,,0.95
low,4,2026-07-31T06:00:00+02:00,LYBE,JUG,fraction_boarding_within_wait_limit,1,1.0,,,,0.95
low,4,2026-07-31T06:00:00+02:00,LYBE,JUG,generated_passengers,2,0.5,0.7071067811865476,-5.853102368087329,6.853102368087329,0.95
low,4,2026-07-31T06:00:00+02:00,LYBE,JUG,journey_duration_min_max,1,28.313371866666664,,,,0.95
low,4,2026-07-31T06:00:00+02:00,LYBE,JUG,journey_duration_min_mean,1,28.313371866666664,,,,0.95
low,4,2026-07-31T06:00:00+02:00,LYBE,JUG,journey_duration_min_p95,1,28.313371866666664,,,,0.95
low,4,2026-07-31T06:00:00+02:00,LYBE,JUG,on_time_passengers,2,0.5,0.7071067811865476,-5.853102368087329,6.853102368087329,0.95
low,4,2026-07-31T06:00:00+02:00,LYBE,JUG,wait_to_boarding_min_max,1,15.0,,,,0.95
low,4,2026-07-31T06:00:00+02:00,LYBE,JUG,wait_to_boarding_min_mean,1,15.0,,,,0.95
low,4,2026-07-31T06:00:00+02:00,LYBE,JUG,wait_to_boarding_min_p95,1,15.0,,,,0.95
low,4,2026-07-31T06:00:00+02:00,LYBE,LYBV,boarded_passengers,2,0.5,0.7071067811865476,-5.853102368087329,6.853102368087329,0.95
low,4,2026-07-31T06:00:00+02:00,LYBE,LYBV,completed_journeys,2,0.5,0.7071067811865476,-5.853102368087329,6.853102368087329,0.95
low,4,2026-07-31T06:00:00+02:00,LYBE,LYBV,extra_after_boarding_min_max,1,0.0,,,,0.95
low,4,2026-07-31T06:00:00+02:00,LYBE,LYBV,extra_after_boarding_min_mean,1,0.0,,,,0.95
low,4,2026-07-31T06:00:00+02:00,LYBE,LYBV,extra_after_boarding_min_p95,1,0.0,,,,0.95
low,4,2026-07-31T06:00:00+02:00,LYBE,LYBV,fraction_boarding_within_wait_limit,1,1.0,,,,0.95
low,4,2026-07-31T06:00:00+02:00,LYBE,LYBV,generated_passengers,2,0.5,0.7071067811865476,-5.853102368087329,6.853102368087329,0.95
low,4,2026-07-31T06:00:00+02:00,LYBE,LYBV,journey_duration_min_max,1,28.62413646666664,,,,0.95
low,4,2026-07-31T06:00:00+02:00,LYBE,LYBV,journey_duration_min_mean,1,28.62413646666664,,,,0.95
low,4,2026-07-31T06:00:00+02:00,LYBE,LYBV,journey_duration_min_p95,1,28.62413646666664,,,,0.95
low,4,2026-07-31T06:00:00+02:00,LYBE,LYBV,on_time_passengers,2,0.5,0.7071067811865476,-5.853102368087329,6.853102368087329,0.95
low,4,2026-07-31T06:00:00+02:00,LYBE,LYBV,wait_to_boarding_min_max,1,15.0,,,,0.95
low,4,2026-07-31T06:00:00+02:00,LYBE,LYBV,wait_to_boarding_min_mean,1,15.0,,,,0.95
low,4,2026-07-31T06:00:00+02:00,LYBE,LYBV,wait_to_boarding_min_p95,1,15.0,,,,0.95
low,4,2026-07-31T07:00:00+02:00,BW,LYBE,boarded_passengers,2,2.5,0.7071067811865476,-3.8531023680873293,8.85310236808733,0.95
low,4,2026-07-31T07:00:00+02:00,BW,LYBE,completed_journeys,2,2.5,0.7071067811865476,-3.8531023680873293,8.85310236808733,0.95
low,4,2026-07-31T07:00:00+02:00,BW,LYBE,extra_after_boarding_min_max,2,0.0,0.0,0.0,0.0,0.95
low,4,2026-07-31T07:00:00+02:00,BW,LYBE,extra_after_boarding_min_mean,2,0.0,0.0,0.0,0.0,0.95
low,4,2026-07-31T07:00:00+02:00,BW,LYBE,extra_after_boarding_min_p95,2,0.0,0.0,0.0,0.0,0.95
low,4,2026-07-31T07:00:00+02:00,BW,LYBE,fraction_boarding_within_wait_limit,2,1.0,0.0,1.0,1.0,0.95
low,4,2026-07-31T07:00:00+02:00,BW,LYBE,generated_passengers,2,2.5,0.7071067811865476,-3.8531023680873293,8.85310236808733,0.95
low,4,2026-07-31T07:00:00+02:00,BW,LYBE,journey_duration_min_max,2,38.08093787593471,2.130516107342477,18.939010112078616,57.2228656397908,0.95
low,4,2026-07-31T07:00:00+02:00,BW,LYBE,journey_duration_min_mean,2,37.14551597306554,1.1610708449833893,26.713708315382934,47.577323630748154,0.95
low,4,2026-07-31T07:00:00+02:00,BW,LYBE,journey_duration_min_p95,2,37.98686391270306,2.032819540596031,19.722704975373183,56.25102285003293,0.95
low,4,2026-07-31T07:00:00+02:00,BW,LYBE,on_time_passengers,2,2.5,0.7071067811865476,-3.8531023680873293,8.85310236808733,0.95
low,4,2026-07-31T07:00:00+02:00,BW,LYBE,wait_to_boarding_min_max,2,15.0,0.0,15.0,15.0,0.95
low,4,2026-07-31T07:00:00+02:00,BW,LYBE,wait_to_boarding_min_mean,2,14.60002657595561,0.5656478408723825,9.517882361018778,19.682170790892442,0.95
low,4,2026-07-31T07:00:00+02:00,BW,LYBE,wait_to_boarding_min_p95,2,15.0,0.0,15.0,15.0,0.95
low,4,2026-07-31T07:00:00+02:00,DOR,LYBE,boarded_passengers,2,0.5,0.7071067811865476,-5.853102368087329,6.853102368087329,0.95
low,4,2026-07-31T07:00:00+02:00,DOR,LYBE,completed_journeys,2,0.5,0.7071067811865476,-5.853102368087329,6.853102368087329,0.95
low,4,2026-07-31T07:00:00+02:00,DOR,LYBE,extra_after_boarding_min_max,1,0.26089919693149566,,,,0.95
low,4,2026-07-31T07:00:00+02:00,DOR,LYBE,extra_after_boarding_min_mean,1,0.26089919693149566,,,,0.95
low,4,2026-07-31T07:00:00+02:00,DOR,LYBE,extra_after_boarding_min_p95,1,0.26089919693149566,,,,0.95
low,4,2026-07-31T07:00:00+02:00,DOR,LYBE,fraction_boarding_within_wait_limit,1,0.0,,,,0.95
low,4,2026-07-31T07:00:00+02:00,DOR,LYBE,generated_passengers,2,0.5,0.7071067811865476,-5.853102368087329,6.853102368087329,0.95
low,4,2026-07-31T07:00:00+02:00,DOR,LYBE,journey_duration_min_max,1,46.31399282003131,,,,0.95
low,4,2026-07-31T07:00:00+02:00,DOR,LYBE,journey_duration_min_mean,1,46.31399282003131,,,,0.95
low,4,2026-07-31T07:00:00+02:00,DOR,LYBE,journey_duration_min_p95,1,46.31399282003131,,,,0.95
low,4,2026-07-31T07:00:00+02:00,DOR,LYBE,on_time_passengers,2,0.0,0.0,0.0,0.0,0.95
low,4,2026-07-31T07:00:00+02:00,DOR,LYBE,wait_to_boarding_min_max,1,20.928087147780328,,,,0.95
low,4,2026-07-31T07:00:00+02:00,DOR,LYBE,wait_to_boarding_min_mean,1,20.928087147780328,,,,0.95
low,4,2026-07-31T07:00:00+02:00,DOR,LYBE,wait_to_boarding_min_p95,1,20.928087147780328,,,,0.95
low,4,2026-07-31T07:00:00+02:00,LYBV,LYBE,boarded_passengers,2,1.5,0.7071067811865476,-4.853102368087329,7.853102368087329,0.95
low,4,2026-07-31T07:00:00+02:00,LYBV,LYBE,completed_journeys,2,1.5,0.7071067811865476,-4.853102368087329,7.853102368087329,0.95
low,4,2026-07-31T07:00:00+02:00,LYBV,LYBE,extra_after_boarding_min_max,2,0.0,0.0,0.0,0.0,0.95
low,4,2026-07-31T07:00:00+02:00,LYBV,LYBE,extra_after_boarding_min_mean,2,0.0,0.0,0.0,0.0,0.95
low,4,2026-07-31T07:00:00+02:00,LYBV,LYBE,extra_after_boarding_min_p95,2,0.0,0.0,0.0,0.0,0.95
low,4,2026-07-31T07:00:00+02:00,LYBV,LYBE,fraction_boarding_within_wait_limit,2,1.0,0.0,1.0,1.0,0.95
low,4,2026-07-31T07:00:00+02:00,LYBV,LYBE,generated_passengers,2,1.5,0.7071067811865476,-4.853102368087329,7.853102368087329,0.95
low,4,2026-07-31T07:00:00+02:00,LYBV,LYBE,journey_duration_min_max,2,40.01845654258702,2.3494458229841997,18.9095233251074,61.127389760066634,0.95
low,4,2026-07-31T07:00:00+02:00,LYBV,LYBE,journey_duration_min_mean,2,38.43040712668878,0.10360480130223686,37.49955491877478,39.36125933460278,0.95
low,4,2026-07-31T07:00:00+02:00,LYBV,LYBE,journey_duration_min_p95,2,39.85965160099719,2.1248617208160026,20.768526484474144,58.950776717520235,0.95
low,4,2026-07-31T07:00:00+02:00,LYBV,LYBE,on_time_passengers,2,1.5,0.7071067811865476,-4.853102368087329,7.853102368087329,0.95
low,4,2026-07-31T07:00:00+02:00,LYBV,LYBE,wait_to_boarding_min_max,2,15.0,0.0,15.0,15.0,0.95
low,4,2026-07-31T07:00:00+02:00,LYBV,LYBE,wait_to_boarding_min_mean,2,13.782769420871682,1.7214239935385236,-1.6836115286651676,29.249150370408532,0.95
low,4,2026-07-31T07:00:00+02:00,LYBV,LYBE,wait_to_boarding_min_p95,2,14.878276942087169,0.17214239935385287,13.33163884713348,16.424915037040858,0.95
low,4,2026-07-31T08:00:00+02:00,BW,LYBE,boarded_passengers,2,0.5,0.7071067811865476,-5.853102368087329,6.853102368087329,0.95
low,4,2026-07-31T08:00:00+02:00,BW,LYBE,completed_journeys,2,0.5,0.7071067811865476,-5.853102368087329,6.853102368087329,0.95
low,4,2026-07-31T08:00:00+02:00,BW,LYBE,extra_after_boarding_min_max,1,0.0,,,,0.95
low,4,2026-07-31T08:00:00+02:00,BW,LYBE,extra_after_boarding_min_mean,1,0.0,,,,0.95
low,4,2026-07-31T08:00:00+02:00,BW,LYBE,extra_after_boarding_min_p95,1,0.0,,,,0.95
low,4,2026-07-31T08:00:00+02:00,BW,LYBE,fraction_boarding_within_wait_limit,1,1.0,,,,0.95
low,4,2026-07-31T08:00:00+02:00,BW,LYBE,generated_passengers,2,0.5,0.7071067811865476,-5.853102368087329,6.853102368087329,0.95
low,4,2026-07-31T08:00:00+02:00,BW,LYBE,journey_duration_min_max,1,36.88167978626552,,,,0.95
low,4,2026-07-31T08:00:00+02:00,BW,LYBE,journey_duration_min_mean,1,36.88167978626552,,,,0.95
low,4,2026-07-31T08:00:00+02:00,BW,LYBE,journey_duration_min_p95,1,36.88167978626552,,,,0.95
low,4,2026-07-31T08:00:00+02:00,BW,LYBE,on_time_passengers,2,0.5,0.7071067811865476,-5.853102368087329,6.853102368087329,0.95
low,4,2026-07-31T08:00:00+02:00,BW,LYBE,wait_to_boarding_min_max,1,15.0,,,,0.95
low,4,2026-07-31T08:00:00+02:00,BW,LYBE,wait_to_boarding_min_mean,1,15.0,,,,0.95
low,4,2026-07-31T08:00:00+02:00,BW,LYBE,wait_to_boarding_min_p95,1,15.0,,,,0.95
low,4,2026-07-31T08:00:00+02:00,DOR,LYBE,boarded_passengers,2,1.5,0.7071067811865476,-4.853102368087329,7.853102368087329,0.95
low,4,2026-07-31T08:00:00+02:00,DOR,LYBE,completed_journeys,2,1.5,0.7071067811865476,-4.853102368087329,7.853102368087329,0.95
low,4,2026-07-31T08:00:00+02:00,DOR,LYBE,extra_after_boarding_min_max,2,1.0193288689544109,1.4415487109937553,-11.932472433473684,13.971130171382505,0.95
low,4,2026-07-31T08:00:00+02:00,DOR,LYBE,extra_after_boarding_min_mean,2,0.5096644344772054,0.7207743554968776,-5.966236216736842,6.985565085691253,0.95
low,4,2026-07-31T08:00:00+02:00,DOR,LYBE,extra_after_boarding_min_p95,2,0.9683624255066903,1.3694712754440674,-11.335848811799998,13.272573662813379,0.95
low,4,2026-07-31T08:00:00+02:00,DOR,LYBE,fraction_boarding_within_wait_limit,2,0.75,0.3535533905932738,-2.4265511840436647,3.9265511840436647,0.95
low,4,2026-07-31T08:00:00+02:00,DOR,LYBE,generated_passengers,2,1.5,0.7071067811865476,-4.853102368087329,7.853102368087329,0.95
low,4,2026-07-31T08:00:00+02:00,DOR,LYBE,journey_duration_min_max,2,45.25957490559934,9.460266103037123,-39.73754374893868,130.25669356013736,0.95
low,4,2026-07-31T08:00:00+02:00,DOR,LYBE,journey_duration_min_mean,2,41.96440086746526,4.800186287928185,-1.1635618172137114,85.09236355214423,0.95
low,4,2026-07-31T08:00:00+02:00,DOR,LYBE,journey_duration_min_p95,2,44.93005750178593,8.994258121526228,-35.88014555576617,125.74026055933803,0.95
low,4,2026-07-31T08:00:00+02:00,DOR,LYBE,on_time_passengers,2,1.0,0.0,1.0,1.0,0.95
low,4,2026-07-31T08:00:00+02:00,DOR,LYBE,wait_to_boarding_min_max,2,20.126169535762408,7.24949848049899,-45.00799009797614,85.26032916950095,0.95
low,4,2026-07-31T08:00:00+02:00,DOR,LYBE,wait_to_boarding_min_mean,2,17.563084767881204,3.624749240249495,-15.00399504898807,50.130164584750474,0.95
low,4,2026-07-31T08:00:00+02:00,DOR,LYBE,wait_to_boarding_min_p95,2,19.869861058974287,6.887023556474039,-42.00759059307733,81.7473127110259,0.95
low,4,2026-07-31T08:00:00+02:00,EXPO,LYBE,boarded_passengers,2,0.5,0.7071067811865476,-5.853102368087329,6.853102368087329,0.95
low,4,2026-07-31T08:00:00+02:00,EXPO,LYBE,completed_journeys,2,0.5,0.7071067811865476,-5.853102368087329,6.853102368087329,0.95
low,4,2026-07-31T08:00:00+02:00,EXPO,LYBE,extra_after_boarding_min_max,1,0.0,,,,0.95
low,4,2026-07-31T08:00:00+02:00,EXPO,LYBE,extra_after_boarding_min_mean,1,0.0,,,,0.95
low,4,2026-07-31T08:00:00+02:00,EXPO,LYBE,extra_after_boarding_min_p95,1,0.0,,,,0.95
low,4,2026-07-31T08:00:00+02:00,EXPO,LYBE,fraction_boarding_within_wait_limit,1,1.0,,,,0.95
low,4,2026-07-31T08:00:00+02:00,EXPO,LYBE,generated_passengers,2,0.5,0.7071067811865476,-5.853102368087329,6.853102368087329,0.95
low,4,2026-07-31T08:00:00+02:00,EXPO,LYBE,journey_duration_min_max,1,35.26934070246704,,,,0.95
low,4,2026-07-31T08:00:00+02:00,EXPO,LYBE,journey_duration_min_mean,1,35.26934070246704,,,,0.95
low,4,2026-07-31T08:00:00+02:00,EXPO,LYBE,journey_duration_min_p95,1,35.26934070246704,,,,0.95
low,4,2026-07-31T08:00:00+02:00,EXPO,LYBE,on_time_passengers,2,0.5,0.7071067811865476,-5.853102368087329,6.853102368087329,0.95
low,4,2026-07-31T08:00:00+02:00,EXPO,LYBE,wait_to_boarding_min_max,1,15.0,,,,0.95
low,4,2026-07-31T08:00:00+02:00,EXPO,LYBE,wait_to_boarding_min_mean,1,15.0,,,,0.95
low,4,2026-07-31T08:00:00+02:00,EXPO,LYBE,wait_to_boarding_min_p95,1,15.0,,,,0.95
low,4,2026-07-31T08:00:00+02:00,JUG,LYBE,boarded_passengers,2,0.5,0.7071067811865476,-5.853102368087329,6.853102368087329,0.95
low,4,2026-07-31T08:00:00+02:00,JUG,LYBE,completed_journeys,2,0.5,0.7071067811865476,-5.853102368087329,6.853102368087329,0.95
low,4,2026-07-31T08:00:00+02:00,JUG,LYBE,extra_after_boarding_min_max,1,0.0,,,,0.95
low,4,2026-07-31T08:00:00+02:00,JUG,LYBE,extra_after_boarding_min_mean,1,0.0,,,,0.95
low,4,2026-07-31T08:00:00+02:00,JUG,LYBE,extra_after_boarding_min_p95,1,0.0,,,,0.95
low,4,2026-07-31T08:00:00+02:00,JUG,LYBE,fraction_boarding_within_wait_limit,1,1.0,,,,0.95
low,4,2026-07-31T08:00:00+02:00,JUG,LYBE,generated_passengers,2,0.5,0.7071067811865476,-5.853102368087329,6.853102368087329,0.95
low,4,2026-07-31T08:00:00+02:00,JUG,LYBE,journey_duration_min_max,1,38.74406976034164,,,,0.95
low,4,2026-07-31T08:00:00+02:00,JUG,LYBE,journey_duration_min_mean,1,38.74406976034164,,,,0.95
low,4,2026-07-31T08:00:00+02:00,JUG,LYBE,journey_duration_min_p95,1,38.74406976034164,,,,0.95
low,4,2026-07-31T08:00:00+02:00,JUG,LYBE,on_time_passengers,2,0.5,0.7071067811865476,-5.853102368087329,6.853102368087329,0.95
low,4,2026-07-31T08:00:00+02:00,JUG,LYBE,wait_to_boarding_min_max,1,15.0,,,,0.95
low,4,2026-07-31T08:00:00+02:00,JUG,LYBE,wait_to_boarding_min_mean,1,15.0,,,,0.95
low,4,2026-07-31T08:00:00+02:00,JUG,LYBE,wait_to_boarding_min_p95,1,15.0,,,,0.95
low,4,2026-07-31T08:00:00+02:00,LYBE,BW,boarded_passengers,2,1.5,0.7071067811865476,-4.853102368087329,7.853102368087329,0.95
low,4,2026-07-31T08:00:00+02:00,LYBE,BW,completed_journeys,2,1.5,0.7071067811865476,-4.853102368087329,7.853102368087329,0.95
low,4,2026-07-31T08:00:00+02:00,LYBE,BW,extra_after_boarding_min_max,2,0.0,0.0,0.0,0.0,0.95
low,4,2026-07-31T08:00:00+02:00,LYBE,BW,extra_after_boarding_min_mean,2,0.0,0.0,0.0,0.0,0.95
low,4,2026-07-31T08:00:00+02:00,LYBE,BW,extra_after_boarding_min_p95,2,0.0,0.0,0.0,0.0,0.95
low,4,2026-07-31T08:00:00+02:00,LYBE,BW,fraction_boarding_within_wait_limit,2,1.0,0.0,1.0,1.0,0.95
low,4,2026-07-31T08:00:00+02:00,LYBE,BW,generated_passengers,2,1.5,0.7071067811865476,-4.853102368087329,7.853102368087329,0.95
low,4,2026-07-31T08:00:00+02:00,LYBE,BW,journey_duration_min_max,2,29.113930366666622,0.0,29.113930366666622,29.113930366666622,0.95
low,4,2026-07-31T08:00:00+02:00,LYBE,BW,journey_duration_min_mean,2,27.973345752087184,1.6130302309723312,13.480844120309976,42.46584738386439,0.95
low,4,2026-07-31T08:00:00+02:00,LYBE,BW,journey_duration_min_p95,2,28.99987190520868,0.16130302309723313,27.55062174203096,30.449122068386398,0.95
low,4,2026-07-31T08:00:00+02:00,LYBE,BW,on_time_passengers,2,1.5,0.7071067811865476,-4.853102368087329,7.853102368087329,0.95
low,4,2026-07-31T08:00:00+02:00,LYBE,BW,wait_to_boarding_min_max,2,14.99999999999994,0.0,14.99999999999994,14.99999999999994,0.95
low,4,2026-07-31T08:00:00+02:00,LYBE,BW,wait_to_boarding_min_mean,2,13.859415385420501,1.6130302309723312,-0.6330862463567062,28.351917017197707,0.95
low,4,2026-07-31T08:00:00+02:00,LYBE,BW,wait_to_boarding_min_p95,2,14.885941538541996,0.16130302309723313,13.436691375364274,16.335191701719715,0.95
low,4,2026-07-31T08:00:00+02:00,LYBE,DOR,boarded_passengers,2,1.0,1.4142135623730951,-11.706204736174659,13.706204736174659,0.95
low,4,2026-07-31T08:00:00+02:00,LYBE,DOR,completed_journeys,2,1.0,1.4142135623730951,-11.706204736174659,13.706204736174659,0.95
low,4,2026-07-31T08:00:00+02:00,LYBE,DOR,extra_after_boarding_min_max,1,0.2166110825050661,,,,0.95
low,4,2026-07-31T08:00:00+02:00,LYBE,DOR,extra_after_boarding_min_mean,1,0.2166110825050661,,,,0.95
low,4,2026-07-31T08:00:00+02:00,LYBE,DOR,extra_after_boarding_min_p95,1,0.2166110825050661,,,,0.95
low,4,2026-07-31T08:00:00+02:00,LYBE,DOR,fraction_boarding_within_wait_limit,1,1.0,,,,0.95
low,4,2026-07-31T08:00:00+02:00,LYBE,DOR,generated_passengers,2,1.0,1.4142135623730951,-11.706204736174659,13.706204736174659,0.95
low,4,2026-07-31T08:00:00+02:00,LYBE,DOR,journey_duration_min_max,1,31.046614649171836,,,,0.95
low,4,2026-07-31T08:00:00+02:00,LYBE,DOR,journey_duration_min_mean,1,30.35245435265712,,,,0.95
low,4,2026-07-31T08:00:00+02:00,LYBE,DOR,journey_duration_min_p95,1,30.977198619520365,,,,0.95
low,4,2026-07-31T08:00:00+02:00,LYBE,DOR,on_time_passengers,2,1.0,1.4142135623730951,-11.706204736174659,13.706204736174659,0.95
low,4,2026-07-31T08:00:00+02:00,LYBE,DOR,wait_to_boarding_min_max,1,15.00000000000006,,,,0.95
low,4,2026-07-31T08:00:00+02:00,LYBE,DOR,wait_to_boarding_min_mean,1,14.305839703485344,,,,0.95
low,4,2026-07-31T08:00:00+02:00,LYBE,DOR,wait_to_boarding_min_p95,1,14.93058397034859,,,,0.95
low,4,2026-07-31T08:00:00+02:00,LYBE,JUG,boarded_passengers,2,0.5,0.7071067811865476,-5.853102368087329,6.853102368087329,0.95
low,4,2026-07-31T08:00:00+02:00,LYBE,JUG,completed_journeys,2,0.5,0.7071067811865476,-5.853102368087329,6.853102368087329,0.95
low,4,2026-07-31T08:00:00+02:00,LYBE,JUG,extra_after_boarding_min_max,1,0.5987978699971185,,,,0.95
low,4,2026-07-31T08:00:00+02:00,LYBE,JUG,extra_after_boarding_min_mean,1,0.5987978699971185,,,,0.95
low,4,2026-07-31T08:00:00+02:00,LYBE,JUG,extra_after_boarding_min_p95,1,0.5987978699971185,,,,0.95
low,4,2026-07-31T08:00:00+02:00,LYBE,JUG,fraction_boarding_within_wait_limit,1,1.0,,,,0.95
low,4,2026-07-31T08:00:00+02:00,LYBE,JUG,generated_passengers,2,0.5,0.7071067811865476,-5.853102368087329,6.853102368087329,0.95
low,4,2026-07-31T08:00:00+02:00,LYBE,JUG,journey_duration_min_max,1,28.91216973666378,,,,0.95
low,4,2026-07-31T08:00:00+02:00,LYBE,JUG,journey_duration_min_mean,1,28.91216973666378,,,,0.95
low,4,2026-07-31T08:00:00+02:00,LYBE,JUG,journey_duration_min_p95,1,28.91216973666378,,,,0.95
low,4,2026-07-31T08:00:00+02:00,LYBE,JUG,on_time_passengers,2,0.5,0.7071067811865476,-5.853102368087329,6.853102368087329,0.95
low,4,2026-07-31T08:00:00+02:00,LYBE,JUG,wait_to_boarding_min_max,1,15.0,,,,0.95
low,4,2026-07-31T08:00:00+02:00,LYBE,JUG,wait_to_boarding_min_mean,1,15.0,,,,0.95
low,4,2026-07-31T08:00:00+02:00,LYBE,JUG,wait_to_boarding_min_p95,1,15.0,,,,0.95
low,4,2026-07-31T08:00:00+02:00,LYBE,LYBV,boarded_passengers,2,1.5,0.7071067811865476,-4.853102368087329,7.853102368087329,0.95
low,4,2026-07-31T08:00:00+02:00,LYBE,LYBV,completed_journeys,2,1.5,0.7071067811865476,-4.853102368087329,7.853102368087329,0.95
low,4,2026-07-31T08:00:00+02:00,LYBE,LYBV,extra_after_boarding_min_max,2,0.9564859264995903,1.352675369474716,-11.196820082873911,13.109791935873092,0.95
low,4,2026-07-31T08:00:00+02:00,LYBE,LYBV,extra_after_boarding_min_mean,2,0.9564859264995903,1.352675369474716,-11.196820082873911,13.109791935873092,0.95
low,4,2026-07-31T08:00:00+02:00,LYBE,LYBV,extra_after_boarding_min_p95,2,0.9564859264995903,1.352675369474716,-11.196820082873911,13.109791935873092,0.95
low,4,2026-07-31T08:00:00+02:00,LYBE,LYBV,fraction_boarding_within_wait_limit,2,1.0,0.0,1.0,1.0,0.95
low,4,2026-07-31T08:00:00+02:00,LYBE,LYBV,generated_passengers,2,1.5,0.7071067811865476,-4.853102368087329,7.853102368087329,0.95
low,4,2026-07-31T08:00:00+02:00,LYBE,LYBV,journey_duration_min_max,2,30.75562239316629,0.3090255663136713,27.979137837534562,33.53210694879802,0.95
low,4,2026-07-31T08:00:00+02:00,LYBE,LYBV,journey_duration_min_mean,2,30.509661719257643,0.03881535453837027,30.16091959515855,30.858403843356736,0.95
low,4,2026-07-31T08:00:00+02:00,LYBE,LYBV,journey_duration_min_p95,2,30.731026325775428,0.2742414742284671,28.267064438116783,33.19498821343407,0.95
low,4,2026-07-31T08:00:00+02:00,LYBE,LYBV,on_time_passengers,2,1.5,0.7071067811865476,-4.853102368087329,7.853102368087329,0.95
low,4,2026-07-31T08:00:00+02:00,LYBE,LYBV,wait_to_boarding_min_max,2,15.0,0.0,15.0,15.0,0.95
low,4,2026-07-31T08:00:00+02:00,LYBE,LYBV,wait_to_boarding_min_mean,2,14.754039326091348,0.34784092085204155,11.628812646360526,17.87926600582217,0.95
low,4,2026-07-31T08:00:00+02:00,LYBE,LYBV,wait_to_boarding_min_p95,2,14.975403932609135,0.03478409208520415,14.662881264636052,15.287926600582217,0.95
low,4,2026-07-31T08:00:00+02:00,LYBV,LYBE,boarded_passengers,2,2.0,2.8284271247461903,-23.412409472349317,27.412409472349317,0.95
low,4,2026-07-31T08:00:00+02:00,LYBV,LYBE,completed_journeys,2,2.0,2.8284271247461903,-23.412409472349317,27.412409472349317,0.95
low,4,2026-07-31T08:00:00+02:00,LYBV,LYBE,extra_after_boarding_min_max,1,0.0,,,,0.95
low,4,2026-07-31T08:00:00+02:00,LYBV,LYBE,extra_after_boarding_min_mean,1,0.0,,,,0.95
low,4,2026-07-31T08:00:00+02:00,LYBV,LYBE,extra_after_boarding_min_p95,1,0.0,,,,0.95
low,4,2026-07-31T08:00:00+02:00,LYBV,LYBE,fraction_boarding_within_wait_limit,1,0.75,,,,0.95
low,4,2026-07-31T08:00:00+02:00,LYBV,LYBE,generated_passengers,2,2.0,2.8284271247461903,-23.412409472349317,27.412409472349317,0.95
low,4,2026-07-31T08:00:00+02:00,LYBV,LYBE,journey_duration_min_max,1,54.832595307275675,,,,0.95
low,4,2026-07-31T08:00:00+02:00,LYBV,LYBE,journey_duration_min_mean,1,41.98500224663867,,,,0.95
low,4,2026-07-31T08:00:00+02:00,LYBV,LYBE,journey_duration_min_p95,1,52.67555617062599,,,,0.95
low,4,2026-07-31T08:00:00+02:00,LYBV,LYBE,on_time_passengers,2,1.5,2.1213203435596424,-17.559307104261986,20.559307104261986,0.95
low,4,2026-07-31T08:00:00+02:00,LYBV,LYBE,wait_to_boarding_min_max,1,31.048294333788725,,,,0.95
low,4,2026-07-31T08:00:00+02:00,LYBV,LYBE,wait_to_boarding_min_mean,1,17.214062752507683,,,,0.95
low,4,2026-07-31T08:00:00+02:00,LYBV,LYBE,wait_to_boarding_min_p95,1,28.64105018372041,,,,0.95
low,4,2026-07-31T09:00:00+02:00,BW,LYBE,boarded_passengers,2,4.0,1.4142135623730951,-8.706204736174659,16.70620473617466,0.95
low,4,2026-07-31T09:00:00+02:00,BW,LYBE,completed_journeys,2,4.0,1.4142135623730951,-8.706204736174659,16.70620473617466,0.95
low,4,2026-07-31T09:00:00+02:00,BW,LYBE,extra_after_boarding_min_max,2,0.0,0.0,0.0,0.0,0.95
low,4,2026-07-31T09:00:00+02:00,BW,LYBE,extra_after_boarding_min_mean,2,0.0,0.0,0.0,0.0,0.95
low,4,2026-07-31T09:00:00+02:00,BW,LYBE,extra_after_boarding_min_p95,2,0.0,0.0,0.0,0.0,0.95
low,4,2026-07-31T09:00:00+02:00,BW,LYBE,fraction_boarding_within_wait_limit,2,0.5666666666666667,0.32998316455372223,-2.3981144384407544,3.5314477717740873,0.95
low,4,2026-07-31T09:00:00+02:00,BW,LYBE,generated_passengers,2,4.0,1.4142135623730951,-8.706204736174659,16.70620473617466,0.95
low,4,2026-07-31T09:00:00+02:00,BW,LYBE,journey_duration_min_max,2,49.830154196054295,4.324345518250545,10.977451204966037,88.68285718714256,0.95
low,4,2026-07-31T09:00:00+02:00,BW,LYBE,journey_duration_min_mean,2,40.70438283427343,1.6550045175524843,25.834757200059602,55.574008468487264,0.95
low,4,2026-07-31T09:00:00+02:00,BW,LYBE,journey_duration_min_p95,2,48.7316676744755,4.361847052511483,9.542026766146115,87.9213085828049,0.95
low,4,2026-07-31T09:00:00+02:00,BW,LYBE,on_time_passengers,2,2.5,2.1213203435596424,-16.559307104261986,21.559307104261986,0.95
low,4,2026-07-31T09:00:00+02:00,BW,LYBE,wait_to_boarding_min_max,2,22.837584393693945,5.347680899918153,-25.209422215456847,70.88459100284473,0.95
low,4,2026-07-31T09:00:00+02:00,BW,LYBE,wait_to_boarding_min_mean,2,14.265537394671949,1.3616817319305292,2.031312429112136,26.499762360231763,0.95
low,4,2026-07-31T09:00:00+02:00,BW,LYBE,wait_to_boarding_min_p95,2,21.882385956882864,5.144093764999851,-24.335462817306713,68.10023473107245,0.95
low,4,2026-07-31T09:00:00+02:00,DOR,LYBE,boarded_passengers,2,2.0,1.4142135623730951,-10.706204736174659,14.706204736174659,0.95
low,4,2026-07-31T09:00:00+02:00,DOR,LYBE,completed_journeys,2,2.0,1.4142135623730951,-10.706204736174659,14.706204736174659,0.95
low,4,2026-07-31T09:00:00+02:00,DOR,LYBE,extra_after_boarding_min_max,2,0.0,0.0,0.0,0.0,0.95
low,4,2026-07-31T09:00:00+02:00,DOR,LYBE,extra_after_boarding_min_mean,2,0.0,0.0,0.0,0.0,0.95
low,4,2026-07-31T09:00:00+02:00,DOR,LYBE,extra_after_boarding_min_p95,2,0.0,0.0,0.0,0.0,0.95
low,4,2026-07-31T09:00:00+02:00,DOR,LYBE,fraction_boarding_within_wait_limit,2,0.6666666666666666,0.4714045207910317,-3.568734912058219,4.902068245391552,0.95
low,4,2026-07-31T09:00:00+02:00,DOR,LYBE,generated_passengers,2,2.0,1.4142135623730951,-10.706204736174659,14.706204736174659,0.95
low,4,2026-07-31T09:00:00+02:00,DOR,LYBE,journey_duration_min_max,2,47.656054511591904,9.449621144392205,-37.24542298410765,132.55753200729146,0.95
low,4,2026-07-31T09:00:00+02:00,DOR,LYBE,journey_duration_min_mean,2,44.803031848399,5.414837800347001,-3.847355571825311,93.45341926862332,0.95
low,4,2026-07-31T09:00:00+02:00,DOR,LYBE,journey_duration_min_p95,2,47.44855570276666,9.15617351477529,-34.81639944548704,129.71351085102037,0.95
low,4,2026-07-31T09:00:00+02:00,DOR,LYBE,on_time_passengers,2,1.0,0.0,1.0,1.0,0.95
low,4,2026-07-31T09:00:00+02:00,DOR,LYBE,wait_to_boarding_min_max,2,21.652070238541697,9.4074479492041,-62.87049613178333,106.17463660886672,0.95
low,4,2026-07-31T09:00:00+02:00,DOR,LYBE,wait_to_boarding_min_mean,2,18.8198741230762,5.402117791412396,-29.716228551145637,67.35597679729804,0.95
low,4,2026-07-31T09:00:00+02:00,DOR,LYBE,wait_to_boarding_min_p95,2,21.467618427756218,9.146593696786997,-60.71126547077033,103.64650232628277,0.95
low,4,2026-07-31T09:00:00+02:00,EXPO,LYBE,boarded_passengers,2,0.5,0.7071067811865476,-5.853102368087329,6.853102368087329,0.95
low,4,2026-07-31T09:00:00+02:00,EXPO,LYBE,completed_journeys,2,0.5,0.7071067811865476,-5.853102368087329,6.853102368087329,0.95
low,4,2026-07-31T09:00:00+02:00,EXPO,LYBE,extra_after_boarding_min_max,1,0.0,,,,0.95
low,4,2026-07-31T09:00:00+02:00,EXPO,LYBE,extra_after_boarding_min_mean,1,0.0,,,,0.95
low,4,2026-07-31T09:00:00+02:00,EXPO,LYBE,extra_after_boarding_min_p95,1,0.0,,,,0.95
low,4,2026-07-31T09:00:00+02:00,EXPO,LYBE,fraction_boarding_within_wait_limit,1,1.0,,,,0.95
low,4,2026-07-31T09:00:00+02:00,EXPO,LYBE,generated_passengers,2,0.5,0.7071067811865476,-5.853102368087329,6.853102368087329,0.95
low,4,2026-07-31T09:00:00+02:00,EXPO,LYBE,journey_duration_min_max,1,35.414769581273625,,,,0.95
low,4,2026-07-31T09:00:00+02:00,EXPO,LYBE,journey_duration_min_mean,1,35.414769581273625,,,,0.95
low,4,2026-07-31T09:00:00+02:00,EXPO,LYBE,journey_duration_min_p95,1,35.414769581273625,,,,0.95
low,4,2026-07-31T09:00:00+02:00,EXPO,LYBE,on_time_passengers,2,0.5,0.7071067811865476,-5.853102368087329,6.853102368087329,0.95
low,4,2026-07-31T09:00:00+02:00,EXPO,LYBE,wait_to_boarding_min_max,1,15.0,,,,0.95
low,4,2026-07-31T09:00:00+02:00,EXPO,LYBE,wait_to_boarding_min_mean,1,15.0,,,,0.95
low,4,2026-07-31T09:00:00+02:00,EXPO,LYBE,wait_to_boarding_min_p95,1,15.0,,,,0.95
low,4,2026-07-31T09:00:00+02:00,LYBE,BW,boarded_passengers,2,2.5,0.7071067811865476,-3.8531023680873293,8.85310236808733,0.95
low,4,2026-07-31T09:00:00+02:00,LYBE,BW,completed_journeys,2,2.5,0.7071067811865476,-3.8531023680873293,8.85310236808733,0.95
low,4,2026-07-31T09:00:00+02:00,LYBE,BW,extra_after_boarding_min_max,2,0.6500756900767253,0.9193458574755538,-7.60991912204817,8.910070502201622,0.95
low,4,2026-07-31T09:00:00+02:00,LYBE,BW,extra_after_boarding_min_mean,2,0.32503784503836264,0.4596729287377769,-3.804959561024085,4.455035251100811,0.95
low,4,2026-07-31T09:00:00+02:00,LYBE,BW,extra_after_boarding_min_p95,2,0.617571905572889,0.873378564601776,-7.229423165945761,8.46456697709154,0.95
low,4,2026-07-31T09:00:00+02:00,LYBE,BW,fraction_boarding_within_wait_limit,2,0.6666666666666666,0.4714045207910317,-3.568734912058219,4.902068245391552,0.95
low,4,2026-07-31T09:00:00+02:00,LYBE,BW,generated_passengers,2,2.5,0.7071067811865476,-3.8531023680873293,8.85310236808733,0.95
low,4,2026-07-31T09:00:00+02:00,LYBE,BW,journey_duration_min_max,2,31.050333645533648,4.223197935823057,-6.893594373310563,68.99426166437786,0.95
low,4,2026-07-31T09:00:00+02:00,LYBE,BW,journey_duration_min_mean,2,26.813292650758537,1.3740629229859718,14.467827097062825,39.15875820445425,0.95
low,4,2026-07-31T09:00:00+02:00,LYBE,BW,journey_duration_min_p95,2,30.835600600541888,4.233814133936505,-7.203710174017743,68.87491137510152,0.95
low,4,2026-07-31T09:00:00+02:00,LYBE,BW,on_time_passengers,2,1.5,0.7071067811865476,-4.853102368087329,7.853102368087329,0.95
low,4,2026-07-31T09:00:00+02:00,LYBE,BW,wait_to_boarding_min_max,2,16.28632758879024,1.8191419217218385,-0.05801411216842922,32.63066928974891,0.95
low,4,2026-07-31T09:00:00+02:00,LYBE,BW,wait_to_boarding_min_mean,2,11.786824439053493,0.6588155519588325,5.867601551303811,17.706047326803176,0.95
low,4,2026-07-31T09:00:00+02:00,LYBE,BW,wait_to_boarding_min_p95,2,16.045348328302317,1.866875873750929,-0.7278659160157908,32.81856257262042,0.95
low,4,2026-07-31T09:00:00+02:00,LYBE,DOR,boarded_passengers,2,1.0,1.4142135623730951,-11.706204736174659,13.706204736174659,0.95
low,4,2026-07-31T09:00:00+02:00,LYBE,DOR,completed_journeys,2,1.0,1.4142135623730951,-11.706204736174659,13.706204736174659,0.95
low,4,2026-07-31T09:00:00+02:00,LYBE,DOR,extra_after_boarding_min_max,1,0.17272076188067634,,,,0.95
low,4,2026-07-31T09:00:00+02:00,LYBE,DOR,extra_after_boarding_min_mean,1,0.08636038094033817,,,,0.95
low,4,2026-07-31T09:00:00+02:00,LYBE,DOR,extra_after_boarding_min_p95,1,0.16408472378664252,,,,0.95
low,4,2026-07-31T09:00:00+02:00,LYBE,DOR,fraction_boarding_within_wait_limit,1,1.0,,,,0.95
low,4,2026-07-31T09:00:00+02:00,LYBE,DOR,generated_passengers,2,1.0,1.4142135623730951,-11.706204736174659,13.706204736174659,0.95
low,4,2026-07-31T09:00:00+02:00,LYBE,DOR,journey_duration_min_max,1,28.652724328547386,,,,0.95
low,4,2026-07-31T09:00:00+02:00,LYBE,DOR,journey_duration_min_mean,1,28.566363947607048,,,,0.95
low,4,2026-07-31T09:00:00+02:00,LYBE,DOR,journey_duration_min_p95,1,28.64408829045335,,,,0.95
low,4,2026-07-31T09:00:00+02:00,LYBE,DOR,on_time_passengers,2,1.0,1.4142135623730951,-11.706204736174659,13.706204736174659,0.95
low,4,2026-07-31T09:00:00+02:00,LYBE,DOR,wait_to_boarding_min_max,1,15.0,,,,0.95
low,4,2026-07-31T09:00:00+02:00,LYBE,DOR,wait_to_boarding_min_mean,1,15.0,,,,0.95
low,4,2026-07-31T09:00:00+02:00,LYBE,DOR,wait_to_boarding_min_p95,1,15.0,,,,0.95
low,4,2026-07-31T09:00:00+02:00,LYBE,LYBV,boarded_passengers,2,0.5,0.7071067811865476,-5.853102368087329,6.853102368087329,0.95
low,4,2026-07-31T09:00:00+02:00,LYBE,LYBV,completed_journeys,2,0.5,0.7071067811865476,-5.853102368087329,6.853102368087329,0.95
low,4,2026-07-31T09:00:00+02:00,LYBE,LYBV,extra_after_boarding_min_max,1,0.0,,,,0.95
low,4,2026-07-31T09:00:00+02:00,LYBE,LYBV,extra_after_boarding_min_mean,1,0.0,,,,0.95
low,4,2026-07-31T09:00:00+02:00,LYBE,LYBV,extra_after_boarding_min_p95,1,0.0,,,,0.95
low,4,2026-07-31T09:00:00+02:00,LYBE,LYBV,fraction_boarding_within_wait_limit,1,1.0,,,,0.95
low,4,2026-07-31T09:00:00+02:00,LYBE,LYBV,generated_passengers,2,0.5,0.7071067811865476,-5.853102368087329,6.853102368087329,0.95
low,4,2026-07-31T09:00:00+02:00,LYBE,LYBV,journey_duration_min_max,1,28.6241364666667,,,,0.95
low,4,2026-07-31T09:00:00+02:00,LYBE,LYBV,journey_duration_min_mean,1,28.6241364666667,,,,0.95
low,4,2026-07-31T09:00:00+02:00,LYBE,LYBV,journey_duration_min_p95,1,28.6241364666667,,,,0.95
low,4,2026-07-31T09:00:00+02:00,LYBE,LYBV,on_time_passengers,2,0.5,0.7071067811865476,-5.853102368087329,6.853102368087329,0.95
low,4,2026-07-31T09:00:00+02:00,LYBE,LYBV,wait_to_boarding_min_max,1,15.0,,,,0.95
low,4,2026-07-31T09:00:00+02:00,LYBE,LYBV,wait_to_boarding_min_mean,1,15.0,,,,0.95
low,4,2026-07-31T09:00:00+02:00,LYBE,LYBV,wait_to_boarding_min_p95,1,15.0,,,,0.95
low,4,2026-07-31T09:00:00+02:00,LYBV,LYBE,boarded_passengers,2,0.5,0.7071067811865476,-5.853102368087329,6.853102368087329,0.95
low,4,2026-07-31T09:00:00+02:00,LYBV,LYBE,completed_journeys,2,0.5,0.7071067811865476,-5.853102368087329,6.853102368087329,0.95
low,4,2026-07-31T09:00:00+02:00,LYBV,LYBE,extra_after_boarding_min_max,1,0.0,,,,0.95
low,4,2026-07-31T09:00:00+02:00,LYBV,LYBE,extra_after_boarding_min_mean,1,0.0,,,,0.95
low,4,2026-07-31T09:00:00+02:00,LYBV,LYBE,extra_after_boarding_min_p95,1,0.0,,,,0.95
low,4,2026-07-31T09:00:00+02:00,LYBV,LYBE,fraction_boarding_within_wait_limit,1,1.0,,,,0.95
low,4,2026-07-31T09:00:00+02:00,LYBV,LYBE,generated_passengers,2,0.5,0.7071067811865476,-5.853102368087329,6.853102368087329,0.95
low,4,2026-07-31T09:00:00+02:00,LYBV,LYBE,journey_duration_min_max,1,38.70887648563342,,,,0.95
low,4,2026-07-31T09:00:00+02:00,LYBV,LYBE,journey_duration_min_mean,1,38.70887648563342,,,,0.95
low,4,2026-07-31T09:00:00+02:00,LYBV,LYBE,journey_duration_min_p95,1,38.70887648563342,,,,0.95
low,4,2026-07-31T09:00:00+02:00,LYBV,LYBE,on_time_passengers,2,0.5,0.7071067811865476,-5.853102368087329,6.853102368087329,0.95
low,4,2026-07-31T09:00:00+02:00,LYBV,LYBE,wait_to_boarding_min_max,1,15.0,,,,0.95
low,4,2026-07-31T09:00:00+02:00,LYBV,LYBE,wait_to_boarding_min_mean,1,15.0,,,,0.95
low,4,2026-07-31T09:00:00+02:00,LYBV,LYBE,wait_to_boarding_min_p95,1,15.0,,,,0.95
low,4,2026-07-31T10:00:00+02:00,BW,LYBE,boarded_passengers,2,2.5,0.7071067811865476,-3.8531023680873293,8.85310236808733,0.95
low,4,2026-07-31T10:00:00+02:00,BW,LYBE,completed_journeys,2,2.5,0.7071067811865476,-3.8531023680873293,8.85310236808733,0.95
low,4,2026-07-31T10:00:00+02:00,BW,LYBE,extra_after_boarding_min_max,2,1.061975306337384,1.5018598811276507,-12.431700360747216,14.555650973421985,0.95
low,4,2026-07-31T10:00:00+02:00,BW,LYBE,extra_after_boarding_min_mean,2,0.530987653168692,0.7509299405638253,-6.215850180373608,7.277825486710992,0.95
low,4,2026-07-31T10:00:00+02:00,BW,LYBE,extra_after_boarding_min_p95,2,1.0088765410205147,1.426766887071268,-11.810115342709855,13.827868424750884,0.95
low,4,2026-07-31T10:00:00+02:00,BW,LYBE,fraction_boarding_within_wait_limit,2,0.75,0.3535533905932738,-2.4265511840436647,3.9265511840436647,0.95
low,4,2026-07-31T10:00:00+02:00,BW,LYBE,generated_passengers,2,2.5,0.7071067811865476,-3.8531023680873293,8.85310236808733,0.95
low,4,2026-07-31T10:00:00+02:00,BW,LYBE,journey_duration_min_max,2,82.33377106875129,58.22937548961792,-440.83641080190137,605.5039529394039,0.95
low,4,2026-07-31T10:00:00+02:00,BW,LYBE,journey_duration_min_mean,2,58.44291539602288,30.07579871537299,-211.77741500460587,328.66324579665167,0.95
low,4,2026-07-31T10:00:00+02:00,BW,LYBE,journey_duration_min_p95,2,80.13956141821188,55.1384216477691,-415.2595020092735,575.5386248456973,0.95
low,4,2026-07-31T10:00:00+02:00,BW,LYBE,on_time_passengers,2,2.0,1.4142135623730951,-10.706204736174659,14.706204736174659,0.95
low,4,2026-07-31T10:00:00+02:00,BW,LYBE,wait_to_boarding_min_max,2,55.61399058588365,57.43685630864986,-460.4356889514241,571.6636701231914,0.95
low,4,2026-07-31T10:00:00+02:00,BW,LYBE,wait_to_boarding_min_mean,2,32.9185807107862,32.09615644897909,-255.4539437336021,321.29110515517453,0.95
low,4,2026-07-31T10:00:00+02:00,BW,LYBE,wait_to_boarding_min_p95,2,53.51208651332145,54.665711924009585,-437.6398485520303,544.6640215786732,0.95
low,4,2026-07-31T10:00:00+02:00,DOR,LYBE,boarded_passengers,2,2.0,0.0,2.0,2.0,0.95
low,4,2026-07-31T10:00:00+02:00,DOR,LYBE,completed_journeys,2,2.0,0.0,2.0,2.0,0.95
low,4,2026-07-31T10:00:00+02:00,DOR,LYBE,extra_after_boarding_min_max,2,1.4136588274691044,1.9992154863752547,-16.548579661453942,19.375897316392148,0.95
low,4,2026-07-31T10:00:00+02:00,DOR,LYBE,extra_after_boarding_min_mean,2,0.7068294137345522,0.9996077431876274,-8.274289830726971,9.687948658196074,0.95
low,4,2026-07-31T10:00:00+02:00,DOR,LYBE,extra_after_boarding_min_p95,2,1.342975886095649,1.8992547120564918,-15.721150678381244,18.40710245057254,0.95
low,4,2026-07-31T10:00:00+02:00,DOR,LYBE,fraction_boarding_within_wait_limit,2,0.75,0.3535533905932738,-2.4265511840436647,3.9265511840436647,0.95
low,4,2026-07-31T10:00:00+02:00,DOR,LYBE,generated_passengers,2,2.0,0.0,2.0,2.0,0.95
low,4,2026-07-31T10:00:00+02:00,DOR,LYBE,journey_duration_min_max,2,66.81678614717676,39.78152332992381,-290.6060201358589,424.2395924302124,0.95
low,4,2026-07-31T10:00:00+02:00,DOR,LYBE,journey_duration_min_mean,2,49.14211911734668,18.85987019281438,-120.30709162665033,218.5913298613437,0.95
low,4,2026-07-31T10:00:00+02:00,DOR,LYBE,journey_duration_min_p95,2,65.04931944419374,37.68935801621287,-273.57612728493814,403.67476617332557,0.95
low,4,2026-07-31T10:00:00+02:00,DOR,LYBE,on_time_passengers,2,1.5,0.7071067811865476,-4.853102368087329,7.853102368087329,0.95
low,4,2026-07-31T10:00:00+02:00,DOR,LYBE,wait_to_boarding_min_max,2,41.28910241283993,37.17840517485349,-292.7456151749674,375.3238200006473,0.95
low,4,2026-07-31T10:00:00+02:00,DOR,LYBE,wait_to_boarding_min_mean,2,23.419621947949327,17.585594581062235,-134.58067666281397,181.41992055871265,0.95
low,4,2026-07-31T10:00:00+02:00,DOR,LYBE,wait_to_boarding_min_p95,2,39.502154366350865,35.21912411547436,-276.92912132375204,355.93343005645374,0.95
low,4,2026-07-31T10:00:00+02:00,EXPO,LYBE,boarded_passengers,2,0.5,0.7071067811865476,-5.853102368087329,6.853102368087329,0.95
low,4,2026-07-31T10:00:00+02:00,EXPO,LYBE,completed_journeys,2,0.5,0.7071067811865476,-5.853102368087329,6.853102368087329,0.95
low,4,2026-07-31T10:00:00+02:00,EXPO,LYBE,extra_after_boarding_min_max,1,0.8077037846952104,,,,0.95
low,4,2026-07-31T10:00:00+02:00,EXPO,LYBE,extra_after_boarding_min_mean,1,0.8077037846952104,,,,0.95
low,4,2026-07-31T10:00:00+02:00,EXPO,LYBE,extra_after_boarding_min_p95,1,0.8077037846952104,,,,0.95
low,4,2026-07-31T10:00:00+02:00,EXPO,LYBE,fraction_boarding_within_wait_limit,1,1.0,,,,0.95
low,4,2026-07-31T10:00:00+02:00,EXPO,LYBE,generated_passengers,2,0.5,0.7071067811865476,-5.853102368087329,6.853102368087329,0.95
low,4,2026-07-31T10:00:00+02:00,EXPO,LYBE,journey_duration_min_max,1,38.26363624832411,,,,0.95
low,4,2026-07-31T10:00:00+02:00,EXPO,LYBE,journey_duration_min_mean,1,38.26363624832411,,,,0.95
low,4,2026-07-31T10:00:00+02:00,EXPO,LYBE,journey_duration_min_p95,1,38.26363624832411,,,,0.95
low,4,2026-07-31T10:00:00+02:00,EXPO,LYBE,on_time_passengers,2,0.5,0.7071067811865476,-5.853102368087329,6.853102368087329,0.95
low,4,2026-07-31T10:00:00+02:00,EXPO,LYBE,wait_to_boarding_min_max,1,15.0,,,,0.95
low,4,2026-07-31T10:00:00+02:00,EXPO,LYBE,wait_to_boarding_min_mean,1,15.0,,,,0.95
low,4,2026-07-31T10:00:00+02:00,EXPO,LYBE,wait_to_boarding_min_p95,1,15.0,,,,0.95
low,4,2026-07-31T10:00:00+02:00,JUG,LYBE,boarded_passengers,2,2.0,1.4142135623730951,-10.706204736174659,14.706204736174659,0.95
low,4,2026-07-31T10:00:00+02:00,JUG,LYBE,completed_journeys,2,2.0,1.4142135623730951,-10.706204736174659,14.706204736174659,0.95
low,4,2026-07-31T10:00:00+02:00,JUG,LYBE,extra_after_boarding_min_max,2,0.0,0.0,0.0,0.0,0.95
low,4,2026-07-31T10:00:00+02:00,JUG,LYBE,extra_after_boarding_min_mean,2,0.0,0.0,0.0,0.0,0.95
low,4,2026-07-31T10:00:00+02:00,JUG,LYBE,extra_after_boarding_min_p95,2,0.0,0.0,0.0,0.0,0.95
low,4,2026-07-31T10:00:00+02:00,JUG,LYBE,fraction_boarding_within_wait_limit,2,0.8333333333333333,0.23570226039551587,-1.2843674560291098,2.951034122695776,0.95
low,4,2026-07-31T10:00:00+02:00,JUG,LYBE,generated_passengers,2,2.0,1.4142135623730951,-10.706204736174659,14.706204736174659,0.95
low,4,2026-07-31T10:00:00+02:00,JUG,LYBE,journey_duration_min_max,2,43.3457325407082,6.795424416921857,-17.708733494620553,104.40019857603696,0.95
low,4,2026-07-31T10:00:00+02:00,JUG,LYBE,journey_duration_min_mean,2,40.17865484186218,2.31650018212446,19.365726463443714,60.99158322028065,0.95
low,4,2026-07-31T10:00:00+02:00,JUG,LYBE,journey_duration_min_p95,2,42.89814464989471,6.162439551379459,-12.469178007325318,98.26546730711473,0.95
low,4,2026-07-31T10:00:00+02:00,JUG,LYBE,on_time_passengers,2,1.5,0.7071067811865476,-4.853102368087329,7.853102368087329,0.95
low,4,2026-07-31T10:00:00+02:00,JUG,LYBE,wait_to_boarding_min_max,2,17.595389749191234,3.6704353829503518,-15.382163774201608,50.57294327258408,0.95
low,4,2026-07-31T10:00:00+02:00,JUG,LYBE,wait_to_boarding_min_mean,2,14.312097047812657,0.9728416845798318,5.571461298701305,23.05273279692401,0.95
low,4,2026-07-31T10:00:00+02:00,JUG,LYBE,wait_to_boarding_min_p95,2,17.1283359723543,3.009921597389982,-9.914736639744824,44.171408584453424,0.95
low,4,2026-07-31T10:00:00+02:00,LYBE,BW,boarded_passengers,2,2.0,0.0,2.0,2.0,0.95
low,4,2026-07-31T10:00:00+02:00,LYBE,BW,completed_journeys,2,2.0,0.0,2.0,2.0,0.95
low,4,2026-07-31T10:00:00+02:00,LYBE,BW,extra_after_boarding_min_max,2,0.0,0.0,0.0,0.0,0.95
low,4,2026-07-31T10:00:00+02:00,LYBE,BW,extra_after_boarding_min_mean,2,0.0,0.0,0.0,0.0,0.95
low,4,2026-07-31T10:00:00+02:00,LYBE,BW,extra_after_boarding_min_p95,2,0.0,0.0,0.0,0.0,0.95
low,4,2026-07-31T10:00:00+02:00,LYBE,BW,fraction_boarding_within_wait_limit,2,0.5,0.7071067811865476,-5.853102368087329,6.853102368087329,0.95
low,4,2026-07-31T10:00:00+02:00,LYBE,BW,generated_passengers,2,2.0,0.0,2.0,2.0,0.95
low,4,2026-07-31T10:00:00+02:00,LYBE,BW,journey_duration_min_max,2,32.828204684187035,2.2080080387759833,12.990039539787439,52.66636982858663,0.95
low,4,2026-07-31T10:00:00+02:00,LYBE,BW,journey_duration_min_mean,2,31.336438026624727,2.3517224229305316,10.207050370162136,52.46582568308732,0.95
low,4,2026-07-31T10:00:00+02:00,LYBE,BW,journey_duration_min_p95,2,32.679028018430806,2.2223794771914394,12.711740622824902,52.64631541403671,0.95
low,4,2026-07-31T10:00:00+02:00,LYBE,BW,on_time_passengers,2,1.0,1.4142135623730951,-11.706204736174659,13.706204736174659,0.95
low,4,2026-07-31T10:00:00+02:00,LYBE,BW,wait_to_boarding_min_max,2,16.36427431752036,5.531409910352758,-33.333471956889696,66.0620205919304,0.95
low,4,2026-07-31T10:00:00+02:00,LYBE,BW,wait_to_boarding_min_mean,2,14.872507659958044,5.675124294507307,-36.116461126515006,65.8614764464311,0.95
low,4,2026-07-31T10:00:00+02:00,LYBE,BW,wait_to_boarding_min_p95,2,16.215097651764125,5.545781348768213,-33.61177087385223,66.04196617738049,0.95
low,4,2026-07-31T10:00:00+02:00,LYBE,DOR,boarded_passengers,2,0.5,0.7071067811865476,-5.853102368087329,6.853102368087329,0.95
low,4,2026-07-31T10:00:00+02:00,LYBE,DOR,completed_journeys,2,0.5,0.7071067811865476,-5.853102368087329,6.853102368087329,0.95
low,4,2026-07-31T10:00:00+02:00,LYBE,DOR,extra_after_boarding_min_max,1,0.0,,,,0.95
low,4,2026-07-31T10:00:00+02:00,LYBE,DOR,extra_after_boarding_min_mean,1,0.0,,,,0.95
low,4,2026-07-31T10:00:00+02:00,LYBE,DOR,extra_after_boarding_min_p95,1,0.0,,,,0.95
low,4,2026-07-31T10:00:00+02:00,LYBE,DOR,fraction_boarding_within_wait_limit,1,1.0,,,,0.95
low,4,2026-07-31T10:00:00+02:00,LYBE,DOR,generated_passengers,2,0.5,0.7071067811865476,-5.853102368087329,6.853102368087329,0.95
low,4,2026-07-31T10:00:00+02:00,LYBE,DOR,journey_duration_min_max,1,28.48000356666671,,,,0.95
low,4,2026-07-31T10:00:00+02:00,LYBE,DOR,journey_duration_min_mean,1,28.48000356666671,,,,0.95
low,4,2026-07-31T10:00:00+02:00,LYBE,DOR,journey_duration_min_p95,1,28.48000356666671,,,,0.95
low,4,2026-07-31T10:00:00+02:00,LYBE,DOR,on_time_passengers,2,0.5,0.7071067811865476,-5.853102368087329,6.853102368087329,0.95
low,4,2026-07-31T10:00:00+02:00,LYBE,DOR,wait_to_boarding_min_max,1,15.0,,,,0.95
low,4,2026-07-31T10:00:00+02:00,LYBE,DOR,wait_to_boarding_min_mean,1,15.0,,,,0.95
low,4,2026-07-31T10:00:00+02:00,LYBE,DOR,wait_to_boarding_min_p95,1,15.0,,,,0.95
low,4,2026-07-31T10:00:00+02:00,LYBE,EXPO,boarded_passengers,2,1.0,0.0,1.0,1.0,0.95
low,4,2026-07-31T10:00:00+02:00,LYBE,EXPO,completed_journeys,2,1.0,0.0,1.0,1.0,0.95
low,4,2026-07-31T10:00:00+02:00,LYBE,EXPO,extra_after_boarding_min_max,2,0.0,0.0,0.0,0.0,0.95
low,4,2026-07-31T10:00:00+02:00,LYBE,EXPO,extra_after_boarding_min_mean,2,0.0,0.0,0.0,0.0,0.95
low,4,2026-07-31T10:00:00+02:00,LYBE,EXPO,extra_after_boarding_min_p95,2,0.0,0.0,0.0,0.0,0.95
low,4,2026-07-31T10:00:00+02:00,LYBE,EXPO,fraction_boarding_within_wait_limit,2,0.5,0.7071067811865476,-5.853102368087329,6.853102368087329,0.95
low,4,2026-07-31T10:00:00+02:00,LYBE,EXPO,generated_passengers,2,1.0,0.0,1.0,1.0,0.95
low,4,2026-07-31T10:00:00+02:00,LYBE,EXPO,journey_duration_min_max,2,31.005903207286124,8.923494171603512,-49.16851098528744,111.18031739985969,0.95
low,4,2026-07-31T10:00:00+02:00,LYBE,EXPO,journey_duration_min_mean,2,31.005903207286124,8.923494171603512,-49.16851098528744,111.18031739985969,0.95
low,4,2026-07-31T10:00:00+02:00,LYBE,EXPO,journey_duration_min_p95,2,31.005903207286124,8.923494171603512,-49.16851098528744,111.18031739985969,0.95
low,4,2026-07-31T10:00:00+02:00,LYBE,EXPO,on_time_passengers,2,0.5,0.7071067811865476,-5.853102368087329,6.853102368087329,0.95
low,4,2026-07-31T10:00:00+02:00,LYBE,EXPO,wait_to_boarding_min_max,2,18.959863240619477,5.600092300026739,-31.354969821943648,69.2746963031826,0.95
low,4,2026-07-31T10:00:00+02:00,LYBE,EXPO,wait_to_boarding_min_mean,2,18.959863240619477,5.600092300026739,-31.354969821943648,69.2746963031826,0.95
low,4,2026-07-31T10:00:00+02:00,LYBE,EXPO,wait_to_boarding_min_p95,2,18.959863240619477,5.600092300026739,-31.354969821943648,69.2746963031826,0.95
low,4,2026-07-31T10:00:00+02:00,LYBE,JUG,boarded_passengers,2,2.0,0.0,2.0,2.0,0.95
low,4,2026-07-31T10:00:00+02:00,LYBE,JUG,completed_journeys,2,2.0,0.0,2.0,2.0,0.95
low,4,2026-07-31T10:00:00+02:00,LYBE,JUG,extra_after_boarding_min_max,2,1.3122617292852132,1.8558183349383195,-15.36160447045931,17.98612792902974,0.95
low,4,2026-07-31T10:00:00+02:00,LYBE,JUG,extra_after_boarding_min_mean,2,1.3122617292852132,1.8558183349383195,-15.36160447045931,17.98612792902974,0.95
low,4,2026-07-31T10:00:00+02:00,LYBE,JUG,extra_after_boarding_min_p95,2,1.3122617292852132,1.8558183349383195,-15.36160447045931,17.98612792902974,0.95
low,4,2026-07-31T10:00:00+02:00,LYBE,JUG,fraction_boarding_within_wait_limit,2,0.75,0.3535533905932738,-2.4265511840436647,3.9265511840436647,0.95
low,4,2026-07-31T10:00:00+02:00,LYBE,JUG,generated_passengers,2,2.0,0.0,2.0,2.0,0.95
low,4,2026-07-31T10:00:00+02:00,LYBE,JUG,journey_duration_min_max,2,32.90351553700839,0.5435951096151246,28.019507251327077,37.7875238226897,0.95
low,4,2026-07-31T10:00:00+02:00,LYBE,JUG,journey_duration_min_mean,2,30.640735761025766,0.31746542286852364,27.788422102786686,33.49304941926485,0.95
low,4,2026-07-31T10:00:00+02:00,LYBE,JUG,journey_duration_min_p95,2,32.67723755941013,0.5209821409404652,27.996398736473036,37.35807638234722,0.95
low,4,2026-07-31T10:00:00+02:00,LYBE,JUG,on_time_passengers,2,1.5,0.7071067811865476,-4.853102368087329,7.853102368087329,0.95
low,4,2026-07-31T10:00:00+02:00,LYBE,JUG,wait_to_boarding_min_max,2,15.927881941056512,1.312223225323192,4.138024026993325,27.7177398551197,0.95
low,4,2026-07-31T10:00:00+02:00,LYBE,JUG,wait_to_boarding_min_mean,2,14.252602165073888,2.3692033799639867,-7.0338456589341405,35.53904998908192,0.95
low,4,2026-07-31T10:00:00+02:00,LYBE,JUG,wait_to_boarding_min_p95,2,15.76035396345825,1.4179212407872719,3.0208370584005735,28.499870868515927,0.95
low,4,2026-07-31T10:00:00+02:00,LYBE,LYBV,boarded_passengers,2,1.0,1.4142135623730951,-11.706204736174659,13.706204736174659,0.95
low,4,2026-07-31T10:00:00+02:00,LYBE,LYBV,completed_journeys,2,1.0,1.4142135623730951,-11.706204736174659,13.706204736174659,0.95
low,4,2026-07-31T10:00:00+02:00,LYBE,LYBV,extra_after_boarding_min_max,1,0.0,,,,0.95
low,4,2026-07-31T10:00:00+02:00,LYBE,LYBV,extra_after_boarding_min_mean,1,0.0,,,,0.95
low,4,2026-07-31T10:00:00+02:00,LYBE,LYBV,extra_after_boarding_min_p95,1,0.0,,,,0.95
low,4,2026-07-31T10:00:00+02:00,LYBE,LYBV,fraction_boarding_within_wait_limit,1,0.5,,,,0.95
low,4,2026-07-31T10:00:00+02:00,LYBE,LYBV,generated_passengers,2,1.0,1.4142135623730951,-11.706204736174659,13.706204736174659,0.95
low,4,2026-07-31T10:00:00+02:00,LYBE,LYBV,journey_duration_min_max,1,35.615359022887546,,,,0.95
low,4,2026-07-31T10:00:00+02:00,LYBE,LYBV,journey_duration_min_mean,1,32.22085652098025,,,,0.95
low,4,2026-07-31T10:00:00+02:00,LYBE,LYBV,journey_duration_min_p95,1,35.275908772696816,,,,0.95
low,4,2026-07-31T10:00:00+02:00,LYBE,LYBV,on_time_passengers,2,0.5,0.7071067811865476,-5.853102368087329,6.853102368087329,0.95
low,4,2026-07-31T10:00:00+02:00,LYBE,LYBV,wait_to_boarding_min_max,1,19.641222556220843,,,,0.95
low,4,2026-07-31T10:00:00+02:00,LYBE,LYBV,wait_to_boarding_min_mean,1,16.246720054313542,,,,0.95
low,4,2026-07-31T10:00:00+02:00,LYBE,LYBV,wait_to_boarding_min_p95,1,19.301772306030113,,,,0.95
low,4,2026-07-31T10:00:00+02:00,LYBV,LYBE,boarded_passengers,2,1.5,2.1213203435596424,-17.559307104261986,20.559307104261986,0.95
low,4,2026-07-31T10:00:00+02:00,LYBV,LYBE,completed_journeys,2,1.5,2.1213203435596424,-17.559307104261986,20.559307104261986,0.95
low,4,2026-07-31T10:00:00+02:00,LYBV,LYBE,extra_after_boarding_min_max,1,0.0,,,,0.95
low,4,2026-07-31T10:00:00+02:00,LYBV,LYBE,extra_after_boarding_min_mean,1,0.0,,,,0.95
low,4,2026-07-31T10:00:00+02:00,LYBV,LYBE,extra_after_boarding_min_p95,1,0.0,,,,0.95
low,4,2026-07-31T10:00:00+02:00,LYBV,LYBE,fraction_boarding_within_wait_limit,1,0.6666666666666666,,,,0.95
low,4,2026-07-31T10:00:00+02:00,LYBV,LYBE,generated_passengers,2,1.5,2.1213203435596424,-17.559307104261986,20.559307104261986,0.95
low,4,2026-07-31T10:00:00+02:00,LYBV,LYBE,journey_duration_min_max,1,46.589748089757386,,,,0.95
low,4,2026-07-31T10:00:00+02:00,LYBV,LYBE,journey_duration_min_mean,1,39.629614963832985,,,,0.95
low,4,2026-07-31T10:00:00+02:00,LYBV,LYBE,journey_duration_min_p95,1,46.11650069645261,,,,0.95
low,4,2026-07-31T10:00:00+02:00,LYBV,LYBE,on_time_passengers,2,1.0,1.4142135623730951,-11.706204736174659,13.706204736174659,0.95
low,4,2026-07-31T10:00:00+02:00,LYBV,LYBE,wait_to_boarding_min_max,1,21.04696778298724,,,,0.95
low,4,2026-07-31T10:00:00+02:00,LYBV,LYBE,wait_to_boarding_min_mean,1,13.570178201065492,,,,0.95
low,4,2026-07-31T10:00:00+02:00,LYBV,LYBE,wait_to_boarding_min_p95,1,20.442271004688518,,,,0.95
low,4,2026-07-31T11:00:00+02:00,BW,LYBE,boarded_passengers,2,2.0,1.4142135623730951,-10.706204736174659,14.706204736174659,0.95
low,4,2026-07-31T11:00:00+02:00,BW,LYBE,completed_journeys,2,2.0,1.4142135623730951,-10.706204736174659,14.706204736174659,0.95
low,4,2026-07-31T11:00:00+02:00,BW,LYBE,extra_after_boarding_min_max,2,1.061975306337384,1.5018598811276507,-12.431700360747216,14.555650973421985,0.95
low,4,2026-07-31T11:00:00+02:00,BW,LYBE,extra_after_boarding_min_mean,2,1.061975306337384,1.5018598811276507,-12.431700360747216,14.555650973421985,0.95
low,4,2026-07-31T11:00:00+02:00,BW,LYBE,extra_after_boarding_min_p95,2,1.061975306337384,1.5018598811276507,-12.431700360747216,14.555650973421985,0.95
low,4,2026-07-31T11:00:00+02:00,BW,LYBE,fraction_boarding_within_wait_limit,2,0.5,0.7071067811865476,-5.853102368087329,6.853102368087329,0.95
low,4,2026-07-31T11:00:00+02:00,BW,LYBE,generated_passengers,2,2.0,1.4142135623730951,-10.706204736174659,14.706204736174659,0.95
low,4,2026-07-31T11:00:00+02:00,BW,LYBE,journey_duration_min_max,2,71.07054441532115,45.472784672392365,-337.48621627777976,479.62730510842204,0.95
low,4,2026-07-31T11:00:00+02:00,BW,LYBE,journey_duration_min_mean,2,70.49069358792677,46.292817576646776,-345.4337704344875,486.41515761034105,0.95
low,4,2026-07-31T11:00:00+02:00,BW,LYBE,journey_duration_min_p95,2,71.02062426003423,45.54338243303492,-338.17043214660407,480.21168066667246,0.95
low,4,2026-07-31T11:00:00+02:00,BW,LYBE,on_time_passengers,2,1.5,2.1213203435596424,-17.559307104261986,20.559307104261986,0.95
low,4,2026-07-31T11:00:00+02:00,BW,LYBE,wait_to_boarding_min_max,2,46.071785718036395,43.94214076959771,-348.7326851338818,440.87625656995453,0.95
low,4,2026-07-31T11:00:00+02:00,BW,LYBE,wait_to_boarding_min_mean,2,45.8422981676862,44.266685175698726,-351.87808848338466,443.562684818757,0.95
low,4,2026-07-31T11:00:00+02:00,BW,LYBE,wait_to_boarding_min_p95,2,46.071785718036395,43.94214076959771,-348.7326851338818,440.87625656995453,0.95
low,4,2026-07-31T11:00:00+02:00,EXPO,LYBE,boarded_passengers,2,1.0,0.0,1.0,1.0,0.95
low,4,2026-07-31T11:00:00+02:00,EXPO,LYBE,completed_journeys,2,1.0,0.0,1.0,1.0,0.95
low,4,2026-07-31T11:00:00+02:00,EXPO,LYBE,extra_after_boarding_min_max,2,0.4038518923476052,0.5711328233480224,-4.727572934912634,5.535276719607844,0.95
low,4,2026-07-31T11:00:00+02:00,EXPO,LYBE,extra_after_boarding_min_mean,2,0.4038518923476052,0.5711328233480224,-4.727572934912634,5.535276719607844,0.95
low,4,2026-07-31T11:00:00+02:00,EXPO,LYBE,extra_after_boarding_min_p95,2,0.4038518923476052,0.5711328233480224,-4.727572934912634,5.535276719607844,0.95
low,4,2026-07-31T11:00:00+02:00,EXPO,LYBE,fraction_boarding_within_wait_limit,2,0.5,0.7071067811865476,-5.853102368087329,6.853102368087329,0.95
low,4,2026-07-31T11:00:00+02:00,EXPO,LYBE,generated_passengers,2,1.0,0.0,1.0,1.0,0.95
low,4,2026-07-31T11:00:00+02:00,EXPO,LYBE,journey_duration_min_max,2,89.04103898497287,87.05770943800896,-693.1414470361294,871.2235250060751,0.95
low,4,2026-07-31T11:00:00+02:00,EXPO,LYBE,journey_duration_min_mean,2,89.04103898497287,87.05770943800896,-693.1414470361294,871.2235250060751,0.95
low,4,2026-07-31T11:00:00+02:00,EXPO,LYBE,journey_duration_min_p95,2,89.04103898497287,87.05770943800896,-693.1414470361294,871.2235250060751,0.95
low,4,2026-07-31T11:00:00+02:00,EXPO,LYBE,on_time_passengers,2,0.5,0.7071067811865476,-5.853102368087329,6.853102368087329,0.95
low,4,2026-07-31T11:00:00+02:00,EXPO,LYBE,wait_to_boarding_min_max,2,68.05600272361643,89.21470010578523,-733.5062755495085,869.6182809967413,0.95
low,4,2026-07-31T11:00:00+02:00,EXPO,LYBE,wait_to_boarding_min_mean,2,68.05600272361643,89.21470010578523,-733.5062755495085,869.6182809967413,0.95
low,4,2026-07-31T11:00:00+02:00,EXPO,LYBE,wait_to_boarding_min_p95,2,68.05600272361643,89.21470010578523,-733.5062755495085,869.6182809967413,0.95
low,4,2026-07-31T11:00:00+02:00,LYBE,BW,boarded_passengers,2,7.0,1.4142135623730951,-5.706204736174659,19.70620473617466,0.95
low,4,2026-07-31T11:00:00+02:00,LYBE,BW,completed_journeys,2,7.0,1.4142135623730951,-5.706204736174659,19.70620473617466,0.95
low,4,2026-07-31T11:00:00+02:00,LYBE,BW,extra_after_boarding_min_max,2,1.4153430987929823,2.001597405724199,-16.56829608640253,19.39898228398849,0.95
low,4,2026-07-31T11:00:00+02:00,LYBE,BW,extra_after_boarding_min_mean,2,0.3675897370559066,0.519850391533623,-4.3030807208930515,5.038260195004865,0.95
low,4,2026-07-31T11:00:00+02:00,LYBE,BW,extra_after_boarding_min_p95,2,1.0534433090101865,1.489793814793397,-12.331823053226548,14.43870967124692,0.95
low,4,2026-07-31T11:00:00+02:00,LYBE,BW,fraction_boarding_within_wait_limit,2,0.5833333333333333,0.11785113019775789,-0.47551706134788807,1.6421837280145546,0.95
low,4,2026-07-31T11:00:00+02:00,LYBE,BW,generated_passengers,2,7.0,1.4142135623730951,-5.706204736174659,19.70620473617466,0.95
low,4,2026-07-31T11:00:00+02:00,LYBE,BW,journey_duration_min_max,2,43.507409103655725,3.1343917205796172,15.346016804301936,71.66880140300951,0.95
low,4,2026-07-31T11:00:00+02:00,LYBE,BW,journey_duration_min_mean,2,31.23969554052062,0.7237764471981534,24.736822165519953,37.74256891552129,0.95
low,4,2026-07-31T11:00:00+02:00,LYBE,BW,journey_duration_min_p95,2,43.07316196171206,2.764263478636445,18.23723997737822,67.9090839460459,0.95
low,4,2026-07-31T11:00:00+02:00,LYBE,BW,on_time_passengers,2,4.0,0.0,4.0,4.0,0.95
low,4,2026-07-31T11:00:00+02:00,LYBE,BW,wait_to_boarding_min_max,2,24.63389659286701,3.050129844286973,-2.7704327846519874,52.03822597038601,0.95
low,4,2026-07-31T11:00:00+02:00,LYBE,BW,wait_to_boarding_min_mean,2,12.792550436798034,1.2424891405322707,1.6292284166180746,23.955872456977993,0.95
low,4,2026-07-31T11:00:00+02:00,LYBE,BW,wait_to_boarding_min_p95,2,24.435016572436474,3.012860977724389,-2.634465324172538,51.50449846904549,0.95
low,4,2026-07-31T11:00:00+02:00,LYBE,DOR,boarded_passengers,2,4.5,0.7071067811865476,-1.8531023680873293,10.85310236808733,0.95
low,4,2026-07-31T11:00:00+02:00,LYBE,DOR,completed_journeys,2,4.5,0.7071067811865476,-1.8531023680873293,10.85310236808733,0.95
low,4,2026-07-31T11:00:00+02:00,LYBE,DOR,extra_after_boarding_min_max,2,1.3062950343915267,0.7847883971255089,-5.744748961904381,8.357339030687434,0.95
low,4,2026-07-31T11:00:00+02:00,LYBE,DOR,extra_after_boarding_min_mean,2,0.5404426416476296,0.551782962108497,-4.417130579979996,5.498015863275255,0.95
low,4,2026-07-31T11:00:00+02:00,LYBE,DOR,extra_after_boarding_min_p95,2,1.2311584506927709,0.8910475728226707,-6.774586361256253,9.236903262641794,0.95
low,4,2026-07-31T11:00:00+02:00,LYBE,DOR,fraction_boarding_within_wait_limit,2,0.55,0.07071067811865474,-0.08531023680873273,1.185310236808733,0.95
low,4,2026-07-31T11:00:00+02:00,LYBE,DOR,generated_passengers,2,4.5,0.7071067811865476,-1.8531023680873293,10.85310236808733,0.95
low,4,2026-07-31T11:00:00+02:00,LYBE,DOR,journey_duration_min_max,2,46.070694561380876,4.595726421142533,4.779730896390362,87.36165822637139,0.95
low,4,2026-07-31T11:00:00+02:00,LYBE,DOR,journey_duration_min_mean,2,34.46211232234812,4.133921063356855,-2.679694821727068,71.6039194664233,0.95
low,4,2026-07-31T11:00:00+02:00,LYBE,DOR,journey_duration_min_p95,2,44.357613971574295,4.266795349414388,6.0219787326907195,82.69324921045788,0.95
low,4,2026-07-31T11:00:00+02:00,LYBE,DOR,on_time_passengers,2,2.5,0.7071067811865476,-3.8531023680873293,8.85310236808733,0.95
low,4,2026-07-31T11:00:00+02:00,LYBE,DOR,wait_to_boarding_min_max,2,26.960078878816418,2.588408825177079,3.704148269274853,50.21600948835798,0.95
low,4,2026-07-31T11:00:00+02:00,LYBE,DOR,wait_to_boarding_min_mean,2,16.446666114033782,2.359322715361614,-4.751007460661754,37.64433968872932,0.95
low,4,2026-07-31T11:00:00+02:00,LYBE,DOR,wait_to_boarding_min_p95,2,25.246998289009834,2.2594777534489308,4.946396105575232,45.54760047244444,0.95
low,4,2026-07-31T11:00:00+02:00,LYBE,EXPO,boarded_passengers,2,2.0,1.4142135623730951,-10.706204736174659,14.706204736174659,0.95
low,4,2026-07-31T11:00:00+02:00,LYBE,EXPO,completed_journeys,2,2.0,1.4142135623730951,-10.706204736174659,14.706204736174659,0.95
low,4,2026-07-31T11:00:00+02:00,LYBE,EXPO,extra_after_boarding_min_max,2,0.0,0.0,0.0,0.0,0.95
low,4,2026-07-31T11:00:00+02:00,LYBE,EXPO,extra_after_boarding_min_mean,2,0.0,0.0,0.0,0.0,0.95
low,4,2026-07-31T11:00:00+02:00,LYBE,EXPO,extra_after_boarding_min_p95,2,0.0,0.0,0.0,0.0,0.95
low,4,2026-07-31T11:00:00+02:00,LYBE,EXPO,fraction_boarding_within_wait_limit,2,0.8333333333333333,0.23570226039551587,-1.2843674560291098,2.951034122695776,0.95
low,4,2026-07-31T11:00:00+02:00,LYBE,EXPO,generated_passengers,2,2.0,1.4142135623730951,-10.706204736174659,14.706204736174659,0.95
low,4,2026-07-31T11:00:00+02:00,LYBE,EXPO,journey_duration_min_max,2,35.257253065808015,14.935810799918103,-98.93568283425182,169.45018896586785,0.95
low,4,2026-07-31T11:00:00+02:00,LYBE,EXPO,journey_duration_min_mean,2,27.05712482876867,3.339078233898488,-2.943302828582322,57.05755248611966,0.95
low,4,2026-07-31T11:00:00+02:00,LYBE,EXPO,journey_duration_min_p95,2,34.2766044685301,13.548964253725527,-87.45600958027407,156.0092185173343,0.95
low,4,2026-07-31T11:00:00+02:00,LYBE,EXPO,on_time_passengers,2,1.5,0.7071067811865476,-4.853102368087329,7.853102368087329,0.95
low,4,2026-07-31T11:00:00+02:00,LYBE,EXPO,wait_to_boarding_min_max,2,25.561213099141362,14.935810799918102,-108.63172280091845,159.75414899920116,0.95
low,4,2026-07-31T11:00:00+02:00,LYBE,EXPO,wait_to_boarding_min_mean,2,15.794418195435355,1.1234769861806395,5.700377958091318,25.888458432779395,0.95
low,4,2026-07-31T11:00:00+02:00,LYBE,EXPO,wait_to_boarding_min_p95,2,24.34556450186345,13.21662406656785,-94.40109143393967,143.09222043766658,0.95
low,4,2026-07-31T11:00:00+02:00,LYBE,JUG,boarded_passengers,2,1.5,0.7071067811865476,-4.853102368087329,7.853102368087329,0.95
low,4,2026-07-31T11:00:00+02:00,LYBE,JUG,completed_journeys,2,1.5,0.7071067811865476,-4.853102368087329,7.853102368087329,0.95
low,4,2026-07-31T11:00:00+02:00,LYBE,JUG,extra_after_boarding_min_max,2,0.10282620796327441,0.145418217869059,-1.203704642662563,1.409357058589112,0.95
low,4,2026-07-31T11:00:00+02:00,LYBE,JUG,extra_after_boarding_min_mean,2,0.10282620796327441,0.145418217869059,-1.203704642662563,1.409357058589112,0.95
low,4,2026-07-31T11:00:00+02:00,LYBE,JUG,extra_after_boarding_min_p95,2,0.10282620796327441,0.145418217869059,-1.203704642662563,1.409357058589112,0.95
low,4,2026-07-31T11:00:00+02:00,LYBE,JUG,fraction_boarding_within_wait_limit,2,0.5,0.7071067811865476,-5.853102368087329,6.853102368087329,0.95
low,4,2026-07-31T11:00:00+02:00,LYBE,JUG,generated_passengers,2,1.5,0.7071067811865476,-4.853102368087329,7.853102368087329,0.95
low,4,2026-07-31T11:00:00+02:00,LYBE,JUG,journey_duration_min_max,2,28.085596048218214,8.375422005895691,-47.16458510560799,103.33577720204443,0.95
low,4,2026-07-31T11:00:00+02:00,LYBE,JUG,journey_duration_min_mean,2,27.805971888553024,7.979973726930002,-43.8912474433865,99.50319122049254,0.95
low,4,2026-07-31T11:00:00+02:00,LYBE,JUG,journey_duration_min_p95,2,28.057633632251694,8.335877177999121,-46.83725133938583,102.95251860388922,0.95
low,4,2026-07-31T11:00:00+02:00,LYBE,JUG,on_time_passengers,2,0.5,0.7071067811865476,-5.853102368087329,6.853102368087329,0.95
low,4,2026-07-31T11:00:00+02:00,LYBE,JUG,wait_to_boarding_min_max,2,12.319397973588275,8.230003788026632,-61.624252329612084,86.26304827678864,0.95
low,4,2026-07-31T11:00:00+02:00,LYBE,JUG,wait_to_boarding_min_mean,2,12.039773813923087,7.8345555090609444,-58.35091466739061,82.4304622952368,0.95
low,4,2026-07-31T11:00:00+02:00,LYBE,JUG,wait_to_boarding_min_p95,2,12.291435557621757,8.190458960130064,-61.29691856338994,85.87978967863344,0.95
low,4,2026-07-31T11:00:00+02:00,LYBE,LYBV,boarded_passengers,2,3.5,0.7071067811865476,-2.8531023680873293,9.85310236808733,0.95
low,4,2026-07-31T11:00:00+02:00,LYBE,LYBV,completed_journeys,2,3.5,0.7071067811865476,-2.8531023680873293,9.85310236808733,0.95
low,4,2026-07-31T11:00:00+02:00,LYBE,LYBV,extra_after_boarding_min_max,2,3.1077686197074095,2.5242969805932525,-19.57213992006348,25.787677159478303,0.95
low,4,2026-07-31T11:00:00+02:00,LYBE,LYBV,extra_after_boarding_min_mean,2,2.8834633338953712,2.830665253324054,-22.549054925905043,28.315981593695785,0.95
low,4,2026-07-31T11:00:00+02:00,LYBE,LYBV,extra_after_boarding_min_p95,2,3.1077686197074095,2.5242969805932525,-19.57213992006348,25.787677159478303,0.95
low,4,2026-07-31T11:00:00+02:00,LYBE,LYBV,fraction_boarding_within_wait_limit,2,0.41666666666666663,0.11785113019775793,-0.6421837280145549,1.475517061347888,0.95
low,4,2026-07-31T11:00:00+02:00,LYBE,LYBV,generated_passengers,2,3.5,0.7071067811865476,-2.8531023680873293,9.85310236808733,0.95
low,4,2026-07-31T11:00:00+02:00,LYBE,LYBV,journey_duration_min_max,2,38.76558135674459,4.560164664517927,-2.205872601598763,79.73703531508795,0.95
low,4,2026-07-31T11:00:00+02:00,LYBE,LYBV,journey_duration_min_mean,2,33.02245768752452,3.139434931325764,4.815753937359382,61.22916143768966,0.95
low,4,2026-07-31T11:00:00+02:00,LYBE,LYBV,journey_duration_min_p95,2,38.42775714527939,4.240309977885765,0.3300835283955479,76.52543076216323,0.95
low,4,2026-07-31T11:00:00+02:00,LYBE,LYBV,on_time_passengers,2,1.5,0.7071067811865476,-4.853102368087329,7.853102368087329,0.95
low,4,2026-07-31T11:00:00+02:00,LYBE,LYBV,wait_to_boarding_min_max,2,20.969493058728283,0.23914275225516388,18.82088067643183,23.118105441024735,0.95
low,4,2026-07-31T11:00:00+02:00,LYBE,LYBV,wait_to_boarding_min_mean,2,14.556524553629117,0.24513063392775014,12.354113188992121,16.75893591826611,0.95
low,4,2026-07-31T11:00:00+02:00,LYBE,LYBV,wait_to_boarding_min_p95,2,20.55853005507277,0.019467746101168134,20.383619295980466,20.73344081416507,0.95
low,4,2026-07-31T11:00:00+02:00,LYBV,LYBE,boarded_passengers,2,1.0,1.4142135623730951,-11.706204736174659,13.706204736174659,0.95
low,4,2026-07-31T11:00:00+02:00,LYBV,LYBE,completed_journeys,2,1.0,1.4142135623730951,-11.706204736174659,13.706204736174659,0.95
low,4,2026-07-31T11:00:00+02:00,LYBV,LYBE,extra_after_boarding_min_max,1,4.892716132413625,,,,0.95
low,4,2026-07-31T11:00:00+02:00,LYBV,LYBE,extra_after_boarding_min_mean,1,2.4463580662068125,,,,0.95
low,4,2026-07-31T11:00:00+02:00,LYBV,LYBE,extra_after_boarding_min_p95,1,4.648080325792944,,,,0.95
low,4,2026-07-31T11:00:00+02:00,LYBV,LYBE,fraction_boarding_within_wait_limit,1,0.5,,,,0.95
low,4,2026-07-31T11:00:00+02:00,LYBV,LYBE,generated_passengers,2,1.0,1.4142135623730951,-11.706204736174659,13.706204736174659,0.95
low,4,2026-07-31T11:00:00+02:00,LYBV,LYBE,journey_duration_min_max,1,106.70208695481742,,,,0.95
low,4,2026-07-31T11:00:00+02:00,LYBV,LYBE,journey_duration_min_mean,1,66.98531795748397,,,,0.95
low,4,2026-07-31T11:00:00+02:00,LYBV,LYBE,journey_duration_min_p95,1,102.73041005508406,,,,0.95
low,4,2026-07-31T11:00:00+02:00,LYBV,LYBE,on_time_passengers,2,0.5,0.7071067811865476,-5.853102368087329,6.853102368087329,0.95
low,4,2026-07-31T11:00:00+02:00,LYBV,LYBE,wait_to_boarding_min_max,1,75.25760813988515,,,,0.95
low,4,2026-07-31T11:00:00+02:00,LYBV,LYBE,wait_to_boarding_min_mean,1,38.33924652383036,,,,0.95
low,4,2026-07-31T11:00:00+02:00,LYBV,LYBE,wait_to_boarding_min_p95,1,71.56577197827967,,,,0.95
low,4,2026-07-31T12:00:00+02:00,BW,LYBE,boarded_passengers,2,1.5,0.7071067811865476,-4.853102368087329,7.853102368087329,0.95
low,4,2026-07-31T12:00:00+02:00,BW,LYBE,completed_journeys,2,1.5,0.7071067811865476,-4.853102368087329,7.853102368087329,0.95
low,4,2026-07-31T12:00:00+02:00,BW,LYBE,extra_after_boarding_min_max,2,1.0612279299544147,1.5008029313106583,-12.422951419793197,14.545407279702026,0.95
low,4,2026-07-31T12:00:00+02:00,BW,LYBE,extra_after_boarding_min_mean,2,1.0612279299544147,1.5008029313106583,-12.422951419793197,14.545407279702026,0.95
low,4,2026-07-31T12:00:00+02:00,BW,LYBE,extra_after_boarding_min_p95,2,1.0612279299544147,1.5008029313106583,-12.422951419793197,14.545407279702026,0.95
low,4,2026-07-31T12:00:00+02:00,BW,LYBE,fraction_boarding_within_wait_limit,2,0.75,0.3535533905932738,-2.4265511840436647,3.9265511840436647,0.95
low,4,2026-07-31T12:00:00+02:00,BW,LYBE,generated_passengers,2,1.5,0.7071067811865476,-4.853102368087329,7.853102368087329,0.95
low,4,2026-07-31T12:00:00+02:00,BW,LYBE,journey_duration_min_max,2,41.65679667702983,5.706170172862482,-9.61110825960521,92.92470161366487,0.95
low,4,2026-07-31T12:00:00+02:00,BW,LYBE,journey_duration_min_mean,2,40.3635709026036,3.877272743458454,5.527657425926293,75.1994843792809,0.95
low,4,2026-07-31T12:00:00+02:00,BW,LYBE,journey_duration_min_p95,2,41.52747409958721,5.523280429922081,-8.097231691052073,91.15217989022649,0.95
low,4,2026-07-31T12:00:00+02:00,BW,LYBE,on_time_passengers,2,1.0,0.0,1.0,1.0,0.95
low,4,2026-07-31T12:00:00+02:00,BW,LYBE,wait_to_boarding_min_max,2,17.017472216049704,2.853136569648397,-8.61694281062185,42.65188724272126,0.95
low,4,2026-07-31T12:00:00+02:00,BW,LYBE,wait_to_boarding_min_mean,2,15.505153142577,0.7143944253077843,9.086573889871602,21.9237323952824,0.95
low,4,2026-07-31T12:00:00+02:00,BW,LYBE,wait_to_boarding_min_p95,2,16.866240308702437,2.639262355214336,-6.846591140572507,40.57907175797738,0.95
low,4,2026-07-31T12:00:00+02:00,DOR,LYBE,boarded_passengers,2,0.5,0.7071067811865476,-5.853102368087329,6.853102368087329,0.95
low,4,2026-07-31T12:00:00+02:00,DOR,LYBE,completed_journeys,2,0.5,0.7071067811865476,-5.853102368087329,6.853102368087329,0.95
low,4,2026-07-31T12:00:00+02:00,DOR,LYBE,extra_after_boarding_min_max,1,2.3529070319147043,,,,0.95
low,4,2026-07-31T12:00:00+02:00,DOR,LYBE,extra_after_boarding_min_mean,1,2.3529070319147043,,,,0.95
low,4,2026-07-31T12:00:00+02:00,DOR,LYBE,extra_after_boarding_min_p95,1,2.3529070319147043,,,,0.95
low,4,2026-07-31T12:00:00+02:00,DOR,LYBE,fraction_boarding_within_wait_limit,1,1.0,,,,0.95
low,4,2026-07-31T12:00:00+02:00,DOR,LYBE,generated_passengers,2,0.5,0.7071067811865476,-5.853102368087329,6.853102368087329,0.95
low,4,2026-07-31T12:00:00+02:00,DOR,LYBE,journey_duration_min_max,1,40.70844834675615,,,,0.95
low,4,2026-07-31T12:00:00+02:00,DOR,LYBE,journey_duration_min_mean,1,40.70844834675615,,,,0.95
low,4,2026-07-31T12:00:00+02:00,DOR,LYBE,journey_duration_min_p95,1,40.70844834675615,,,,0.95
low,4,2026-07-31T12:00:00+02:00,DOR,LYBE,on_time_passengers,2,0.5,0.7071067811865476,-5.853102368087329,6.853102368087329,0.95
low,4,2026-07-31T12:00:00+02:00,DOR,LYBE,wait_to_boarding_min_max,1,15.0,,,,0.95
low,4,2026-07-31T12:00:00+02:00,DOR,LYBE,wait_to_boarding_min_mean,1,15.0,,,,0.95
low,4,2026-07-31T12:00:00+02:00,DOR,LYBE,wait_to_boarding_min_p95,1,15.0,,,,0.95
low,4,2026-07-31T12:00:00+02:00,JUG,LYBE,boarded_passengers,2,0.5,0.7071067811865476,-5.853102368087329,6.853102368087329,0.95
low,4,2026-07-31T12:00:00+02:00,JUG,LYBE,completed_journeys,2,0.5,0.7071067811865476,-5.853102368087329,6.853102368087329,0.95
low,4,2026-07-31T12:00:00+02:00,JUG,LYBE,extra_after_boarding_min_max,1,0.0,,,,0.95
low,4,2026-07-31T12:00:00+02:00,JUG,LYBE,extra_after_boarding_min_mean,1,0.0,,,,0.95
low,4,2026-07-31T12:00:00+02:00,JUG,LYBE,extra_after_boarding_min_p95,1,0.0,,,,0.95
low,4,2026-07-31T12:00:00+02:00,JUG,LYBE,fraction_boarding_within_wait_limit,1,0.0,,,,0.95
low,4,2026-07-31T12:00:00+02:00,JUG,LYBE,generated_passengers,2,0.5,0.7071067811865476,-5.853102368087329,6.853102368087329,0.95
low,4,2026-07-31T12:00:00+02:00,JUG,LYBE,journey_duration_min_max,1,77.61281448817681,,,,0.95
low,4,2026-07-31T12:00:00+02:00,JUG,LYBE,journey_duration_min_mean,1,77.61281448817681,,,,0.95
low,4,2026-07-31T12:00:00+02:00,JUG,LYBE,journey_duration_min_p95,1,77.61281448817681,,,,0.95
low,4,2026-07-31T12:00:00+02:00,JUG,LYBE,on_time_passengers,2,0.0,0.0,0.0,0.0,0.95
low,4,2026-07-31T12:00:00+02:00,JUG,LYBE,wait_to_boarding_min_max,1,54.5747903878033,,,,0.95
low,4,2026-07-31T12:00:00+02:00,JUG,LYBE,wait_to_boarding_min_mean,1,54.5747903878033,,,,0.95
low,4,2026-07-31T12:00:00+02:00,JUG,LYBE,wait_to_boarding_min_p95,1,54.5747903878033,,,,0.95
low,4,2026-07-31T12:00:00+02:00,LYBE,BW,boarded_passengers,2,3.5,0.7071067811865476,-2.8531023680873293,9.85310236808733,0.95
low,4,2026-07-31T12:00:00+02:00,LYBE,BW,completed_journeys,2,3.5,0.7071067811865476,-2.8531023680873293,9.85310236808733,0.95
low,4,2026-07-31T12:00:00+02:00,LYBE,BW,extra_after_boarding_min_max,2,2.8116492509975313,0.5479859803857728,-2.1118094433535433,7.735107945348606,0.95
low,4,2026-07-31T12:00:00+02:00,LYBE,BW,extra_after_boarding_min_mean,2,1.6001506006528063,0.6371163495101106,-4.124112688164377,7.324413889469989,0.95
low,4,2026-07-31T12:00:00+02:00,LYBE,BW,extra_after_boarding_min_p95,2,2.774494563802733,0.5484242756889619,-2.1529020576092854,7.701891185214752,0.95
low,4,2026-07-31T12:00:00+02:00,LYBE,BW,fraction_boarding_within_wait_limit,2,0.41666666666666663,0.11785113019775793,-0.6421837280145549,1.475517061347888,0.95
low,4,2026-07-31T12:00:00+02:00,LYBE,BW,generated_passengers,2,3.5,0.7071067811865476,-2.8531023680873293,9.85310236808733,0.95
low,4,2026-07-31T12:00:00+02:00,LYBE,BW,journey_duration_min_max,2,34.61379156770842,1.651907887545685,19.771988050256468,49.45559508516037,0.95
low,4,2026-07-31T12:00:00+02:00,LYBE,BW,journey_duration_min_mean,2,31.7772837190961,0.36675910923545607,28.482083860467302,35.072483577724896,0.95
low,4,2026-07-31T12:00:00+02:00,LYBE,BW,journey_duration_min_p95,2,34.4841772137967,1.7939678574648883,18.366015506440746,50.60233892115265,0.95
low,4,2026-07-31T12:00:00+02:00,LYBE,BW,on_time_passengers,2,1.5,0.7071067811865476,-4.853102368087329,7.853102368087329,0.95
low,4,2026-07-31T12:00:00+02:00,LYBE,BW,wait_to_boarding_min_max,2,19.376251484235397,3.4892670553650937,-11.973569196498321,50.72607216496911,0.95
low,4,2026-07-31T12:00:00+02:00,LYBE,BW,wait_to_boarding_min_mean,2,15.86736941844328,0.38087532107808625,12.445340428384931,19.28939840850163,0.95
low,4,2026-07-31T12:00:00+02:00,LYBE,BW,wait_to_boarding_min_p95,2,19.32254441923717,3.4709949499800694,-11.863107908031257,50.50819674650559,0.95
low,4,2026-07-31T12:00:00+02:00,LYBE,DOR,boarded_passengers,2,1.0,1.4142135623730951,-11.706204736174659,13.706204736174659,0.95
low,4,2026-07-31T12:00:00+02:00,LYBE,DOR,completed_journeys,2,1.0,1.4142135623730951,-11.706204736174659,13.706204736174659,0.95
low,4,2026-07-31T12:00:00+02:00,LYBE,DOR,extra_after_boarding_min_max,1,6.163967928271692,,,,0.95
low,4,2026-07-31T12:00:00+02:00,LYBE,DOR,extra_after_boarding_min_mean,1,5.915396806036551,,,,0.95
low,4,2026-07-31T12:00:00+02:00,LYBE,DOR,extra_after_boarding_min_p95,1,6.139110816048178,,,,0.95
low,4,2026-07-31T12:00:00+02:00,LYBE,DOR,fraction_boarding_within_wait_limit,1,0.5,,,,0.95
low,4,2026-07-31T12:00:00+02:00,LYBE,DOR,generated_passengers,2,1.0,1.4142135623730951,-11.706204736174659,13.706204736174659,0.95
low,4,2026-07-31T12:00:00+02:00,LYBE,DOR,journey_duration_min_max,1,38.09894410684489,,,,0.95
low,4,2026-07-31T12:00:00+02:00,LYBE,DOR,journey_duration_min_mean,1,36.122886678656506,,,,0.95
low,4,2026-07-31T12:00:00+02:00,LYBE,DOR,journey_duration_min_p95,1,37.90133836402605,,,,0.95
low,4,2026-07-31T12:00:00+02:00,LYBE,DOR,on_time_passengers,2,0.5,0.7071067811865476,-5.853102368087329,6.853102368087329,0.95
low,4,2026-07-31T12:00:00+02:00,LYBE,DOR,wait_to_boarding_min_max,1,18.454972611906488,,,,0.95
low,4,2026-07-31T12:00:00+02:00,LYBE,DOR,wait_to_boarding_min_mean,1,16.727486305953242,,,,0.95
low,4,2026-07-31T12:00:00+02:00,LYBE,DOR,wait_to_boarding_min_p95,1,18.282223981311162,,,,0.95
low,4,2026-07-31T12:00:00+02:00,LYBE,JUG,boarded_passengers,2,1.5,0.7071067811865476,-4.853102368087329,7.853102368087329,0.95
low,4,2026-07-31T12:00:00+02:00,LYBE,JUG,completed_journeys,2,1.5,0.7071067811865476,-4.853102368087329,7.853102368087329,0.95
low,4,2026-07-31T12:00:00+02:00,LYBE,JUG,extra_after_boarding_min_max,2,0.0,0.0,0.0,0.0,0.95
low,4,2026-07-31T12:00:00+02:00,LYBE,JUG,extra_after_boarding_min_mean,2,0.0,0.0,0.0,0.0,0.95
low,4,2026-07-31T12:00:00+02:00,LYBE,JUG,extra_after_boarding_min_p95,2,0.0,0.0,0.0,0.0,0.95
low,4,2026-07-31T12:00:00+02:00,LYBE,JUG,fraction_boarding_within_wait_limit,2,0.75,0.3535533905932738,-2.4265511840436647,3.9265511840436647,0.95
low,4,2026-07-31T12:00:00+02:00,LYBE,JUG,generated_passengers,2,1.5,0.7071067811865476,-4.853102368087329,7.853102368087329,0.95
low,4,2026-07-31T12:00:00+02:00,LYBE,JUG,journey_duration_min_max,2,30.663371866666665,3.3234018715767752,0.8037907366562003,60.522952996677134,0.95
low,4,2026-07-31T12:00:00+02:00,LYBE,JUG,journey_duration_min_mean,2,30.389647075188865,2.9362965591111228,4.008069187062052,56.771224963315674,0.95
low,4,2026-07-31T12:00:00+02:00,LYBE,JUG,journey_duration_min_p95,2,30.635999387518886,3.2846913403302116,1.1242185816967734,60.147780193341,0.95
low,4,2026-07-31T12:00:00+02:00,LYBE,JUG,on_time_passengers,2,1.0,0.0,1.0,1.0,0.95
low,4,2026-07-31T12:00:00+02:00,LYBE,JUG,wait_to_boarding_min_max,2,16.802550417044404,2.549191246645475,-6.10102422919881,39.706125063287615,0.95
low,4,2026-07-31T12:00:00+02:00,LYBE,JUG,wait_to_boarding_min_mean,2,15.901275208522202,1.2745956233227376,4.449487885400595,27.353062531643808,0.95
low,4,2026-07-31T12:00:00+02:00,LYBE,JUG,wait_to_boarding_min_p95,2,16.712422896192184,2.4217316843132006,-5.045973017738863,38.470818810123234,0.95
low,4,2026-07-31T12:00:00+02:00,LYBE,LYBV,boarded_passengers,2,1.5,2.1213203435596424,-17.559307104261986,20.559307104261986,0.95
low,4,2026-07-31T12:00:00+02:00,LYBE,LYBV,completed_journeys,2,1.5,2.1213203435596424,-17.559307104261986,20.559307104261986,0.95
low,4,2026-07-31T12:00:00+02:00,LYBE,LYBV,extra_after_boarding_min_max,1,4.9041933818579615,,,,0.95
low,4,2026-07-31T12:00:00+02:00,LYBE,LYBV,extra_after_boarding_min_mean,1,3.2694622545719745,,,,0.95
low,4,2026-07-31T12:00:00+02:00,LYBE,LYBV,extra_after_boarding_min_p95,1,4.9041933818579615,,,,0.95
low,4,2026-07-31T12:00:00+02:00,LYBE,LYBV,fraction_boarding_within_wait_limit,1,0.6666666666666666,,,,0.95
low,4,2026-07-31T12:00:00+02:00,LYBE,LYBV,generated_passengers,2,1.5,2.1213203435596424,-17.559307104261986,20.559307104261986,0.95
low,4,2026-07-31T12:00:00+02:00,LYBE,LYBV,journey_duration_min_max,1,41.282122921401,,,,0.95
low,4,2026-07-31T12:00:00+02:00,LYBE,LYBV,journey_duration_min_mean,1,32.363239728948045,,,,0.95
low,4,2026-07-31T12:00:00+02:00,LYBE,LYBV,journey_duration_min_p95,1,40.016324275927566,,,,0.95
low,4,2026-07-31T12:00:00+02:00,LYBE,LYBV,on_time_passengers,2,1.0,1.4142135623730951,-11.706204736174659,13.706204736174659,0.95
low,4,2026-07-31T12:00:00+02:00,LYBE,LYBV,wait_to_boarding_min_max,1,20.403793072876336,,,,0.95
low,4,2026-07-31T12:00:00+02:00,LYBE,LYBV,wait_to_boarding_min_mean,1,13.902974341042702,,,,0.95
low,4,2026-07-31T12:00:00+02:00,LYBE,LYBV,wait_to_boarding_min_p95,1,19.863413765588703,,,,0.95
low,4,2026-07-31T12:00:00+02:00,LYBV,LYBE,boarded_passengers,2,1.0,0.0,1.0,1.0,0.95
low,4,2026-07-31T12:00:00+02:00,LYBV,LYBE,completed_journeys,2,1.0,0.0,1.0,1.0,0.95
low,4,2026-07-31T12:00:00+02:00,LYBV,LYBE,extra_after_boarding_min_max,2,2.4463580662068125,3.4596727556504923,-28.637568381009263,33.530284513422885,0.95
low,4,2026-07-31T12:00:00+02:00,LYBV,LYBE,extra_after_boarding_min_mean,2,2.4463580662068125,3.4596727556504923,-28.637568381009263,33.530284513422885,0.95
low,4,2026-07-31T12:00:00+02:00,LYBV,LYBE,extra_after_boarding_min_p95,2,2.4463580662068125,3.4596727556504923,-28.637568381009263,33.530284513422885,0.95
low,4,2026-07-31T12:00:00+02:00,LYBV,LYBE,fraction_boarding_within_wait_limit,2,0.0,0.0,0.0,0.0,0.95
low,4,2026-07-31T12:00:00+02:00,LYBV,LYBE,generated_passengers,2,1.0,0.0,1.0,1.0,0.95
low,4,2026-07-31T12:00:00+02:00,LYBV,LYBE,journey_duration_min_max,2,58.8346608741814,21.91753913785899,-138.08661538019453,255.75593712855732,0.95
low,4,2026-07-31T12:00:00+02:00,LYBV,LYBE,journey_duration_min_mean,2,58.8346608741814,21.91753913785899,-138.08661538019453,255.75593712855732,0.95
low,4,2026-07-31T12:00:00+02:00,LYBV,LYBE,journey_duration_min_p95,2,58.8346608741814,21.91753913785899,-138.08661538019453,255.75593712855732,0.95
low,4,2026-07-31T12:00:00+02:00,LYBV,LYBE,on_time_passengers,2,0.0,0.0,0.0,0.0,0.95
low,4,2026-07-31T12:00:00+02:00,LYBV,LYBE,wait_to_boarding_min_max,2,30.975191899266974,16.07689751395449,-113.47000136561795,175.4203851641519,0.95
low,4,2026-07-31T12:00:00+02:00,LYBV,LYBE,wait_to_boarding_min_mean,2,30.975191899266974,16.07689751395449,-113.47000136561795,175.4203851641519,0.95
low,4,2026-07-31T12:00:00+02:00,LYBV,LYBE,wait_to_boarding_min_p95,2,30.975191899266974,16.07689751395449,-113.47000136561795,175.4203851641519,0.95
low,4,2026-07-31T13:00:00+02:00,BW,LYBE,boarded_passengers,2,2.5,3.5355339059327378,-29.26551184043665,34.265511840436645,0.95
low,4,2026-07-31T13:00:00+02:00,BW,LYBE,completed_journeys,2,2.5,3.5355339059327378,-29.26551184043665,34.265511840436645,0.95
low,4,2026-07-31T13:00:00+02:00,BW,LYBE,extra_after_boarding_min_max,1,1.1097155782715467,,,,0.95
low,4,2026-07-31T13:00:00+02:00,BW,LYBE,extra_after_boarding_min_mean,1,0.8877724626172373,,,,0.95
low,4,2026-07-31T13:00:00+02:00,BW,LYBE,extra_after_boarding_min_p95,1,1.1097155782715467,,,,0.95
low,4,2026-07-31T13:00:00+02:00,BW,LYBE,fraction_boarding_within_wait_limit,1,0.0,,,,0.95
low,4,2026-07-31T13:00:00+02:00,BW,LYBE,generated_passengers,2,2.5,3.5355339059327378,-29.26551184043665,34.265511840436645,0.95
low,4,2026-07-31T13:00:00+02:00,BW,LYBE,journey_duration_min_max,1,90.0961534422507,,,,0.95
low,4,2026-07-31T13:00:00+02:00,BW,LYBE,journey_duration_min_mean,1,65.10591966091694,,,,0.95
low,4,2026-07-31T13:00:00+02:00,BW,LYBE,journey_duration_min_p95,1,88.21551997366298,,,,0.95
low,4,2026-07-31T13:00:00+02:00,BW,LYBE,on_time_passengers,2,0.0,0.0,0.0,0.0,0.95
low,4,2026-07-31T13:00:00+02:00,BW,LYBE,wait_to_boarding_min_max,1,59.75705593267654,,,,0.95
low,4,2026-07-31T13:00:00+02:00,BW,LYBE,wait_to_boarding_min_mean,1,35.854555086779264,,,,0.95
low,4,2026-07-31T13:00:00+02:00,BW,LYBE,wait_to_boarding_min_p95,1,57.90791743338493,,,,0.95
low,4,2026-07-31T13:00:00+02:00,DOR,LYBE,boarded_passengers,2,0.5,0.7071067811865476,-5.853102368087329,6.853102368087329,0.95
low,4,2026-07-31T13:00:00+02:00,DOR,LYBE,completed_journeys,2,0.5,0.7071067811865476,-5.853102368087329,6.853102368087329,0.95
low,4,2026-07-31T13:00:00+02:00,DOR,LYBE,extra_after_boarding_min_max,1,0.0,,,,0.95
low,4,2026-07-31T13:00:00+02:00,DOR,LYBE,extra_after_boarding_min_mean,1,0.0,,,,0.95
low,4,2026-07-31T13:00:00+02:00,DOR,LYBE,extra_after_boarding_min_p95,1,0.0,,,,0.95
low,4,2026-07-31T13:00:00+02:00,DOR,LYBE,fraction_boarding_within_wait_limit,1,0.0,,,,0.95
low,4,2026-07-31T13:00:00+02:00,DOR,LYBE,generated_passengers,2,0.5,0.7071067811865476,-5.853102368087329,6.853102368087329,0.95
low,4,2026-07-31T13:00:00+02:00,DOR,LYBE,journey_duration_min_max,1,67.9228476867549,,,,0.95
low,4,2026-07-31T13:00:00+02:00,DOR,LYBE,journey_duration_min_mean,1,67.9228476867549,,,,0.95
low,4,2026-07-31T13:00:00+02:00,DOR,LYBE,journey_duration_min_p95,1,67.9228476867549,,,,0.95
low,4,2026-07-31T13:00:00+02:00,DOR,LYBE,on_time_passengers,2,0.0,0.0,0.0,0.0,0.95
low,4,2026-07-31T13:00:00+02:00,DOR,LYBE,wait_to_boarding_min_max,1,42.97871834506259,,,,0.95
low,4,2026-07-31T13:00:00+02:00,DOR,LYBE,wait_to_boarding_min_mean,1,42.97871834506259,,,,0.95
low,4,2026-07-31T13:00:00+02:00,DOR,LYBE,wait_to_boarding_min_p95,1,42.97871834506259,,,,0.95
low,4,2026-07-31T13:00:00+02:00,JUG,LYBE,boarded_passengers,2,2.0,1.4142135623730951,-10.706204736174659,14.706204736174659,0.95
low,4,2026-07-31T13:00:00+02:00,JUG,LYBE,completed_journeys,2,2.0,1.4142135623730951,-10.706204736174659,14.706204736174659,0.95
low,4,2026-07-31T13:00:00+02:00,JUG,LYBE,extra_after_boarding_min_max,2,1.5023621124465838,0.2937783494527209,-1.137131634832976,4.141855859726144,0.95
low,4,2026-07-31T13:00:00+02:00,JUG,LYBE,extra_after_boarding_min_mean,2,0.9323305206097858,0.5123680587040033,-3.6711138440765563,5.535774885296128,0.95
low,4,2026-07-31T13:00:00+02:00,JUG,LYBE,extra_after_boarding_min_p95,2,1.4168573736710641,0.17285638822921218,-0.13619565681360934,2.969910404155738,0.95
low,4,2026-07-31T13:00:00+02:00,JUG,LYBE,fraction_boarding_within_wait_limit,2,0.3333333333333333,0.4714045207910317,-3.902068245391552,4.568734912058218,0.95
low,4,2026-07-31T13:00:00+02:00,JUG,LYBE,generated_passengers,2,2.0,1.4142135623730951,-10.706204736174659,14.706204736174659,0.95
low,4,2026-07-31T13:00:00+02:00,JUG,LYBE,journey_duration_min_max,2,63.2130039633701,29.655186940051124,-203.2282795705906,329.6542874973308,0.95
low,4,2026-07-31T13:00:00+02:00,JUG,LYBE,journey_duration_min_mean,2,61.41303895456842,32.20072186729547,-227.89896849917687,350.72504640831374,0.95
low,4,2026-07-31T13:00:00+02:00,JUG,LYBE,journey_duration_min_p95,2,63.14497799751177,29.7513901835615,-204.1606573860209,330.45061338104443,0.95
low,4,2026-07-31T13:00:00+02:00,JUG,LYBE,on_time_passengers,2,1.0,1.4142135623730951,-11.706204736174659,13.706204736174659,0.95
low,4,2026-07-31T13:00:00+02:00,JUG,LYBE,wait_to_boarding_min_max,2,36.485038473707085,27.172539261013185,-207.6505406483179,280.6206175957321,0.95
low,4,2026-07-31T13:00:00+02:00,JUG,LYBE,wait_to_boarding_min_mean,2,34.220584374980355,30.374960958803875,-238.68761214113638,307.1287808910971,0.95
low,4,2026-07-31T13:00:00+02:00,JUG,LYBE,wait_to_boarding_min_p95,2,36.37148088869774,27.33313393784374,-209.2069841578016,281.9499459351971,0.95
low,4,2026-07-31T13:00:00+02:00,LYBE,BW,boarded_passengers,2,2.5,0.7071067811865476,-3.8531023680873293,8.85310236808733,0.95
low,4,2026-07-31T13:00:00+02:00,LYBE,BW,completed_journeys,2,2.5,0.7071067811865476,-3.8531023680873293,8.85310236808733,0.95
low,4,2026-07-31T13:00:00+02:00,LYBE,BW,extra_after_boarding_min_max,2,2.2687167344135863,3.208449974990493,-26.55806258143103,31.095496050258205,0.95
low,4,2026-07-31T13:00:00+02:00,LYBE,BW,extra_after_boarding_min_mean,2,1.1648982732266024,1.6474149367820605,-13.636537683206933,15.96633422966014,0.95
low,4,2026-07-31T13:00:00+02:00,LYBE,BW,extra_after_boarding_min_p95,2,2.158334888294888,3.0523464711696495,-25.265910091608614,29.58257986819839,0.95
low,4,2026-07-31T13:00:00+02:00,LYBE,BW,fraction_boarding_within_wait_limit,2,0.75,0.3535533905932738,-2.4265511840436647,3.9265511840436647,0.95
low,4,2026-07-31T13:00:00+02:00,LYBE,BW,generated_passengers,2,2.5,0.7071067811865476,-3.8531023680873293,8.85310236808733,0.95
low,4,2026-07-31T13:00:00+02:00,LYBE,BW,journey_duration_min_max,2,32.25053214565584,1.112422904033272,22.25580889598038,42.2452553953313,0.95
low,4,2026-07-31T13:00:00+02:00,LYBE,BW,journey_duration_min_mean,2,27.70321217400052,3.0588858282547973,0.22021340175789206,55.18621094624315,0.95
low,4,2026-07-31T13:00:00+02:00,LYBE,BW,journey_duration_min_p95,2,31.766781826613588,0.7363301351598283,25.151118040264137,38.38244561296304,0.95
low,4,2026-07-31T13:00:00+02:00,LYBE,BW,on_time_passengers,2,2.0,1.4142135623730951,-10.706204736174659,14.706204736174659,0.95
low,4,2026-07-31T13:00:00+02:00,LYBE,BW,wait_to_boarding_min_max,2,15.867885044575571,1.2273748006195506,4.8403599807342985,26.895410108416844,0.95
low,4,2026-07-31T13:00:00+02:00,LYBE,BW,wait_to_boarding_min_mean,2,11.836883534107235,2.213749361354277,-8.052865347061092,31.72663241527556,0.95
low,4,2026-07-31T13:00:00+02:00,LYBE,BW,wait_to_boarding_min_p95,2,15.43576657165202,0.9243004887775292,7.13125616344592,23.740276979858116,0.95
low,4,2026-07-31T13:00:00+02:00,LYBE,DOR,boarded_passengers,2,1.5,0.7071067811865476,-4.853102368087329,7.853102368087329,0.95
low,4,2026-07-31T13:00:00+02:00,LYBE,DOR,completed_journeys,2,1.5,0.7071067811865476,-4.853102368087329,7.853102368087329,0.95
low,4,2026-07-31T13:00:00+02:00,LYBE,DOR,extra_after_boarding_min_max,2,2.727746355864353,3.8576158911771548,-31.93155731010245,37.38705002183116,0.95
low,4,2026-07-31T13:00:00+02:00,LYBE,DOR,extra_after_boarding_min_mean,2,2.727746355864353,3.8576158911771548,-31.93155731010245,37.38705002183116,0.95
low,4,2026-07-31T13:00:00+02:00,LYBE,DOR,extra_after_boarding_min_p95,2,2.727746355864353,3.8576158911771548,-31.93155731010245,37.38705002183116,0.95
low,4,2026-07-31T13:00:00+02:00,LYBE,DOR,fraction_boarding_within_wait_limit,2,0.25,0.3535533905932738,-2.9265511840436647,3.4265511840436647,0.95
low,4,2026-07-31T13:00:00+02:00,LYBE,DOR,generated_passengers,2,1.5,0.7071067811865476,-4.853102368087329,7.853102368087329,0.95
low,4,2026-07-31T13:00:00+02:00,LYBE,DOR,journey_duration_min_max,2,34.264735166327654,0.15387414139422814,32.882230857093525,35.64723947556178,0.95
low,4,2026-07-31T13:00:00+02:00,LYBE,DOR,journey_duration_min_mean,2,30.517054379481763,5.453895137596762,-18.48424929324441,79.51835805220793,0.95
low,4,2026-07-31T13:00:00+02:00,LYBE,DOR,journey_duration_min_p95,2,33.889967087643065,0.6838762410144812,27.745582842059736,40.0343513332264,0.95
low,4,2026-07-31T13:00:00+02:00,LYBE,DOR,on_time_passengers,2,0.5,0.7071067811865476,-5.853102368087329,6.853102368087329,0.95
low,4,2026-07-31T13:00:00+02:00,LYBE,DOR,wait_to_boarding_min_max,2,16.88198524379659,2.0420408139945403,-1.465023547930869,35.228994035524046,0.95
low,4,2026-07-31T13:00:00+02:00,LYBE,DOR,wait_to_boarding_min_mean,2,13.134304456950698,3.2579801822079917,-16.137486114813882,42.40609502871528,0.95
low,4,2026-07-31T13:00:00+02:00,LYBE,DOR,wait_to_boarding_min_p95,2,16.507217165112,1.512038714374287,2.922088309733745,30.092346020490254,0.95
low,4,2026-07-31T13:00:00+02:00,LYBE,EXPO,boarded_passengers,2,1.0,1.4142135623730951,-11.706204736174659,13.706204736174659,0.95
low,4,2026-07-31T13:00:00+02:00,LYBE,EXPO,completed_journeys,2,1.0,1.4142135623730951,-11.706204736174659,13.706204736174659,0.95
low,4,2026-07-31T13:00:00+02:00,LYBE,EXPO,extra_after_boarding_min_max,1,0.0,,,,0.95
low,4,2026-07-31T13:00:00+02:00,LYBE,EXPO,extra_after_boarding_min_mean,1,0.0,,,,0.95
low,4,2026-07-31T13:00:00+02:00,LYBE,EXPO,extra_after_boarding_min_p95,1,0.0,,,,0.95
low,4,2026-07-31T13:00:00+02:00,LYBE,EXPO,fraction_boarding_within_wait_limit,1,1.0,,,,0.95
low,4,2026-07-31T13:00:00+02:00,LYBE,EXPO,generated_passengers,2,1.0,1.4142135623730951,-11.706204736174659,13.706204736174659,0.95
low,4,2026-07-31T13:00:00+02:00,LYBE,EXPO,journey_duration_min_max,1,24.69603996666665,,,,0.95
low,4,2026-07-31T13:00:00+02:00,LYBE,EXPO,journey_duration_min_mean,1,24.69603996666665,,,,0.95
low,4,2026-07-31T13:00:00+02:00,LYBE,EXPO,journey_duration_min_p95,1,24.69603996666665,,,,0.95
low,4,2026-07-31T13:00:00+02:00,LYBE,EXPO,on_time_passengers,2,1.0,1.4142135623730951,-11.706204736174659,13.706204736174659,0.95
low,4,2026-07-31T13:00:00+02:00,LYBE,EXPO,wait_to_boarding_min_max,1,15.0,,,,0.95
low,4,2026-07-31T13:00:00+02:00,LYBE,EXPO,wait_to_boarding_min_mean,1,15.0,,,,0.95
low,4,2026-07-31T13:00:00+02:00,LYBE,EXPO,wait_to_boarding_min_p95,1,15.0,,,,0.95
low,4,2026-07-31T13:00:00+02:00,LYBE,JUG,boarded_passengers,2,3.5,0.7071067811865476,-2.8531023680873293,9.85310236808733,0.95
low,4,2026-07-31T13:00:00+02:00,LYBE,JUG,completed_journeys,2,3.5,0.7071067811865476,-2.8531023680873293,9.85310236808733,0.95
low,4,2026-07-31T13:00:00+02:00,LYBE,JUG,extra_after_boarding_min_max,2,3.0090054510802777,4.255376318172301,-35.22403386261131,41.24204476477186,0.95
low,4,2026-07-31T13:00:00+02:00,LYBE,JUG,extra_after_boarding_min_mean,2,1.7461062546841428,2.4693671467188043,-20.440277308447705,23.93248981781599,0.95
low,4,2026-07-31T13:00:00+02:00,LYBE,JUG,extra_after_boarding_min_p95,2,3.009005451080269,4.255376318172289,-35.2240338626112,41.24204476477174,0.95
low,4,2026-07-31T13:00:00+02:00,LYBE,JUG,fraction_boarding_within_wait_limit,2,0.625,0.5303300858899106,-4.1398267760654965,5.3898267760654965,0.95
low,4,2026-07-31T13:00:00+02:00,LYBE,JUG,generated_passengers,2,3.5,0.7071067811865476,-2.8531023680873293,9.85310236808733,0.95
low,4,2026-07-31T13:00:00+02:00,LYBE,JUG,journey_duration_min_max,2,34.596126548137306,8.885156879598831,-45.23384074178843,114.42609383806304,0.95
low,4,2026-07-31T13:00:00+02:00,LYBE,JUG,journey_duration_min_mean,2,29.312558824763926,5.50907714639112,-20.18453552636442,78.80965317589227,0.95
low,4,2026-07-31T13:00:00+02:00,LYBE,JUG,journey_duration_min_p95,2,34.39985074251365,9.134936165751975,-47.67429439519891,116.47399588022621,0.95
low,4,2026-07-31T13:00:00+02:00,LYBE,JUG,on_time_passengers,2,2.0,1.4142135623730951,-10.706204736174659,14.706204736174659,0.95
low,4,2026-07-31T13:00:00+02:00,LYBE,JUG,wait_to_boarding_min_max,2,18.273749230390422,4.6297805614266165,-23.323178745844494,59.87067720662534,0.95
low,4,2026-07-31T13:00:00+02:00,LYBE,JUG,wait_to_boarding_min_mean,2,12.098914036746454,4.424460779495972,-27.6532888887544,51.8511169622473,0.95
low,4,2026-07-31T13:00:00+02:00,LYBE,JUG,wait_to_boarding_min_p95,2,17.842473424766755,5.2119000347374245,-28.984590512255917,64.66953736178942,0.95
low,4,2026-07-31T13:00:00+02:00,LYBE,LYBV,boarded_passengers,2,1.0,1.4142135623730951,-11.706204736174659,13.706204736174659,0.95
low,4,2026-07-31T13:00:00+02:00,LYBE,LYBV,completed_journeys,2,1.0,1.4142135623730951,-11.706204736174659,13.706204736174659,0.95
low,4,2026-07-31T13:00:00+02:00,LYBE,LYBV,extra_after_boarding_min_max,1,6.142716132413503,,,,0.95
low,4,2026-07-31T13:00:00+02:00,LYBE,LYBV,extra_after_boarding_min_mean,1,4.542716132413504,,,,0.95
low,4,2026-07-31T13:00:00+02:00,LYBE,LYBV,extra_after_boarding_min_p95,1,5.982716132413503,,,,0.95
low,4,2026-07-31T13:00:00+02:00,LYBE,LYBV,fraction_boarding_within_wait_limit,1,0.0,,,,0.95
low,4,2026-07-31T13:00:00+02:00,LYBE,LYBV,generated_passengers,2,1.0,1.4142135623730951,-11.706204736174659,13.706204736174659,0.95
low,4,2026-07-31T13:00:00+02:00,LYBE,LYBV,journey_duration_min_max,1,41.31436495091839,,,,0.95
low,4,2026-07-31T13:00:00+02:00,LYBE,LYBV,journey_duration_min_mean,1,40.01854570471872,,,,0.95
low,4,2026-07-31T13:00:00+02:00,LYBE,LYBV,journey_duration_min_p95,1,41.18478302629842,,,,0.95
low,4,2026-07-31T13:00:00+02:00,LYBE,LYBV,on_time_passengers,2,0.0,0.0,0.0,0.0,0.95
low,4,2026-07-31T13:00:00+02:00,LYBE,LYBV,wait_to_boarding_min_max,1,22.155873859438845,,,,0.95
low,4,2026-07-31T13:00:00+02:00,LYBE,LYBV,wait_to_boarding_min_mean,1,21.851693105638514,,,,0.95
low,4,2026-07-31T13:00:00+02:00,LYBE,LYBV,wait_to_boarding_min_p95,1,22.12545578405881,,,,0.95
low,4,2026-07-31T13:00:00+02:00,LYBV,LYBE,boarded_passengers,2,1.0,1.4142135623730951,-11.706204736174659,13.706204736174659,0.95
low,4,2026-07-31T13:00:00+02:00,LYBV,LYBE,completed_journeys,2,1.0,1.4142135623730951,-11.706204736174659,13.706204736174659,0.95
low,4,2026-07-31T13:00:00+02:00,LYBV,LYBE,extra_after_boarding_min_max,1,5.105496237681654,,,,0.95
low,4,2026-07-31T13:00:00+02:00,LYBV,LYBE,extra_after_boarding_min_mean,1,5.105496237681654,,,,0.95
low,4,2026-07-31T13:00:00+02:00,LYBV,LYBE,extra_after_boarding_min_p95,1,5.105496237681654,,,,0.95
low,4,2026-07-31T13:00:00+02:00,LYBV,LYBE,fraction_boarding_within_wait_limit,1,1.0,,,,0.95
low,4,2026-07-31T13:00:00+02:00,LYBV,LYBE,generated_passengers,2,1.0,1.4142135623730951,-11.706204736174659,13.706204736174659,0.95
low,4,2026-07-31T13:00:00+02:00,LYBV,LYBE,journey_duration_min_max,1,46.07502123122116,,,,0.95
low,4,2026-07-31T13:00:00+02:00,LYBV,LYBE,journey_duration_min_mean,1,41.08273323184349,,,,0.95
low,4,2026-07-31T13:00:00+02:00,LYBV,LYBE,journey_duration_min_p95,1,45.57579243128339,,,,0.95
low,4,2026-07-31T13:00:00+02:00,LYBV,LYBE,on_time_passengers,2,1.0,1.4142135623730951,-11.706204736174659,13.706204736174659,0.95
low,4,2026-07-31T13:00:00+02:00,LYBV,LYBE,wait_to_boarding_min_max,1,15.0,,,,0.95
low,4,2026-07-31T13:00:00+02:00,LYBV,LYBE,wait_to_boarding_min_mean,1,9.998730244267549,,,,0.95
low,4,2026-07-31T13:00:00+02:00,LYBV,LYBE,wait_to_boarding_min_p95,1,14.499873024426755,,,,0.95
low,4,2026-07-31T14:00:00+02:00,BW,LYBE,boarded_passengers,2,2.5,0.7071067811865476,-3.8531023680873293,8.85310236808733,0.95
low,4,2026-07-31T14:00:00+02:00,BW,LYBE,completed_journeys,2,2.5,0.7071067811865476,-3.8531023680873293,8.85310236808733,0.95
low,4,2026-07-31T14:00:00+02:00,BW,LYBE,extra_after_boarding_min_max,2,0.0,0.0,0.0,0.0,0.95
low,4,2026-07-31T14:00:00+02:00,BW,LYBE,extra_after_boarding_min_mean,2,0.0,0.0,0.0,0.0,0.95
low,4,2026-07-31T14:00:00+02:00,BW,LYBE,extra_after_boarding_min_p95,2,0.0,0.0,0.0,0.0,0.95
low,4,2026-07-31T14:00:00+02:00,BW,LYBE,fraction_boarding_within_wait_limit,2,0.75,0.3535533905932738,-2.4265511840436647,3.9265511840436647,0.95
low,4,2026-07-31T14:00:00+02:00,BW,LYBE,generated_passengers,2,2.5,0.7071067811865476,-3.8531023680873293,8.85310236808733,0.95
low,4,2026-07-31T14:00:00+02:00,BW,LYBE,journey_duration_min_max,2,39.18643773484655,0.7213258924813236,32.70558172043249,45.66729374926061,0.95
low,4,2026-07-31T14:00:00+02:00,BW,LYBE,journey_duration_min_mean,2,37.36059742872715,0.9383745007183049,28.929637040166746,45.79155781728755,0.95
low,4,2026-07-31T14:00:00+02:00,BW,LYBE,journey_duration_min_p95,2,38.99078836894563,0.7615079276676447,32.148911091988424,45.832665645902836,0.95
low,4,2026-07-31T14:00:00+02:00,BW,LYBE,on_time_passengers,2,2.0,1.4142135623730951,-10.706204736174659,14.706204736174659,0.95
low,4,2026-07-31T14:00:00+02:00,BW,LYBE,wait_to_boarding_min_max,2,15.179252218449559,0.25350091841683087,12.90163683141596,17.456867605483158,0.95
low,4,2026-07-31T14:00:00+02:00,BW,LYBE,wait_to_boarding_min_mean,2,14.520097917889718,0.9321849515482773,6.1447484222463835,22.895447413533052,0.95
low,4,2026-07-31T14:00:00+02:00,BW,LYBE,wait_to_boarding_min_p95,2,15.170289607527081,0.2408258724959888,13.006554989845167,17.334024225208996,0.95
low,4,2026-07-31T14:00:00+02:00,DOR,LYBE,boarded_passengers,2,0.5,0.7071067811865476,-5.853102368087329,6.853102368087329,0.95
low,4,2026-07-31T14:00:00+02:00,DOR,LYBE,completed_journeys,2,0.5,0.7071067811865476,-5.853102368087329,6.853102368087329,0.95
low,4,2026-07-31T14:00:00+02:00,DOR,LYBE,extra_after_boarding_min_max,1,0.7857937462260451,,,,0.95
low,4,2026-07-31T14:00:00+02:00,DOR,LYBE,extra_after_boarding_min_mean,1,0.7857937462260451,,,,0.95
low,4,2026-07-31T14:00:00+02:00,DOR,LYBE,extra_after_boarding_min_p95,1,0.7857937462260451,,,,0.95
low,4,2026-07-31T14:00:00+02:00,DOR,LYBE,fraction_boarding_within_wait_limit,1,1.0,,,,0.95
low,4,2026-07-31T14:00:00+02:00,DOR,LYBE,generated_passengers,2,0.5,0.7071067811865476,-5.853102368087329,6.853102368087329,0.95
low,4,2026-07-31T14:00:00+02:00,DOR,LYBE,journey_duration_min_max,1,39.98754315021494,,,,0.95
low,4,2026-07-31T14:00:00+02:00,DOR,LYBE,journey_duration_min_mean,1,39.98754315021494,,,,0.95
low,4,2026-07-31T14:00:00+02:00,DOR,LYBE,journey_duration_min_p95,1,39.98754315021494,,,,0.95
low,4,2026-07-31T14:00:00+02:00,DOR,LYBE,on_time_passengers,2,0.5,0.7071067811865476,-5.853102368087329,6.853102368087329,0.95
low,4,2026-07-31T14:00:00+02:00,DOR,LYBE,wait_to_boarding_min_max,1,15.0,,,,0.95
low,4,2026-07-31T14:00:00+02:00,DOR,LYBE,wait_to_boarding_min_mean,1,15.0,,,,0.95
low,4,2026-07-31T14:00:00+02:00,DOR,LYBE,wait_to_boarding_min_p95,1,15.0,,,,0.95
low,4,2026-07-31T14:00:00+02:00,EXPO,LYBE,boarded_passengers,2,0.5,0.7071067811865476,-5.853102368087329,6.853102368087329,0.95
low,4,2026-07-31T14:00:00+02:00,EXPO,LYBE,completed_journeys,2,0.5,0.7071067811865476,-5.853102368087329,6.853102368087329,0.95
low,4,2026-07-31T14:00:00+02:00,EXPO,LYBE,extra_after_boarding_min_max,1,0.0,,,,0.95
low,4,2026-07-31T14:00:00+02:00,EXPO,LYBE,extra_after_boarding_min_mean,1,0.0,,,,0.95
low,4,2026-07-31T14:00:00+02:00,EXPO,LYBE,extra_after_boarding_min_p95,1,0.0,,,,0.95
low,4,2026-07-31T14:00:00+02:00,EXPO,LYBE,fraction_boarding_within_wait_limit,1,1.0,,,,0.95
low,4,2026-07-31T14:00:00+02:00,EXPO,LYBE,generated_passengers,2,0.5,0.7071067811865476,-5.853102368087329,6.853102368087329,0.95
low,4,2026-07-31T14:00:00+02:00,EXPO,LYBE,journey_duration_min_max,1,36.129759589876386,,,,0.95
low,4,2026-07-31T14:00:00+02:00,EXPO,LYBE,journey_duration_min_mean,1,36.129759589876386,,,,0.95
low,4,2026-07-31T14:00:00+02:00,EXPO,LYBE,journey_duration_min_p95,1,36.129759589876386,,,,0.95
low,4,2026-07-31T14:00:00+02:00,EXPO,LYBE,on_time_passengers,2,0.5,0.7071067811865476,-5.853102368087329,6.853102368087329,0.95
low,4,2026-07-31T14:00:00+02:00,EXPO,LYBE,wait_to_boarding_min_max,1,15.0,,,,0.95
low,4,2026-07-31T14:00:00+02:00,EXPO,LYBE,wait_to_boarding_min_mean,1,15.0,,,,0.95
low,4,2026-07-31T14:00:00+02:00,EXPO,LYBE,wait_to_boarding_min_p95,1,15.0,,,,0.95
low,4,2026-07-31T14:00:00+02:00,JUG,LYBE,boarded_passengers,2,1.0,1.4142135623730951,-11.706204736174659,13.706204736174659,0.95
low,4,2026-07-31T14:00:00+02:00,JUG,LYBE,completed_journeys,2,1.0,1.4142135623730951,-11.706204736174659,13.706204736174659,0.95
low,4,2026-07-31T14:00:00+02:00,JUG,LYBE,extra_after_boarding_min_max,1,1.2946294493827737,,,,0.95
low,4,2026-07-31T14:00:00+02:00,JUG,LYBE,extra_after_boarding_min_mean,1,1.2946294493827737,,,,0.95
low,4,2026-07-31T14:00:00+02:00,JUG,LYBE,extra_after_boarding_min_p95,1,1.2946294493827737,,,,0.95
low,4,2026-07-31T14:00:00+02:00,JUG,LYBE,fraction_boarding_within_wait_limit,1,0.0,,,,0.95
low,4,2026-07-31T14:00:00+02:00,JUG,LYBE,generated_passengers,2,1.0,1.4142135623730951,-11.706204736174659,13.706204736174659,0.95
low,4,2026-07-31T14:00:00+02:00,JUG,LYBE,journey_duration_min_max,1,55.79019228255638,,,,0.95
low,4,2026-07-31T14:00:00+02:00,JUG,LYBE,journey_duration_min_mean,1,53.65391531803144,,,,0.95
low,4,2026-07-31T14:00:00+02:00,JUG,LYBE,journey_duration_min_p95,1,55.576564586103885,,,,0.95
low,4,2026-07-31T14:00:00+02:00,JUG,LYBE,on_time_passengers,2,0.0,0.0,0.0,0.0,0.95
low,4,2026-07-31T14:00:00+02:00,JUG,LYBE,wait_to_boarding_min_max,1,27.04743746911675,,,,0.95
low,4,2026-07-31T14:00:00+02:00,JUG,LYBE,wait_to_boarding_min_mean,1,24.13722292008994,,,,0.95
low,4,2026-07-31T14:00:00+02:00,JUG,LYBE,wait_to_boarding_min_p95,1,26.75641601421407,,,,0.95
low,4,2026-07-31T14:00:00+02:00,LYBE,BW,boarded_passengers,2,0.5,0.7071067811865476,-5.853102368087329,6.853102368087329,0.95
low,4,2026-07-31T14:00:00+02:00,LYBE,BW,completed_journeys,2,0.5,0.7071067811865476,-5.853102368087329,6.853102368087329,0.95
low,4,2026-07-31T14:00:00+02:00,LYBE,BW,extra_after_boarding_min_max,1,0.0,,,,0.95
low,4,2026-07-31T14:00:00+02:00,LYBE,BW,extra_after_boarding_min_mean,1,0.0,,,,0.95
low,4,2026-07-31T14:00:00+02:00,LYBE,BW,extra_after_boarding_min_p95,1,0.0,,,,0.95
low,4,2026-07-31T14:00:00+02:00,LYBE,BW,fraction_boarding_within_wait_limit,1,1.0,,,,0.95
low,4,2026-07-31T14:00:00+02:00,LYBE,BW,generated_passengers,2,0.5,0.7071067811865476,-5.853102368087329,6.853102368087329,0.95
low,4,2026-07-31T14:00:00+02:00,LYBE,BW,journey_duration_min_max,1,26.76393036666668,,,,0.95
low,4,2026-07-31T14:00:00+02:00,LYBE,BW,journey_duration_min_mean,1,26.76393036666668,,,,0.95
low,4,2026-07-31T14:00:00+02:00,LYBE,BW,journey_duration_min_p95,1,26.76393036666668,,,,0.95
low,4,2026-07-31T14:00:00+02:00,LYBE,BW,on_time_passengers,2,0.5,0.7071067811865476,-5.853102368087329,6.853102368087329,0.95
low,4,2026-07-31T14:00:00+02:00,LYBE,BW,wait_to_boarding_min_max,1,15.0,,,,0.95
low,4,2026-07-31T14:00:00+02:00,LYBE,BW,wait_to_boarding_min_mean,1,15.0,,,,0.95
low,4,2026-07-31T14:00:00+02:00,LYBE,BW,wait_to_boarding_min_p95,1,15.0,,,,0.95
low,4,2026-07-31T14:00:00+02:00,LYBE,DOR,boarded_passengers,2,1.0,0.0,1.0,1.0,0.95
low,4,2026-07-31T14:00:00+02:00,LYBE,DOR,completed_journeys,2,1.0,0.0,1.0,1.0,0.95
low,4,2026-07-31T14:00:00+02:00,LYBE,DOR,extra_after_boarding_min_max,2,0.0,0.0,0.0,0.0,0.95
low,4,2026-07-31T14:00:00+02:00,LYBE,DOR,extra_after_boarding_min_mean,2,0.0,0.0,0.0,0.0,0.95
low,4,2026-07-31T14:00:00+02:00,LYBE,DOR,extra_after_boarding_min_p95,2,0.0,0.0,0.0,0.0,0.95
low,4,2026-07-31T14:00:00+02:00,LYBE,DOR,fraction_boarding_within_wait_limit,2,1.0,0.0,1.0,1.0,0.95
low,4,2026-07-31T14:00:00+02:00,LYBE,DOR,generated_passengers,2,1.0,0.0,1.0,1.0,0.95
low,4,2026-07-31T14:00:00+02:00,LYBE,DOR,journey_duration_min_max,2,28.48000356666671,0.0,28.48000356666671,28.48000356666671,0.95
low,4,2026-07-31T14:00:00+02:00,LYBE,DOR,journey_duration_min_mean,2,28.48000356666671,0.0,28.48000356666671,28.48000356666671,0.95
low,4,2026-07-31T14:00:00+02:00,LYBE,DOR,journey_duration_min_p95,2,28.48000356666671,0.0,28.48000356666671,28.48000356666671,0.95
low,4,2026-07-31T14:00:00+02:00,LYBE,DOR,on_time_passengers,2,1.0,0.0,1.0,1.0,0.95
low,4,2026-07-31T14:00:00+02:00,LYBE,DOR,wait_to_boarding_min_max,2,15.0,0.0,15.0,15.0,0.95
low,4,2026-07-31T14:00:00+02:00,LYBE,DOR,wait_to_boarding_min_mean,2,15.0,0.0,15.0,15.0,0.95
low,4,2026-07-31T14:00:00+02:00,LYBE,DOR,wait_to_boarding_min_p95,2,15.0,0.0,15.0,15.0,0.95
low,4,2026-07-31T14:00:00+02:00,LYBV,LYBE,boarded_passengers,2,2.0,0.0,2.0,2.0,0.95
low,4,2026-07-31T14:00:00+02:00,LYBV,LYBE,completed_journeys,2,2.0,0.0,2.0,2.0,0.95
low,4,2026-07-31T14:00:00+02:00,LYBV,LYBE,extra_after_boarding_min_max,2,2.4463580662068125,3.4596727556504923,-28.637568381009263,33.530284513422885,0.95
low,4,2026-07-31T14:00:00+02:00,LYBV,LYBE,extra_after_boarding_min_mean,2,2.4463580662068125,3.4596727556504923,-28.637568381009263,33.530284513422885,0.95
low,4,2026-07-31T14:00:00+02:00,LYBV,LYBE,extra_after_boarding_min_p95,2,2.4463580662068125,3.4596727556504923,-28.637568381009263,33.530284513422885,0.95
low,4,2026-07-31T14:00:00+02:00,LYBV,LYBE,fraction_boarding_within_wait_limit,2,0.5,0.7071067811865476,-5.853102368087329,6.853102368087329,0.95
low,4,2026-07-31T14:00:00+02:00,LYBV,LYBE,generated_passengers,2,2.0,0.0,2.0,2.0,0.95
low,4,2026-07-31T14:00:00+02:00,LYBV,LYBE,journey_duration_min_max,2,60.047201852222194,27.38162445427011,-185.9669331990552,306.0613369034996,0.95
low,4,2026-07-31T14:00:00+02:00,LYBV,LYBE,journey_duration_min_mean,2,53.098075793357026,28.127940639612824,-199.62144414545662,305.8175957321707,0.95
low,4,2026-07-31T14:00:00+02:00,LYBV,LYBE,journey_duration_min_p95,2,59.35228924633568,27.456256072804383,-187.33238429369536,306.0369627863667,0.95
low,4,2026-07-31T14:00:00+02:00,LYBV,LYBE,on_time_passengers,2,1.0,1.4142135623730951,-11.706204736174659,13.706204736174659,0.95
low,4,2026-07-31T14:00:00+02:00,LYBV,LYBE,wait_to_boarding_min_max,2,31.62648194114257,23.513396255715165,-179.63300164532555,242.8859655276107,0.95
low,4,2026-07-31T14:00:00+02:00,LYBV,LYBE,wait_to_boarding_min_mean,2,24.990544651462763,24.493764736587803,-195.07720026574628,245.0582895686718,0.95
low,4,2026-07-31T14:00:00+02:00,LYBV,LYBE,wait_to_boarding_min_p95,2,30.962888212174587,23.61143310380243,-181.17742150736765,243.10319793171684,0.95
low,4,2026-07-31T15:00:00+02:00,BW,LYBE,boarded_passengers,2,1.5,0.7071067811865476,-4.853102368087329,7.853102368087329,0.95
low,4,2026-07-31T15:00:00+02:00,BW,LYBE,completed_journeys,2,1.5,0.7071067811865476,-4.853102368087329,7.853102368087329,0.95
low,4,2026-07-31T15:00:00+02:00,BW,LYBE,extra_after_boarding_min_max,2,0.0,0.0,0.0,0.0,0.95
low,4,2026-07-31T15:00:00+02:00,BW,LYBE,extra_after_boarding_min_mean,2,0.0,0.0,0.0,0.0,0.95
low,4,2026-07-31T15:00:00+02:00,BW,LYBE,extra_after_boarding_min_p95,2,0.0,0.0,0.0,0.0,0.95
low,4,2026-07-31T15:00:00+02:00,BW,LYBE,fraction_boarding_within_wait_limit,2,0.5,0.7071067811865476,-5.853102368087329,6.853102368087329,0.95
low,4,2026-07-31T15:00:00+02:00,BW,LYBE,generated_passengers,2,1.5,0.7071067811865476,-4.853102368087329,7.853102368087329,0.95
low,4,2026-07-31T15:00:00+02:00,BW,LYBE,journey_duration_min_max,2,38.5227657275252,0.021148185278991857,38.332756821442786,38.71277463360761,0.95
low,4,2026-07-31T15:00:00+02:00,BW,LYBE,journey_duration_min_mean,2,35.17845819841016,4.750713249699924,-7.505006873338232,77.86192327015856,0.95
low,4,2026-07-31T15:00:00+02:00,BW,LYBE,journey_duration_min_p95,2,38.18833497461369,0.49410469172108756,33.748980451964655,42.62768949726272,0.95
low,4,2026-07-31T15:00:00+02:00,BW,LYBE,on_time_passengers,2,1.0,1.4142135623730951,-11.706204736174659,13.706204736174659,0.95
low,4,2026-07-31T15:00:00+02:00,BW,LYBE,wait_to_boarding_min_max,2,15.706965183333342,0.9997997503955934,6.724120822552649,24.689809544114034,0.95
low,4,2026-07-31T15:00:00+02:00,BW,LYBE,wait_to_boarding_min_mean,2,12.193883588792536,5.968047387118499,-41.42689476711056,65.81466194469563,0.95
low,4,2026-07-31T15:00:00+02:00,BW,LYBE,wait_to_boarding_min_p95,2,15.35565702387926,1.496624514067884,1.9090192635863303,28.80229478417219,0.95
low,4,2026-07-31T15:00:00+02:00,DOR,LYBE,boarded_passengers,2,2.0,0.0,2.0,2.0,0.95
low,4,2026-07-31T15:00:00+02:00,DOR,LYBE,completed_journeys,2,2.0,0.0,2.0,2.0,0.95
low,4,2026-07-31T15:00:00+02:00,DOR,LYBE,extra_after_boarding_min_max,2,1.5371340039451147,2.1738357555640397,-17.994005357117413,21.068273365007645,0.95
low,4,2026-07-31T15:00:00+02:00,DOR,LYBE,extra_after_boarding_min_mean,2,1.5371340039451147,2.1738357555640397,-17.994005357117413,21.068273365007645,0.95
low,4,2026-07-31T15:00:00+02:00,DOR,LYBE,extra_after_boarding_min_p95,2,1.5371340039451147,2.1738357555640397,-17.994005357117413,21.068273365007645,0.95
low,4,2026-07-31T15:00:00+02:00,DOR,LYBE,fraction_boarding_within_wait_limit,2,1.0,0.0,1.0,1.0,0.95
low,4,2026-07-31T15:00:00+02:00,DOR,LYBE,generated_passengers,2,2.0,0.0,2.0,2.0,0.95
low,4,2026-07-31T15:00:00+02:00,DOR,LYBE,journey_duration_min_max,2,41.248219672201955,4.084279079981256,4.552428052982648,77.94401129142126,0.95
low,4,2026-07-31T15:00:00+02:00,DOR,LYBE,journey_duration_min_mean,2,40.12835912162309,2.7230362449792276,15.662849135513685,64.5938691077325,0.95
low,4,2026-07-31T15:00:00+02:00,DOR,LYBE,journey_duration_min_p95,2,41.13623361714407,3.9481547964810533,5.66347016123575,76.6089970730524,0.95
low,4,2026-07-31T15:00:00+02:00,DOR,LYBE,on_time_passengers,2,2.0,0.0,2.0,2.0,0.95
low,4,2026-07-31T15:00:00+02:00,DOR,LYBE,wait_to_boarding_min_max,2,15.0,0.0,15.0,15.0,0.95
low,4,2026-07-31T15:00:00+02:00,DOR,LYBE,wait_to_boarding_min_mean,2,14.08655717578064,1.2918032304633997,2.4801656364598728,25.69294871510141,0.95
low,4,2026-07-31T15:00:00+02:00,DOR,LYBE,wait_to_boarding_min_p95,2,14.908655717578064,0.12918032304634008,13.748016563645987,16.06929487151014,0.95
low,4,2026-07-31T15:00:00+02:00,JUG,LYBE,boarded_passengers,2,1.5,0.7071067811865476,-4.853102368087329,7.853102368087329,0.95
low,4,2026-07-31T15:00:00+02:00,JUG,LYBE,completed_journeys,2,1.5,0.7071067811865476,-4.853102368087329,7.853102368087329,0.95
low,4,2026-07-31T15:00:00+02:00,JUG,LYBE,extra_after_boarding_min_max,2,1.2145703617480346,1.7176618780404667,-14.218009321112211,16.64715004460828,0.95
low,4,2026-07-31T15:00:00+02:00,JUG,LYBE,extra_after_boarding_min_mean,2,0.6072851808740173,0.8588309390202333,-7.1090046605561055,8.32357502230414,0.95
low,4,2026-07-31T15:00:00+02:00,JUG,LYBE,extra_after_boarding_min_p95,2,1.1538418436606328,1.6317787841384432,-13.507108855056599,15.814792542377864,0.95
low,4,2026-07-31T15:00:00+02:00,JUG,LYBE,fraction_boarding_within_wait_limit,2,0.75,0.3535533905932738,-2.4265511840436647,3.9265511840436647,0.95
low,4,2026-07-31T15:00:00+02:00,JUG,LYBE,generated_passengers,2,1.5,0.7071067811865476,-4.853102368087329,7.853102368087329,0.95
low,4,2026-07-31T15:00:00+02:00,JUG,LYBE,journey_duration_min_max,2,41.56236266177021,4.564908731156882,0.5482849557833518,82.57644036775707,0.95
low,4,2026-07-31T15:00:00+02:00,JUG,LYBE,journey_duration_min_mean,2,40.079151895321445,2.4673319493872468,17.91105385473111,62.24724993591178,0.95
low,4,2026-07-31T15:00:00+02:00,JUG,LYBE,journey_duration_min_p95,2,41.41404158512533,4.3551510529799184,2.2845618456781196,80.54352132457254,0.95
low,4,2026-07-31T15:00:00+02:00,JUG,LYBE,on_time_passengers,2,1.0,0.0,1.0,1.0,0.95
low,4,2026-07-31T15:00:00+02:00,JUG,LYBE,wait_to_boarding_min_max,2,17.096357585795037,2.9646973294150603,-9.540391099549531,43.733106271139604,0.95
low,4,2026-07-31T15:00:00+02:00,JUG,LYBE,wait_to_boarding_min_mean,2,16.048178792897517,1.4823486647075301,2.7298044502252328,29.366553135569802,0.95
low,4,2026-07-31T15:00:00+02:00,JUG,LYBE,wait_to_boarding_min_p95,2,16.991539706505286,2.816462462944306,-8.313371544572043,42.296450957582614,0.95
low,4,2026-07-31T15:00:00+02:00,LYBE,BW,boarded_passengers,2,1.5,2.1213203435596424,-17.559307104261986,20.559307104261986,0.95
low,4,2026-07-31T15:00:00+02:00,LYBE,BW,completed_journeys,2,1.5,2.1213203435596424,-17.559307104261986,20.559307104261986,0.95
low,4,2026-07-31T15:00:00+02:00,LYBE,BW,extra_after_boarding_min_max,1,0.0,,,,0.95
low,4,2026-07-31T15:00:00+02:00,LYBE,BW,extra_after_boarding_min_mean,1,0.0,,,,0.95
low,4,2026-07-31T15:00:00+02:00,LYBE,BW,extra_after_boarding_min_p95,1,0.0,,,,0.95
low,4,2026-07-31T15:00:00+02:00,LYBE,BW,fraction_boarding_within_wait_limit,1,1.0,,,,0.95
low,4,2026-07-31T15:00:00+02:00,LYBE,BW,generated_passengers,2,1.5,2.1213203435596424,-17.559307104261986,20.559307104261986,0.95
low,4,2026-07-31T15:00:00+02:00,LYBE,BW,journey_duration_min_max,1,31.46393036666668,,,,0.95
low,4,2026-07-31T15:00:00+02:00,LYBE,BW,journey_duration_min_mean,1,26.419814591169537,,,,0.95
low,4,2026-07-31T15:00:00+02:00,LYBE,BW,journey_duration_min_p95,1,31.444418685171318,,,,0.95
low,4,2026-07-31T15:00:00+02:00,LYBE,BW,on_time_passengers,2,1.5,2.1213203435596424,-17.559307104261986,20.559307104261986,0.95
low,4,2026-07-31T15:00:00+02:00,LYBE,BW,wait_to_boarding_min_max,1,15.0,,,,0.95
low,4,2026-07-31T15:00:00+02:00,LYBE,BW,wait_to_boarding_min_mean,1,9.955884224502855,,,,0.95
low,4,2026-07-31T15:00:00+02:00,LYBE,BW,wait_to_boarding_min_p95,1,14.980488318504637,,,,0.95
low,4,2026-07-31T15:00:00+02:00,LYBE,EXPO,boarded_passengers,2,0.5,0.7071067811865476,-5.853102368087329,6.853102368087329,0.95
low,4,2026-07-31T15:00:00+02:00,LYBE,EXPO,completed_journeys,2,0.5,0.7071067811865476,-5.853102368087329,6.853102368087329,0.95
low,4,2026-07-31T15:00:00+02:00,LYBE,EXPO,extra_after_boarding_min_max,1,0.0,,,,0.95
low,4,2026-07-31T15:00:00+02:00,LYBE,EXPO,extra_after_boarding_min_mean,1,0.0,,,,0.95
low,4,2026-07-31T15:00:00+02:00,LYBE,EXPO,extra_after_boarding_min_p95,1,0.0,,,,0.95
low,4,2026-07-31T15:00:00+02:00,LYBE,EXPO,fraction_boarding_within_wait_limit,1,1.0,,,,0.95
low,4,2026-07-31T15:00:00+02:00,LYBE,EXPO,generated_passengers,2,0.5,0.7071067811865476,-5.853102368087329,6.853102368087329,0.95
low,4,2026-07-31T15:00:00+02:00,LYBE,EXPO,journey_duration_min_max,1,24.69603996666665,,,,0.95
low,4,2026-07-31T15:00:00+02:00,LYBE,EXPO,journey_duration_min_mean,1,24.69603996666665,,,,0.95
low,4,2026-07-31T15:00:00+02:00,LYBE,EXPO,journey_duration_min_p95,1,24.69603996666665,,,,0.95
low,4,2026-07-31T15:00:00+02:00,LYBE,EXPO,on_time_passengers,2,0.5,0.7071067811865476,-5.853102368087329,6.853102368087329,0.95
low,4,2026-07-31T15:00:00+02:00,LYBE,EXPO,wait_to_boarding_min_max,1,15.0,,,,0.95
low,4,2026-07-31T15:00:00+02:00,LYBE,EXPO,wait_to_boarding_min_mean,1,15.0,,,,0.95
low,4,2026-07-31T15:00:00+02:00,LYBE,EXPO,wait_to_boarding_min_p95,1,15.0,,,,0.95
low,4,2026-07-31T15:00:00+02:00,LYBE,JUG,boarded_passengers,2,0.5,0.7071067811865476,-5.853102368087329,6.853102368087329,0.95
low,4,2026-07-31T15:00:00+02:00,LYBE,JUG,completed_journeys,2,0.5,0.7071067811865476,-5.853102368087329,6.853102368087329,0.95
low,4,2026-07-31T15:00:00+02:00,LYBE,JUG,extra_after_boarding_min_max,1,0.0,,,,0.95
low,4,2026-07-31T15:00:00+02:00,LYBE,JUG,extra_after_boarding_min_mean,1,0.0,,,,0.95
low,4,2026-07-31T15:00:00+02:00,LYBE,JUG,extra_after_boarding_min_p95,1,0.0,,,,0.95
low,4,2026-07-31T15:00:00+02:00,LYBE,JUG,fraction_boarding_within_wait_limit,1,1.0,,,,0.95
low,4,2026-07-31T15:00:00+02:00,LYBE,JUG,generated_passengers,2,0.5,0.7071067811865476,-5.853102368087329,6.853102368087329,0.95
low,4,2026-07-31T15:00:00+02:00,LYBE,JUG,journey_duration_min_max,1,28.313371866666664,,,,0.95
low,4,2026-07-31T15:00:00+02:00,LYBE,JUG,journey_duration_min_mean,1,28.313371866666664,,,,0.95
low,4,2026-07-31T15:00:00+02:00,LYBE,JUG,journey_duration_min_p95,1,28.313371866666664,,,,0.95
low,4,2026-07-31T15:00:00+02:00,LYBE,JUG,on_time_passengers,2,0.5,0.7071067811865476,-5.853102368087329,6.853102368087329,0.95
low,4,2026-07-31T15:00:00+02:00,LYBE,JUG,wait_to_boarding_min_max,1,15.0,,,,0.95
low,4,2026-07-31T15:00:00+02:00,LYBE,JUG,wait_to_boarding_min_mean,1,15.0,,,,0.95
low,4,2026-07-31T15:00:00+02:00,LYBE,JUG,wait_to_boarding_min_p95,1,15.0,,,,0.95
low,4,2026-07-31T15:00:00+02:00,LYBE,LYBV,boarded_passengers,2,0.5,0.7071067811865476,-5.853102368087329,6.853102368087329,0.95
low,4,2026-07-31T15:00:00+02:00,LYBE,LYBV,completed_journeys,2,0.5,0.7071067811865476,-5.853102368087329,6.853102368087329,0.95
low,4,2026-07-31T15:00:00+02:00,LYBE,LYBV,extra_after_boarding_min_max,1,0.0,,,,0.95
low,4,2026-07-31T15:00:00+02:00,LYBE,LYBV,extra_after_boarding_min_mean,1,0.0,,,,0.95
low,4,2026-07-31T15:00:00+02:00,LYBE,LYBV,extra_after_boarding_min_p95,1,0.0,,,,0.95
low,4,2026-07-31T15:00:00+02:00,LYBE,LYBV,fraction_boarding_within_wait_limit,1,1.0,,,,0.95
low,4,2026-07-31T15:00:00+02:00,LYBE,LYBV,generated_passengers,2,0.5,0.7071067811865476,-5.853102368087329,6.853102368087329,0.95
low,4,2026-07-31T15:00:00+02:00,LYBE,LYBV,journey_duration_min_max,1,28.6241364666667,,,,0.95
low,4,2026-07-31T15:00:00+02:00,LYBE,LYBV,journey_duration_min_mean,1,28.6241364666667,,,,0.95
low,4,2026-07-31T15:00:00+02:00,LYBE,LYBV,journey_duration_min_p95,1,28.6241364666667,,,,0.95
low,4,2026-07-31T15:00:00+02:00,LYBE,LYBV,on_time_passengers,2,0.5,0.7071067811865476,-5.853102368087329,6.853102368087329,0.95
low,4,2026-07-31T15:00:00+02:00,LYBE,LYBV,wait_to_boarding_min_max,1,15.0,,,,0.95
low,4,2026-07-31T15:00:00+02:00,LYBE,LYBV,wait_to_boarding_min_mean,1,15.0,,,,0.95
low,4,2026-07-31T15:00:00+02:00,LYBE,LYBV,wait_to_boarding_min_p95,1,15.0,,,,0.95
low,4,2026-07-31T15:00:00+02:00,LYBV,LYBE,boarded_passengers,2,1.5,2.1213203435596424,-17.559307104261986,20.559307104261986,0.95
low,4,2026-07-31T15:00:00+02:00,LYBV,LYBE,completed_journeys,2,1.5,2.1213203435596424,-17.559307104261986,20.559307104261986,0.95
low,4,2026-07-31T15:00:00+02:00,LYBV,LYBE,extra_after_boarding_min_max,1,5.384973469505227,,,,0.95
low,4,2026-07-31T15:00:00+02:00,LYBV,LYBE,extra_after_boarding_min_mean,1,1.7949911565017425,,,,0.95
low,4,2026-07-31T15:00:00+02:00,LYBV,LYBE,extra_after_boarding_min_p95,1,4.846476122554704,,,,0.95
low,4,2026-07-31T15:00:00+02:00,LYBV,LYBE,fraction_boarding_within_wait_limit,1,0.6666666666666666,,,,0.95
low,4,2026-07-31T15:00:00+02:00,LYBV,LYBE,generated_passengers,2,1.5,2.1213203435596424,-17.559307104261986,20.559307104261986,0.95
low,4,2026-07-31T15:00:00+02:00,LYBV,LYBE,journey_duration_min_max,1,51.639361775584256,,,,0.95
low,4,2026-07-31T15:00:00+02:00,LYBV,LYBE,journey_duration_min_mean,1,41.851682622538,,,,0.95
low,4,2026-07-31T15:00:00+02:00,LYBV,LYBE,journey_duration_min_p95,1,50.57259998239403,,,,0.95
low,4,2026-07-31T15:00:00+02:00,LYBV,LYBE,on_time_passengers,2,1.0,1.4142135623730951,-11.706204736174659,13.706204736174659,0.95
low,4,2026-07-31T15:00:00+02:00,LYBV,LYBE,wait_to_boarding_min_max,1,22.631180099782675,,,,0.95
low,4,2026-07-31T15:00:00+02:00,LYBV,LYBE,wait_to_boarding_min_mean,1,14.537052292465443,,,,0.95
low,4,2026-07-31T15:00:00+02:00,LYBV,LYBE,wait_to_boarding_min_p95,1,21.868062089804408,,,,0.95
low,4,2026-07-31T16:00:00+02:00,BW,LYBE,boarded_passengers,2,1.5,0.7071067811865476,-4.853102368087329,7.853102368087329,0.95
low,4,2026-07-31T16:00:00+02:00,BW,LYBE,completed_journeys,2,1.5,0.7071067811865476,-4.853102368087329,7.853102368087329,0.95
low,4,2026-07-31T16:00:00+02:00,BW,LYBE,extra_after_boarding_min_max,2,0.0,0.0,0.0,0.0,0.95
low,4,2026-07-31T16:00:00+02:00,BW,LYBE,extra_after_boarding_min_mean,2,0.0,0.0,0.0,0.0,0.95
low,4,2026-07-31T16:00:00+02:00,BW,LYBE,extra_after_boarding_min_p95,2,0.0,0.0,0.0,0.0,0.95
low,4,2026-07-31T16:00:00+02:00,BW,LYBE,fraction_boarding_within_wait_limit,2,1.0,0.0,1.0,1.0,0.95
low,4,2026-07-31T16:00:00+02:00,BW,LYBE,generated_passengers,2,1.5,0.7071067811865476,-4.853102368087329,7.853102368087329,0.95
low,4,2026-07-31T16:00:00+02:00,BW,LYBE,journey_duration_min_max,2,38.38839058917844,2.785719923429352,13.359690096914282,63.41709108144261,0.95
low,4,2026-07-31T16:00:00+02:00,BW,LYBE,journey_duration_min_mean,2,37.393862310580246,1.3792445436722152,25.001841742100112,49.78588287906038,0.95
low,4,2026-07-31T16:00:00+02:00,BW,LYBE,journey_duration_min_p95,2,38.28893776131862,2.645072385453636,14.52390526143288,62.05397026120436,0.95
low,4,2026-07-31T16:00:00+02:00,BW,LYBE,on_time_passengers,2,1.5,0.7071067811865476,-4.853102368087329,7.853102368087329,0.95
low,4,2026-07-31T16:00:00+02:00,BW,LYBE,wait_to_boarding_min_max,2,15.0,0.0,15.0,15.0,0.95
low,4,2026-07-31T16:00:00+02:00,BW,LYBE,wait_to_boarding_min_mean,2,14.319723360558479,0.9620564496637912,5.675989102577642,22.963457618539316,0.95
low,4,2026-07-31T16:00:00+02:00,BW,LYBE,wait_to_boarding_min_p95,2,14.931972336055848,0.09620564496637887,14.067598910257766,15.79634576185393,0.95
low,4,2026-07-31T16:00:00+02:00,DOR,LYBE,boarded_passengers,2,0.5,0.7071067811865476,-5.853102368087329,6.853102368087329,0.95
low,4,2026-07-31T16:00:00+02:00,DOR,LYBE,completed_journeys,2,0.5,0.7071067811865476,-5.853102368087329,6.853102368087329,0.95
low,4,2026-07-31T16:00:00+02:00,DOR,LYBE,extra_after_boarding_min_max,1,6.0273176549382095,,,,0.95
low,4,2026-07-31T16:00:00+02:00,DOR,LYBE,extra_after_boarding_min_mean,1,6.0273176549382095,,,,0.95
low,4,2026-07-31T16:00:00+02:00,DOR,LYBE,extra_after_boarding_min_p95,1,6.0273176549382095,,,,0.95
low,4,2026-07-31T16:00:00+02:00,DOR,LYBE,fraction_boarding_within_wait_limit,1,0.0,,,,0.95
low,4,2026-07-31T16:00:00+02:00,DOR,LYBE,generated_passengers,2,0.5,0.7071067811865476,-5.853102368087329,6.853102368087329,0.95
low,4,2026-07-31T16:00:00+02:00,DOR,LYBE,journey_duration_min_max,1,45.784152947339315,,,,0.95
low,4,2026-07-31T16:00:00+02:00,DOR,LYBE,journey_duration_min_mean,1,45.784152947339315,,,,0.95
low,4,2026-07-31T16:00:00+02:00,DOR,LYBE,journey_duration_min_p95,1,45.784152947339315,,,,0.95
low,4,2026-07-31T16:00:00+02:00,DOR,LYBE,on_time_passengers,2,0.0,0.0,0.0,0.0,0.95
low,4,2026-07-31T16:00:00+02:00,DOR,LYBE,wait_to_boarding_min_max,1,16.67065208850945,,,,0.95
low,4,2026-07-31T16:00:00+02:00,DOR,LYBE,wait_to_boarding_min_mean,1,16.67065208850945,,,,0.95
low,4,2026-07-31T16:00:00+02:00,DOR,LYBE,wait_to_boarding_min_p95,1,16.67065208850945,,,,0.95
low,4,2026-07-31T16:00:00+02:00,EXPO,LYBE,boarded_passengers,2,0.5,0.7071067811865476,-5.853102368087329,6.853102368087329,0.95
low,4,2026-07-31T16:00:00+02:00,EXPO,LYBE,completed_journeys,2,0.5,0.7071067811865476,-5.853102368087329,6.853102368087329,0.95
low,4,2026-07-31T16:00:00+02:00,EXPO,LYBE,extra_after_boarding_min_max,1,0.0,,,,0.95
low,4,2026-07-31T16:00:00+02:00,EXPO,LYBE,extra_after_boarding_min_mean,1,0.0,,,,0.95
low,4,2026-07-31T16:00:00+02:00,EXPO,LYBE,extra_after_boarding_min_p95,1,0.0,,,,0.95
low,4,2026-07-31T16:00:00+02:00,EXPO,LYBE,fraction_boarding_within_wait_limit,1,1.0,,,,0.95
low,4,2026-07-31T16:00:00+02:00,EXPO,LYBE,generated_passengers,2,0.5,0.7071067811865476,-5.853102368087329,6.853102368087329,0.95
low,4,2026-07-31T16:00:00+02:00,EXPO,LYBE,journey_duration_min_max,1,34.994471923500896,,,,0.95
low,4,2026-07-31T16:00:00+02:00,EXPO,LYBE,journey_duration_min_mean,1,34.994471923500896,,,,0.95
low,4,2026-07-31T16:00:00+02:00,EXPO,LYBE,journey_duration_min_p95,1,34.994471923500896,,,,0.95
low,4,2026-07-31T16:00:00+02:00,EXPO,LYBE,on_time_passengers,2,0.5,0.7071067811865476,-5.853102368087329,6.853102368087329,0.95
low,4,2026-07-31T16:00:00+02:00,EXPO,LYBE,wait_to_boarding_min_max,1,15.0,,,,0.95
low,4,2026-07-31T16:00:00+02:00,EXPO,LYBE,wait_to_boarding_min_mean,1,15.0,,,,0.95
low,4,2026-07-31T16:00:00+02:00,EXPO,LYBE,wait_to_boarding_min_p95,1,15.0,,,,0.95
low,4,2026-07-31T16:00:00+02:00,JUG,LYBE,boarded_passengers,2,1.5,0.7071067811865476,-4.853102368087329,7.853102368087329,0.95
low,4,2026-07-31T16:00:00+02:00,JUG,LYBE,completed_journeys,2,1.5,0.7071067811865476,-4.853102368087329,7.853102368087329,0.95
low,4,2026-07-31T16:00:00+02:00,JUG,LYBE,extra_after_boarding_min_max,2,0.0,0.0,0.0,0.0,0.95
low,4,2026-07-31T16:00:00+02:00,JUG,LYBE,extra_after_boarding_min_mean,2,0.0,0.0,0.0,0.0,0.95
low,4,2026-07-31T16:00:00+02:00,JUG,LYBE,extra_after_boarding_min_p95,2,0.0,0.0,0.0,0.0,0.95
low,4,2026-07-31T16:00:00+02:00,JUG,LYBE,fraction_boarding_within_wait_limit,2,0.75,0.3535533905932738,-2.4265511840436647,3.9265511840436647,0.95
low,4,2026-07-31T16:00:00+02:00,JUG,LYBE,generated_passengers,2,1.5,0.7071067811865476,-4.853102368087329,7.853102368087329,0.95
low,4,2026-07-31T16:00:00+02:00,JUG,LYBE,journey_duration_min_max,2,38.60228926152219,0.6404687735576234,32.84790563766968,44.35667288537469,0.95
low,4,2026-07-31T16:00:00+02:00,JUG,LYBE,journey_duration_min_mean,2,38.43949393991843,0.41024142185469686,34.75362100245469,42.12536687738216,0.95
low,4,2026-07-31T16:00:00+02:00,JUG,LYBE,journey_duration_min_p95,2,38.58600972936181,0.6174460383873318,33.03847717414818,44.13354228457545,0.95
low,4,2026-07-31T16:00:00+02:00,JUG,LYBE,on_time_passengers,2,1.0,0.0,1.0,1.0,0.95
low,4,2026-07-31T16:00:00+02:00,JUG,LYBE,wait_to_boarding_min_max,2,15.242398896475787,0.34280380690033174,12.162428890031615,18.322368902919962,0.95
low,4,2026-07-31T16:00:00+02:00,JUG,LYBE,wait_to_boarding_min_mean,2,15.121199448237894,0.17140190345016526,13.581214445015814,16.661184451459974,0.95
low,4,2026-07-31T16:00:00+02:00,JUG,LYBE,wait_to_boarding_min_p95,2,15.230278951652,0.3256636165553155,12.304307445530032,18.156250457773968,0.95
low,4,2026-07-31T16:00:00+02:00,LYBE,BW,boarded_passengers,2,5.0,0.0,5.0,5.0,0.95
low,4,2026-07-31T16:00:00+02:00,LYBE,BW,completed_journeys,2,5.0,0.0,5.0,5.0,0.95
low,4,2026-07-31T16:00:00+02:00,LYBE,BW,extra_after_boarding_min_max,2,0.0,0.0,0.0,0.0,0.95
low,4,2026-07-31T16:00:00+02:00,LYBE,BW,extra_after_boarding_min_mean,2,0.0,0.0,0.0,0.0,0.95
low,4,2026-07-31T16:00:00+02:00,LYBE,BW,extra_after_boarding_min_p95,2,0.0,0.0,0.0,0.0,0.95
low,4,2026-07-31T16:00:00+02:00,LYBE,BW,fraction_boarding_within_wait_limit,2,0.8,0.282842712474619,-1.7412409472349315,3.3412409472349314,0.95
low,4,2026-07-31T16:00:00+02:00,LYBE,BW,generated_passengers,2,5.0,0.0,5.0,5.0,0.95
low,4,2026-07-31T16:00:00+02:00,LYBE,BW,journey_duration_min_max,2,31.68962721895071,3.3117110681451605,1.9350837903770852,61.44417064752434,0.95
low,4,2026-07-31T16:00:00+02:00,LYBE,BW,journey_duration_min_mean,2,27.927659838454773,4.490596938264655,-12.418752898164662,68.2740725750742,0.95
low,4,2026-07-31T16:00:00+02:00,LYBE,BW,journey_duration_min_p95,2,31.400314929526637,3.596676669231852,-0.9145428437197296,63.715172702773,0.95
low,4,2026-07-31T16:00:00+02:00,LYBE,BW,on_time_passengers,2,4.0,1.4142135623730951,-8.706204736174659,16.70620473617466,0.95
low,4,2026-07-31T16:00:00+02:00,LYBE,BW,wait_to_boarding_min_max,2,16.28371510295001,1.815447308815076,-0.027431818052328083,32.594862023952345,0.95
low,4,2026-07-31T16:00:00+02:00,LYBE,BW,wait_to_boarding_min_mean,2,10.99372947178809,5.155277312580011,-35.324599490833435,57.31205843440962,0.95
low,4,2026-07-31T16:00:00+02:00,LYBE,BW,wait_to_boarding_min_p95,2,15.793205862571423,2.384948366649745,-5.634705054225709,37.22111677936856,0.95
low,4,2026-07-31T16:00:00+02:00,LYBE,DOR,boarded_passengers,2,1.0,1.4142135623730951,-11.706204736174659,13.706204736174659,0.95
low,4,2026-07-31T16:00:00+02:00,LYBE,DOR,completed_journeys,2,1.0,1.4142135623730951,-11.706204736174659,13.706204736174659,0.95
low,4,2026-07-31T16:00:00+02:00,LYBE,DOR,extra_after_boarding_min_max,1,0.18731208481112843,,,,0.95
low,4,2026-07-31T16:00:00+02:00,LYBE,DOR,extra_after_boarding_min_mean,1,0.09365604240556422,,,,0.95
low,4,2026-07-31T16:00:00+02:00,LYBE,DOR,extra_after_boarding_min_p95,1,0.177946480570572,,,,0.95
low,4,2026-07-31T16:00:00+02:00,LYBE,DOR,fraction_boarding_within_wait_limit,1,0.5,,,,0.95
low,4,2026-07-31T16:00:00+02:00,LYBE,DOR,generated_passengers,2,1.0,1.4142135623730951,-11.706204736174659,13.706204736174659,0.95
low,4,2026-07-31T16:00:00+02:00,LYBE,DOR,journey_duration_min_max,1,31.777548098380674,,,,0.95
low,4,2026-07-31T16:00:00+02:00,LYBE,DOR,journey_duration_min_mean,1,30.128775832523694,,,,0.95
low,4,2026-07-31T16:00:00+02:00,LYBE,DOR,journey_duration_min_p95,1,31.612670871794975,,,,0.95
low,4,2026-07-31T16:00:00+02:00,LYBE,DOR,on_time_passengers,2,0.5,0.7071067811865476,-5.853102368087329,6.853102368087329,0.95
low,4,2026-07-31T16:00:00+02:00,LYBE,DOR,wait_to_boarding_min_max,1,15.760232446902835,,,,0.95
low,4,2026-07-31T16:00:00+02:00,LYBE,DOR,wait_to_boarding_min_mean,1,15.380116223451417,,,,0.95
low,4,2026-07-31T16:00:00+02:00,LYBE,DOR,wait_to_boarding_min_p95,1,15.722220824557693,,,,0.95
low,4,2026-07-31T16:00:00+02:00,LYBE,EXPO,boarded_passengers,2,1.0,1.4142135623730951,-11.706204736174659,13.706204736174659,0.95
low,4,2026-07-31T16:00:00+02:00,LYBE,EXPO,completed_journeys,2,1.0,1.4142135623730951,-11.706204736174659,13.706204736174659,0.95
low,4,2026-07-31T16:00:00+02:00,LYBE,EXPO,extra_after_boarding_min_max,1,1.584262835172073,,,,0.95
low,4,2026-07-31T16:00:00+02:00,LYBE,EXPO,extra_after_boarding_min_mean,1,1.584262835172073,,,,0.95
low,4,2026-07-31T16:00:00+02:00,LYBE,EXPO,extra_after_boarding_min_p95,1,1.584262835172073,,,,0.95
low,4,2026-07-31T16:00:00+02:00,LYBE,EXPO,fraction_boarding_within_wait_limit,1,0.5,,,,0.95
low,4,2026-07-31T16:00:00+02:00,LYBE,EXPO,generated_passengers,2,1.0,1.4142135623730951,-11.706204736174659,13.706204736174659,0.95
low,4,2026-07-31T16:00:00+02:00,LYBE,EXPO,journey_duration_min_max,1,34.49322335249659,,,,0.95
low,4,2026-07-31T16:00:00+02:00,LYBE,EXPO,journey_duration_min_mean,1,28.94803610260145,,,,0.95
low,4,2026-07-31T16:00:00+02:00,LYBE,EXPO,journey_duration_min_p95,1,33.93870462750708,,,,0.95
low,4,2026-07-31T16:00:00+02:00,LYBE,EXPO,on_time_passengers,2,0.5,0.7071067811865476,-5.853102368087329,6.853102368087329,0.95
low,4,2026-07-31T16:00:00+02:00,LYBE,EXPO,wait_to_boarding_min_max,1,20.862920550657872,,,,0.95
low,4,2026-07-31T16:00:00+02:00,LYBE,EXPO,wait_to_boarding_min_mean,1,15.317733300762725,,,,0.95
low,4,2026-07-31T16:00:00+02:00,LYBE,EXPO,wait_to_boarding_min_p95,1,20.30840182566836,,,,0.95
low,4,2026-07-31T16:00:00+02:00,LYBE,JUG,boarded_passengers,2,1.5,2.1213203435596424,-17.559307104261986,20.559307104261986,0.95
low,4,2026-07-31T16:00:00+02:00,LYBE,JUG,completed_journeys,2,1.5,2.1213203435596424,-17.559307104261986,20.559307104261986,0.95
low,4,2026-07-31T16:00:00+02:00,LYBE,JUG,extra_after_boarding_min_max,1,0.40853558762064496,,,,0.95
low,4,2026-07-31T16:00:00+02:00,LYBE,JUG,extra_after_boarding_min_mean,1,0.2723570584137633,,,,0.95
low,4,2026-07-31T16:00:00+02:00,LYBE,JUG,extra_after_boarding_min_p95,1,0.40853558762064496,,,,0.95
low,4,2026-07-31T16:00:00+02:00,LYBE,JUG,fraction_boarding_within_wait_limit,1,1.0,,,,0.95
low,4,2026-07-31T16:00:00+02:00,LYBE,JUG,generated_passengers,2,1.5,2.1213203435596424,-17.559307104261986,20.559307104261986,0.95
low,4,2026-07-31T16:00:00+02:00,LYBE,JUG,journey_duration_min_max,1,35.4177191650883,,,,0.95
low,4,2026-07-31T16:00:00+02:00,LYBE,JUG,journey_duration_min_mean,1,32.12289250008835,,,,0.95
low,4,2026-07-31T16:00:00+02:00,LYBE,JUG,journey_duration_min_p95,1,35.13970589543048,,,,0.95
low,4,2026-07-31T16:00:00+02:00,LYBE,JUG,on_time_passengers,2,1.5,2.1213203435596424,-17.559307104261986,20.559307104261986,0.95
low,4,2026-07-31T16:00:00+02:00,LYBE,JUG,wait_to_boarding_min_max,1,15.0,,,,0.95
low,4,2026-07-31T16:00:00+02:00,LYBE,JUG,wait_to_boarding_min_mean,1,13.837163575007919,,,,0.95
low,4,2026-07-31T16:00:00+02:00,LYBE,JUG,wait_to_boarding_min_p95,1,14.964581171080098,,,,0.95
low,4,2026-07-31T16:00:00+02:00,LYBE,LYBV,boarded_passengers,2,0.5,0.7071067811865476,-5.853102368087329,6.853102368087329,0.95
low,4,2026-07-31T16:00:00+02:00,LYBE,LYBV,completed_journeys,2,0.5,0.7071067811865476,-5.853102368087329,6.853102368087329,0.95
low,4,2026-07-31T16:00:00+02:00,LYBE,LYBV,extra_after_boarding_min_max,1,0.0,,,,0.95
low,4,2026-07-31T16:00:00+02:00,LYBE,LYBV,extra_after_boarding_min_mean,1,0.0,,,,0.95
low,4,2026-07-31T16:00:00+02:00,LYBE,LYBV,extra_after_boarding_min_p95,1,0.0,,,,0.95
low,4,2026-07-31T16:00:00+02:00,LYBE,LYBV,fraction_boarding_within_wait_limit,1,1.0,,,,0.95
low,4,2026-07-31T16:00:00+02:00,LYBE,LYBV,generated_passengers,2,0.5,0.7071067811865476,-5.853102368087329,6.853102368087329,0.95
low,4,2026-07-31T16:00:00+02:00,LYBE,LYBV,journey_duration_min_max,1,30.974136466666703,,,,0.95
low,4,2026-07-31T16:00:00+02:00,LYBE,LYBV,journey_duration_min_mean,1,30.974136466666703,,,,0.95
low,4,2026-07-31T16:00:00+02:00,LYBE,LYBV,journey_duration_min_p95,1,30.974136466666703,,,,0.95
low,4,2026-07-31T16:00:00+02:00,LYBE,LYBV,on_time_passengers,2,0.5,0.7071067811865476,-5.853102368087329,6.853102368087329,0.95
low,4,2026-07-31T16:00:00+02:00,LYBE,LYBV,wait_to_boarding_min_max,1,15.0,,,,0.95
low,4,2026-07-31T16:00:00+02:00,LYBE,LYBV,wait_to_boarding_min_mean,1,15.0,,,,0.95
low,4,2026-07-31T16:00:00+02:00,LYBE,LYBV,wait_to_boarding_min_p95,1,15.0,,,,0.95
low,4,2026-07-31T16:00:00+02:00,LYBV,LYBE,boarded_passengers,2,1.0,1.4142135623730951,-11.706204736174659,13.706204736174659,0.95
low,4,2026-07-31T16:00:00+02:00,LYBV,LYBE,completed_journeys,2,1.0,1.4142135623730951,-11.706204736174659,13.706204736174659,0.95
low,4,2026-07-31T16:00:00+02:00,LYBV,LYBE,extra_after_boarding_min_max,1,0.0,,,,0.95
low,4,2026-07-31T16:00:00+02:00,LYBV,LYBE,extra_after_boarding_min_mean,1,0.0,,,,0.95
low,4,2026-07-31T16:00:00+02:00,LYBV,LYBE,extra_after_boarding_min_p95,1,0.0,,,,0.95
low,4,2026-07-31T16:00:00+02:00,LYBV,LYBE,fraction_boarding_within_wait_limit,1,1.0,,,,0.95
low,4,2026-07-31T16:00:00+02:00,LYBV,LYBE,generated_passengers,2,1.0,1.4142135623730951,-11.706204736174659,13.706204736174659,0.95
low,4,2026-07-31T16:00:00+02:00,LYBV,LYBE,journey_duration_min_max,1,41.71672529887546,,,,0.95
low,4,2026-07-31T16:00:00+02:00,LYBV,LYBE,journey_duration_min_mean,1,36.86610997547996,,,,0.95
low,4,2026-07-31T16:00:00+02:00,LYBV,LYBE,journey_duration_min_p95,1,41.23166376653591,,,,0.95
low,4,2026-07-31T16:00:00+02:00,LYBV,LYBE,on_time_passengers,2,1.0,1.4142135623730951,-11.706204736174659,13.706204736174659,0.95
low,4,2026-07-31T16:00:00+02:00,LYBV,LYBE,wait_to_boarding_min_max,1,15.0,,,,0.95
low,4,2026-07-31T16:00:00+02:00,LYBV,LYBE,wait_to_boarding_min_mean,1,10.214905823167465,,,,0.95
low,4,2026-07-31T16:00:00+02:00,LYBV,LYBE,wait_to_boarding_min_p95,1,14.521490582316746,,,,0.95
low,4,2026-07-31T17:00:00+02:00,BW,LYBE,boarded_passengers,2,1.5,2.1213203435596424,-17.559307104261986,20.559307104261986,0.95
low,4,2026-07-31T17:00:00+02:00,BW,LYBE,completed_journeys,2,1.5,2.1213203435596424,-17.559307104261986,20.559307104261986,0.95
low,4,2026-07-31T17:00:00+02:00,BW,LYBE,extra_after_boarding_min_max,1,0.0,,,,0.95
low,4,2026-07-31T17:00:00+02:00,BW,LYBE,extra_after_boarding_min_mean,1,0.0,,,,0.95
low,4,2026-07-31T17:00:00+02:00,BW,LYBE,extra_after_boarding_min_p95,1,0.0,,,,0.95
low,4,2026-07-31T17:00:00+02:00,BW,LYBE,fraction_boarding_within_wait_limit,1,1.0,,,,0.95
low,4,2026-07-31T17:00:00+02:00,BW,LYBE,generated_passengers,2,1.5,2.1213203435596424,-17.559307104261986,20.559307104261986,0.95
low,4,2026-07-31T17:00:00+02:00,BW,LYBE,journey_duration_min_max,1,42.67617503286783,,,,0.95
low,4,2026-07-31T17:00:00+02:00,BW,LYBE,journey_duration_min_mean,1,35.1905590462557,,,,0.95
low,4,2026-07-31T17:00:00+02:00,BW,LYBE,journey_duration_min_p95,1,41.84137092966806,,,,0.95
low,4,2026-07-31T17:00:00+02:00,BW,LYBE,on_time_passengers,2,1.5,2.1213203435596424,-17.559307104261986,20.559307104261986,0.95
low,4,2026-07-31T17:00:00+02:00,BW,LYBE,wait_to_boarding_min_max,1,15.0,,,,0.95
low,4,2026-07-31T17:00:00+02:00,BW,LYBE,wait_to_boarding_min_mean,1,8.253729285285711,,,,0.95
low,4,2026-07-31T17:00:00+02:00,BW,LYBE,wait_to_boarding_min_p95,1,14.268080464296666,,,,0.95
low,4,2026-07-31T17:00:00+02:00,DOR,LYBE,boarded_passengers,2,0.5,0.7071067811865476,-5.853102368087329,6.853102368087329,0.95
low,4,2026-07-31T17:00:00+02:00,DOR,LYBE,completed_journeys,2,0.5,0.7071067811865476,-5.853102368087329,6.853102368087329,0.95
low,4,2026-07-31T17:00:00+02:00,DOR,LYBE,extra_after_boarding_min_max,1,0.0,,,,0.95
low,4,2026-07-31T17:00:00+02:00,DOR,LYBE,extra_after_boarding_min_mean,1,0.0,,,,0.95
low,4,2026-07-31T17:00:00+02:00,DOR,LYBE,extra_after_boarding_min_p95,1,0.0,,,,0.95
low,4,2026-07-31T17:00:00+02:00,DOR,LYBE,fraction_boarding_within_wait_limit,1,1.0,,,,0.95
low,4,2026-07-31T17:00:00+02:00,DOR,LYBE,generated_passengers,2,0.5,0.7071067811865476,-5.853102368087329,6.853102368087329,0.95
low,4,2026-07-31T17:00:00+02:00,DOR,LYBE,journey_duration_min_max,1,38.06774262405391,,,,0.95
low,4,2026-07-31T17:00:00+02:00,DOR,LYBE,journey_duration_min_mean,1,38.06774262405391,,,,0.95
low,4,2026-07-31T17:00:00+02:00,DOR,LYBE,journey_duration_min_p95,1,38.06774262405391,,,,0.95
low,4,2026-07-31T17:00:00+02:00,DOR,LYBE,on_time_passengers,2,0.5,0.7071067811865476,-5.853102368087329,6.853102368087329,0.95
low,4,2026-07-31T17:00:00+02:00,DOR,LYBE,wait_to_boarding_min_max,1,15.0,,,,0.95
low,4,2026-07-31T17:00:00+02:00,DOR,LYBE,wait_to_boarding_min_mean,1,15.0,,,,0.95
low,4,2026-07-31T17:00:00+02:00,DOR,LYBE,wait_to_boarding_min_p95,1,15.0,,,,0.95
low,4,2026-07-31T17:00:00+02:00,LYBE,BW,boarded_passengers,2,1.0,0.0,1.0,1.0,0.95
low,4,2026-07-31T17:00:00+02:00,LYBE,BW,completed_journeys,2,1.0,0.0,1.0,1.0,0.95
low,4,2026-07-31T17:00:00+02:00,LYBE,BW,extra_after_boarding_min_max,2,0.0,0.0,0.0,0.0,0.95
low,4,2026-07-31T17:00:00+02:00,LYBE,BW,extra_after_boarding_min_mean,2,0.0,0.0,0.0,0.0,0.95
low,4,2026-07-31T17:00:00+02:00,LYBE,BW,extra_after_boarding_min_p95,2,0.0,0.0,0.0,0.0,0.95
low,4,2026-07-31T17:00:00+02:00,LYBE,BW,fraction_boarding_within_wait_limit,2,1.0,0.0,1.0,1.0,0.95
low,4,2026-07-31T17:00:00+02:00,LYBE,BW,generated_passengers,2,1.0,0.0,1.0,1.0,0.95
low,4,2026-07-31T17:00:00+02:00,LYBE,BW,journey_duration_min_max,2,27.087936802533292,0.45821429589873225,22.971044692573866,31.20482891249272,0.95
low,4,2026-07-31T17:00:00+02:00,LYBE,BW,journey_duration_min_mean,2,27.087936802533292,0.45821429589873225,22.971044692573866,31.20482891249272,0.95
low,4,2026-07-31T17:00:00+02:00,LYBE,BW,journey_duration_min_p95,2,27.087936802533292,0.45821429589873225,22.971044692573866,31.20482891249272,0.95
low,4,2026-07-31T17:00:00+02:00,LYBE,BW,on_time_passengers,2,1.0,0.0,1.0,1.0,0.95
low,4,2026-07-31T17:00:00+02:00,LYBE,BW,wait_to_boarding_min_max,2,12.974006435866613,2.8651875756780405,-12.7686825841844,38.71669545591763,0.95
low,4,2026-07-31T17:00:00+02:00,LYBE,BW,wait_to_boarding_min_mean,2,12.974006435866613,2.8651875756780405,-12.7686825841844,38.71669545591763,0.95
low,4,2026-07-31T17:00:00+02:00,LYBE,BW,wait_to_boarding_min_p95,2,12.974006435866613,2.8651875756780405,-12.7686825841844,38.71669545591763,0.95
low,4,2026-07-31T17:00:00+02:00,LYBE,DOR,boarded_passengers,2,1.0,1.4142135623730951,-11.706204736174659,13.706204736174659,0.95
low,4,2026-07-31T17:00:00+02:00,LYBE,DOR,completed_journeys,2,1.0,1.4142135623730951,-11.706204736174659,13.706204736174659,0.95
low,4,2026-07-31T17:00:00+02:00,LYBE,DOR,extra_after_boarding_min_max,1,0.5571442682798079,,,,0.95
low,4,2026-07-31T17:00:00+02:00,LYBE,DOR,extra_after_boarding_min_mean,1,0.37222817654546814,,,,0.95
low,4,2026-07-31T17:00:00+02:00,LYBE,DOR,extra_after_boarding_min_p95,1,0.5386526591063739,,,,0.95
low,4,2026-07-31T17:00:00+02:00,LYBE,DOR,fraction_boarding_within_wait_limit,1,1.0,,,,0.95
low,4,2026-07-31T17:00:00+02:00,LYBE,DOR,generated_passengers,2,1.0,1.4142135623730951,-11.706204736174659,13.706204736174659,0.95
low,4,2026-07-31T17:00:00+02:00,LYBE,DOR,journey_duration_min_max,1,29.037147834946516,,,,0.95
low,4,2026-07-31T17:00:00+02:00,LYBE,DOR,journey_duration_min_mean,1,27.897160569291252,,,,0.95
low,4,2026-07-31T17:00:00+02:00,LYBE,DOR,journey_duration_min_p95,1,28.92314910838099,,,,0.95
low,4,2026-07-31T17:00:00+02:00,LYBE,DOR,on_time_passengers,2,1.0,1.4142135623730951,-11.706204736174659,13.706204736174659,0.95
low,4,2026-07-31T17:00:00+02:00,LYBE,DOR,wait_to_boarding_min_max,1,15.0,,,,0.95
low,4,2026-07-31T17:00:00+02:00,LYBE,DOR,wait_to_boarding_min_mean,1,12.869928826079073,,,,0.95
low,4,2026-07-31T17:00:00+02:00,LYBE,DOR,wait_to_boarding_min_p95,1,14.786992882607906,,,,0.95
low,4,2026-07-31T17:00:00+02:00,LYBE,EXPO,boarded_passengers,2,0.5,0.7071067811865476,-5.853102368087329,6.853102368087329,0.95
low,4,2026-07-31T17:00:00+02:00,LYBE,EXPO,completed_journeys,2,0.5,0.7071067811865476,-5.853102368087329,6.853102368087329,0.95
low,4,2026-07-31T17:00:00+02:00,LYBE,EXPO,extra_after_boarding_min_max,1,1.6817144184586748,,,,0.95
low,4,2026-07-31T17:00:00+02:00,LYBE,EXPO,extra_after_boarding_min_mean,1,1.6817144184586748,,,,0.95
low,4,2026-07-31T17:00:00+02:00,LYBE,EXPO,extra_after_boarding_min_p95,1,1.6817144184586748,,,,0.95
low,4,2026-07-31T17:00:00+02:00,LYBE,EXPO,fraction_boarding_within_wait_limit,1,0.0,,,,0.95
low,4,2026-07-31T17:00:00+02:00,LYBE,EXPO,generated_passengers,2,0.5,0.7071067811865476,-5.853102368087329,6.853102368087329,0.95
low,4,2026-07-31T17:00:00+02:00,LYBE,EXPO,journey_duration_min_max,1,30.362955385297756,,,,0.95
low,4,2026-07-31T17:00:00+02:00,LYBE,EXPO,journey_duration_min_mean,1,30.362955385297756,,,,0.95
low,4,2026-07-31T17:00:00+02:00,LYBE,EXPO,journey_duration_min_p95,1,30.362955385297756,,,,0.95
low,4,2026-07-31T17:00:00+02:00,LYBE,EXPO,on_time_passengers,2,0.0,0.0,0.0,0.0,0.95
low,4,2026-07-31T17:00:00+02:00,LYBE,EXPO,wait_to_boarding_min_max,1,18.98520100017243,,,,0.95
low,4,2026-07-31T17:00:00+02:00,LYBE,EXPO,wait_to_boarding_min_mean,1,18.98520100017243,,,,0.95
low,4,2026-07-31T17:00:00+02:00,LYBE,EXPO,wait_to_boarding_min_p95,1,18.98520100017243,,,,0.95
low,4,2026-07-31T17:00:00+02:00,LYBE,JUG,boarded_passengers,2,3.0,1.4142135623730951,-9.706204736174659,15.706204736174659,0.95
low,4,2026-07-31T17:00:00+02:00,LYBE,JUG,completed_journeys,2,3.0,1.4142135623730951,-9.706204736174659,15.706204736174659,0.95
low,4,2026-07-31T17:00:00+02:00,LYBE,JUG,extra_after_boarding_min_max,2,0.6768588245871191,0.9572229295430156,-7.923447978103346,9.277165627277585,0.95
low,4,2026-07-31T17:00:00+02:00,LYBE,JUG,extra_after_boarding_min_mean,2,0.27134860305194103,0.3837448745670484,-3.1764623022010094,3.7191595083048914,0.95
low,4,2026-07-31T17:00:00+02:00,LYBE,JUG,extra_after_boarding_min_p95,2,0.6059701699705995,0.8569712327659514,-7.093610873690395,8.305551213631594,0.95
low,4,2026-07-31T17:00:00+02:00,LYBE,JUG,fraction_boarding_within_wait_limit,2,1.0,0.0,1.0,1.0,0.95
low,4,2026-07-31T17:00:00+02:00,LYBE,JUG,generated_passengers,2,3.0,1.4142135623730951,-9.706204736174659,15.706204736174659,0.95
low,4,2026-07-31T17:00:00+02:00,LYBE,JUG,journey_duration_min_max,2,30.9341430157403,0.3829282313192869,27.49366935896138,34.374616672519224,0.95
low,4,2026-07-31T17:00:00+02:00,LYBE,JUG,journey_duration_min_mean,2,27.870202707088886,1.674032488882804,12.829617533333236,42.91078788084454,0.95
low,4,2026-07-31T17:00:00+02:00,LYBE,JUG,journey_duration_min_p95,2,30.619961722847652,0.5010258055025857,26.118423460026797,35.12149998566851,0.95
low,4,2026-07-31T17:00:00+02:00,LYBE,JUG,on_time_passengers,2,3.0,1.4142135623730951,-9.706204736174659,15.706204736174659,0.95
low,4,2026-07-31T17:00:00+02:00,LYBE,JUG,wait_to_boarding_min_max,2,15.0,0.0,15.0,15.0,0.95
low,4,2026-07-31T17:00:00+02:00,LYBE,JUG,wait_to_boarding_min_mean,2,11.347982237370282,0.4594371464215586,7.220103251370227,15.475861223370337,0.95
low,4,2026-07-31T17:00:00+02:00,LYBE,JUG,wait_to_boarding_min_p95,2,14.80115555578033,0.28120850981799794,12.27459733687434,17.32771377468632,0.95
low,4,2026-07-31T17:00:00+02:00,LYBE,LYBV,boarded_passengers,2,2.0,1.4142135623730951,-10.706204736174659,14.706204736174659,0.95
low,4,2026-07-31T17:00:00+02:00,LYBE,LYBV,completed_journeys,2,2.0,1.4142135623730951,-10.706204736174659,14.706204736174659,0.95
low,4,2026-07-31T17:00:00+02:00,LYBE,LYBV,extra_after_boarding_min_max,2,3.0770966909289807,4.351671873045136,-36.0211238570202,42.175317238878165,0.95
low,4,2026-07-31T17:00:00+02:00,LYBE,LYBV,extra_after_boarding_min_mean,2,3.0770966909289807,4.351671873045136,-36.0211238570202,42.175317238878165,0.95
low,4,2026-07-31T17:00:00+02:00,LYBE,LYBV,extra_after_boarding_min_p95,2,3.0770966909289807,4.351671873045136,-36.0211238570202,42.175317238878165,0.95
low,4,2026-07-31T17:00:00+02:00,LYBE,LYBV,fraction_boarding_within_wait_limit,2,0.5,0.7071067811865476,-5.853102368087329,6.853102368087329,0.95
low,4,2026-07-31T17:00:00+02:00,LYBE,LYBV,generated_passengers,2,2.0,1.4142135623730951,-10.706204736174659,14.706204736174659,0.95
low,4,2026-07-31T17:00:00+02:00,LYBE,LYBV,journey_duration_min_max,2,36.15087272702203,10.64441249979986,-59.485379192242405,131.7871246462865,0.95
low,4,2026-07-31T17:00:00+02:00,LYBE,LYBV,journey_duration_min_mean,2,35.18633753422455,12.00847125084021,-72.70549601997041,143.0781710884195,0.95
low,4,2026-07-31T17:00:00+02:00,LYBE,LYBV,journey_duration_min_p95,2,36.15087272702203,10.64441249979986,-59.485379192242405,131.7871246462865,0.95
low,4,2026-07-31T17:00:00+02:00,LYBE,LYBV,on_time_passengers,2,1.5,2.1213203435596424,-17.559307104261986,20.559307104261986,0.95
low,4,2026-07-31T17:00:00+02:00,LYBE,LYBV,wait_to_boarding_min_max,2,19.449639569426353,6.292740626754725,-37.08839180188892,75.98767094074162,0.95
low,4,2026-07-31T17:00:00+02:00,LYBE,LYBV,wait_to_boarding_min_mean,2,18.0934377099622,8.210699689724537,-55.676772151285334,91.86364757120974,0.95
low,4,2026-07-31T17:00:00+02:00,LYBE,LYBV,wait_to_boarding_min_p95,2,19.449639569426353,6.292740626754725,-37.08839180188892,75.98767094074162,0.95
low,4,2026-07-31T17:00:00+02:00,LYBV,LYBE,boarded_passengers,2,0.5,0.7071067811865476,-5.853102368087329,6.853102368087329,0.95
low,4,2026-07-31T17:00:00+02:00,LYBV,LYBE,completed_journeys,2,0.5,0.7071067811865476,-5.853102368087329,6.853102368087329,0.95
low,4,2026-07-31T17:00:00+02:00,LYBV,LYBE,extra_after_boarding_min_max,1,0.0,,,,0.95
low,4,2026-07-31T17:00:00+02:00,LYBV,LYBE,extra_after_boarding_min_mean,1,0.0,,,,0.95
low,4,2026-07-31T17:00:00+02:00,LYBV,LYBE,extra_after_boarding_min_p95,1,0.0,,,,0.95
low,4,2026-07-31T17:00:00+02:00,LYBV,LYBE,fraction_boarding_within_wait_limit,1,1.0,,,,0.95
low,4,2026-07-31T17:00:00+02:00,LYBV,LYBE,generated_passengers,2,0.5,0.7071067811865476,-5.853102368087329,6.853102368087329,0.95
low,4,2026-07-31T17:00:00+02:00,LYBV,LYBE,journey_duration_min_max,1,38.57637588258367,,,,0.95
low,4,2026-07-31T17:00:00+02:00,LYBV,LYBE,journey_duration_min_mean,1,38.57637588258367,,,,0.95
low,4,2026-07-31T17:00:00+02:00,LYBV,LYBE,journey_duration_min_p95,1,38.57637588258367,,,,0.95
low,4,2026-07-31T17:00:00+02:00,LYBV,LYBE,on_time_passengers,2,0.5,0.7071067811865476,-5.853102368087329,6.853102368087329,0.95
low,4,2026-07-31T17:00:00+02:00,LYBV,LYBE,wait_to_boarding_min_max,1,15.0,,,,0.95
low,4,2026-07-31T17:00:00+02:00,LYBV,LYBE,wait_to_boarding_min_mean,1,15.0,,,,0.95
low,4,2026-07-31T17:00:00+02:00,LYBV,LYBE,wait_to_boarding_min_p95,1,15.0,,,,0.95
low,4,2026-07-31T18:00:00+02:00,BW,LYBE,boarded_passengers,2,2.5,0.7071067811865476,-3.8531023680873293,8.85310236808733,0.95
low,4,2026-07-31T18:00:00+02:00,BW,LYBE,completed_journeys,2,2.5,0.7071067811865476,-3.8531023680873293,8.85310236808733,0.95
low,4,2026-07-31T18:00:00+02:00,BW,LYBE,extra_after_boarding_min_max,2,0.0,0.0,0.0,0.0,0.95
low,4,2026-07-31T18:00:00+02:00,BW,LYBE,extra_after_boarding_min_mean,2,0.0,0.0,0.0,0.0,0.95
low,4,2026-07-31T18:00:00+02:00,BW,LYBE,extra_after_boarding_min_p95,2,0.0,0.0,0.0,0.0,0.95
low,4,2026-07-31T18:00:00+02:00,BW,LYBE,fraction_boarding_within_wait_limit,2,1.0,0.0,1.0,1.0,0.95
low,4,2026-07-31T18:00:00+02:00,BW,LYBE,generated_passengers,2,2.5,0.7071067811865476,-3.8531023680873293,8.85310236808733,0.95
low,4,2026-07-31T18:00:00+02:00,BW,LYBE,journey_duration_min_max,2,41.45385710975194,2.571401028169464,18.350735493590005,64.55697872591386,0.95
low,4,2026-07-31T18:00:00+02:00,BW,LYBE,journey_duration_min_mean,2,38.59326524466782,0.9032005653811856,30.478330126732352,46.708200362603286,0.95
low,4,2026-07-31T18:00:00+02:00,BW,LYBE,journey_duration_min_p95,2,41.234059661700186,2.4982892310824516,18.787821480355824,63.68029784304455,0.95
low,4,2026-07-31T18:00:00+02:00,BW,LYBE,on_time_passengers,2,2.5,0.7071067811865476,-3.8531023680873293,8.85310236808733,0.95
low,4,2026-07-31T18:00:00+02:00,BW,LYBE,wait_to_boarding_min_max,2,15.0,0.0,15.0,15.0,0.95
low,4,2026-07-31T18:00:00+02:00,BW,LYBE,wait_to_boarding_min_mean,2,12.953373646679312,1.0798477101080624,3.2513269024106872,22.65542039094794,0.95
low,4,2026-07-31T18:00:00+02:00,BW,LYBE,wait_to_boarding_min_p95,2,14.862390119266504,0.013157856063027707,14.744171472893601,14.980608765639406,0.95
low,4,2026-07-31T18:00:00+02:00,EXPO,LYBE,boarded_passengers,2,0.5,0.7071067811865476,-5.853102368087329,6.853102368087329,0.95
low,4,2026-07-31T18:00:00+02:00,EXPO,LYBE,completed_journeys,2,0.5,0.7071067811865476,-5.853102368087329,6.853102368087329,0.95
low,4,2026-07-31T18:00:00+02:00,EXPO,LYBE,extra_after_boarding_min_max,1,0.0,,,,0.95
low,4,2026-07-31T18:00:00+02:00,EXPO,LYBE,extra_after_boarding_min_mean,1,0.0,,,,0.95
low,4,2026-07-31T18:00:00+02:00,EXPO,LYBE,extra_after_boarding_min_p95,1,0.0,,,,0.95
low,4,2026-07-31T18:00:00+02:00,EXPO,LYBE,fraction_boarding_within_wait_limit,1,1.0,,,,0.95
low,4,2026-07-31T18:00:00+02:00,EXPO,LYBE,generated_passengers,2,0.5,0.7071067811865476,-5.853102368087329,6.853102368087329,0.95
low,4,2026-07-31T18:00:00+02:00,EXPO,LYBE,journey_duration_min_max,1,34.291530868522145,,,,0.95
low,4,2026-07-31T18:00:00+02:00,EXPO,LYBE,journey_duration_min_mean,1,34.291530868522145,,,,0.95
low,4,2026-07-31T18:00:00+02:00,EXPO,LYBE,journey_duration_min_p95,1,34.291530868522145,,,,0.95
low,4,2026-07-31T18:00:00+02:00,EXPO,LYBE,on_time_passengers,2,0.5,0.7071067811865476,-5.853102368087329,6.853102368087329,0.95
low,4,2026-07-31T18:00:00+02:00,EXPO,LYBE,wait_to_boarding_min_max,1,15.0,,,,0.95
low,4,2026-07-31T18:00:00+02:00,EXPO,LYBE,wait_to_boarding_min_mean,1,15.0,,,,0.95
low,4,2026-07-31T18:00:00+02:00,EXPO,LYBE,wait_to_boarding_min_p95,1,15.0,,,,0.95
low,4,2026-07-31T18:00:00+02:00,JUG,LYBE,boarded_passengers,2,2.0,1.4142135623730951,-10.706204736174659,14.706204736174659,0.95
low,4,2026-07-31T18:00:00+02:00,JUG,LYBE,completed_journeys,2,2.0,1.4142135623730951,-10.706204736174659,14.706204736174659,0.95
low,4,2026-07-31T18:00:00+02:00,JUG,LYBE,extra_after_boarding_min_max,2,2.322314724691387,3.2842489797572996,-27.185491629070455,31.83012107845323,0.95
low,4,2026-07-31T18:00:00+02:00,JUG,LYBE,extra_after_boarding_min_mean,2,1.5482098164609246,2.1894993198382,-18.123661086046972,21.220080718968823,0.95
low,4,2026-07-31T18:00:00+02:00,JUG,LYBE,extra_after_boarding_min_p95,2,2.322314724691387,3.2842489797572996,-27.185491629070455,31.83012107845323,0.95
low,4,2026-07-31T18:00:00+02:00,JUG,LYBE,fraction_boarding_within_wait_limit,2,0.6666666666666666,0.4714045207910317,-3.568734912058219,4.902068245391552,0.95
low,4,2026-07-31T18:00:00+02:00,JUG,LYBE,generated_passengers,2,2.0,1.4142135623730951,-10.706204736174659,14.706204736174659,0.95
low,4,2026-07-31T18:00:00+02:00,JUG,LYBE,journey_duration_min_max,2,45.92948996141919,11.164623972648688,-54.380676602697406,146.2396565255358,0.95
low,4,2026-07-31T18:00:00+02:00,JUG,LYBE,journey_duration_min_mean,2,42.72679246161234,6.635325732243438,-16.88924396192374,102.34282888514842,0.95
low,4,2026-07-31T18:00:00+02:00,JUG,LYBE,journey_duration_min_p95,2,45.714837511568774,10.861059566873625,-51.86791107762704,143.2975861007646,0.95
low,4,2026-07-31T18:00:00+02:00,JUG,LYBE,on_time_passengers,2,1.0,0.0,1.0,1.0,0.95
low,4,2026-07-31T18:00:00+02:00,JUG,LYBE,wait_to_boarding_min_max,2,19.049340782048482,5.726632652643438,-32.402412241201134,70.5010938052981,0.95
low,4,2026-07-31T18:00:00+02:00,JUG,LYBE,wait_to_boarding_min_mean,2,17.064910738052358,2.9202247708434825,-9.172267861566425,43.30208933767114,0.95
low,4,2026-07-31T18:00:00+02:00,JUG,LYBE,wait_to_boarding_min_p95,2,18.858945847054493,5.457373553367795,-30.17361015143082,67.8915018455398,0.95
low,4,2026-07-31T18:00:00+02:00,LYBE,BW,boarded_passengers,2,1.0,0.0,1.0,1.0,0.95
low,4,2026-07-31T18:00:00+02:00,LYBE,BW,completed_journeys,2,1.0,0.0,1.0,1.0,0.95
low,4,2026-07-31T18:00:00+02:00,LYBE,BW,extra_after_boarding_min_max,2,0.3932004208252086,0.5504498922547977,-4.552395643363549,5.338796485013966,0.95
low,4,2026-07-31T18:00:00+02:00,LYBE,BW,extra_after_boarding_min_mean,2,0.3932004208252086,0.5504498922547977,-4.552395643363549,5.338796485013966,0.95
low,4,2026-07-31T18:00:00+02:00,LYBE,BW,extra_after_boarding_min_p95,2,0.3932004208252086,0.5504498922547977,-4.552395643363549,5.338796485013966,0.95
low,4,2026-07-31T18:00:00+02:00,LYBE,BW,fraction_boarding_within_wait_limit,2,0.5,0.7071067811865476,-5.853102368087329,6.853102368087329,0.95
low,4,2026-07-31T18:00:00+02:00,LYBE,BW,generated_passengers,2,1.0,0.0,1.0,1.0,0.95
low,4,2026-07-31T18:00:00+02:00,LYBE,BW,journey_duration_min_max,2,28.859736976758356,2.958298656495982,2.280478086670165,55.43899586684655,0.95
low,4,2026-07-31T18:00:00+02:00,LYBE,BW,journey_duration_min_mean,2,28.859736976758356,2.958298656495982,2.280478086670165,55.43899586684655,0.95
low,4,2026-07-31T18:00:00+02:00,LYBE,BW,journey_duration_min_p95,2,28.859736976758356,2.958298656495982,2.280478086670165,55.43899586684655,0.95
low,4,2026-07-31T18:00:00+02:00,LYBE,BW,on_time_passengers,2,0.5,0.7071067811865476,-5.853102368087329,6.853102368087329,0.95
low,4,2026-07-31T18:00:00+02:00,LYBE,BW,wait_to_boarding_min_max,2,16.70260618926659,2.4078487642411837,-4.931056636632835,38.33626901516601,0.95
low,4,2026-07-31T18:00:00+02:00,LYBE,BW,wait_to_boarding_min_mean,2,16.70260618926659,2.4078487642411837,-4.931056636632835,38.33626901516601,0.95
low,4,2026-07-31T18:00:00+02:00,LYBE,BW,wait_to_boarding_min_p95,2,16.70260618926659,2.4078487642411837,-4.931056636632835,38.33626901516601,0.95
low,4,2026-07-31T18:00:00+02:00,LYBE,DOR,boarded_passengers,2,0.5,0.7071067811865476,-5.853102368087329,6.853102368087329,0.95
low,4,2026-07-31T18:00:00+02:00,LYBE,DOR,completed_journeys,2,0.5,0.7071067811865476,-5.853102368087329,6.853102368087329,0.95
low,4,2026-07-31T18:00:00+02:00,LYBE,DOR,extra_after_boarding_min_max,1,0.0,,,,0.95
low,4,2026-07-31T18:00:00+02:00,LYBE,DOR,extra_after_boarding_min_mean,1,0.0,,,,0.95
low,4,2026-07-31T18:00:00+02:00,LYBE,DOR,extra_after_boarding_min_p95,1,0.0,,,,0.95
low,4,2026-07-31T18:00:00+02:00,LYBE,DOR,fraction_boarding_within_wait_limit,1,1.0,,,,0.95
low,4,2026-07-31T18:00:00+02:00,LYBE,DOR,generated_passengers,2,0.5,0.7071067811865476,-5.853102368087329,6.853102368087329,0.95
low,4,2026-07-31T18:00:00+02:00,LYBE,DOR,journey_duration_min_max,1,28.48000356666671,,,,0.95
low,4,2026-07-31T18:00:00+02:00,LYBE,DOR,journey_duration_min_mean,1,28.48000356666671,,,,0.95
low,4,2026-07-31T18:00:00+02:00,LYBE,DOR,journey_duration_min_p95,1,28.48000356666671,,,,0.95
low,4,2026-07-31T18:00:00+02:00,LYBE,DOR,on_time_passengers,2,0.5,0.7071067811865476,-5.853102368087329,6.853102368087329,0.95
low,4,2026-07-31T18:00:00+02:00,LYBE,DOR,wait_to_boarding_min_max,1,15.0,,,,0.95
low,4,2026-07-31T18:00:00+02:00,LYBE,DOR,wait_to_boarding_min_mean,1,15.0,,,,0.95
low,4,2026-07-31T18:00:00+02:00,LYBE,DOR,wait_to_boarding_min_p95,1,15.0,,,,0.95
low,4,2026-07-31T18:00:00+02:00,LYBE,EXPO,boarded_passengers,2,0.5,0.7071067811865476,-5.853102368087329,6.853102368087329,0.95
low,4,2026-07-31T18:00:00+02:00,LYBE,EXPO,completed_journeys,2,0.5,0.7071067811865476,-5.853102368087329,6.853102368087329,0.95
low,4,2026-07-31T18:00:00+02:00,LYBE,EXPO,extra_after_boarding_min_max,1,0.0,,,,0.95
low,4,2026-07-31T18:00:00+02:00,LYBE,EXPO,extra_after_boarding_min_mean,1,0.0,,,,0.95
low,4,2026-07-31T18:00:00+02:00,LYBE,EXPO,extra_after_boarding_min_p95,1,0.0,,,,0.95
low,4,2026-07-31T18:00:00+02:00,LYBE,EXPO,fraction_boarding_within_wait_limit,1,1.0,,,,0.95
low,4,2026-07-31T18:00:00+02:00,LYBE,EXPO,generated_passengers,2,0.5,0.7071067811865476,-5.853102368087329,6.853102368087329,0.95
low,4,2026-07-31T18:00:00+02:00,LYBE,EXPO,journey_duration_min_max,1,24.69603996666677,,,,0.95
low,4,2026-07-31T18:00:00+02:00,LYBE,EXPO,journey_duration_min_mean,1,24.69603996666677,,,,0.95
low,4,2026-07-31T18:00:00+02:00,LYBE,EXPO,journey_duration_min_p95,1,24.69603996666677,,,,0.95
low,4,2026-07-31T18:00:00+02:00,LYBE,EXPO,on_time_passengers,2,0.5,0.7071067811865476,-5.853102368087329,6.853102368087329,0.95
low,4,2026-07-31T18:00:00+02:00,LYBE,EXPO,wait_to_boarding_min_max,1,15.0,,,,0.95
low,4,2026-07-31T18:00:00+02:00,LYBE,EXPO,wait_to_boarding_min_mean,1,15.0,,,,0.95
low,4,2026-07-31T18:00:00+02:00,LYBE,EXPO,wait_to_boarding_min_p95,1,15.0,,,,0.95
low,4,2026-07-31T18:00:00+02:00,LYBE,JUG,boarded_passengers,2,3.0,2.8284271247461903,-22.412409472349317,28.412409472349317,0.95
low,4,2026-07-31T18:00:00+02:00,LYBE,JUG,completed_journeys,2,3.0,2.8284271247461903,-22.412409472349317,28.412409472349317,0.95
low,4,2026-07-31T18:00:00+02:00,LYBE,JUG,extra_after_boarding_min_max,2,0.0,0.0,0.0,0.0,0.95
low,4,2026-07-31T18:00:00+02:00,LYBE,JUG,extra_after_boarding_min_mean,2,0.0,0.0,0.0,0.0,0.95
low,4,2026-07-31T18:00:00+02:00,LYBE,JUG,extra_after_boarding_min_p95,2,0.0,0.0,0.0,0.0,0.95
low,4,2026-07-31T18:00:00+02:00,LYBE,JUG,fraction_boarding_within_wait_limit,2,1.0,0.0,1.0,1.0,0.95
low,4,2026-07-31T18:00:00+02:00,LYBE,JUG,generated_passengers,2,3.0,2.8284271247461903,-22.412409472349317,28.412409472349317,0.95
low,4,2026-07-31T18:00:00+02:00,LYBE,JUG,journey_duration_min_max,2,30.854123900058283,3.593165984249447,-1.429191620067705,63.13743942018427,0.95
low,4,2026-07-31T18:00:00+02:00,LYBE,JUG,journey_duration_min_mean,2,28.348619808037938,0.0498481167329853,27.90075224844587,28.796487367630007,0.95
low,4,2026-07-31T18:00:00+02:00,LYBE,JUG,journey_duration_min_p95,2,30.835011698763267,3.566137249971231,-1.205460278749264,62.8754836762758,0.95
low,4,2026-07-31T18:00:00+02:00,LYBE,JUG,on_time_passengers,2,3.0,2.8284271247461903,-22.412409472349317,28.412409472349317,0.95
low,4,2026-07-31T18:00:00+02:00,LYBE,JUG,wait_to_boarding_min_max,2,15.0,0.0,15.0,15.0,0.95
low,4,2026-07-31T18:00:00+02:00,LYBE,JUG,wait_to_boarding_min_mean,2,12.21524794137127,3.9382341291591443,-23.16838185504921,47.59887773779175,0.95
low,4,2026-07-31T18:00:00+02:00,LYBE,JUG,wait_to_boarding_min_p95,2,14.803150406678323,0.2783873646231432,12.301939171700383,17.304361641656264,0.95
low,4,2026-07-31T18:00:00+02:00,LYBE,LYBV,boarded_passengers,2,1.5,0.7071067811865476,-4.853102368087329,7.853102368087329,0.95
low,4,2026-07-31T18:00:00+02:00,LYBE,LYBV,completed_journeys,2,1.5,0.7071067811865476,-4.853102368087329,7.853102368087329,0.95
low,4,2026-07-31T18:00:00+02:00,LYBE,LYBV,extra_after_boarding_min_max,2,0.7208936859318783,1.0194976276739929,-8.43892908053416,9.880716452397918,0.95
low,4,2026-07-31T18:00:00+02:00,LYBE,LYBV,extra_after_boarding_min_mean,2,0.7208936859318783,1.0194976276739929,-8.43892908053416,9.880716452397918,0.95
low,4,2026-07-31T18:00:00+02:00,LYBE,LYBV,extra_after_boarding_min_p95,2,0.7208936859318783,1.0194976276739929,-8.43892908053416,9.880716452397918,0.95
low,4,2026-07-31T18:00:00+02:00,LYBE,LYBV,fraction_boarding_within_wait_limit,2,1.0,0.0,1.0,1.0,0.95
low,4,2026-07-31T18:00:00+02:00,LYBE,LYBV,generated_passengers,2,1.5,0.7071067811865476,-4.853102368087329,7.853102368087329,0.95
low,4,2026-07-31T18:00:00+02:00,LYBE,LYBV,journey_duration_min_max,2,30.52003015259846,2.681198563462381,6.430416821127185,54.609643484069736,0.95
low,4,2026-07-31T18:00:00+02:00,LYBE,LYBV,journey_duration_min_mean,2,26.970269230568796,2.3389214756539904,5.955893522259053,47.98464493887854,0.95
low,4,2026-07-31T18:00:00+02:00,LYBE,LYBV,journey_duration_min_p95,2,30.165054060395494,2.1791865595507445,10.585839632902317,49.744268487888675,0.95
low,4,2026-07-31T18:00:00+02:00,LYBE,LYBV,on_time_passengers,2,1.5,0.7071067811865476,-4.853102368087329,7.853102368087329,0.95
low,4,2026-07-31T18:00:00+02:00,LYBE,LYBV,wait_to_boarding_min_max,2,15.0,0.0,15.0,15.0,0.95
low,4,2026-07-31T18:00:00+02:00,LYBE,LYBV,wait_to_boarding_min_mean,2,11.45023907797034,5.020120039116369,-33.65374996181066,56.554228117751336,0.95
low,4,2026-07-31T18:00:00+02:00,LYBE,LYBV,wait_to_boarding_min_p95,2,14.645023907797032,0.5020120039116379,10.134625003818924,19.15542281177514,0.95
low,4,2026-07-31T19:00:00+02:00,JUG,LYBE,boarded_passengers,2,0.5,0.7071067811865476,-5.853102368087329,6.853102368087329,0.95
low,4,2026-07-31T19:00:00+02:00,JUG,LYBE,completed_journeys,2,0.5,0.7071067811865476,-5.853102368087329,6.853102368087329,0.95
low,4,2026-07-31T19:00:00+02:00,JUG,LYBE,extra_after_boarding_min_max,1,0.0,,,,0.95
low,4,2026-07-31T19:00:00+02:00,JUG,LYBE,extra_after_boarding_min_mean,1,0.0,,,,0.95
low,4,2026-07-31T19:00:00+02:00,JUG,LYBE,extra_after_boarding_min_p95,1,0.0,,,,0.95
low,4,2026-07-31T19:00:00+02:00,JUG,LYBE,fraction_boarding_within_wait_limit,1,1.0,,,,0.95
low,4,2026-07-31T19:00:00+02:00,JUG,LYBE,generated_passengers,2,0.5,0.7071067811865476,-5.853102368087329,6.853102368087329,0.95
low,4,2026-07-31T19:00:00+02:00,JUG,LYBE,journey_duration_min_max,1,38.829693149182276,,,,0.95
low,4,2026-07-31T19:00:00+02:00,JUG,LYBE,journey_duration_min_mean,1,38.829693149182276,,,,0.95
low,4,2026-07-31T19:00:00+02:00,JUG,LYBE,journey_duration_min_p95,1,38.829693149182276,,,,0.95
low,4,2026-07-31T19:00:00+02:00,JUG,LYBE,on_time_passengers,2,0.5,0.7071067811865476,-5.853102368087329,6.853102368087329,0.95
low,4,2026-07-31T19:00:00+02:00,JUG,LYBE,wait_to_boarding_min_max,1,15.0,,,,0.95
low,4,2026-07-31T19:00:00+02:00,JUG,LYBE,wait_to_boarding_min_mean,1,15.0,,,,0.95
low,4,2026-07-31T19:00:00+02:00,JUG,LYBE,wait_to_boarding_min_p95,1,15.0,,,,0.95
low,4,2026-07-31T19:00:00+02:00,LYBE,BW,boarded_passengers,2,0.5,0.7071067811865476,-5.853102368087329,6.853102368087329,0.95
low,4,2026-07-31T19:00:00+02:00,LYBE,BW,completed_journeys,2,0.5,0.7071067811865476,-5.853102368087329,6.853102368087329,0.95
low,4,2026-07-31T19:00:00+02:00,LYBE,BW,extra_after_boarding_min_max,1,0.0,,,,0.95
low,4,2026-07-31T19:00:00+02:00,LYBE,BW,extra_after_boarding_min_mean,1,0.0,,,,0.95
low,4,2026-07-31T19:00:00+02:00,LYBE,BW,extra_after_boarding_min_p95,1,0.0,,,,0.95
low,4,2026-07-31T19:00:00+02:00,LYBE,BW,fraction_boarding_within_wait_limit,1,1.0,,,,0.95
low,4,2026-07-31T19:00:00+02:00,LYBE,BW,generated_passengers,2,0.5,0.7071067811865476,-5.853102368087329,6.853102368087329,0.95
low,4,2026-07-31T19:00:00+02:00,LYBE,BW,journey_duration_min_max,1,26.76393036666656,,,,0.95
low,4,2026-07-31T19:00:00+02:00,LYBE,BW,journey_duration_min_mean,1,26.76393036666656,,,,0.95
low,4,2026-07-31T19:00:00+02:00,LYBE,BW,journey_duration_min_p95,1,26.76393036666656,,,,0.95
low,4,2026-07-31T19:00:00+02:00,LYBE,BW,on_time_passengers,2,0.5,0.7071067811865476,-5.853102368087329,6.853102368087329,0.95
low,4,2026-07-31T19:00:00+02:00,LYBE,BW,wait_to_boarding_min_max,1,15.0,,,,0.95
low,4,2026-07-31T19:00:00+02:00,LYBE,BW,wait_to_boarding_min_mean,1,15.0,,,,0.95
low,4,2026-07-31T19:00:00+02:00,LYBE,BW,wait_to_boarding_min_p95,1,15.0,,,,0.95
low,4,2026-07-31T19:00:00+02:00,LYBE,LYBV,boarded_passengers,2,0.5,0.7071067811865476,-5.853102368087329,6.853102368087329,0.95
low,4,2026-07-31T19:00:00+02:00,LYBE,LYBV,completed_journeys,2,0.5,0.7071067811865476,-5.853102368087329,6.853102368087329,0.95
low,4,2026-07-31T19:00:00+02:00,LYBE,LYBV,extra_after_boarding_min_max,1,0.0,,,,0.95
low,4,2026-07-31T19:00:00+02:00,LYBE,LYBV,extra_after_boarding_min_mean,1,0.0,,,,0.95
low,4,2026-07-31T19:00:00+02:00,LYBE,LYBV,extra_after_boarding_min_p95,1,0.0,,,,0.95
low,4,2026-07-31T19:00:00+02:00,LYBE,LYBV,fraction_boarding_within_wait_limit,1,1.0,,,,0.95
low,4,2026-07-31T19:00:00+02:00,LYBE,LYBV,generated_passengers,2,0.5,0.7071067811865476,-5.853102368087329,6.853102368087329,0.95
low,4,2026-07-31T19:00:00+02:00,LYBE,LYBV,journey_duration_min_max,1,28.62413646666658,,,,0.95
low,4,2026-07-31T19:00:00+02:00,LYBE,LYBV,journey_duration_min_mean,1,28.62413646666658,,,,0.95
low,4,2026-07-31T19:00:00+02:00,LYBE,LYBV,journey_duration_min_p95,1,28.62413646666658,,,,0.95
low,4,2026-07-31T19:00:00+02:00,LYBE,LYBV,on_time_passengers,2,0.5,0.7071067811865476,-5.853102368087329,6.853102368087329,0.95
low,4,2026-07-31T19:00:00+02:00,LYBE,LYBV,wait_to_boarding_min_max,1,15.0,,,,0.95
low,4,2026-07-31T19:00:00+02:00,LYBE,LYBV,wait_to_boarding_min_mean,1,15.0,,,,0.95
low,4,2026-07-31T19:00:00+02:00,LYBE,LYBV,wait_to_boarding_min_p95,1,15.0,,,,0.95
low,4,2026-07-31T19:00:00+02:00,LYBV,LYBE,boarded_passengers,2,0.5,0.7071067811865476,-5.853102368087329,6.853102368087329,0.95
low,4,2026-07-31T19:00:00+02:00,LYBV,LYBE,completed_journeys,2,0.5,0.7071067811865476,-5.853102368087329,6.853102368087329,0.95
low,4,2026-07-31T19:00:00+02:00,LYBV,LYBE,extra_after_boarding_min_max,1,0.0,,,,0.95
low,4,2026-07-31T19:00:00+02:00,LYBV,LYBE,extra_after_boarding_min_mean,1,0.0,,,,0.95
low,4,2026-07-31T19:00:00+02:00,LYBV,LYBE,extra_after_boarding_min_p95,1,0.0,,,,0.95
low,4,2026-07-31T19:00:00+02:00,LYBV,LYBE,fraction_boarding_within_wait_limit,1,1.0,,,,0.95
low,4,2026-07-31T19:00:00+02:00,LYBV,LYBE,generated_passengers,2,0.5,0.7071067811865476,-5.853102368087329,6.853102368087329,0.95
low,4,2026-07-31T19:00:00+02:00,LYBV,LYBE,journey_duration_min_max,1,38.00180674951844,,,,0.95
low,4,2026-07-31T19:00:00+02:00,LYBV,LYBE,journey_duration_min_mean,1,38.00180674951844,,,,0.95
low,4,2026-07-31T19:00:00+02:00,LYBV,LYBE,journey_duration_min_p95,1,38.00180674951844,,,,0.95
low,4,2026-07-31T19:00:00+02:00,LYBV,LYBE,on_time_passengers,2,0.5,0.7071067811865476,-5.853102368087329,6.853102368087329,0.95
low,4,2026-07-31T19:00:00+02:00,LYBV,LYBE,wait_to_boarding_min_max,1,15.0,,,,0.95
low,4,2026-07-31T19:00:00+02:00,LYBV,LYBE,wait_to_boarding_min_mean,1,15.0,,,,0.95
low,4,2026-07-31T19:00:00+02:00,LYBV,LYBE,wait_to_boarding_min_p95,1,15.0,,,,0.95
low,4,2026-07-31T20:00:00+02:00,DOR,LYBE,boarded_passengers,2,1.0,1.4142135623730951,-11.706204736174659,13.706204736174659,0.95
low,4,2026-07-31T20:00:00+02:00,DOR,LYBE,completed_journeys,2,1.0,1.4142135623730951,-11.706204736174659,13.706204736174659,0.95
low,4,2026-07-31T20:00:00+02:00,DOR,LYBE,extra_after_boarding_min_max,1,0.0,,,,0.95
low,4,2026-07-31T20:00:00+02:00,DOR,LYBE,extra_after_boarding_min_mean,1,0.0,,,,0.95
low,4,2026-07-31T20:00:00+02:00,DOR,LYBE,extra_after_boarding_min_p95,1,0.0,,,,0.95
low,4,2026-07-31T20:00:00+02:00,DOR,LYBE,fraction_boarding_within_wait_limit,1,1.0,,,,0.95
low,4,2026-07-31T20:00:00+02:00,DOR,LYBE,generated_passengers,2,1.0,1.4142135623730951,-11.706204736174659,13.706204736174659,0.95
low,4,2026-07-31T20:00:00+02:00,DOR,LYBE,journey_duration_min_max,1,42.22312872533463,,,,0.95
low,4,2026-07-31T20:00:00+02:00,DOR,LYBE,journey_duration_min_mean,1,40.33351129672131,,,,0.95
low,4,2026-07-31T20:00:00+02:00,DOR,LYBE,journey_duration_min_p95,1,42.0341669824733,,,,0.95
low,4,2026-07-31T20:00:00+02:00,DOR,LYBE,on_time_passengers,2,1.0,1.4142135623730951,-11.706204736174659,13.706204736174659,0.95
low,4,2026-07-31T20:00:00+02:00,DOR,LYBE,wait_to_boarding_min_max,1,15.0,,,,0.95
low,4,2026-07-31T20:00:00+02:00,DOR,LYBE,wait_to_boarding_min_mean,1,13.725039223926313,,,,0.95
low,4,2026-07-31T20:00:00+02:00,DOR,LYBE,wait_to_boarding_min_p95,1,14.872503922392632,,,,0.95
low,4,2026-07-31T20:00:00+02:00,LYBE,BW,boarded_passengers,2,0.5,0.7071067811865476,-5.853102368087329,6.853102368087329,0.95
low,4,2026-07-31T20:00:00+02:00,LYBE,BW,completed_journeys,2,0.5,0.7071067811865476,-5.853102368087329,6.853102368087329,0.95
low,4,2026-07-31T20:00:00+02:00,LYBE,BW,extra_after_boarding_min_max,1,0.0,,,,0.95
low,4,2026-07-31T20:00:00+02:00,LYBE,BW,extra_after_boarding_min_mean,1,0.0,,,,0.95
low,4,2026-07-31T20:00:00+02:00,LYBE,BW,extra_after_boarding_min_p95,1,0.0,,,,0.95
low,4,2026-07-31T20:00:00+02:00,LYBE,BW,fraction_boarding_within_wait_limit,1,1.0,,,,0.95
low,4,2026-07-31T20:00:00+02:00,LYBE,BW,generated_passengers,2,0.5,0.7071067811865476,-5.853102368087329,6.853102368087329,0.95
low,4,2026-07-31T20:00:00+02:00,LYBE,BW,journey_duration_min_max,1,26.76393036666656,,,,0.95
low,4,2026-07-31T20:00:00+02:00,LYBE,BW,journey_duration_min_mean,1,26.76393036666656,,,,0.95
low,4,2026-07-31T20:00:00+02:00,LYBE,BW,journey_duration_min_p95,1,26.76393036666656,,,,0.95
low,4,2026-07-31T20:00:00+02:00,LYBE,BW,on_time_passengers,2,0.5,0.7071067811865476,-5.853102368087329,6.853102368087329,0.95
low,4,2026-07-31T20:00:00+02:00,LYBE,BW,wait_to_boarding_min_max,1,15.0,,,,0.95
low,4,2026-07-31T20:00:00+02:00,LYBE,BW,wait_to_boarding_min_mean,1,15.0,,,,0.95
low,4,2026-07-31T20:00:00+02:00,LYBE,BW,wait_to_boarding_min_p95,1,15.0,,,,0.95
low,4,2026-07-31T20:00:00+02:00,LYBE,JUG,boarded_passengers,2,0.5,0.7071067811865476,-5.853102368087329,6.853102368087329,0.95
low,4,2026-07-31T20:00:00+02:00,LYBE,JUG,completed_journeys,2,0.5,0.7071067811865476,-5.853102368087329,6.853102368087329,0.95
low,4,2026-07-31T20:00:00+02:00,LYBE,JUG,extra_after_boarding_min_max,1,1.517823044093287,,,,0.95
low,4,2026-07-31T20:00:00+02:00,LYBE,JUG,extra_after_boarding_min_mean,1,1.517823044093287,,,,0.95
low,4,2026-07-31T20:00:00+02:00,LYBE,JUG,extra_after_boarding_min_p95,1,1.517823044093287,,,,0.95
low,4,2026-07-31T20:00:00+02:00,LYBE,JUG,fraction_boarding_within_wait_limit,1,1.0,,,,0.95
low,4,2026-07-31T20:00:00+02:00,LYBE,JUG,generated_passengers,2,0.5,0.7071067811865476,-5.853102368087329,6.853102368087329,0.95
low,4,2026-07-31T20:00:00+02:00,LYBE,JUG,journey_duration_min_max,1,29.83119491075995,,,,0.95
low,4,2026-07-31T20:00:00+02:00,LYBE,JUG,journey_duration_min_mean,1,29.83119491075995,,,,0.95
low,4,2026-07-31T20:00:00+02:00,LYBE,JUG,journey_duration_min_p95,1,29.83119491075995,,,,0.95
low,4,2026-07-31T20:00:00+02:00,LYBE,JUG,on_time_passengers,2,0.5,0.7071067811865476,-5.853102368087329,6.853102368087329,0.95
low,4,2026-07-31T20:00:00+02:00,LYBE,JUG,wait_to_boarding_min_max,1,15.0,,,,0.95
low,4,2026-07-31T20:00:00+02:00,LYBE,JUG,wait_to_boarding_min_mean,1,15.0,,,,0.95
low,4,2026-07-31T20:00:00+02:00,LYBE,JUG,wait_to_boarding_min_p95,1,15.0,,,,0.95
low,4,2026-07-31T20:00:00+02:00,LYBE,LYBV,boarded_passengers,2,0.5,0.7071067811865476,-5.853102368087329,6.853102368087329,0.95
low,4,2026-07-31T20:00:00+02:00,LYBE,LYBV,completed_journeys,2,0.5,0.7071067811865476,-5.853102368087329,6.853102368087329,0.95
low,4,2026-07-31T20:00:00+02:00,LYBE,LYBV,extra_after_boarding_min_max,1,0.0,,,,0.95
low,4,2026-07-31T20:00:00+02:00,LYBE,LYBV,extra_after_boarding_min_mean,1,0.0,,,,0.95
low,4,2026-07-31T20:00:00+02:00,LYBE,LYBV,extra_after_boarding_min_p95,1,0.0,,,,0.95
low,4,2026-07-31T20:00:00+02:00,LYBE,LYBV,fraction_boarding_within_wait_limit,1,1.0,,,,0.95
low,4,2026-07-31T20:00:00+02:00,LYBE,LYBV,generated_passengers,2,0.5,0.7071067811865476,-5.853102368087329,6.853102368087329,0.95
low,4,2026-07-31T20:00:00+02:00,LYBE,LYBV,journey_duration_min_max,1,28.62413646666658,,,,0.95
low,4,2026-07-31T20:00:00+02:00,LYBE,LYBV,journey_duration_min_mean,1,28.62413646666658,,,,0.95
low,4,2026-07-31T20:00:00+02:00,LYBE,LYBV,journey_duration_min_p95,1,28.62413646666658,,,,0.95
low,4,2026-07-31T20:00:00+02:00,LYBE,LYBV,on_time_passengers,2,0.5,0.7071067811865476,-5.853102368087329,6.853102368087329,0.95
low,4,2026-07-31T20:00:00+02:00,LYBE,LYBV,wait_to_boarding_min_max,1,15.0,,,,0.95
low,4,2026-07-31T20:00:00+02:00,LYBE,LYBV,wait_to_boarding_min_mean,1,15.0,,,,0.95
low,4,2026-07-31T20:00:00+02:00,LYBE,LYBV,wait_to_boarding_min_p95,1,15.0,,,,0.95
low,4,2026-07-31T20:00:00+02:00,LYBV,LYBE,boarded_passengers,2,0.5,0.7071067811865476,-5.853102368087329,6.853102368087329,0.95
low,4,2026-07-31T20:00:00+02:00,LYBV,LYBE,completed_journeys,2,0.5,0.7071067811865476,-5.853102368087329,6.853102368087329,0.95
low,4,2026-07-31T20:00:00+02:00,LYBV,LYBE,extra_after_boarding_min_max,1,0.0,,,,0.95
low,4,2026-07-31T20:00:00+02:00,LYBV,LYBE,extra_after_boarding_min_mean,1,0.0,,,,0.95
low,4,2026-07-31T20:00:00+02:00,LYBV,LYBE,extra_after_boarding_min_p95,1,0.0,,,,0.95
low,4,2026-07-31T20:00:00+02:00,LYBV,LYBE,fraction_boarding_within_wait_limit,1,1.0,,,,0.95
low,4,2026-07-31T20:00:00+02:00,LYBV,LYBE,generated_passengers,2,0.5,0.7071067811865476,-5.853102368087329,6.853102368087329,0.95
low,4,2026-07-31T20:00:00+02:00,LYBV,LYBE,journey_duration_min_max,1,38.068221885138094,,,,0.95
low,4,2026-07-31T20:00:00+02:00,LYBV,LYBE,journey_duration_min_mean,1,38.068221885138094,,,,0.95
low,4,2026-07-31T20:00:00+02:00,LYBV,LYBE,journey_duration_min_p95,1,38.068221885138094,,,,0.95
low,4,2026-07-31T20:00:00+02:00,LYBV,LYBE,on_time_passengers,2,0.5,0.7071067811865476,-5.853102368087329,6.853102368087329,0.95
low,4,2026-07-31T20:00:00+02:00,LYBV,LYBE,wait_to_boarding_min_max,1,15.0,,,,0.95
low,4,2026-07-31T20:00:00+02:00,LYBV,LYBE,wait_to_boarding_min_mean,1,15.0,,,,0.95
low,4,2026-07-31T20:00:00+02:00,LYBV,LYBE,wait_to_boarding_min_p95,1,15.0,,,,0.95
low,4,2026-07-31T21:00:00+02:00,BW,LYBE,boarded_passengers,2,0.5,0.7071067811865476,-5.853102368087329,6.853102368087329,0.95
low,4,2026-07-31T21:00:00+02:00,BW,LYBE,completed_journeys,2,0.5,0.7071067811865476,-5.853102368087329,6.853102368087329,0.95
low,4,2026-07-31T21:00:00+02:00,BW,LYBE,extra_after_boarding_min_max,1,0.0,,,,0.95
low,4,2026-07-31T21:00:00+02:00,BW,LYBE,extra_after_boarding_min_mean,1,0.0,,,,0.95
low,4,2026-07-31T21:00:00+02:00,BW,LYBE,extra_after_boarding_min_p95,1,0.0,,,,0.95
low,4,2026-07-31T21:00:00+02:00,BW,LYBE,fraction_boarding_within_wait_limit,1,1.0,,,,0.95
low,4,2026-07-31T21:00:00+02:00,BW,LYBE,generated_passengers,2,0.5,0.7071067811865476,-5.853102368087329,6.853102368087329,0.95
low,4,2026-07-31T21:00:00+02:00,BW,LYBE,journey_duration_min_max,1,36.477274458592,,,,0.95
low,4,2026-07-31T21:00:00+02:00,BW,LYBE,journey_duration_min_mean,1,36.477274458592,,,,0.95
low,4,2026-07-31T21:00:00+02:00,BW,LYBE,journey_duration_min_p95,1,36.477274458592,,,,0.95
low,4,2026-07-31T21:00:00+02:00,BW,LYBE,on_time_passengers,2,0.5,0.7071067811865476,-5.853102368087329,6.853102368087329,0.95
low,4,2026-07-31T21:00:00+02:00,BW,LYBE,wait_to_boarding_min_max,1,15.0,,,,0.95
low,4,2026-07-31T21:00:00+02:00,BW,LYBE,wait_to_boarding_min_mean,1,15.0,,,,0.95
low,4,2026-07-31T21:00:00+02:00,BW,LYBE,wait_to_boarding_min_p95,1,15.0,,,,0.95
low,4,2026-07-31T21:00:00+02:00,EXPO,LYBE,boarded_passengers,2,0.5,0.7071067811865476,-5.853102368087329,6.853102368087329,0.95
low,4,2026-07-31T21:00:00+02:00,EXPO,LYBE,completed_journeys,2,0.5,0.7071067811865476,-5.853102368087329,6.853102368087329,0.95
low,4,2026-07-31T21:00:00+02:00,EXPO,LYBE,extra_after_boarding_min_max,1,0.0,,,,0.95
low,4,2026-07-31T21:00:00+02:00,EXPO,LYBE,extra_after_boarding_min_mean,1,0.0,,,,0.95
low,4,2026-07-31T21:00:00+02:00,EXPO,LYBE,extra_after_boarding_min_p95,1,0.0,,,,0.95
low,4,2026-07-31T21:00:00+02:00,EXPO,LYBE,fraction_boarding_within_wait_limit,1,0.0,,,,0.95
low,4,2026-07-31T21:00:00+02:00,EXPO,LYBE,generated_passengers,2,0.5,0.7071067811865476,-5.853102368087329,6.853102368087329,0.95
low,4,2026-07-31T21:00:00+02:00,EXPO,LYBE,journey_duration_min_max,1,48.5576615513443,,,,0.95
low,4,2026-07-31T21:00:00+02:00,EXPO,LYBE,journey_duration_min_mean,1,48.5576615513443,,,,0.95
low,4,2026-07-31T21:00:00+02:00,EXPO,LYBE,journey_duration_min_p95,1,48.5576615513443,,,,0.95
low,4,2026-07-31T21:00:00+02:00,EXPO,LYBE,on_time_passengers,2,0.0,0.0,0.0,0.0,0.95
low,4,2026-07-31T21:00:00+02:00,EXPO,LYBE,wait_to_boarding_min_max,1,27.874861563957772,,,,0.95
low,4,2026-07-31T21:00:00+02:00,EXPO,LYBE,wait_to_boarding_min_mean,1,27.874861563957772,,,,0.95
low,4,2026-07-31T21:00:00+02:00,EXPO,LYBE,wait_to_boarding_min_p95,1,27.874861563957772,,,,0.95
low,4,2026-07-31T21:00:00+02:00,JUG,LYBE,boarded_passengers,2,0.5,0.7071067811865476,-5.853102368087329,6.853102368087329,0.95
low,4,2026-07-31T21:00:00+02:00,JUG,LYBE,completed_journeys,2,0.5,0.7071067811865476,-5.853102368087329,6.853102368087329,0.95
low,4,2026-07-31T21:00:00+02:00,JUG,LYBE,extra_after_boarding_min_max,1,0.0,,,,0.95
low,4,2026-07-31T21:00:00+02:00,JUG,LYBE,extra_after_boarding_min_mean,1,0.0,,,,0.95
low,4,2026-07-31T21:00:00+02:00,JUG,LYBE,extra_after_boarding_min_p95,1,0.0,,,,0.95
low,4,2026-07-31T21:00:00+02:00,JUG,LYBE,fraction_boarding_within_wait_limit,1,1.0,,,,0.95
low,4,2026-07-31T21:00:00+02:00,JUG,LYBE,generated_passengers,2,0.5,0.7071067811865476,-5.853102368087329,6.853102368087329,0.95
low,4,2026-07-31T21:00:00+02:00,JUG,LYBE,journey_duration_min_max,1,38.36643718032768,,,,0.95
low,4,2026-07-31T21:00:00+02:00,JUG,LYBE,journey_duration_min_mean,1,38.36643718032768,,,,0.95
low,4,2026-07-31T21:00:00+02:00,JUG,LYBE,journey_duration_min_p95,1,38.36643718032768,,,,0.95
low,4,2026-07-31T21:00:00+02:00,JUG,LYBE,on_time_passengers,2,0.5,0.7071067811865476,-5.853102368087329,6.853102368087329,0.95
low,4,2026-07-31T21:00:00+02:00,JUG,LYBE,wait_to_boarding_min_max,1,15.0,,,,0.95
low,4,2026-07-31T21:00:00+02:00,JUG,LYBE,wait_to_boarding_min_mean,1,15.0,,,,0.95
low,4,2026-07-31T21:00:00+02:00,JUG,LYBE,wait_to_boarding_min_p95,1,15.0,,,,0.95
low,4,2026-07-31T21:00:00+02:00,LYBE,BW,boarded_passengers,2,2.5,2.1213203435596424,-16.559307104261986,21.559307104261986,0.95
low,4,2026-07-31T21:00:00+02:00,LYBE,BW,completed_journeys,2,2.5,2.1213203435596424,-16.559307104261986,21.559307104261986,0.95
low,4,2026-07-31T21:00:00+02:00,LYBE,BW,extra_after_boarding_min_max,2,0.025930199498543516,0.03667083980588027,-0.30354422417980387,0.3554046231768909,0.95
low,4,2026-07-31T21:00:00+02:00,LYBE,BW,extra_after_boarding_min_mean,2,0.025930199498543516,0.03667083980588027,-0.30354422417980387,0.3554046231768909,0.95
low,4,2026-07-31T21:00:00+02:00,LYBE,BW,extra_after_boarding_min_p95,2,0.025930199498543516,0.03667083980588027,-0.30354422417980387,0.3554046231768909,0.95
low,4,2026-07-31T21:00:00+02:00,LYBE,BW,fraction_boarding_within_wait_limit,2,1.0,0.0,1.0,1.0,0.95
low,4,2026-07-31T21:00:00+02:00,LYBE,BW,generated_passengers,2,2.5,2.1213203435596424,-16.559307104261986,21.559307104261986,0.95
low,4,2026-07-31T21:00:00+02:00,LYBE,BW,journey_duration_min_max,2,27.964860566165104,1.6250300959825084,13.364544424838211,42.565176707492,0.95
low,4,2026-07-31T21:00:00+02:00,LYBE,BW,journey_duration_min_mean,2,26.916951437037305,0.14306279343539882,25.63158323531469,28.20231963875992,0.95
low,4,2026-07-31T21:00:00+02:00,LYBE,BW,journey_duration_min_p95,2,27.964860566165104,1.6250300959825084,13.364544424838211,42.565176707492,0.95
low,4,2026-07-31T21:00:00+02:00,LYBE,BW,on_time_passengers,2,2.5,2.1213203435596424,-16.559307104261986,21.559307104261986,0.95
low,4,2026-07-31T21:00:00+02:00,LYBE,BW,wait_to_boarding_min_max,2,15.0,0.0,15.0,15.0,0.95
low,4,2026-07-31T21:00:00+02:00,LYBE,BW,wait_to_boarding_min_mean,2,13.952090870872205,1.4819673025471072,0.6371429312679489,27.26703881047646,0.95
low,4,2026-07-31T21:00:00+02:00,LYBE,BW,wait_to_boarding_min_p95,2,15.0,0.0,15.0,15.0,0.95
low,4,2026-07-31T21:00:00+02:00,LYBE,DOR,boarded_passengers,2,2.0,1.4142135623730951,-10.706204736174659,14.706204736174659,0.95
low,4,2026-07-31T21:00:00+02:00,LYBE,DOR,completed_journeys,2,2.0,1.4142135623730951,-10.706204736174659,14.706204736174659,0.95
low,4,2026-07-31T21:00:00+02:00,LYBE,DOR,extra_after_boarding_min_max,2,0.0,0.0,0.0,0.0,0.95
low,4,2026-07-31T21:00:00+02:00,LYBE,DOR,extra_after_boarding_min_mean,2,0.0,0.0,0.0,0.0,0.95
low,4,2026-07-31T21:00:00+02:00,LYBE,DOR,extra_after_boarding_min_p95,2,0.0,0.0,0.0,0.0,0.95
low,4,2026-07-31T21:00:00+02:00,LYBE,DOR,fraction_boarding_within_wait_limit,2,1.0,0.0,1.0,1.0,0.95
low,4,2026-07-31T21:00:00+02:00,LYBE,DOR,generated_passengers,2,2.0,1.4142135623730951,-10.706204736174659,14.706204736174659,0.95
low,4,2026-07-31T21:00:00+02:00,LYBE,DOR,journey_duration_min_max,2,29.65500356666671,1.6617009357883876,14.725213001661478,44.58479413167194,0.95
low,4,2026-07-31T21:00:00+02:00,LYBE,DOR,journey_duration_min_mean,2,28.697261840238973,0.3072495970236607,25.936733735601933,31.457789944876012,0.95
low,4,2026-07-31T21:00:00+02:00,LYBE,DOR,journey_duration_min_p95,2,29.53750356666671,1.4955308422095495,16.100692058161997,42.974315075171425,0.95
low,4,2026-07-31T21:00:00+02:00,LYBE,DOR,on_time_passengers,2,2.0,1.4142135623730951,-10.706204736174659,14.706204736174659,0.95
low,4,2026-07-31T21:00:00+02:00,LYBE,DOR,wait_to_boarding_min_max,2,15.0,0.0,15.0,15.0,0.95
low,4,2026-07-31T21:00:00+02:00,LYBE,DOR,wait_to_boarding_min_mean,2,14.433924940238931,0.8005510268352636,7.241259334872488,21.626590545605374,0.95
low,4,2026-07-31T21:00:00+02:00,LYBE,DOR,wait_to_boarding_min_p95,2,15.0,0.0,15.0,15.0,0.95
low,4,2026-07-31T21:00:00+02:00,LYBE,JUG,boarded_passengers,2,0.5,0.7071067811865476,-5.853102368087329,6.853102368087329,0.95
low,4,2026-07-31T21:00:00+02:00,LYBE,JUG,completed_journeys,2,0.5,0.7071067811865476,-5.853102368087329,6.853102368087329,0.95
low,4,2026-07-31T21:00:00+02:00,LYBE,JUG,extra_after_boarding_min_max,1,0.0,,,,0.95
low,4,2026-07-31T21:00:00+02:00,LYBE,JUG,extra_after_boarding_min_mean,1,0.0,,,,0.95
low,4,2026-07-31T21:00:00+02:00,LYBE,JUG,extra_after_boarding_min_p95,1,0.0,,,,0.95
low,4,2026-07-31T21:00:00+02:00,LYBE,JUG,fraction_boarding_within_wait_limit,1,0.0,,,,0.95
low,4,2026-07-31T21:00:00+02:00,LYBE,JUG,generated_passengers,2,0.5,0.7071067811865476,-5.853102368087329,6.853102368087329,0.95
low,4,2026-07-31T21:00:00+02:00,LYBE,JUG,journey_duration_min_max,1,31.7019918149245,,,,0.95
low,4,2026-07-31T21:00:00+02:00,LYBE,JUG,journey_duration_min_mean,1,31.7019918149245,,,,0.95
low,4,2026-07-31T21:00:00+02:00,LYBE,JUG,journey_duration_min_p95,1,31.7019918149245,,,,0.95
low,4,2026-07-31T21:00:00+02:00,LYBE,JUG,on_time_passengers,2,0.0,0.0,0.0,0.0,0.95
low,4,2026-07-31T21:00:00+02:00,LYBE,JUG,wait_to_boarding_min_max,1,18.388619948257837,,,,0.95
low,4,2026-07-31T21:00:00+02:00,LYBE,JUG,wait_to_boarding_min_mean,1,18.388619948257837,,,,0.95
low,4,2026-07-31T21:00:00+02:00,LYBE,JUG,wait_to_boarding_min_p95,1,18.388619948257837,,,,0.95
low,4,2026-07-31T22:00:00+02:00,LYBE,BW,boarded_passengers,2,2.0,1.4142135623730951,-10.706204736174659,14.706204736174659,0.95
low,4,2026-07-31T22:00:00+02:00,LYBE,BW,completed_journeys,2,2.0,1.4142135623730951,-10.706204736174659,14.706204736174659,0.95
low,4,2026-07-31T22:00:00+02:00,LYBE,BW,extra_after_boarding_min_max,2,1.0372353998373,1.4668723698233896,-12.142089950103415,14.216560749778015,0.95
low,4,2026-07-31T22:00:00+02:00,LYBE,BW,extra_after_boarding_min_mean,2,0.6914902665582,0.9779149132155931,-8.094726633402278,9.477707166518677,0.95
low,4,2026-07-31T22:00:00+02:00,LYBE,BW,extra_after_boarding_min_p95,2,1.0372353998373,1.4668723698233896,-12.142089950103415,14.216560749778015,0.95
low,4,2026-07-31T22:00:00+02:00,LYBE,BW,fraction_boarding_within_wait_limit,2,0.8333333333333333,0.23570226039551587,-1.2843674560291098,2.951034122695776,0.95
low,4,2026-07-31T22:00:00+02:00,LYBE,BW,generated_passengers,2,2.0,1.4142135623730951,-10.706204736174659,14.706204736174659,0.95
low,4,2026-07-31T22:00:00+02:00,LYBE,BW,journey_duration_min_max,2,30.643227701175057,5.4861549029397105,-18.6479184635865,79.9343738659366,0.95
low,4,2026-07-31T22:00:00+02:00,LYBE,BW,journey_duration_min_mean,2,29.30410547919916,3.592350094946203,-2.9718795663755344,61.58009052477385,0.95
low,4,2026-07-31T22:00:00+02:00,LYBE,BW,journey_duration_min_p95,2,30.476521507707936,5.250396743206915,-16.696421632072045,77.64946464748792,0.95
low,4,2026-07-31T22:00:00+02:00,LYBE,BW,on_time_passengers,2,1.5,0.7071067811865476,-4.853102368087329,7.853102368087329,0.95
low,4,2026-07-31T22:00:00+02:00,LYBE,BW,wait_to_boarding_min_max,2,17.704297334508496,3.824453967151323,-16.657058265247834,52.065652934264826,0.95
low,4,2026-07-31T22:00:00+02:00,LYBE,BW,wait_to_boarding_min_mean,2,15.673684845974396,0.9527342459422204,7.113707265365429,24.233662426583365,0.95
low,4,2026-07-31T22:00:00+02:00,LYBE,BW,wait_to_boarding_min_p95,2,17.433867601057642,3.4420085704361894,-13.491352438723045,48.359087640838325,0.95
low,4,2026-07-31T22:00:00+02:00,LYBE,DOR,boarded_passengers,2,3.0,2.8284271247461903,-22.412409472349317,28.412409472349317,0.95
low,4,2026-07-31T22:00:00+02:00,LYBE,DOR,completed_journeys,2,3.0,2.8284271247461903,-22.412409472349317,28.412409472349317,0.95
low,4,2026-07-31T22:00:00+02:00,LYBE,DOR,extra_after_boarding_min_max,2,0.5233580314880479,0.25461739360594515,-1.76428848713217,2.811004550108266,0.95
low,4,2026-07-31T22:00:00+02:00,LYBE,DOR,extra_after_boarding_min_mean,2,0.38267808806507675,0.05566590966329958,-0.1174602671494015,0.882816443279555,0.95
low,4,2026-07-31T22:00:00+02:00,LYBE,DOR,extra_after_boarding_min_p95,2,0.5233580314880479,0.25461739360594515,-1.76428848713217,2.811004550108266,0.95
low,4,2026-07-31T22:00:00+02:00,LYBE,DOR,fraction_boarding_within_wait_limit,2,1.0,0.0,1.0,1.0,0.95
low,4,2026-07-31T22:00:00+02:00,LYBE,DOR,generated_passengers,2,3.0,2.8284271247461903,-22.412409472349317,28.412409472349317,0.95
low,4,2026-07-31T22:00:00+02:00,LYBE,DOR,journey_duration_min_max,2,31.35336159815476,3.57801926518272,-0.7938660504759163,63.50058924678544,0.95
low,4,2026-07-31T22:00:00+02:00,LYBE,DOR,journey_duration_min_mean,2,29.77713952740926,1.3489046354226304,17.657712219348078,41.896566835470445,0.95
low,4,2026-07-31T22:00:00+02:00,LYBE,DOR,journey_duration_min_p95,2,31.346548546367025,3.568384154943356,-0.7141110713705388,63.40720816410459,0.95
low,4,2026-07-31T22:00:00+02:00,LYBE,DOR,on_time_passengers,2,3.0,2.8284271247461903,-22.412409472349317,28.412409472349317,0.95
low,4,2026-07-31T22:00:00+02:00,LYBE,DOR,wait_to_boarding_min_max,2,15.0,0.0,15.0,15.0,0.95
low,4,2026-07-31T22:00:00+02:00,LYBE,DOR,wait_to_boarding_min_mean,2,14.034457872677473,1.3654827715020872,1.7660819215158288,26.302833823839116,0.95
low,4,2026-07-31T22:00:00+02:00,LYBE,DOR,wait_to_boarding_min_p95,2,15.0,0.0,15.0,15.0,0.95
low,4,2026-07-31T22:00:00+02:00,LYBE,EXPO,boarded_passengers,2,0.5,0.7071067811865476,-5.853102368087329,6.853102368087329,0.95
low,4,2026-07-31T22:00:00+02:00,LYBE,EXPO,completed_journeys,2,0.5,0.7071067811865476,-5.853102368087329,6.853102368087329,0.95
low,4,2026-07-31T22:00:00+02:00,LYBE,EXPO,extra_after_boarding_min_max,1,0.0,,,,0.95
low,4,2026-07-31T22:00:00+02:00,LYBE,EXPO,extra_after_boarding_min_mean,1,0.0,,,,0.95
low,4,2026-07-31T22:00:00+02:00,LYBE,EXPO,extra_after_boarding_min_p95,1,0.0,,,,0.95
low,4,2026-07-31T22:00:00+02:00,LYBE,EXPO,fraction_boarding_within_wait_limit,1,1.0,,,,0.95
low,4,2026-07-31T22:00:00+02:00,LYBE,EXPO,generated_passengers,2,0.5,0.7071067811865476,-5.853102368087329,6.853102368087329,0.95
low,4,2026-07-31T22:00:00+02:00,LYBE,EXPO,journey_duration_min_max,1,24.69603996666677,,,,0.95
low,4,2026-07-31T22:00:00+02:00,LYBE,EXPO,journey_duration_min_mean,1,24.69603996666677,,,,0.95
low,4,2026-07-31T22:00:00+02:00,LYBE,EXPO,journey_duration_min_p95,1,24.69603996666677,,,,0.95
low,4,2026-07-31T22:00:00+02:00,LYBE,EXPO,on_time_passengers,2,0.5,0.7071067811865476,-5.853102368087329,6.853102368087329,0.95
low,4,2026-07-31T22:00:00+02:00,LYBE,EXPO,wait_to_boarding_min_max,1,15.0,,,,0.95
low,4,2026-07-31T22:00:00+02:00,LYBE,EXPO,wait_to_boarding_min_mean,1,15.0,,,,0.95
low,4,2026-07-31T22:00:00+02:00,LYBE,EXPO,wait_to_boarding_min_p95,1,15.0,,,,0.95
low,4,2026-07-31T22:00:00+02:00,LYBE,JUG,boarded_passengers,2,2.0,1.4142135623730951,-10.706204736174659,14.706204736174659,0.95
low,4,2026-07-31T22:00:00+02:00,LYBE,JUG,completed_journeys,2,2.0,1.4142135623730951,-10.706204736174659,14.706204736174659,0.95
low,4,2026-07-31T22:00:00+02:00,LYBE,JUG,extra_after_boarding_min_max,2,0.0,0.0,0.0,0.0,0.95
low,4,2026-07-31T22:00:00+02:00,LYBE,JUG,extra_after_boarding_min_mean,2,0.0,0.0,0.0,0.0,0.95
low,4,2026-07-31T22:00:00+02:00,LYBE,JUG,extra_after_boarding_min_p95,2,0.0,0.0,0.0,0.0,0.95
low,4,2026-07-31T22:00:00+02:00,LYBE,JUG,fraction_boarding_within_wait_limit,2,0.8333333333333333,0.23570226039551587,-1.2843674560291098,2.951034122695776,0.95
low,4,2026-07-31T22:00:00+02:00,LYBE,JUG,generated_passengers,2,2.0,1.4142135623730951,-10.706204736174659,14.706204736174659,0.95
low,4,2026-07-31T22:00:00+02:00,LYBE,JUG,journey_duration_min_max,2,31.548151865587474,4.574669745767036,-9.553625077183181,72.64992880835813,0.95
low,4,2026-07-31T22:00:00+02:00,LYBE,JUG,journey_duration_min_mean,2,28.948008814506103,0.8975121788176016,20.884181822117192,37.011835806895014,0.95
low,4,2026-07-31T22:00:00+02:00,LYBE,JUG,journey_duration_min_p95,2,31.224673865695394,4.117202771190333,-5.766925382798199,68.216273114189,0.95
low,4,2026-07-31T22:00:00+02:00,LYBE,JUG,on_time_passengers,2,1.5,0.7071067811865476,-4.853102368087329,7.853102368087329,0.95
low,4,2026-07-31T22:00:00+02:00,LYBE,JUG,wait_to_boarding_min_max,2,17.05977999892081,2.9129688099786484,-9.112206378844618,43.23176637668624,0.95
low,4,2026-07-31T22:00:00+02:00,LYBE,JUG,wait_to_boarding_min_mean,2,14.851303614506104,0.2102884450413239,12.961936896891526,16.740670332120683,0.95
low,4,2026-07-31T22:00:00+02:00,LYBE,JUG,wait_to_boarding_min_p95,2,16.85380199902873,2.6216719289807835,-6.700985740960153,40.408589739017614,0.95
low,4,2026-07-31T22:00:00+02:00,LYBE,LYBV,boarded_passengers,2,1.0,0.0,1.0,1.0,0.95
low,4,2026-07-31T22:00:00+02:00,LYBE,LYBV,completed_journeys,2,1.0,0.0,1.0,1.0,0.95
low,4,2026-07-31T22:00:00+02:00,LYBE,LYBV,extra_after_boarding_min_max,2,0.0,0.0,0.0,0.0,0.95
low,4,2026-07-31T22:00:00+02:00,LYBE,LYBV,extra_after_boarding_min_mean,2,0.0,0.0,0.0,0.0,0.95
low,4,2026-07-31T22:00:00+02:00,LYBE,LYBV,extra_after_boarding_min_p95,2,0.0,0.0,0.0,0.0,0.95
low,4,2026-07-31T22:00:00+02:00,LYBE,LYBV,fraction_boarding_within_wait_limit,2,0.5,0.7071067811865476,-5.853102368087329,6.853102368087329,0.95
low,4,2026-07-31T22:00:00+02:00,LYBE,LYBV,generated_passengers,2,1.0,0.0,1.0,1.0,0.95
low,4,2026-07-31T22:00:00+02:00,LYBE,LYBV,journey_duration_min_max,2,36.6892917283305,11.405851953689844,-65.78822225540756,139.16680571206857,0.95
low,4,2026-07-31T22:00:00+02:00,LYBE,LYBV,journey_duration_min_mean,2,36.6892917283305,11.405851953689844,-65.78822225540756,139.16680571206857,0.95
low,4,2026-07-31T22:00:00+02:00,LYBE,LYBV,journey_duration_min_p95,2,36.6892917283305,11.405851953689844,-65.78822225540756,139.16680571206857,0.95
low,4,2026-07-31T22:00:00+02:00,LYBE,LYBV,on_time_passengers,2,0.5,0.7071067811865476,-5.853102368087329,6.853102368087329,0.95
low,4,2026-07-31T22:00:00+02:00,LYBE,LYBV,wait_to_boarding_min_max,2,19.54015526166392,6.420749146324683,-38.14798702705847,77.22829755038632,0.95
low,4,2026-07-31T22:00:00+02:00,LYBE,LYBV,wait_to_boarding_min_mean,2,19.54015526166392,6.420749146324683,-38.14798702705847,77.22829755038632,0.95
low,4,2026-07-31T22:00:00+02:00,LYBE,LYBV,wait_to_boarding_min_p95,2,19.54015526166392,6.420749146324683,-38.14798702705847,77.22829755038632,0.95
low,4,2026-07-31T23:00:00+02:00,LYBE,BW,boarded_passengers,2,6.0,1.4142135623730951,-6.706204736174659,18.70620473617466,0.95
low,4,2026-07-31T23:00:00+02:00,LYBE,BW,completed_journeys,2,6.0,1.4142135623730951,-6.706204736174659,18.70620473617466,0.95
low,4,2026-07-31T23:00:00+02:00,LYBE,BW,extra_after_boarding_min_max,2,1.7054074608024772,2.4118103604391257,-19.963848894753557,23.37466381635851,0.95
low,4,2026-07-31T23:00:00+02:00,LYBE,BW,extra_after_boarding_min_mean,2,0.48725927451499346,0.6890886744111787,-5.703956827072443,6.678475376102431,0.95
low,4,2026-07-31T23:00:00+02:00,LYBE,BW,extra_after_boarding_min_p95,2,1.7054074608024772,2.4118103604391257,-19.963848894753557,23.37466381635851,0.95
low,4,2026-07-31T23:00:00+02:00,LYBE,BW,fraction_boarding_within_wait_limit,2,0.6571428571428571,0.08081220356417688,-0.06892598492426627,1.3832116992099805,0.95
low,4,2026-07-31T23:00:00+02:00,LYBE,BW,generated_passengers,2,6.0,1.4142135623730951,-6.706204736174659,18.70620473617466,0.95
low,4,2026-07-31T23:00:00+02:00,LYBE,BW,journey_duration_min_max,2,40.90222184563767,9.209237045129672,-41.839490207404594,123.64393389867993,0.95
low,4,2026-07-31T23:00:00+02:00,LYBE,BW,journey_duration_min_mean,2,30.927311152565444,0.658951390063302,25.00686780786903,36.84775449726186,0.95
low,4,2026-07-31T23:00:00+02:00,LYBE,BW,journey_duration_min_p95,2,39.63597146912865,7.704156682267131,-29.5831300364394,108.8550729746967,0.95
low,4,2026-07-31T23:00:00+02:00,LYBE,BW,on_time_passengers,2,4.0,1.4142135623730951,-8.706204736174659,16.70620473617466,0.95
low,4,2026-07-31T23:00:00+02:00,LYBE,BW,wait_to_boarding_min_max,2,25.082884018168627,6.797426684690545,-35.989571679317585,86.15533971565483,0.95
low,4,2026-07-31T23:00:00+02:00,LYBE,BW,wait_to_boarding_min_mean,2,15.21826436852675,2.261564255263712,-5.101084289942726,35.537613026996226,0.95
low,4,2026-07-31T23:00:00+02:00,LYBE,BW,wait_to_boarding_min_p95,2,23.816633641659607,5.2923463218280045,-23.733211508352397,71.36647879167161,0.95
low,4,2026-07-31T23:00:00+02:00,LYBE,DOR,boarded_passengers,2,1.5,2.1213203435596424,-17.559307104261986,20.559307104261986,0.95
low,4,2026-07-31T23:00:00+02:00,LYBE,DOR,completed_journeys,2,1.5,2.1213203435596424,-17.559307104261986,20.559307104261986,0.95
low,4,2026-07-31T23:00:00+02:00,LYBE,DOR,extra_after_boarding_min_max,1,3.2811190572312627,,,,0.95
low,4,2026-07-31T23:00:00+02:00,LYBE,DOR,extra_after_boarding_min_mean,1,3.2811190572312627,,,,0.95
low,4,2026-07-31T23:00:00+02:00,LYBE,DOR,extra_after_boarding_min_p95,1,3.2811190572312627,,,,0.95
low,4,2026-07-31T23:00:00+02:00,LYBE,DOR,fraction_boarding_within_wait_limit,1,0.3333333333333333,,,,0.95
low,4,2026-07-31T23:00:00+02:00,LYBE,DOR,generated_passengers,2,1.5,2.1213203435596424,-17.559307104261986,20.559307104261986,0.95
low,4,2026-07-31T23:00:00+02:00,LYBE,DOR,journey_duration_min_max,1,43.13318971002033,,,,0.95
low,4,2026-07-31T23:00:00+02:00,LYBE,DOR,journey_duration_min_mean,1,35.97512938302704,,,,0.95
low,4,2026-07-31T23:00:00+02:00,LYBE,DOR,journey_duration_min_p95,1,42.70817771254401,,,,0.95
low,4,2026-07-31T23:00:00+02:00,LYBE,DOR,on_time_passengers,2,0.5,0.7071067811865476,-5.853102368087329,6.853102368087329,0.95
low,4,2026-07-31T23:00:00+02:00,LYBE,DOR,wait_to_boarding_min_max,1,21.672067086122357,,,,0.95
low,4,2026-07-31T23:00:00+02:00,LYBE,DOR,wait_to_boarding_min_mean,1,14.514006759129067,,,,0.95
low,4,2026-07-31T23:00:00+02:00,LYBE,DOR,wait_to_boarding_min_p95,1,21.247055088646036,,,,0.95
low,4,2026-07-31T23:00:00+02:00,LYBE,JUG,boarded_passengers,2,3.0,1.4142135623730951,-9.706204736174659,15.706204736174659,0.95
low,4,2026-07-31T23:00:00+02:00,LYBE,JUG,completed_journeys,2,3.0,1.4142135623730951,-9.706204736174659,15.706204736174659,0.95
low,4,2026-07-31T23:00:00+02:00,LYBE,JUG,extra_after_boarding_min_max,2,4.86555483884052,1.4553312709226662,-8.210077851508558,17.941187529189598,0.95
low,4,2026-07-31T23:00:00+02:00,LYBE,JUG,extra_after_boarding_min_mean,2,3.0898318344892077,0.20154962954629405,1.2789802589902102,4.900683409988205,0.95
low,4,2026-07-31T23:00:00+02:00,LYBE,JUG,extra_after_boarding_min_p95,2,4.71818910260595,1.246924648110642,-6.484984372049577,15.921362577261476,0.95
low,4,2026-07-31T23:00:00+02:00,LYBE,JUG,fraction_boarding_within_wait_limit,2,0.5,0.7071067811865476,-5.853102368087329,6.853102368087329,0.95
low,4,2026-07-31T23:00:00+02:00,LYBE,JUG,generated_passengers,2,3.0,1.4142135623730951,-9.706204736174659,15.706204736174659,0.95
low,4,2026-07-31T23:00:00+02:00,LYBE,JUG,journey_duration_min_max,2,39.48290717145416,7.047104071223169,-23.83281084205246,102.79862518496077,0.95
low,4,2026-07-31T23:00:00+02:00,LYBE,JUG,journey_duration_min_mean,2,36.3769754779958,7.1461435267301905,-27.828576738854068,100.58252769484567,0.95
low,4,2026-07-31T23:00:00+02:00,LYBE,JUG,journey_duration_min_p95,2,39.24049246770926,6.960589106059244,-23.297919423607986,101.77890435902651,0.95
low,4,2026-07-31T23:00:00+02:00,LYBE,JUG,on_time_passengers,2,2.0,2.8284271247461903,-23.412409472349317,27.412409472349317,0.95
low,4,2026-07-31T23:00:00+02:00,LYBE,JUG,wait_to_boarding_min_max,2,20.128980465946974,7.253473736088889,-45.04089542221579,85.29885635410974,0.95
low,4,2026-07-31T23:00:00+02:00,LYBE,JUG,wait_to_boarding_min_mean,2,18.79877177683993,9.009394092064875,-62.14742258051419,99.74496613419404,0.95
low,4,2026-07-31T23:00:00+02:00,LYBE,JUG,wait_to_boarding_min_p95,2,20.12455119103833,7.247209795441602,-44.989045423302365,85.23814780537901,0.95
low,4,2026-07-31T23:00:00+02:00,LYBE,LYBV,boarded_passengers,2,3.5,2.1213203435596424,-15.559307104261986,22.559307104261986,0.95
low,4,2026-07-31T23:00:00+02:00,LYBE,LYBV,completed_journeys,2,3.5,2.1213203435596424,-15.559307104261986,22.559307104261986,0.95
low,4,2026-07-31T23:00:00+02:00,LYBE,LYBV,extra_after_boarding_min_max,2,1.546193806044054,2.186648250564776,-18.100061255356824,21.192448867444934,0.95
low,4,2026-07-31T23:00:00+02:00,LYBE,LYBV,extra_after_boarding_min_mean,2,0.6184775224176217,0.8746593002259104,-7.24002450214273,8.476979546977974,0.95
low,4,2026-07-31T23:00:00+02:00,LYBE,LYBV,extra_after_boarding_min_p95,2,1.546193806044054,2.186648250564776,-18.100061255356824,21.192448867444934,0.95
low,4,2026-07-31T23:00:00+02:00,LYBE,LYBV,fraction_boarding_within_wait_limit,2,0.4,0.565685424949238,-4.682481894469863,5.4824818944698634,0.95
low,4,2026-07-31T23:00:00+02:00,LYBE,LYBV,generated_passengers,2,3.5,2.1213203435596424,-15.559307104261986,22.559307104261986,0.95
low,4,2026-07-31T23:00:00+02:00,LYBE,LYBV,journey_duration_min_max,2,37.980512461544876,5.482018460785961,-11.273469244974116,87.23449416806386,0.95
low,4,2026-07-31T23:00:00+02:00,LYBE,LYBV,journey_duration_min_mean,2,31.092256342271053,2.2320120805939823,11.038423438807268,51.14608924573484,0.95
low,4,2026-07-31T23:00:00+02:00,LYBE,LYBV,journey_duration_min_p95,2,37.13069419170701,4.482937406388462,-3.1469003813821175,77.40828876479614,0.95
low,4,2026-07-31T23:00:00+02:00,LYBE,LYBV,on_time_passengers,2,2.0,2.8284271247461903,-23.412409472349317,27.412409472349317,0.95
low,4,2026-07-31T23:00:00+02:00,LYBE,LYBV,wait_to_boarding_min_max,2,20.460182188834246,3.2953702102211855,-9.147544456283875,50.067908833952366,0.95
low,4,2026-07-31T23:00:00+02:00,LYBE,LYBV,wait_to_boarding_min_mean,2,13.089642353186852,5.100712503765958,-32.73844125284357,58.91772595921728,0.95
low,4,2026-07-31T23:00:00+02:00,LYBE,LYBV,wait_to_boarding_min_p95,2,19.44960268020519,2.0689384316212887,0.8609283822388356,38.03827697817154,0.95
low,4,2026-08-01T00:00:00+02:00,LYBE,BW,boarded_passengers,2,2.0,1.4142135623730951,-10.706204736174659,14.706204736174659,0.95
low,4,2026-08-01T00:00:00+02:00,LYBE,BW,completed_journeys,2,2.0,1.4142135623730951,-10.706204736174659,14.706204736174659,0.95
low,4,2026-08-01T00:00:00+02:00,LYBE,BW,extra_after_boarding_min_max,2,0.0,0.0,0.0,0.0,0.95
low,4,2026-08-01T00:00:00+02:00,LYBE,BW,extra_after_boarding_min_mean,2,0.0,0.0,0.0,0.0,0.95
low,4,2026-08-01T00:00:00+02:00,LYBE,BW,extra_after_boarding_min_p95,2,0.0,0.0,0.0,0.0,0.95
low,4,2026-08-01T00:00:00+02:00,LYBE,BW,fraction_boarding_within_wait_limit,2,1.0,0.0,1.0,1.0,0.95
low,4,2026-08-01T00:00:00+02:00,LYBE,BW,generated_passengers,2,2.0,1.4142135623730951,-10.706204736174659,14.706204736174659,0.95
low,4,2026-08-01T00:00:00+02:00,LYBE,BW,journey_duration_min_max,2,29.11393036666656,3.323401871576773,-0.7456507633438854,58.973511496677006,0.95
low,4,2026-08-01T00:00:00+02:00,LYBE,BW,journey_duration_min_mean,2,25.81240775513296,1.3456561821354824,13.722166641887457,37.90264886837846,0.95
low,4,2026-08-01T00:00:00+02:00,LYBE,BW,journey_duration_min_p95,2,28.716259013809733,2.7610096509993913,3.909571510909693,53.52294651670977,0.95
low,4,2026-08-01T00:00:00+02:00,LYBE,BW,on_time_passengers,2,2.0,1.4142135623730951,-10.706204736174659,14.706204736174659,0.95
low,4,2026-08-01T00:00:00+02:00,LYBE,BW,wait_to_boarding_min_max,2,15.0,0.0,15.0,15.0,0.95
low,4,2026-08-01T00:00:00+02:00,LYBE,BW,wait_to_boarding_min_mean,2,11.6984773884664,4.669058053712256,-30.251344854789544,53.648299631722345,0.95
low,4,2026-08-01T00:00:00+02:00,LYBE,BW,wait_to_boarding_min_p95,2,14.602328647143173,0.5623922205773817,9.549435020032771,19.655222274253575,0.95
low,4,2026-08-01T00:00:00+02:00,LYBE,JUG,boarded_passengers,2,1.0,0.0,1.0,1.0,0.95
low,4,2026-08-01T00:00:00+02:00,LYBE,JUG,completed_journeys,2,1.0,0.0,1.0,1.0,0.95
low,4,2026-08-01T00:00:00+02:00,LYBE,JUG,extra_after_boarding_min_max,2,0.0,0.0,0.0,0.0,0.95
low,4,2026-08-01T00:00:00+02:00,LYBE,JUG,extra_after_boarding_min_mean,2,0.0,0.0,0.0,0.0,0.95
low,4,2026-08-01T00:00:00+02:00,LYBE,JUG,extra_after_boarding_min_p95,2,0.0,0.0,0.0,0.0,0.95
low,4,2026-08-01T00:00:00+02:00,LYBE,JUG,fraction_boarding_within_wait_limit,2,0.5,0.7071067811865476,-5.853102368087329,6.853102368087329,0.95
low,4,2026-08-01T00:00:00+02:00,LYBE,JUG,generated_passengers,2,1.0,0.0,1.0,1.0,0.95
low,4,2026-08-01T00:00:00+02:00,LYBE,JUG,journey_duration_min_max,2,29.795057799999995,2.0954203420974347,10.968452976356655,48.62166262364333,0.95
low,4,2026-08-01T00:00:00+02:00,LYBE,JUG,journey_duration_min_mean,2,29.795057799999995,2.0954203420974347,10.968452976356655,48.62166262364333,0.95
low,4,2026-08-01T00:00:00+02:00,LYBE,JUG,journey_duration_min_p95,2,29.795057799999995,2.0954203420974347,10.968452976356655,48.62166262364333,0.95
low,4,2026-08-01T00:00:00+02:00,LYBE,JUG,on_time_passengers,2,0.5,0.7071067811865476,-5.853102368087329,6.853102368087329,0.95
low,4,2026-08-01T00:00:00+02:00,LYBE,JUG,wait_to_boarding_min_max,2,16.48168593333333,2.0954203420974347,-2.3449188903100087,35.308290756976675,0.95
low,4,2026-08-01T00:00:00+02:00,LYBE,JUG,wait_to_boarding_min_mean,2,16.48168593333333,2.0954203420974347,-2.3449188903100087,35.308290756976675,0.95
low,4,2026-08-01T00:00:00+02:00,LYBE,JUG,wait_to_boarding_min_p95,2,16.48168593333333,2.0954203420974347,-2.3449188903100087,35.308290756976675,0.95
low,4,2026-08-01T00:00:00+02:00,LYBE,LYBV,boarded_passengers,2,1.0,1.4142135623730951,-11.706204736174659,13.706204736174659,0.95
low,4,2026-08-01T00:00:00+02:00,LYBE,LYBV,completed_journeys,2,1.0,1.4142135623730951,-11.706204736174659,13.706204736174659,0.95
low,4,2026-08-01T00:00:00+02:00,LYBE,LYBV,extra_after_boarding_min_max,1,3.8908415660412476,,,,0.95
low,4,2026-08-01T00:00:00+02:00,LYBE,LYBV,extra_after_boarding_min_mean,1,3.8908415660412476,,,,0.95
low,4,2026-08-01T00:00:00+02:00,LYBE,LYBV,extra_after_boarding_min_p95,1,3.8908415660412476,,,,0.95
low,4,2026-08-01T00:00:00+02:00,LYBE,LYBV,fraction_boarding_within_wait_limit,1,0.5,,,,0.95
low,4,2026-08-01T00:00:00+02:00,LYBE,LYBV,generated_passengers,2,1.0,1.4142135623730951,-11.706204736174659,13.706204736174659,0.95
low,4,2026-08-01T00:00:00+02:00,LYBE,LYBV,journey_duration_min_max,1,36.64693036376921,,,,0.95
low,4,2026-08-01T00:00:00+02:00,LYBE,LYBV,journey_duration_min_mean,1,33.921040278384076,,,,0.95
low,4,2026-08-01T00:00:00+02:00,LYBE,LYBV,journey_duration_min_p95,1,36.3743413552307,,,,0.95
low,4,2026-08-01T00:00:00+02:00,LYBE,LYBV,on_time_passengers,2,0.5,0.7071067811865476,-5.853102368087329,6.853102368087329,0.95
low,4,2026-08-01T00:00:00+02:00,LYBE,LYBV,wait_to_boarding_min_max,1,16.78195233106138,,,,0.95
low,4,2026-08-01T00:00:00+02:00,LYBE,LYBV,wait_to_boarding_min_mean,1,14.056062245676246,,,,0.95
low,4,2026-08-01T00:00:00+02:00,LYBE,LYBV,wait_to_boarding_min_p95,1,16.509363322522866,,,,0.95
