scenario;fleet_role;fleet_size;n_opt;replication_index;status;generated_passengers;completed_passenger_journeys;unfinished_passengers;boarded_within_limit;fraction_boarding_within_wait_limit;mean_wait_to_boarding_min;p95_wait_to_boarding_min;max_wait_to_boarding_min;mean_request_to_takeoff_min;mean_terminal_target_lateness_min;passenger_flights;repositioning_flights;flight_energy_kwh;battery_energy_added_kwh;minimum_soc;cleanings_completed;start_time_s;end_time_s;event_count;energy_balance_residual_kwh;seat_load_factor_on_passenger_flights;repositioning_flight_fraction;repositioning_time_fraction;repositioning_energy_fraction;flight_energy_per_completed_passenger_kwh;total_boarding_exceedance_passenger_min;total_extra_after_boarding_passenger_min;extra_after_boarding_min_mean;extra_after_boarding_min_p95;extra_after_boarding_min_max;journey_duration_min_mean;journey_duration_min_p95;journey_duration_min_max;late_terminal_passengers;terminal_passengers_observed;unexplained_wait_passenger_min;queue_peak;queue_passenger_minutes;network_queue_peak;diagnostic_before_boarding_min;diagnostic_after_boarding_min;diagnostic_overdue_min;overlapping_overdue_passenger_min;overlapping_after_boarding_passenger_min;charging_aircraft_hours;cause_battery_before_repositioning_late_passengers;cause_battery_before_repositioning_overdue_passenger_min;cause_battery_before_repositioning_after_boarding_passenger_min;cause_battery_after_repositioning_late_passengers;cause_battery_after_repositioning_overdue_passenger_min;cause_battery_after_repositioning_after_boarding_passenger_min;cause_battery_at_origin_late_passengers;cause_battery_at_origin_overdue_passenger_min;cause_battery_at_origin_after_boarding_passenger_min;cause_aircraft_busy_late_passengers;cause_aircraft_busy_overdue_passenger_min;cause_aircraft_busy_after_boarding_passenger_min;cause_repositioning_flight_late_passengers;cause_repositioning_flight_overdue_passenger_min;cause_repositioning_flight_after_boarding_passenger_min;cause_cleaning_late_passengers;cause_cleaning_overdue_passenger_min;cause_cleaning_after_boarding_passenger_min;cause_cleaning_crew_late_passengers;cause_cleaning_crew_overdue_passenger_min;cause_cleaning_crew_after_boarding_passenger_min;cause_destination_stand_late_passengers;cause_destination_stand_overdue_passenger_min;cause_destination_stand_after_boarding_passenger_min;cause_origin_tlof_late_passengers;cause_origin_tlof_overdue_passenger_min;cause_origin_tlof_after_boarding_passenger_min;cause_destination_tlof_late_passengers;cause_destination_tlof_overdue_passenger_min;cause_destination_tlof_after_boarding_passenger_min;cause_group_formation_late_passengers;cause_group_formation_overdue_passenger_min;cause_group_formation_after_boarding_passenger_min;cause_priority_other_group_late_passengers;cause_priority_other_group_overdue_passenger_min;cause_priority_other_group_after_boarding_passenger_min;cause_reserved_for_other_group_late_passengers;cause_reserved_for_other_group_overdue_passenger_min;cause_reserved_for_other_group_after_boarding_passenger_min;cause_pinned_aircraft_policy_late_passengers;cause_pinned_aircraft_policy_overdue_passenger_min;cause_pinned_aircraft_policy_after_boarding_passenger_min;cause_departure_preparation_late_passengers;cause_departure_preparation_overdue_passenger_min;cause_departure_preparation_after_boarding_passenger_min;cause_energy_unreachable_late_passengers;cause_energy_unreachable_overdue_passenger_min;cause_energy_unreachable_after_boarding_passenger_min;cause_resource_conflict_late_passengers;cause_resource_conflict_overdue_passenger_min;cause_resource_conflict_after_boarding_passenger_min;cause_unexplained_wait_late_passengers;cause_unexplained_wait_overdue_passenger_min;cause_unexplained_wait_after_boarding_passenger_min;fleet_idle_hours;fleet_boarding_hours;fleet_waiting_for_departure_hours;fleet_departure_finalization_hours;fleet_takeoff_hours;fleet_cruise_hours;fleet_landing_hours;fleet_disembarking_hours;fleet_cleaning_hours;fleet_waiting_for_cleaning_crew_hours;fleet_passenger_flight_hours;fleet_repositioning_flight_hours;LYBE_queue_peak;LYBE_queue_nonempty_min;LYBE_queue_mean;EXPO_queue_peak;EXPO_queue_nonempty_min;EXPO_queue_mean;BW_queue_peak;BW_queue_nonempty_min;BW_queue_mean;JUG_queue_peak;JUG_queue_nonempty_min;JUG_queue_mean;DOR_queue_peak;DOR_queue_nonempty_min;DOR_queue_mean;LYBV_queue_peak;LYBV_queue_nonempty_min;LYBV_queue_mean;fleet_idle_fraction;preposition_late_departure_passengers;preposition_late_departure_passenger_min;preposition_before_request_passenger_min;preposition_overlap_passenger_min;preposition_battery_before_repositioning_passenger_min;preposition_battery_before_repositioning_passengers;preposition_battery_after_repositioning_passenger_min;preposition_battery_after_repositioning_passengers;preposition_battery_at_origin_passenger_min;preposition_battery_at_origin_passengers;preposition_aircraft_busy_passenger_min;preposition_aircraft_busy_passengers;preposition_cleaning_passenger_min;preposition_cleaning_passengers;preposition_cleaning_crew_passenger_min;preposition_cleaning_crew_passengers;preposition_destination_stand_passenger_min;preposition_destination_stand_passengers;preposition_origin_tlof_passenger_min;preposition_origin_tlof_passengers;preposition_destination_tlof_passenger_min;preposition_destination_tlof_passengers;preposition_priority_other_group_passenger_min;preposition_priority_other_group_passengers;preposition_reserved_for_other_group_passenger_min;preposition_reserved_for_other_group_passengers;preposition_pinned_aircraft_policy_passenger_min;preposition_pinned_aircraft_policy_passengers;preposition_departure_preparation_passenger_min;preposition_departure_preparation_passengers;preposition_energy_unreachable_passenger_min;preposition_energy_unreachable_passengers;preposition_resource_conflict_passenger_min;preposition_resource_conflict_passengers;preposition_unexplained_wait_passenger_min;preposition_unexplained_wait_passengers;preposition_assignment_unresolved_passenger_min;preposition_assignment_unresolved_passengers;preposition_unobserved_passenger_min;preposition_unobserved_passengers;generated_airport_to_city_passengers;generated_city_to_airport_passengers;late_boarding_passengers;fraction_late_boarding;median_wait_to_boarding_min;passengers_with_extra_after_boarding_wait;p95_request_to_takeoff_min;fraction_terminal_late;mean_terminal_lateness_among_late_min;max_terminal_lateness_among_late_min;mean_passengers_per_passenger_flight;full_passenger_flight_fraction;simulation_duration_hours;airport_to_city_journey_duration_min_mean;airport_to_city_journey_duration_min_p95;city_to_airport_journey_duration_min_mean;city_to_airport_journey_duration_min_p95;LYBE_requests;LYBE_on_time_fraction;LYBE_wait_mean_min;LYBE_wait_p95_min;EXPO_requests;EXPO_on_time_fraction;EXPO_wait_mean_min;EXPO_wait_p95_min;BW_requests;BW_on_time_fraction;BW_wait_mean_min;BW_wait_p95_min;JUG_requests;JUG_on_time_fraction;JUG_wait_mean_min;JUG_wait_p95_min;DOR_requests;DOR_on_time_fraction;DOR_wait_mean_min;DOR_wait_p95_min;LYBV_requests;LYBV_on_time_fraction;LYBV_wait_mean_min;LYBV_wait_p95_min;LYBE_stand_utilization;LYBE_stands_fully_occupied_min;LYBE_movement_utilization;LYBE_charger_utilization;LYBE_cleaner_utilization;EXPO_stand_utilization;EXPO_stands_fully_occupied_min;EXPO_movement_utilization;EXPO_charger_utilization;EXPO_cleaner_utilization;BW_stand_utilization;BW_stands_fully_occupied_min;BW_movement_utilization;BW_charger_utilization;BW_cleaner_utilization;JUG_stand_utilization;JUG_stands_fully_occupied_min;JUG_movement_utilization;JUG_charger_utilization;JUG_cleaner_utilization;DOR_stand_utilization;DOR_stands_fully_occupied_min;DOR_movement_utilization;DOR_charger_utilization;DOR_cleaner_utilization;LYBV_stand_utilization;LYBV_stands_fully_occupied_min;LYBV_movement_utilization;LYBV_charger_utilization;LYBV_cleaner_utilization;base_seed;seed_components;numpy_version;schema_version;diagnostics_enabled;demand_fingerprint;wait_limit_min;service_target;start_datetime;end_datetime;input_sha256;config_sha256;code_sha256
low;n6;6;;0;completed;237;237;0;232;0,9789029535864979;12,743482405210244;15,0;19,400730116589937;18,225625622218157;0,0;159;90;8207,621889033318;7995,92962422365;0,22686488563185112;13;-10476,269339413662;89109,1052721291;4857;-3,410605131648481e-13;0,37264150943396224;0,3614457831325301;0,3352773939214042;0,34456488601207724;34,63131598748236;7,709330139095255;47,017942430875;0,19838794274630803;1,434647010457314;3,3348458072466505;32,35035053253914;41,08761506645581;44,35950014959041;0;113;0,0;8;3020,2053300348284;9;3020,2053300348334;47,017942430875;7,7093301390951945;0,0;0,0;86,04923511300548;2;0,0;0,0;0;0,0;30,120581276610785;0;0,0;0,0;4;0,6741881877444637;0,0;4;7,03514195135073;0,0;0;0,0;0,0;0;0,0;0,0;0;0,0;0,0;1;0,0;14,945237842998903;1;0,0;1,9521233112653136;5;0,0;0,0;0;0,0;0,0;0;0,0;0,0;0;0,0;0,0;4;0,0;0,0;0;0,0;0,0;0;0,0;0,0;0;0,0;0,0;117,32401784684957;10,2375;0,4762391923888501;4,15;2,7666666666666666;17,709533979999986;4,15;6,995;2,1666666666666665;0,0;16,36959227166667;8,256608374999985;8;686,9522366331191;0,9542245608264167;1;105,0;0,06326230156360509;3;390,0;0,3273821450696228;3;285,0;0,19788249862300722;2;195,0;0,12831065814016238;3;210,59247177604382;0,14860583932643084;0,7068749902553508;4;7,03514195135073;0,0;0,0;2,1190353553526315;2;0,0;0;0,0;0;1,825945835299717;1;0,0;0;0,0;0;0,0;0;0,0;0;0,0;0;0,0;0;0,0;0;0,0;0;3,0901607606983816;4;0,0;0;0,0;0;0,0;0;0,0;0;0,0;0;124;113;5;0,021097046413502074;15,0;36;21,75;0,0;;;1,490566037735849;0,012578616352201259;27,66260405876188;27,75597100401925;33,097097871470964;37,391970546136186;42,43381244840315;124;0,967741935483871;12,772420746429244;15,0;7;1,0;15,0;15,0;44;1,0;12,349421802230617;15,0;25;1,0;13,13746850296018;15,0;16;1,0;13,31027599743924;15,0;21;0,9523809523809523;11,745212840305832;15,0;0,4819266524692866;204,5121570581438;0,11266714659423001;0,2599748232317475;0,030124905506478613;0,1191684860589237;3,1;0,016066616270121927;0,08083319658465023;0,006024981101295722;0,15225719197759138;0,0;0,041572369598940485;0,10628273793273747;0,012049962202591444;0,1804405992102534;40,12667224741708;0,029723240099725563;0,14876218296630095;0,006024981101295722;0,1844754657224161;53,595958149835255;0,02269409548154722;0,15434187313286388;0,012049962202591444;0,3205039271667148;295,00934315334405;0,027313247659207274;0,17890784776590252;0,012049962202591444;20260920;"{""passenger_counts"":[20260920,0,1,1],""city_assignment"":[20260920,0,1,2],""arrival_terminal_processing"":[20260920,0,1,3],""terminal_access"":[20260920,0,1,4],""departure_terminal_earliness"":[20260920,0,1,5]}";2.3.5;3;1;f507c276067f55846b14cc69586a2ab9bf43095ffbf8543276bacc6332c5f9f3;15;0,95;2026-07-30T21:05:23.730661+02:00;2026-08-01T00:45:09.105272+02:00;"{""aircraft_spec"":""1d92a29ff955ec8194720f659c80edf216b314fc10254dcf237d7a6f523202b4"",""config"":""5c5af6f01170832b87fb1c795dbef1c9b58dd19289f990c8ae34d12b57a05964"",""flight_schedule"":""5871c8897f25c6a4b84d5aaf40fda1a067670fa574cb675c9adf829ad9c940f9"",""vertiport_network"":""8f37a94965fd8b2b9be9143f587c88446d15875ef5cba00cefde590914bba9b3""}";447c2ea3db3a1c3ac6982c2f510127b41a47bddb47d4abdf6cb52599f7f2915e;5284708a4e20708767a1693e58dbbc8d35c89c96da62d588b514064df48719f6
low;n6;6;;1;completed;239;239;0;232;0,9707112970711297;12,133663701186759;15,0;39,32581092437443;17,851887728390885;0,16057522969219484;157;84;8027,559512055542;7847,723950114876;0,23707805107198734;12;-8589,685791410968;89041,63539248033;4711;6,0254023992456496e-12;0,38057324840764334;0,34854771784232363;0,31117570943643985;0,32430131674290724;33,5881151132031;48,07674070724517;68,40554250178612;0,2862156590032892;1,6907635159535241;4,521450838516709;32,080329341924724;42,505922615238084;62,823474976749395;2;112;0,0;7;2899,945624583636;10;2899,945624583624;68,40554250178612;48,07674070724515;0,0;0,0;85,84523056973056;0;0,0;0,0;0;0,0;31,07020508930806;0;0,0;0,0;5;16,171509823908977;0,0;6;19,97189195429825;0,0;2;9,150502553254531;0,0;0;0,0;0,0;0;0,0;0,0;0;0,0;30,99164667254463;1;0,0;6,343690739933421;7;0,0;0,0;1;0,9627923581641274;0,0;0;0,0;0,0;0;0,0;0,0;6;1,8200440176192691;0,0;0;0,0;0,0;0;0,0;0,0;0;0,0;0,0;114,4608623905922;10,2125;0,8065027047821459;4,016666666666667;2,6777777777777776;17,529559100000007;4,016666666666667;6,998333333333333;2,000000000000001;0,0;16,68608205611112;7,537921488333334;7;745,2272121683781;0,9272959389945274;2;60,0;0,03992879488432746;3;374,56534478374937;0,2849379835668243;3;230,5252296889738;0,1558759402819402;3;205,00625858227195;0,1568294408341933;3;294,3258109243744;0,21731343258115396;0,7034271031219703;6;23,750929782870724;0,0;0,0;0,0;0;0,0;0;0,0;0;0,0;0;2,8084912576986727;1;0,0;0;0,0;0;0,0;0;1,3443395340051212;1;0,0;0;0,0;0;0,0;0;6,0;6;0,0;0;0,0;0;0,0;0;13,598098991166928;5;0,0;0;127;112;7;0,029288702928870314;15,0;47;22,578615378140828;0,017857142857142856;8,99221286276291;17,27581092437443;1,5222929936305734;0,03821656050955414;27,119811439969805;27,24789178866556;32,03151430255658;37,559968353209676;44,382642584412174;127;0,9921259842519685;11,880987880904563;15,0;5;1,0;12,994336659458302;15,0;39;0,9743589743589743;11,8884067483346;15,0;19;0,8947368421052632;13,349450868865935;17,31031169264765;21;0,9047619047619048;12,151956753312067;19,07817143449162;28;0,9642857142857143;12,628927103514613;15,0;0,49699851188720584;170,2690081073768;0,1108250904401901;0,2614035194688083;0,03687341271577493;0,025458422174630624;0,0;0,008194091714616642;0,020541967145860637;0,0;0,15867516290588948;0,0;0,04138016315881404;0,12191281511953418;0,006145568785962482;0,24908972301943821;118,52337756564172;0,03134240080840866;0,1769495273576558;0,012291137571924965;0,22142069270910383;29,706778581506992;0,02826961641542742;0,16828417107324256;0,006145568785962482;0,2490744604620836;121,94410889156619;0,026835650365369505;0,18889145401702104;0,012291137571924965;20260920;"{""passenger_counts"":[20260920,1,1,1],""city_assignment"":[20260920,1,1,2],""arrival_terminal_processing"":[20260920,1,1,3],""terminal_access"":[20260920,1,1,4],""departure_terminal_earliness"":[20260920,1,1,5]}";2.3.5;3;1;d636a3fa17f659c08b8032866b5a55dab8202538c2cbe44df8b0b1009bbd1ff8;15;0,95;2026-07-30T21:36:50.314209+02:00;2026-08-01T00:44:01.635392+02:00;"{""aircraft_spec"":""1d92a29ff955ec8194720f659c80edf216b314fc10254dcf237d7a6f523202b4"",""config"":""5c5af6f01170832b87fb1c795dbef1c9b58dd19289f990c8ae34d12b57a05964"",""flight_schedule"":""5871c8897f25c6a4b84d5aaf40fda1a067670fa574cb675c9adf829ad9c940f9"",""vertiport_network"":""8f37a94965fd8b2b9be9143f587c88446d15875ef5cba00cefde590914bba9b3""}";447c2ea3db3a1c3ac6982c2f510127b41a47bddb47d4abdf6cb52599f7f2915e;5284708a4e20708767a1693e58dbbc8d35c89c96da62d588b514064df48719f6
low;n6;6;;2;completed;259;259;0;242;0,9343629343629344;12,589399057815731;15,973663558335415;20,436871614662838;18,1620945477143;0,0;174;109;9418,060173288864;9189,113210908712;0,23196654395366278;15;-8569,545313608409;87357,30493278097;5444;1,1027623258996755e-11;0,37212643678160917;0,38515901060070673;0,35039974682843816;0,36261872823961894;36,363166692235;38,26138046235271;65,0781318837303;0,25126691847000115;1,4370894256203122;5,926964255205166;32,378898906596135;41,43392018096821;44,74208550519628;0;121;0,0;10;3260,6543559742736;11;3260,654355974274;65,0781318837303;38,261380462352705;0,0;0,0;90,60419483485279;2;0,0;0,0;0;0,0;21,510541194288937;0;0,0;5,627935856543142;16;9,674048936252197;0,0;12;28,58733152610051;0,0;2;0,0;0,0;0;0,0;0,0;0;0,0;0,0;0;0,0;26,604656247483703;3;0,0;11,334998585414512;17;0,0;0,0;1;0,0;0,0;0;0,0;0,0;0;0,0;0,0;12;0,0;0,0;0;0,0;0,0;0;0,0;0,0;0;0,0;0,0;104,52777860952166;11,195833333333333;0,880625318946438;4,716666666666667;3,1444444444444444;20,545000160000022;4,716666666666667;7,648333333333333;2,5;0,002735211068534732;18,452617073333347;9,953494197777788;10;753,7737460027896;1,0654654948974898;1;125,32208493126625;0,07838603140374659;3;376,1145070600889;0,28308374225624533;2;195,0;0,15402134307706403;3;315,0;0,24056286253787715;2;301,1105565518945;0,2179435213909089;0,6537967941678937;12;28,58733152610051;0,0;0,0;0,10917647967453377;1;0,0;0;0,0;0;10,971469874541315;6;2,887162614455398;1;0,0;0;0,0;0;0,0;0;0,16414617333484785;2;0,0;0;0,0;0;0,0;0;10,604802239196093;12;0,0;0;0,0;0;0,0;0;3,850574144898322;2;0,0;0;138;121;17;0,06563706563706562;15,0;57;22,90252391875189;0,0;;;1,4885057471264367;0,028735632183908046;26,646347290663716;27,820448377853065;33,996677853360836;37,57779289805518;41,891544064150125;138;0,9057971014492754;12,34381026228583;16,565884033090647;8;0,875;15,66526061640828;18,459355205323057;37;0,972972972972973;12,232131419190242;15,0;19;1,0;12,960335361492353;15,0;29;1,0;13,262320511214767;15,0;28;0,9285714285714286;12,444425915855046;15,078977151662135;0,4706057122861716;189,3222330990556;0,1326010388887836;0,28232441281968207;0,018764297955959946;0,0864877070514189;0,0;0,013551992968193293;0,05316974380052376;0,0;0,12989776997902538;0,0;0,04315788529870787;0,11127231993563223;0,03752859591191989;0,20236342035971813;36,11947181887384;0,030856845527578575;0,16439933442853066;0,012509531970639963;0,23575906383327644;63,98464434873088;0,04128145550311188;0,20242983592016905;0,012509531970639963;0,27075639627773956;118,10968256876876;0,033567244121217234;0,2106073154615029;0,012509531970639963;20260920;"{""passenger_counts"":[20260920,2,1,1],""city_assignment"":[20260920,2,1,2],""arrival_terminal_processing"":[20260920,2,1,3],""terminal_access"":[20260920,2,1,4],""departure_terminal_earliness"":[20260920,2,1,5]}";2.3.5;3;1;5a2c165549b0ca71065b49db806c8356596d2ffe35c74ea585f70ba10d198451;15;0,95;2026-07-30T21:37:10.454686+02:00;2026-08-01T00:15:57.304933+02:00;"{""aircraft_spec"":""1d92a29ff955ec8194720f659c80edf216b314fc10254dcf237d7a6f523202b4"",""config"":""5c5af6f01170832b87fb1c795dbef1c9b58dd19289f990c8ae34d12b57a05964"",""flight_schedule"":""5871c8897f25c6a4b84d5aaf40fda1a067670fa574cb675c9adf829ad9c940f9"",""vertiport_network"":""8f37a94965fd8b2b9be9143f587c88446d15875ef5cba00cefde590914bba9b3""}";447c2ea3db3a1c3ac6982c2f510127b41a47bddb47d4abdf6cb52599f7f2915e;5284708a4e20708767a1693e58dbbc8d35c89c96da62d588b514064df48719f6
low;n6;6;;3;completed;251;251;0;246;0,9800796812749004;12,916594673502107;15,0;20,499725537362004;18,323552599737575;0,0;175;96;9156,466283447196;8971,299620958524;0,23316807545578874;17;-10180,93999161217;89128,48676443334;5307;1,5234036254696548e-11;0,3585714285714286;0,35424354243542433;0,3348075875022155;0,3415371484998227;36,47994535237927;16,996015183129323;55,396439485102775;0,22070294615578795;1,3650480500869282;6,352374591107703;33,13339555355743;41,28524202737964;44,02656551050083;0;136;0,0;8;3242,0652630490285;11;3242,06526304905;55,396439485102775;16,996015183129323;0,0;0,0;88,98851472916708;0;0,0;0,0;0;0,0;23,813756414446836;0;0,0;0,38407056413416285;5;3,9073247402046642;0,0;2;7,588964905562656;0,0;1;5,499725537362004;0,0;0;0,0;0,0;0;0,0;0,0;0;0,0;26,72723884583265;0;0,0;4,471373660689126;5;0,0;0,0;0;0,0;0,0;0;0,0;0,0;0;0,0;0,0;2;0,0;0,0;0;0,0;0,0;0;0,0;0,0;0;0,0;0,0;111,00079391433484;11,062500000000002;0,740264487872666;4,516666666666667;3,011111111111111;20,314571215000004;4,516666666666667;7,518333333333331;2,8333333333333335;0,0014705317575094846;18,52051929611112;9,321829696666667;8;727,6668319692508;0,9182458467651294;2;45,0;0,039847244321569754;4;492,8470800296355;0,3807140290957433;3;272,29019777220697;0,2061722692890693;3;361,6171269679977;0,2349767010827154;2;255,0;0,17880978029095881;0,6706359962403727;2;7,588964905562656;0,0;0,0;0,0;0;0,0;0;0,0;0;5,588964905562656;2;0,0;0;0,0;0;0,0;0;0,0;0;0,0;0;0,0;0;0,0;0;0,0;0;2,0;2;0,0;0;0,0;0;0,0;0;0,0;0;0,0;0;115;136;5;0,019920318725099584;15,0;52;21,80249571231367;0,0;;;1,4342857142857144;0,011428571428571429;27,58595187667931;27,998118893703758;32,12408515392781;37,475725082110166;41,719498377886005;115;0,9826086956521739;13,216009951212268;15,0;5;1,0;13,190689971277273;15,0;54;0,9814814814814815;11,669287650457624;15,0;26;0,9615384615384616;13,12490376672469;15,0;29;0,9655172413793104;13,411150279052373;15,0;22;1,0;13,452649075052701;15,0;0,4785253268881011;178,45722752963363;0,12607060990046282;0,2830064895413429;0,0664589477111066;0,052604206921310896;47,79794141862488;0,009062583778787265;0,04184893279306445;0,0;0,13820201857480796;0,0;0,045715700395215754;0,10393463686763131;0,012083445038383019;0,20106089292974788;0,0;0,027187751336361792;0,10637897355721761;0,0060417225191915095;0,256727174637077;127,52053609150062;0,0344378183593916;0,18361772991178213;0,0060417225191915095;0,27298046700738104;131,68858157247598;0,030410003346597263;0,2241973615444787;0,012083445038383019;20260920;"{""passenger_counts"":[20260920,3,1,1],""city_assignment"":[20260920,3,1,2],""arrival_terminal_processing"":[20260920,3,1,3],""terminal_access"":[20260920,3,1,4],""departure_terminal_earliness"":[20260920,3,1,5]}";2.3.5;3;1;fbec1a80911ea914d35061d531f7e68b560ed45a1d617610acd93ad40afb897e;15;0,95;2026-07-30T21:10:19.060008+02:00;2026-08-01T00:45:28.486764+02:00;"{""aircraft_spec"":""1d92a29ff955ec8194720f659c80edf216b314fc10254dcf237d7a6f523202b4"",""config"":""5c5af6f01170832b87fb1c795dbef1c9b58dd19289f990c8ae34d12b57a05964"",""flight_schedule"":""5871c8897f25c6a4b84d5aaf40fda1a067670fa574cb675c9adf829ad9c940f9"",""vertiport_network"":""8f37a94965fd8b2b9be9143f587c88446d15875ef5cba00cefde590914bba9b3""}";447c2ea3db3a1c3ac6982c2f510127b41a47bddb47d4abdf6cb52599f7f2915e;5284708a4e20708767a1693e58dbbc8d35c89c96da62d588b514064df48719f6
low;n6;6;;4;completed;233;233;0;227;0,9742489270386266;12,468723155131585;15,0;23,806126049545007;18,155772583203312;0,022660416027245136;153;85;7897,559832913877;7676,67839675082;0,23316807545579016;13;5895,280318501075;87835,8984205837;4657;-1,1368683772161603e-12;0,380718954248366;0,35714285714285715;0,3328075106028596;0,3413869918151826;33,895106579029516;28,746047720412268;57,332516740711675;0,24606230360820464;1,7916102698311123;4,007747590999376;32,613395807576964;41,60013132484791;47,071625563344305;1;114;0,0;8;2905,2124951456594;9;2905,2124951456617;57,332516740711675;28,746047720412268;0,0;0,0;76,35938767572111;0;0,0;0,0;0;0,0;40,10105707953735;0;0,0;0,0;6;20,246207283067513;0,0;3;8,499840437344755;0,0;0;0,0;0,0;0;0,0;0,0;0;0,0;0,0;1;0,0;14,297527181020147;1;0,0;2,933932480154181;6;0,0;0,0;0;0,0;0,0;0;0,0;0,0;0;0,0;0,0;3;0,0;0,0;0;0,0;0,0;0;0,0;0,0;0;0,0;0,0;89,2306850466136;9,954166666666667;0,6452528774131532;3,966666666666667;2,6444444444444444;17,171481135000015;3,9666666666666646;6,821666666666666;2,1666666666666665;0,0;15,867566925000004;7,915025321111121;8;693,9860010788905;1,1189614949264401;1;90,0;0,0659013823067897;3;362,2542706290739;0,34135050812916146;3;232,75498960424326;0,23319855012783827;3;165,0;0,14334709247251157;2;270,0;0,22454674231566446;0,653380609861514;3;8,499840437344755;0,0;0,0;0,0;0;0,0;0;0,0;0;0,0;0;0,0;0;0,0;0;0,0;0;0,447537016438946;1;0,3333333333333333;1;0,0;0;0,0;0;0,0;0;2,744850833101494;3;0,0;0;0,0;0;0,0;0;4,974119254470982;2;0,0;0;119;114;6;0,025751072961373356;15,0;43;22,398975971093943;0,008771929824561403;2,5832874271059456;2,5832874271059456;1,522875816993464;0,0392156862745098;22,761282806134066;27,944599378246703;33,34003885805202;37,486964010123465;43,179833061861295;119;0,9663865546218487;12,841512118585841;15,0;6;1,0;15,0;15,0;46;1,0;10,134228849841836;15,0;24;0,9166666666666666;13,269745373600395;16,810032302916184;15;1,0;13,05105484481555;15,0;23;1,0;13,332970187068565;15,0;0,4253349620000531;61,625738830301756;0,13082644783866398;0,2685816006957589;0,04393425487119313;0,08089424287346256;0,21014115224873725;0,014644751623731056;0,07210739189922394;0,007322375811865522;0,1499595228589244;0,0;0,051744789070516356;0,0939652202395405;0,007322375811865522;0,2271076488529465;33,60577800733481;0,03295069115339485;0,1629541104689037;0,021967127435596565;0,33729827848303034;211,229785170101;0,025872394535258088;0,23092170180409863;0,0;0,25634066345339807;51,1696276094009;0,03441516631576795;0,2177379532381042;0,014644751623731043;20260920;"{""passenger_counts"":[20260920,4,1,1],""city_assignment"":[20260920,4,1,2],""arrival_terminal_processing"":[20260920,4,1,3],""terminal_access"":[20260920,4,1,4],""departure_terminal_earliness"":[20260920,4,1,5]}";2.3.5;3;1;57aca5f9bd7e5a755f2fc5a84471d223d9341af8d4dffa6e4d2ed5491d55c858;15;0,95;2026-07-31T01:38:15.280319+02:00;2026-08-01T00:23:55.898421+02:00;"{""aircraft_spec"":""1d92a29ff955ec8194720f659c80edf216b314fc10254dcf237d7a6f523202b4"",""config"":""5c5af6f01170832b87fb1c795dbef1c9b58dd19289f990c8ae34d12b57a05964"",""flight_schedule"":""5871c8897f25c6a4b84d5aaf40fda1a067670fa574cb675c9adf829ad9c940f9"",""vertiport_network"":""8f37a94965fd8b2b9be9143f587c88446d15875ef5cba00cefde590914bba9b3""}";447c2ea3db3a1c3ac6982c2f510127b41a47bddb47d4abdf6cb52599f7f2915e;5284708a4e20708767a1693e58dbbc8d35c89c96da62d588b514064df48719f6
low;n6;6;;5;completed;227;227;0;223;0,9823788546255506;12,40084911190665;15,0;29,433882302835265;17,858301810806505;0,10103547562545727;156;91;8327,958545313873;8208,83561337519;0,23316807545578985;13;-8345,866864832033;88795,05182160233;4811;3,240074875066057e-11;0,36378205128205127;0,3684210526315789;0,33970223766682783;0,34966694101891277;36,687042049840855;20,481166959778662;44,09176265026714;0,19423683986901824;1,1288568825777894;4,998386964022454;32,66353425928634;41,91512000153763;58,1763495758861;1;120;0,0;9;2814,99274840281;9;2814,992748402809;44,09176265026714;20,481166959778662;0,0;0,0;91,52522573704894;0;0,0;0,0;0;0,0;17,756083337555538;0;0,0;1,602643905254202;3;6,4705104361686;0,0;4;12,79340646469512;0,0;1;0,0;0,0;0;0,0;0,0;0;0,0;0,0;0;0,0;17,148313853280523;0;0,0;7,5847215541768795;4;0,0;0,0;0;0,0;0,0;0;0,0;0,0;0;0,0;0,0;4;1,2172500589149422;0,0;0;0,0;0,0;0;0,0;0,0;0;0,0;0,0;113,05249011721082;9,929166666666667;0,5801427540684583;4,116666666666666;2,7444444444444445;18,43362049500001;4,116666666666666;6,761666666666667;2,1666666666666665;0,0;16,702054678333344;8,592676927777779;9;679,6779057379803;0,7959014244305462;2;105,0;0,07017315669122083;3;310,0170652486365;0,23841509559367283;2;254,43388230283526;0,196233110588957;4;355,73316539802846;0,24736784871776568;3;273,44412282558164;0,19061605100606366;0,6982793140888743;4;20,481166959778662;0,0;0,0;0,0;0;0,0;0;0,0;0;10,76157043965856;1;2,444122825581629;1;0,0;0;0,0;0;0,0;0;0,0;0;0,0;0;0,0;0;0,0;0;3,3412762479831146;4;0,0;0;0,0;0;0,0;0;3,93419744655536;2;0,0;0;107;120;4;0,017621145374449365;15,0;34;21,75;0,008333333333333333;12,124257075054873;12,124257075054873;1,455128205128205;0,02564102564102564;26,983588524009544;26,93998587844814;31,343144603891535;37,767031565533735;42,95814710865052;107;1,0;12,042771892994544;15,0;8;1,0;14,201426891900624;15,0;36;1,0;10,722158062353449;15,0;21;0,9523809523809523;15,128781459768218;15,0;32;0,9375;12,515385457255558;15,1535743115924;23;0,9565217391304348;13,417839355876271;15,0;0,5134846050346898;194,40759373343005;0,1185906017338166;0,2863255008026995;0,03088296920151474;0,04186122855804908;2,1;0,009264890760454421;0,036302294101776426;0,006176593840302947;0,12560052859756202;0,0;0,03850076827122171;0,10812405575385069;0,02470637536121179;0,12047204886941967;25,566011920076562;0,025324034745242086;0,10396137243944817;0,0;0,277404871322472;180,17245276993782;0,03623601719644396;0,24965788018236165;0,0;0,29990112865959856;138,07268914786272;0,026353467051959244;0,23079627591998877;0,018529781520908842;20260920;"{""passenger_counts"":[20260920,5,1,1],""city_assignment"":[20260920,5,1,2],""arrival_terminal_processing"":[20260920,5,1,3],""terminal_access"":[20260920,5,1,4],""departure_terminal_earliness"":[20260920,5,1,5]}";2.3.5;3;1;cb324e9d3a5b5f9fd3d5314416afdddf7bc9732b28e5e3d97a5c071e872e0c83;15;0,95;2026-07-30T21:40:54.133135+02:00;2026-08-01T00:39:55.051822+02:00;"{""aircraft_spec"":""1d92a29ff955ec8194720f659c80edf216b314fc10254dcf237d7a6f523202b4"",""config"":""5c5af6f01170832b87fb1c795dbef1c9b58dd19289f990c8ae34d12b57a05964"",""flight_schedule"":""5871c8897f25c6a4b84d5aaf40fda1a067670fa574cb675c9adf829ad9c940f9"",""vertiport_network"":""8f37a94965fd8b2b9be9143f587c88446d15875ef5cba00cefde590914bba9b3""}";447c2ea3db3a1c3ac6982c2f510127b41a47bddb47d4abdf6cb52599f7f2915e;5284708a4e20708767a1693e58dbbc8d35c89c96da62d588b514064df48719f6
low;n6;6;;6;completed;243;243;0;238;0,9794238683127572;11,787085491863536;15,0;17,166423243135675;17,563833909211255;0,0;149;80;7650,155440063875;7536,427035615519;0,22686488563184742;12;-10558,255284990239;88396,82330858092;4591;1,7621459846850485e-11;0,4077181208053691;0,34934497816593885;0,3208425346567178;0,3308238270197346;31,482121152526236;7,236230583331599;35,99986541549615;0,1481475943024533;1,016662607451508;3,663530108986015;32,678159607179246;41,67602519073968;43,92071730671217;0;132;0,0;9;2864,2617745228395;11;2864,261774522843;35,99986541549615;7,236230583331599;0,0;0,0;86,76618742708287;0;0,0;0,0;0;0,0;16,750656082506065;0;0,0;0,0;5;1,9694323882140452;0,0;3;5,266798195117554;0,0;0;0,0;0,0;0;0,0;0,0;0;0,0;0,0;1;0,0;13,719615907441524;0;0,0;5,529593425548561;5;0,0;0,0;0;0,0;0,0;0;0,0;0,0;0;0,0;0,0;3;0,0;0,0;0;0,0;0,0;0;0,0;0,0;0;0,0;0,0;118,52739688386049;10,029166666666667;0,4919781826467892;3,816666666666667;2,5444444444444443;16,760478145000018;3,816666666666667;6,9383333333333335;2,0;0,0;15,703199953888904;7,418389302222226;9;573,959838770533;0,7945781606440392;1;30,0;0,018190071955710024;4;434,6228124736919;0,38872997443179774;3;225,0;0,16018646861135138;3;256,4811329692902;0,1958386806457754;3;268,0801534699352;0,17918090299666356;0,7186739593468074;3;5,266798195117554;0,0;0,0;0,0;0;0,0;0;0,0;0;1,4605447307165984;2;0,0;0;0,0;0;0,0;0;0,806253464400955;1;0,0;0;0,0;0;0,0;0;0,0;0;3,0;3;0,0;0;0,0;0;0,0;0;0,0;0;0,0;0;111;132;5;0,020576131687242816;15,0;35;21,75;0,0;;;1,6308724832214765;0,04697986577181208;27,487521831547546;27,081644072305377;32,26026331128742;37,38432039786863;42,248580471860755;111;0,9819819819819819;11,805937587877795;15,0;2;1,0;15,0;15,0;61;0,9836065573770492;10,5100560578075;15,0;19;1,0;13,904618062335874;15,0;25;0,96;12,919488023309325;15,0;25;0,96;11,82057355900126;15,0;0,51166926122906;160,1709282900485;0,10631086498559414;0,2864629582024987;0,04850685854856006;0,19167087845056835;128,9051464404741;0,009095035977855012;0,06839610594661207;0,0;0,1292660218640248;0,0;0,04042238212380005;0,10529569031411751;0,012126714637140015;0,20005314021233012;3,1;0,02425342927428003;0,13337927615270662;0,0;0,173620775223754;55,32720707831416;0,028902003218517037;0,14569600893883036;0,0;0,22053200639908516;70,65264418688808;0,022434422078709028;0,16083154634738162;0,012126714637140015;20260920;"{""passenger_counts"":[20260920,6,1,1],""city_assignment"":[20260920,6,1,2],""arrival_terminal_processing"":[20260920,6,1,3],""terminal_access"":[20260920,6,1,4],""departure_terminal_earliness"":[20260920,6,1,5]}";2.3.5;3;1;e340db248e0b27eca710ea1f278dfbf43f22a084dd9a25040376cf85840e3517;15;0,95;2026-07-30T21:04:01.744715+02:00;2026-08-01T00:33:16.823309+02:00;"{""aircraft_spec"":""1d92a29ff955ec8194720f659c80edf216b314fc10254dcf237d7a6f523202b4"",""config"":""5c5af6f01170832b87fb1c795dbef1c9b58dd19289f990c8ae34d12b57a05964"",""flight_schedule"":""5871c8897f25c6a4b84d5aaf40fda1a067670fa574cb675c9adf829ad9c940f9"",""vertiport_network"":""8f37a94965fd8b2b9be9143f587c88446d15875ef5cba00cefde590914bba9b3""}";447c2ea3db3a1c3ac6982c2f510127b41a47bddb47d4abdf6cb52599f7f2915e;5284708a4e20708767a1693e58dbbc8d35c89c96da62d588b514064df48719f6
low;n6;6;;7;completed;235;235;0;233;0,9914893617021276;12,544590232637203;15,0;23,6836330807478;18,037210629409433;0,014851209824979984;166;95;8778,550338799978;8598,1832233987;0,22686488563184662;13;-7201,700901197699;89405,54648510799;5049;3,2173375075217336e-11;0,3539156626506024;0,36398467432950193;0,32934132897747365;0,34139104985707475;37,35553335659565;10,5485434511963;64,51579324147329;0,274535290389248;1,9466470234359317;5,439939793670541;32,28420703222014;42,387366383451976;48,28665932555523;1;110;0,0;8;2947,978704669743;9;2947,9787046697443;64,51579324147329;10,548543451196261;0,0;0,0;89,81833103202678;0;0,0;0,0;0;0,0;31,467215628266906;0;0,0;6,389787779931249;2;5,175683314081107;0,0;2;4,372860137115155;0,0;0;0,0;0,0;0;0,0;0,0;0;0,0;0,0;0;0,0;24,479338843344628;0;0,0;2,1794509899305012;2;0,0;0,0;0;0,0;0,0;0;0,0;0,0;0;0,0;0,0;2;1,0;0,0;0;0,0;0,0;0;0,0;0,0;0;0,0;0,0;109,49508569461429;10,429166666666667;0,8674316292281262;4,35;2,9;19,378728320000004;4,35;7,075;2,1666666666666665;0,0;17,85878754611112;8,769940773888884;8;769,6140062408766;0,9508032619833737;1;60,0;0,037264285003428314;3;285,0;0,21816910803771158;3;248,6836330807478;0,19228623969562186;3;330,0;0,24140534277669365;3;256,86491037044846;0,19097707308401618;0,6800426799664857;2;10,548543451196261;0,0;0,0;0,0;0;0,0;0;0,0;0;7,683633080747798;1;0,0;0;0,0;0;0,0;0;0,0;0;0,0;0;0,0;0;0,0;0;0,0;0;2,0;2;0,0;0;0,0;0;0,0;0;0,8649103704484635;1;0,0;0;125;110;2;0,008510638297872353;15,0;50;21,75;0,00909090909090909;1,6336330807477983;1,6336330807477983;1,4156626506024097;0,018072289156626505;26,83534649619602;27,197496377799304;31,914955428885563;38,06456004860745;43,05179622047904;125;1,0;12,247264792817896;15,0;4;1,0;15,0;15,0;28;1,0;12,545664876338602;15,0;23;0,9565217391304348;13,461046613954647;15,0;31;1,0;12,53844390860428;15,0;24;0,9583333333333334;12,812339822597313;15,0;0,4401194753542069;155,76226543269357;0,12028083103884361;0,2647371518526078;0,037264285003428314;0,08561657486919112;0,0;0,010351190278730087;0,059053167486061764;0,0;0,16506291129030853;0,0;0,03664321358670451;0,10783248063817244;0,02484285666895221;0,22503226004063095;101,80777878585225;0,0358151183644061;0,19745194142834838;0,006210714167238052;0,2263043718783258;71,25762105981279;0,02960440419716805;0,15625108256280348;0,0;0,31641228387094317;203,51782347227024;0,037471308809002915;0,2508753347434748;0,012421428334476105;20260920;"{""passenger_counts"":[20260920,7,1,1],""city_assignment"":[20260920,7,1,2],""arrival_terminal_processing"":[20260920,7,1,3],""terminal_access"":[20260920,7,1,4],""departure_terminal_earliness"":[20260920,7,1,5]}";2.3.5;3;1;83687e398a0a1e3d8e5e2cd2ad4d1764fb6793bedae9ed2eec7dcba0d7eb0c10;15;0,95;2026-07-30T21:59:58.299099+02:00;2026-08-01T00:50:05.546485+02:00;"{""aircraft_spec"":""1d92a29ff955ec8194720f659c80edf216b314fc10254dcf237d7a6f523202b4"",""config"":""5c5af6f01170832b87fb1c795dbef1c9b58dd19289f990c8ae34d12b57a05964"",""flight_schedule"":""5871c8897f25c6a4b84d5aaf40fda1a067670fa574cb675c9adf829ad9c940f9"",""vertiport_network"":""8f37a94965fd8b2b9be9143f587c88446d15875ef5cba00cefde590914bba9b3""}";447c2ea3db3a1c3ac6982c2f510127b41a47bddb47d4abdf6cb52599f7f2915e;5284708a4e20708767a1693e58dbbc8d35c89c96da62d588b514064df48719f6
low;n6;6;;8;completed;257;257;0;240;0,933852140077821;12,753716815709387;16,632137087546457;30,83580031979788;18,36851688709827;0,2936874153619254;172;92;8848,247203866646;8752,396552201659;0,226864885631847;15;-5787,957184427919;89644,44819337;5210;-2,3874235921539366e-12;0,373546511627907;0,3484848484848485;0,3167251339851781;0,3278108239733525;34,428977446951926;81,8422753678875;73,25361834694313;0,2850335344239032;1,7453154609250192;6,02731765493833;33,23526113618444;43,22084760089671;55,341595172300366;7;133;0,0;6;3277,7052216373118;13;3277,7052216373154;73,25361834694311;81,84227536788748;0,0;0,0;84,62445836546817;3;0,0;0,0;0;0,0;50,957424350565454;0;0,0;0,0;16;44,14876305978408;0,0;13;33,51073669908207;0,0;3;0,0;0,0;0;0,0;0,0;0;0,0;0,0;4;1,0231956182312085;19,021437231539313;3;0,0;3,2747567648383513;17;0,0;0,0;3;0,9193324260410008;0,0;0;0,0;0,0;0;0,0;0,0;13;2,2402475647491276;0,0;0;0,0;0,0;0;0,0;0,0;0;0,0;0,0;105,79646279537512;11,0875;0,9020514209550387;4,4;2,933333333333333;19,45632808000001;4,4;7,578333333333333;2,5;0,0;18,304702312777785;8,484959100555557;6;760,7714521212039;0,9737723610717466;2;46,465157812962936;0,047851371798788615;3;479,2564769934145;0,37939975555966504;2;304,77530271112107;0,23959924510994426;3;263,1912685966482;0,1888349966606961;3;321,9483332434732;0,23129210126040917;0,6651606173597823;13;45,428039902020586;0,0;0,0;2,9490480472547156;3;0,0;0;0,0;0;19,551821058288503;6;0,0;0;0,0;0;0,0;0;2,715551005156279;3;3,0718037081485816;2;0,0;0;0,0;0;0,0;0;11,63303501757752;13;0,0;0;0,0;0;0,0;0;5,506781065594987;3;0,0;0;124;133;17;0,06614785992217898;15,0;45;23,050443338285135;0,05263157894736842;5,580060891876582;11,135800319797879;1,494186046511628;0,023255813953488372;26,509001493832752;27,71449903252522;33,01337186666667;38,38243783433288;45,56291695747302;124;0,9596774193548387;12,49051595530838;15,0;3;0,0;25,36984172992068;30,716657025498;50;1,0;12,069010424269132;15,0;28;0,8571428571428571;13,610435885444385;18,39505101145265;24;0,875;12,514568021415737;16,71087887690758;28;0,9285714285714286;13,138548552479792;16,941972304745626;0,44705541064049203;143,07909930461702;0,12280943725145406;0,2637844337762983;0,03772303533321115;0,050570356316601714;0,0;0,008382896740713588;0,037045301404271154;0,0062871725555351905;0,123453702540414;0,0;0,04903994593317449;0,09670433357344686;0,025148690222140762;0,20250249890612382;87,63359323061522;0,03730389049617547;0,18018303633397384;0,0;0,29674719637982017;177,9398744384851;0,027453986825837;0,20103560089351435;0,0062871725555351905;0,3568126393651813;263,7033141068396;0,0316454351961938;0,1931198093796555;0,018861517666605574;20260920;"{""passenger_counts"":[20260920,8,1,1],""city_assignment"":[20260920,8,1,2],""arrival_terminal_processing"":[20260920,8,1,3],""terminal_access"":[20260920,8,1,4],""departure_terminal_earliness"":[20260920,8,1,5]}";2.3.5;3;1;36dac09c0d68a832710e91e4ac308ab613696dcc236d9efd88267378a696a475;15;0,95;2026-07-30T22:23:32.042816+02:00;2026-08-01T00:54:04.448193+02:00;"{""aircraft_spec"":""1d92a29ff955ec8194720f659c80edf216b314fc10254dcf237d7a6f523202b4"",""config"":""5c5af6f01170832b87fb1c795dbef1c9b58dd19289f990c8ae34d12b57a05964"",""flight_schedule"":""5871c8897f25c6a4b84d5aaf40fda1a067670fa574cb675c9adf829ad9c940f9"",""vertiport_network"":""8f37a94965fd8b2b9be9143f587c88446d15875ef5cba00cefde590914bba9b3""}";447c2ea3db3a1c3ac6982c2f510127b41a47bddb47d4abdf6cb52599f7f2915e;5284708a4e20708767a1693e58dbbc8d35c89c96da62d588b514064df48719f6
low;n6;6;;9;completed;270;270;0;257;0,9518518518518518;12,404389490696497;15,00000000000006;32,198711291459645;17,959969266170067;0,34487449006149756;176;86;8673,471133122204;8537,331316743981;0,22583490844874682;15;-7200,145855357557;88622,02707938862;5170;3,9676706364843994e-11;0,3835227272727273;0,3282442748091603;0,2902284204172116;0,30366264393307657;32,12396715971187;68,19859343930787;37,50653937786477;0,13891310880690655;1,0019821468530168;2,6965328871528373;31,78948521280051;42,13143555472276;55,61139997571433;7;113;0,0;10;3349,1851624880537;12;3349,1851624880674;37,50653937786477;68,19859343930776;0,0;0,0;88,51431265672035;3;1,0608474320456784;0,0;0;0,0;7,028915737869101;0;0,0;0,0;11;45,159593380874746;0,0;8;16,45840324826007;0,0;1;0,0;0,0;0;0,0;0,0;0;0,0;0,0;3;2,5197493781272593;29,53726841287104;2;0,0;0,940355227124625;13;0,0;0,0;6;0,0;0,0;0;0,0;0,0;0;0,0;0,0;8;3,0;0,0;0;0,0;0,0;0;0,0;0,0;0;0,0;0,0;106,96707489867478;11,491666666666665;0,42597162145765144;4,350000000000001;2,911111111111111;18,807797259999997;4,366666666666666;7,883333333333334;2,5;0,0;18,514799798888887;7,570775238888889;10;820,8212063680241;1,1274576859161443;3;73,28143603779365;0,06999252582812122;3;470,71917533546196;0,3640735153826986;3;215,2455253061385;0,1917616618836902;3;257,03597662576624;0,1862919835073595;2;215,18887663349076;0,15754799622235816;0,6697849044073639;8;30,95928239376332;0,0;0,0;2,31248813357682;3;0,0;0;0,0;0;14,517756025968872;4;0,0;0;0,0;0;0,0;0;3,779624067190889;3;1,4438700615441726;1;0,0;0;0,0;0;0,0;0;6,025719902482736;8;0,0;0;0,0;0;0,0;0;2,8798242029998318;1;0,0;0;157;113;13;0,04814814814814816;15,0;42;22,009897825931624;0,061946902654867256;5,56725962527846;12,498711291459646;1,5340909090909092;0,028409090909090908;26,61727025965171;27,019127986565987;33,208830146666685;38,41732666871928;46,00533015825656;157;1,0;11,468730929561092;15,0;6;0,3333333333333333;18,630099761227555;26,27093580744301;41;0,8780487804878049;14,181429004862569;18,07877401036676;25;0,96;12,250012751515522;15,0;23;0,9130434782608695;12,93543671014426;15,525626881962488;18;0,9444444444444444;13,978325314390315;15,778331495023606;0,4770724362681306;216,39373785440088;0,12230989593589356;0,27577803354688557;0,03756959260829495;0,062044907913922524;0,0;0,010435997946748597;0,047419052993866666;0,0;0,11629250842947579;0,0;0,04946663026758835;0,08845919009775181;0,012523197536098317;0,22378975347946747;88,04135338017475;0,03402135330640043;0,1970149744837695;0,012523197536098317;0,3177678736129945;231,50907210259086;0,028803354333026127;0,18983898446837166;0,025046395072196633;0,24258292576906218;84,5228328034259;0,028385914415156185;0,22419784047593527;0,006261598768049158;20260920;"{""passenger_counts"":[20260920,9,1,1],""city_assignment"":[20260920,9,1,2],""arrival_terminal_processing"":[20260920,9,1,3],""terminal_access"":[20260920,9,1,4],""departure_terminal_earliness"":[20260920,9,1,5]}";2.3.5;3;1;1fbd8e968649be44b9cad9138fe1cacac1ff7a98e063fdf461a3ceb318e4d8c4;15;0,95;2026-07-30T21:59:59.854145+02:00;2026-08-01T00:37:02.027079+02:00;"{""aircraft_spec"":""1d92a29ff955ec8194720f659c80edf216b314fc10254dcf237d7a6f523202b4"",""config"":""5c5af6f01170832b87fb1c795dbef1c9b58dd19289f990c8ae34d12b57a05964"",""flight_schedule"":""5871c8897f25c6a4b84d5aaf40fda1a067670fa574cb675c9adf829ad9c940f9"",""vertiport_network"":""8f37a94965fd8b2b9be9143f587c88446d15875ef5cba00cefde590914bba9b3""}";447c2ea3db3a1c3ac6982c2f510127b41a47bddb47d4abdf6cb52599f7f2915e;5284708a4e20708767a1693e58dbbc8d35c89c96da62d588b514064df48719f6
low;n6;6;;10;completed;245;245;0;239;0,9755102040816327;12,041310953967876;15,0;17,989310550898395;17,72463948996777;0,00896358862080606;155;93;8272,545937086095;8076,51182895619;0,22686488563184481;13;-9500,166651654272;88893,05090472117;4854;5,343281372915953e-12;0,3951612903225806;0,375;0,34073630476814226;0,35275303058571467;33,76549362075957;5,574544464087072;48,665491319974294;0,19863465844887465;1,0016658981997655;5,894629449382652;32,55047933864452;41,98662005283501;46,98299798294611;1;127;0,0;9;2950,1211837221304;11;2950,121183722108;48,665491319974294;5,57454446408689;0,0;0,0;82,77343124773793;2;0,0;0,0;0;0,0;21,46994695628746;0;0,0;0,0;6;0,9492078978042021;0,0;4;4,625336566282688;0,0;0;0,0;0,0;0;0,0;0,0;1;0,0;0,0;2;0,0;18,67915657197324;0;0,0;8,516387791713592;6;0,0;0,0;1;0,0;0,0;0;0,0;0,0;0;0,0;0,0;4;0,0;0,0;0;0,0;0,0;0;0,0;0,0;0;0,0;0,0;114,81398991364898;10,270833333333334;0,5462869264204548;4,133333333333334;2,7555555555555555;18,093696865000016;4,133333333333334;7,075;2,1666666666666665;0,0;16,470111800555564;8,512473953333341;9;621,8348509868715;0,8268599286723668;1;60,0;0,03658788775697209;3;420,48816499699325;0,3421499226415526;3;330,4780466376258;0,23355023457081175;2;316,6190222785694;0,20288627937157994;3;212,9893105508984;0,15694412597823237;0,7001335626484524;4;4,625336566282688;0,0;0,0;0,047939563859229865;1;0,0;0;0,0;0;1,989310550898396;1;0,0;0;0,0;0;0,0;0;0,5625808587634916;1;0,0;0;0,0;0;0,0;0;0,0;0;2,025505592761571;4;0,0;0;0,0;0;0,0;0;0,0;0;0,0;0;118;127;6;0,024489795918367308;15,0;41;21,75;0,007874015748031496;1,1383757548423696;1,1383757548423696;1,5806451612903225;0,025806451612903226;27,331449321215402;27,235507957744016;32,978428495767794;37,4887992043631;42,77783465782162;118;1,0;11,491159442162326;15,0;4;1,0;15,0;15,0;49;0,9795918367346939;11,450759107267793;15,0;28;0,9285714285714286;13,678428000278808;15,01105242892967;26;0,9230769230769231;12,796560144494507;15,006376391960021;20;0,95;12,868531276309511;15,149465527544923;0,5169711212143401;290,01066873485456;0,11403225017589634;0,2655908765724407;0,04268586904980077;0,035696831257775924;0,0;0,008130641723771575;0,030818446223512982;0,0;0,12599109512323645;0,0;0,04309240113598935;0,09170611523961492;0,012195962585657362;0,17719723733322143;21,212724570865856;0,03353889711055775;0,14703476975145205;0,012195962585657362;0,25054351438161687;96,46054557816703;0,030693172507237694;0,16796371162436324;0,0;0,2766368414167832;154,61257864469346;0,02256253078346612;0,18825071807996535;0,012195962585657362;20260920;"{""passenger_counts"":[20260920,10,1,1],""city_assignment"":[20260920,10,1,2],""arrival_terminal_processing"":[20260920,10,1,3],""terminal_access"":[20260920,10,1,4],""departure_terminal_earliness"":[20260920,10,1,5]}";2.3.5;3;1;90f1988e0bf7064670412ed9c0c28d64768089361750127bb2903c0ccf239f9e;15;0,95;2026-07-30T21:21:39.833348+02:00;2026-08-01T00:41:33.050905+02:00;"{""aircraft_spec"":""1d92a29ff955ec8194720f659c80edf216b314fc10254dcf237d7a6f523202b4"",""config"":""5c5af6f01170832b87fb1c795dbef1c9b58dd19289f990c8ae34d12b57a05964"",""flight_schedule"":""5871c8897f25c6a4b84d5aaf40fda1a067670fa574cb675c9adf829ad9c940f9"",""vertiport_network"":""8f37a94965fd8b2b9be9143f587c88446d15875ef5cba00cefde590914bba9b3""}";447c2ea3db3a1c3ac6982c2f510127b41a47bddb47d4abdf6cb52599f7f2915e;5284708a4e20708767a1693e58dbbc8d35c89c96da62d588b514064df48719f6
low;n6;6;;11;completed;212;212;0;210;0,9905660377358491;12,18034835877999;15,0;18,11249147492866;17,58115487047711;0,0;145;89;7637,049057774986;7481,378125911196;0,23316807545578855;11;-10765,49013522482;88547,810788151;4524;1,0345502232667059e-11;0,36551724137931035;0,3803418803418803;0,3390866527433325;0,35387462832275546;36,02381631025937;3,83217389927075;33,97098047979022;0,1602404739612746;0,9943707772439636;4,139630436003547;32,0910432882985;41,40271428110823;43,283831506617695;0;111;0,0;8;2582,233852061357;10;2582,233852061351;33,97098047979022;3,8321738992706136;0,0;0,0;78,71675329233717;0;0,0;0,0;0;0,0;12,05809302507114;0;0,0;0,6525044054359266;1;0,0;0,0;2;3,8321738992706136;0,0;0;0,0;0,0;0;0,0;0,0;0;0,0;6,063298011819522e-14;1;0,0;14,358745721755136;0;0,0;6,901637327527957;2;0,0;0,0;0;0,0;0,0;0;0,0;0,0;0;0,0;0,0;2;0,0;0,0;0;0,0;0,0;0;0,0;0,0;0;0,0;0,0;121,03066069951873;9,25;0,4162754544404005;3,9;2,6;16,288565385000012;3,9;6,303333333333334;1,8333333333333333;0,0;15,06126702777779;7,7272983572222245;8;663,0454591717936;0,7121522550157264;2;105,0;0,07172727231131738;4;403,3401488599291;0,3083429602700342;2;285,71968242434195;0,19991126343943488;2;180,0;0,13202582927203166;2;183,11249147492865;0,13589360172413437;0,7312051431634442;2;3,8321738992706136;0,0;0,0;0,0;0;0,0;0;0,0;0;0,0;0;0,0;0;0,0;0;0,0;0;0,0;0;0,0;0;0,0;0;0,0;0;0,0;0;1,7196824243419542;2;0,0;0;0,0;0;0,0;0;2,1124914749286594;1;0,0;0;101;111;2;0,009433962264150941;15,0;26;21,524581872961004;0,0;;;1,4620689655172414;0,027586206896551724;27,58702803427106;26,551725443370767;31,16826253011859;37,13132348953906;41,78370720455532;101;1,0;11,67098864779497;15,0;8;1,0;14,840567040555804;15,0;45;1,0;11,341687852186082;15,0;24;0,9583333333333334;13,787394072175594;15,0;16;1,0;13,658250950157832;15,0;18;0,9444444444444444;12,49633533480587;15,466873721239295;0,5139418013273145;197,9293738459656;0,1018997446052869;0,24421981541783058;0,03624892100583329;0,1158986378501398;0,0;0,012082973668611096;0,052720907666583154;0,006041486834305548;0,12497678549951091;0,0;0,042693173629092536;0,09241500442379795;0,0;0,1811287928380004;24,536690358297346;0,03524200653344903;0,13217972900949027;0,006041486834305548;0,2893082087701186;300,2513537388267;0,022353501286930526;0,17543736316416295;0,006041486834305548;0,2088549323222088;116,63116363688033;0,021346586814546268;0,14887123102347768;0,012082973668611096;20260920;"{""passenger_counts"":[20260920,11,1,1],""city_assignment"":[20260920,11,1,2],""arrival_terminal_processing"":[20260920,11,1,3],""terminal_access"":[20260920,11,1,4],""departure_terminal_earliness"":[20260920,11,1,5]}";2.3.5;3;1;be13363adc100ad2cec79dc799493f1182a0c253ca64ffdc25d24ee63fa57472;15;0,95;2026-07-30T21:00:34.509865+02:00;2026-08-01T00:35:47.810788+02:00;"{""aircraft_spec"":""1d92a29ff955ec8194720f659c80edf216b314fc10254dcf237d7a6f523202b4"",""config"":""5c5af6f01170832b87fb1c795dbef1c9b58dd19289f990c8ae34d12b57a05964"",""flight_schedule"":""5871c8897f25c6a4b84d5aaf40fda1a067670fa574cb675c9adf829ad9c940f9"",""vertiport_network"":""8f37a94965fd8b2b9be9143f587c88446d15875ef5cba00cefde590914bba9b3""}";447c2ea3db3a1c3ac6982c2f510127b41a47bddb47d4abdf6cb52599f7f2915e;5284708a4e20708767a1693e58dbbc8d35c89c96da62d588b514064df48719f6
low;n6;6;;12;completed;241;241;0;232;0,9626556016597511;12,660318210651525;15,0;22,41655905191704;18,221824421563653;0,1070695983993263;163;102;8745,178129938873;8545,227987765242;0,2279498074276202;13;-8389,993721320665;88281,76701325571;5134;1,1141310096718371e-11;0,3696319018404908;0,3849056603773585;0,36198844368240674;0,3701126051321821;36,287046182318974;27,101709248671508;76,0729968298226;0,31565558850548797;1,5444913459645855;6,136518455189071;32,685003064404974;42,30972134430449;51,688011513672365;4;123;0,0;11;3051,1366887670174;11;3051,136688767026;76,0729968298226;27,101709248671494;0,0;0,0;85,11243119604491;3;0,0;0,0;0;0,0;47,45881581350077;0;0,0;2,5889476964392086;8;3,5004508852503933;0,0;9;22,6012583634211;0,0;1;0,0;0,0;0;0,0;0,0;0;0,0;0,0;2;0,0;17,644715074919198;0;0,0;8,380518244963422;9;0,0;0,0;0;0,0;0,0;0;0,0;0,0;0;0,0;0,0;9;1,0;0,0;0;0,0;0,0;0;0,0;0,0;0;0,0;0,0;109,72486210036466;10,454166666666667;0,9663815428184019;4,416666666666667;2,9444444444444446;18,894746470000005;4,416666666666666;7,135;2,1666666666666665;0,0;16,75154055777778;9,504317023333336;11;670,8423770468339;0,9116528741503792;2;151,73685866123148;0,10119399360914244;3;413,38630299778805;0,3242592162894421;3;288,2295912033494;0,21463797210867255;3;210,0;0,1550155287692968;3;261,42637190243283;0,18694960103334132;0,6810149805895876;9;27,101709248671494;0,0;0,0;3,686060760485755;3;0,0;0;0,0;0;15,45424896166284;4;0,0;0;0,0;0;0,0;0;0,006264149698593732;1;0,0;0;0,0;0;0,0;0;0,0;0;7,955135376824304;9;0,0;0;0,0;0;0,0;0;0,0;0;0,0;0;118;123;9;0,03734439834024894;15,0;48;22,088954560251903;0,032520325203252036;3,2923901507792834;5,512890357621897;1,478527607361963;0,012269938650306749;26,85326687071566;27,45969497101536;33,075440692438704;37,69790025968932;43,850870929483115;118;0,9830508474576272;12,447893859160217;15,0;11;0,8181818181818182;14,82212354236253;15,86842933061574;43;0,9534883720930233;12,149887353920233;15,0;25;0,92;13,83295378949618;16,457008873170604;19;1,0;13,145284304674826;15,0;25;0,96;12,048498067013124;15,0;0,48798921414483193;145,8782717092577;0,12640713179468654;0,27634902777568093;0,0558591253429875;0,07682321061651047;4,25;0,016550851953477778;0,0668926994444238;0,006206569482554167;0,1409765144008792;0,0;0,046549271119156216;0,1031875633525141;0,0;0,2718847954344;117,57473859266025;0,033515475205792504;0,20037485814011408;0,006206569482554167;0,25103124906301455;106,47870472586433;0,025033163579635143;0,16178281005923315;0,012413138965108334;0,16546366044618277;49,00526897657707;0,026067591826727503;0,12029607646625246;0,0;20260920;"{""passenger_counts"":[20260920,12,1,1],""city_assignment"":[20260920,12,1,2],""arrival_terminal_processing"":[20260920,12,1,3],""terminal_access"":[20260920,12,1,4],""departure_terminal_earliness"":[20260920,12,1,5]}";2.3.5;3;1;e29d6e93be519cb4361fae2a71ab639ea95ccec4f9d35923795e4c7b7b461775;15;0,95;2026-07-30T21:40:10.006279+02:00;2026-08-01T00:31:21.767013+02:00;"{""aircraft_spec"":""1d92a29ff955ec8194720f659c80edf216b314fc10254dcf237d7a6f523202b4"",""config"":""5c5af6f01170832b87fb1c795dbef1c9b58dd19289f990c8ae34d12b57a05964"",""flight_schedule"":""5871c8897f25c6a4b84d5aaf40fda1a067670fa574cb675c9adf829ad9c940f9"",""vertiport_network"":""8f37a94965fd8b2b9be9143f587c88446d15875ef5cba00cefde590914bba9b3""}";447c2ea3db3a1c3ac6982c2f510127b41a47bddb47d4abdf6cb52599f7f2915e;5284708a4e20708767a1693e58dbbc8d35c89c96da62d588b514064df48719f6
low;n6;6;;13;completed;219;219;0;217;0,9908675799086758;12,15092119785362;15,0;15,485999196174696;17,679930776346787;0,0;142;77;7242,877767791656;7074,249715007287;0,23316807545579085;11;-7750,549093407915;87907,52189452965;4278;-1,77351466845721e-11;0,3855633802816901;0,3515981735159817;0,32101104043778994;0,3318306401012071;33,07250122279295;0,6157270606496846;20,10309769000337;0,09179496662101995;0,7453793444141643;1,9425282496442378;31,426893117777702;40,85399099428961;43,83644511810235;0;93;0,0;10;2661,051742329942;10;2661,0517423299384;20,10309769000337;0,6157270606495634;0,0;0,0;78,96757006211116;0;0,0;0,0;0;0,0;3,210230223401504;0;0,0;0,0;2;0,1297278644748682;0,0;1;0,48599919617469517;0,0;0;0,0;0,0;0;0,0;0,0;0;0,0;0,0;0;0,0;13,263755948598918;1;0,0;3,6291115180029463;2;0,0;0,0;0;0,0;0,0;0;0,0;0,0;0;0,0;0,0;1;0,0;0,0;0;0,0;0,0;0;0,0;0,0;0;0,0;0,0;116,24064833084232;9,295833333333338;0,25723424072017853;3,65;2,433333333333333;15,688069075000023;3,65;6,381666666666667;1,8333333333333333;0,0;14,782541869444456;6,9888605388889;10;706,1089559031772;0,9725605531133917;2;60,0;0,038475329201702935;3;359,4177285423405;0,2788314182298574;2;165,0;0,11559139045810315;4;147,03467264498602;0,10809421923517416;3;208,53918776655365;0,1555493713656926;0,7291009350094476;1;0,48599919617469517;0,0;0,0;0,0;0;0,0;0;0,0;0;0,0;0;0,0;0;0,0;0;0,0;0;0,0;0;0,0;0;0,0;0;0,0;0;0,0;0;0,48599919617469517;1;0,0;0;0,0;0;0,0;0;0,0;0;0,0;0;126;93;2;0,0091324200913242;15,0;21;21,75;0,0;;;1,5422535211267605;0,04225352112676056;26,57168638553821;27,441221533691095;32,55248039266962;36,82683526395956;41,357776643531274;126;0,9920634920634921;12,30598762298792;15,0;5;1,0;12,26825257353589;15,0;37;0,972972972972973;12,014628648062615;15,0;17;1,0;10,84044062160357;15,0;14;1,0;12,309624401171401;15,0;20;1,0;12,399627340190406;15,0;0,43086318855205474;50,87677945603464;0,10370269750945435;0,22193735351688648;0,025089362300674437;0,09880658340236262;0,0;0,011499291054475785;0,07007278151534789;0,006272340575168609;0,21543525842668354;0,0;0,040142979681079105;0,11414207313062409;0,025089362300674437;0,17817037811006242;7,185348380260196;0,0209078019172287;0,13576345491591363;0,0;0,29676659785109843;166,55334543852877;0,030525390799153902;0,20983611322602125;0,006272340575168609;0,29312340601460646;150,08358348595357;0,022162270032262413;0,17616592499995132;0,006272340575168609;20260920;"{""passenger_counts"":[20260920,13,1,1],""city_assignment"":[20260920,13,1,2],""arrival_terminal_processing"":[20260920,13,1,3],""terminal_access"":[20260920,13,1,4],""departure_terminal_earliness"":[20260920,13,1,5]}";2.3.5;3;1;148ed6bb32163ff21a2537f65a7e8ea4aa91456dad801993c5fe5b1b6545cc45;15;0,95;2026-07-30T21:50:49.450907+02:00;2026-08-01T00:25:07.521895+02:00;"{""aircraft_spec"":""1d92a29ff955ec8194720f659c80edf216b314fc10254dcf237d7a6f523202b4"",""config"":""5c5af6f01170832b87fb1c795dbef1c9b58dd19289f990c8ae34d12b57a05964"",""flight_schedule"":""5871c8897f25c6a4b84d5aaf40fda1a067670fa574cb675c9adf829ad9c940f9"",""vertiport_network"":""8f37a94965fd8b2b9be9143f587c88446d15875ef5cba00cefde590914bba9b3""}";447c2ea3db3a1c3ac6982c2f510127b41a47bddb47d4abdf6cb52599f7f2915e;5284708a4e20708767a1693e58dbbc8d35c89c96da62d588b514064df48719f6
low;n6;6;;14;completed;249;249;0;238;0,9558232931726908;12,085248240653089;15,0;32,826205098040255;17,946281022863026;0,2319166316487911;155;95;8314,112431455536;8116,616894845499;0,2268648856318482;13;-7348,0169871220505;89123,81697693116;4871;8,412825991399586e-12;0,40161290322580645;0,38;0,35347206827530914;0,3628039014632413;33,390009764881675;75,85955475012373;71,14716277027355;0,28573157739065685;2,1439046325468114;4,191086232977493;32,23560176911615;42,99821836051388;52,64921614336563;6;115;0,0;7;3009,226811922619;10;3009,2268119226433;71,14716277027355;75,85955475012366;0,0;0,0;81,95484591269452;0;0,0;0,0;0;0,0;34,622170006865055;0;0,0;3,8551807725212712;11;40,60057617249889;0,0;8;32,81633423459619;0,0;2;0,0;0,0;0;0,0;0,0;0;0,0;0,0;2;0,0;31,061659083180743;0;0,0;1,6081529077064867;11;0,0;0,0;1;0,0;0,0;0;0,0;0,0;0;0,0;0,0;8;2,4426443430285874;0,0;0;0,0;0,0;0;0,0;0,0;0;0,0;0,0;111,07261227683485;10,354166666666666;0,8108516254764845;4,166666666666667;2,7777777777777777;18,122648260000012;4,166666666666667;7,148333333333333;2,1666666666666665;0,0;16,206575600555563;8,86051710388889;7;704,0968669299608;0,9749307388140277;2;125,17991778436311;0,08120834249060178;3;361,6082332664493;0,30401778477272057;3;191,52154343798247;0,14376625959304923;3;210,76562693738416;0,1800500040852564;3;265,8466109195967;0,18759498807067268;0,6908085461600454;8;56,08870182865454;0,0;0,0;0,0;0;0,0;0;0,0;0;32,204879723882186;5;0,0;0;0,0;0;0,0;0;0,2980047185962273;1;0,0;0;0,0;0;0,0;0;0,0;0;8,0;8;0,0;0;0,0;0;0,0;0;15,585817386176132;5;0,0;0;134;115;11;0,04417670682730923;15,0;52;23,114850421337152;0,05217391304347826;4,4450687732684955;10,776205098040252;1,6064516129032258;0,04516129032258064;26,79773165668145;27,24781813866123;32,46709584660805;38,047453999385354;45,18543086987031;134;0,9925373134328358;11,698178651905303;15,0;7;0,7142857142857143;18,65313746011739;32,68445737452504;44;0,9772727272727273;11,109527747997411;15,0;18;0,8333333333333334;12,84203215286446;18,924553586354996;21;0,8571428571428571;13,785519126460285;20,385590309695303;25;0,96;12,065088361094988;15,0;0,42004771278775366;50,06789683224994;0,117339948198953;0,25395339330606465;0,03731659130002039;0,06539720291599431;0,0;0,013060806955007137;0,0576229130618234;0,0;0,22261941706122101;14,896788624970183;0,044572595163913244;0,10477491822107146;0,024877727533346928;0,16988506805400008;28,423922864577374;0,024255784345013253;0,1228102908852641;0,006219431883336732;0,2559864190223082;113,80447968018338;0,02653624270223672;0,18460245138786702;0,0;0,3356401107562562;300,92878745616434;0,033377617773907124;0,1926920732947823;0,012438863766673464;20260920;"{""passenger_counts"":[20260920,14,1,1],""city_assignment"":[20260920,14,1,2],""arrival_terminal_processing"":[20260920,14,1,3],""terminal_access"":[20260920,14,1,4],""departure_terminal_earliness"":[20260920,14,1,5]}";2.3.5;3;1;296165f59a0bb5885279e2ebc73e6246613f208e6b4fb751c205377f0e1de656;15;0,95;2026-07-30T21:57:31.983013+02:00;2026-08-01T00:45:23.816977+02:00;"{""aircraft_spec"":""1d92a29ff955ec8194720f659c80edf216b314fc10254dcf237d7a6f523202b4"",""config"":""5c5af6f01170832b87fb1c795dbef1c9b58dd19289f990c8ae34d12b57a05964"",""flight_schedule"":""5871c8897f25c6a4b84d5aaf40fda1a067670fa574cb675c9adf829ad9c940f9"",""vertiport_network"":""8f37a94965fd8b2b9be9143f587c88446d15875ef5cba00cefde590914bba9b3""}";447c2ea3db3a1c3ac6982c2f510127b41a47bddb47d4abdf6cb52599f7f2915e;5284708a4e20708767a1693e58dbbc8d35c89c96da62d588b514064df48719f6
low;n6;6;;15;completed;246;246;0;239;0,9715447154471545;12,69943794316231;15,0;22,667364735701632;18,27836795260759;0,04082914522629936;168;97;8958,228405663864;8800,18482611678;0,2279498074276196;14;-8420,95534069038;89292,07037977816;5158;-7,16227077646181e-12;0,36607142857142855;0,3660377358490566;0,3460483666969106;0,35296607573171446;36,41556262464985;26,095970252385936;71,91678232353719;0,29234464359161455;2,1544700157345686;6,04058647549391;32,79462689815669;43,11140033410135;49,960009262071615;2;120;0,0;10;3124,061734017929;11;3124,061734017951;71,91678232353719;26,095970252385936;0,0;0,0;84,71060248131592;2;0,0;0,0;0;0,0;55,66447299144635;0;0,0;0,0;7;0,0;0,0;7;25,702741983351007;0,0;0;0,0;0,0;0;0,0;0,0;0;0,0;0,0;0;0,0;14,764781144488733;0;0,0;1,4875281876020987;7;0,0;0,0;0;0,0;0,0;0;0,0;0,0;0;0,0;0,0;7;0,39322826903492875;0,0;0;0,0;0,0;0;0,0;0,0;0;0,0;0,0;109,80466756696046;10,725;1,018586204375739;4,416666666666667;2,9444444444444446;19,88567798500001;4,416666666666666;7,31;2,3333333333333335;0,0;17,818082231666672;9,42870686444445;10;717,7320147890513;0,9752949542002061;2;75,0;0,053699805116160196;3;373,5779086932222;0,2757597608966421;3;245,88345670954575;0,21211234682981525;3;248,9299820104352;0,1744247610984556;3;307,66736473570165;0,22701662870569667;0,6742478810209989;7;26,095970252385936;0,0;0,0;2,0241656449241416;2;0,0;0;0,0;0;5,187497597071342;2;0,0;0;0,0;0;0,0;0;0,0;0;0,0;0;0,0;0;0,0;0;0,0;0;6,248772450718509;7;0,0;0;0,0;0;0,0;0;12,635534559671942;3;0,0;0;126;120;7;0,028455284552845517;15,0;43;22,364349453697;0,016666666666666666;2,4497487135779616;3,533456709545741;1,4642857142857142;0,023809523809523808;27,142507144574598;27,534172364800412;33,17354025451887;38,31810415818078;44,19175426880577;126;0,9761904761904762;12,60569060116507;15,0;6;1,0;14,575473440276417;15,0;34;1,0;13,208490494688162;15,0;28;0,8928571428571429;12,33698761988731;16,442133882127447;23;1,0;12,350413889492733;15,0;29;0,9655172413793104;12,748552689479194;15,0;0,4767650823621311;168,59736020275824;0,12608349715056724;0,24954529232390119;0,04912344044827295;0,04118430281595497;0,0;0,011257455102729219;0,03442982975431744;0,0;0,11870800380533704;0,0;0,04093620037356079;0,09406858636945271;0,012280860112068238;0,2684313161571722;135,61261788717118;0,033772365308187655;0,2038683260248009;0,006140430056034119;0,23709322779133407;48,960660199841975;0,027222573248417908;0,195444504250646;0,012280860112068238;0,28365889044991993;120,66987747864805;0,03193023629137741;0,1899628788827175;0,006140430056034119;20260920;"{""passenger_counts"":[20260920,15,1,1],""city_assignment"":[20260920,15,1,2],""arrival_terminal_processing"":[20260920,15,1,3],""terminal_access"":[20260920,15,1,4],""departure_terminal_earliness"":[20260920,15,1,5]}";2.3.5;3;1;d5e0d1c801a479057cebdda1f9956a5044d86010f10bd506a2050de2eb4dcf80;15;0,95;2026-07-30T21:39:39.044659+02:00;2026-08-01T00:48:12.070380+02:00;"{""aircraft_spec"":""1d92a29ff955ec8194720f659c80edf216b314fc10254dcf237d7a6f523202b4"",""config"":""5c5af6f01170832b87fb1c795dbef1c9b58dd19289f990c8ae34d12b57a05964"",""flight_schedule"":""5871c8897f25c6a4b84d5aaf40fda1a067670fa574cb675c9adf829ad9c940f9"",""vertiport_network"":""8f37a94965fd8b2b9be9143f587c88446d15875ef5cba00cefde590914bba9b3""}";447c2ea3db3a1c3ac6982c2f510127b41a47bddb47d4abdf6cb52599f7f2915e;5284708a4e20708767a1693e58dbbc8d35c89c96da62d588b514064df48719f6
low;n6;6;;16;completed;239;239;0;233;0,9748953974895398;13,065415895315539;15,0;39,4385937948864;18,482429132152244;0,24406179981941073;170;100;9076,230749824976;8912,357449787321;0,2272853764240993;14;-9888,135016649345;89363,34101846414;5209;3,751665644813329e-11;0,3514705882352941;0,37037037037037035;0,33740111273854206;0,3488749018702808;37,97586087792877;53,97703855728323;61,41616360397288;0,25697139583252254;1,5843031183644354;3,6379263395578163;33,2828873078575;41,90942648455315;63,548076574598475;2;127;0,0;5;3122,634398980414;8;3122,6343989804086;61,41616360397288;53,9770385572832;0,0;0,0;82,79896988231435;0;0,0;0,0;0;0,0;31,106229582375423;0;0,0;0,0;5;44,41983680548037;0,0;4;8,557201751802829;0,0;0;0,0;0,0;0;0,0;0,0;0;0,0;0,0;0;0,0;23,33626893383445;1;0,0;6,973665087763008;6;0,0;0,0;1;0,0;0,0;0;0,0;0,0;0;0,0;0,0;4;1,0;0,0;0;0,0;0,0;0;0,0;0,0;0;0,0;0,0;112,37965670293084;10,645833333333334;0,8217301005917941;4,5;3,0;20,023573254999995;4,5;7,215;2,3333333333333335;0,0;18,23708901222222;9,286484242777776;5;737,3866038931867;0,8714288999995184;1;36,751738744990995;0,02221734540168784;3;400,0629288732524;0,31259178540774263;2;265,6423251987486;0,19129731973288647;3;363,29911520164825;0,2782493281288319;3;287,45637703226964;0,21192592698864532;0,6793631360998974;4;22,78670601740581;0,0;0,0;0,0;0;0,0;0;0,0;0;8,697750949834639;1;0,0;0;0,0;0;0,0;0;0,0;0;0,0;0;0,0;0;0,0;0;0,0;0;3,82748237962575;4;0,0;0;0,0;0;0,0;0;10,26147268794542;3;0,0;0;112;127;6;0,025104602510460206;15,0;51;21,816795014338275;0,015748031496062992;15,497924288532582;17,3885937948864;1,4058823529411764;0,01764705882352941;27,569854454198193;27,347439175548633;31,431122212606592;38,517298259185004;42,51261072990287;112;0,9910714285714286;12,870625682233262;15,0;2;0,5;18,375869372495494;21,41415180774144;44;1,0;11,751968219003754;15,0;21;0,9047619047619048;15,068683607182559;16,203731403862186;35;0,9714285714285714;13,150788820269138;15,0;25;0,96;14,02264070915516;15,0;0,5135313244057271;39,87271881753477;0,12211405295083118;0,2688625687167528;0,04836200116864601;0,019627382801840516;0,0;0,005037708455067293;0,01660475772880014;0,0;0,15686342361181102;0,0;0,04977255953606485;0,09718056742851267;0,012090500292161502;0,15301479141033972;76,30474870910305;0,03224133411243067;0,13366999094288132;0,0;0,21947070379131264;87,17295730664992;0,033450384141646826;0,17909648562937155;0,006045250146080751;0,2544056458343444;90,51390531046333;0,02942021737759299;0,1713013790208502;0,018135750438242254;20260920;"{""passenger_counts"":[20260920,16,1,1],""city_assignment"":[20260920,16,1,2],""arrival_terminal_processing"":[20260920,16,1,3],""terminal_access"":[20260920,16,1,4],""departure_terminal_earliness"":[20260920,16,1,5]}";2.3.5;3;1;2cb7cd4be0676b5d898b74f35efede8e84fbfafc5ad6181ea8481e89a6dfba05;15;0,95;2026-07-30T21:15:11.864983+02:00;2026-08-01T00:49:23.341018+02:00;"{""aircraft_spec"":""1d92a29ff955ec8194720f659c80edf216b314fc10254dcf237d7a6f523202b4"",""config"":""5c5af6f01170832b87fb1c795dbef1c9b58dd19289f990c8ae34d12b57a05964"",""flight_schedule"":""5871c8897f25c6a4b84d5aaf40fda1a067670fa574cb675c9adf829ad9c940f9"",""vertiport_network"":""8f37a94965fd8b2b9be9143f587c88446d15875ef5cba00cefde590914bba9b3""}";447c2ea3db3a1c3ac6982c2f510127b41a47bddb47d4abdf6cb52599f7f2915e;5284708a4e20708767a1693e58dbbc8d35c89c96da62d588b514064df48719f6
low;n6;6;;17;completed;258;258;0;243;0,9418604651162791;12,781745345440026;15,619650537641418;50,86278744242942;18,41635748194677;0,5920760624472425;180;100;9309,409976947198;9130,077956952573;0,2268648856318452;15;-9104,592354034128;89423,96370762703;5442;9,094947017729282e-12;0,35833333333333334;0,35714285714285715;0,32854694049334776;0,33860882568316314;36,082984406772084;114,75241931404872;79,7299312187391;0,3090307411579035;1,8396094840544475;6,201472241604885;32,551816604655585;42,8931082502224;75,76356956574904;7;120;0,0;8;3297,690299123527;10;3297,6902991234947;79,72993121873904;114,75241931404852;0,0;0,0;85,5317079164522;3;4,39763529145057;0,0;0;0,0;48,34852775148693;0;0,0;4,897519869096504;15;65,31412874010384;0,0;12;34,83670620403257;0,0;1;0,0;0,0;0;0,0;0,0;0;0,0;0,0;1;0,0;20,700790974330022;4;0,480921877537791;5,783092623825587;15;0,0;0,0;2;4,284192880897414;0,0;0;0,0;0,0;0;0,0;0,0;12;5,438834320026339;0,0;0;0,0;0,0;0;0,0;0,0;0;0,0;0,0;108,74418431723086;11,375;1,134409226092713;4,666666666666667;3,111111111111112;20,28622211500002;4,666666666666667;7,73;2,5;0,0;18,84365859000001;9,220341302777786;8;738,897817645559;0,980541036779246;1;60,0;0,03653763075292656;4;472,8427366008219;0,3523524734427161;2;266,72065152347824;0,16807931913784505;3;340,95300756008197;0,24471311962374698;3;325,71460579307546;0,22593959504490904;0,6622091421851949;12;69,69091914429106;0,0;0,0;6,445441850161054;2;0,0;0;0,0;0;33,32078001772667;8;0,0;0;0,0;0;0,0;0;0,0;0;3,681275768648872;4;0,0;0;0,0;0;0,0;0;10,706151241387003;12;0,0;0;0,0;0;0,0;0;15,537270266367463;2;0,0;0;138;120;15;0,05813953488372092;15,0;48;23,50047824275248;0,058333333333333334;10,149875356238443;30,827830360770896;1,4333333333333333;0,044444444444444446;27,369043350461435;26,97554055732127;32,10070081459863;38,96453405909004;46,5087299992285;138;0,9710144927536232;11,668030496746775;15,000000000000002;4;1,0;15,0;15,0;44;0,9545454545454546;13,150295618585465;15,0;18;0,7777777777777778;15,333900572665744;19,035426738387663;30;0,9;13,39512795881797;19,000068628096056;24;0,9166666666666666;15,459376428424545;31,87404559804907;0,5086312247489371;54,7542805638234;0,12605482609759666;0,27584990501376183;0,03653763075292656;0,11859712028872875;1,0398315963478428;0,013194144438556816;0,08717986954096744;0,0060896051254877605;0,12164976518299955;0,0;0,0501377488665159;0,10170714822866232;0,012179210250975521;0,24847243704806057;45,09959152899757;0,03552269656534527;0,13296474152001528;0,01826881537646328;0,18441699224647592;42,464600810862976;0,03166594665253639;0,16553921635746385;0,012179210250975521;0,16662421303768135;111,15118663398286;0,027606209902211184;0,1459151418422004;0,0060896051254877605;20260920;"{""passenger_counts"":[20260920,17,1,1],""city_assignment"":[20260920,17,1,2],""arrival_terminal_processing"":[20260920,17,1,3],""terminal_access"":[20260920,17,1,4],""departure_terminal_earliness"":[20260920,17,1,5]}";2.3.5;3;1;dfb1732fab83f8c0c76688dc9ea7711946eab36551398e7f1c015b82104a5540;15;0,95;2026-07-30T21:28:15.407646+02:00;2026-08-01T00:50:23.963708+02:00;"{""aircraft_spec"":""1d92a29ff955ec8194720f659c80edf216b314fc10254dcf237d7a6f523202b4"",""config"":""5c5af6f01170832b87fb1c795dbef1c9b58dd19289f990c8ae34d12b57a05964"",""flight_schedule"":""5871c8897f25c6a4b84d5aaf40fda1a067670fa574cb675c9adf829ad9c940f9"",""vertiport_network"":""8f37a94965fd8b2b9be9143f587c88446d15875ef5cba00cefde590914bba9b3""}";447c2ea3db3a1c3ac6982c2f510127b41a47bddb47d4abdf6cb52599f7f2915e;5284708a4e20708767a1693e58dbbc8d35c89c96da62d588b514064df48719f6
low;n6;6;;18;completed;206;206;0;204;0,9902912621359223;12,153786270428924;15,0;17,946801904593123;17,76042854118573;0,00889673466900751;133;79;7219,470057886097;7079,694320476472;0,23316807545579005;10;-9862,415855426909;89198,23913565831;4156;1,3415046851150692e-11;0,38721804511278196;0,37264150943396224;0,3499022798401197;0,3577139832943255;35,045971154786876;5,351800645721808;39,4683077759017;0,19159372706748398;1,3322255763547823;5,614745337793132;32,78552332477248;42,35805511772669;46,51244219485573;1;109;0,0;8;2503,679971708358;8;2503,6799717083645;39,4683077759017;5,351800645721808;0,0;0,0;80,12818182266444;1;0,0;0,0;0;0,0;21,099018962935435;0;0,0;0,0;1;0,0;0,0;2;5,351800645721808;0,0;0;0,0;0,0;0;0,0;0,0;0;0,0;0,0;1;0,0;15,30269653045531;0;0,0;3,0665922825109493;2;0,0;0,0;0;0,0;0,0;0;0,0;0,0;0;0,0;0,0;2;0,0;0,0;0;0,0;0,0;0;0,0;0,0;0;0,0;0,0;122,67579564856881;8,725000000000001;0,4635437960174846;3,533333333333333;2,3555555555555556;16,154529985000007;3,533333333333333;5,993333333333333;1,6666666666666667;0,0;14,330376354444452;7,713042519444444;8;592,3585037932212;0,7008930886125968;1;45,0;0,027256028139961135;3;295,88450504640736;0,247819305505599;3;272,94680190459314;0,20281579681754297;3;225,0;0,16896345831969076;2;227,40499874112868;0,16870502843438964;0,743034430731003;2;5,351800645721808;0,0;0,0;0,8588722010444144;1;0,0;0;0,0;0;0,0;0;0,0;0;0,0;0;0,0;0;0,5461265400842724;1;0,0;0;0,0;0;0,0;0;0,0;0;2,0;2;0,0;0;0,0;0;0,0;0;1,9468019045931215;1;0,0;0;97;109;2;0,009708737864077666;15,0;33;21,75;0,009174311926605505;0,9697440789218187;0,9697440789218187;1,5488721804511278;0,022556390977443608;27,516848608634785;27,215426614122766;32,0380558439966;37,74239837920387;43,360429102372095;97;1,0;11,929712789809033;15,0;3;1,0;15,0;15,0;36;1,0;11,365343853157633;15,0;27;0,9629629629629629;12,401892392151026;15,0;23;1,0;12,128718007759055;15,0;20;0,95;13,926692180833578;15,120249937056435;0,47932783197965206;54,0827377494578;0,09913118382756235;0,23548583682778954;0,030284475711067925;0,03175723852410382;0,0;0,0050474126185113205;0,02872879095299703;0,006056895142213585;0,22800973484761686;0,0;0,03270723376795336;0,10404521368477822;0,006056895142213585;0,23107802018444168;31,92640250815069;0,028265510663663396;0,15932173046109768;0,01211379028442717;0,175471818630051;64,49137237091333;0,02341999454989253;0,1478888592296046;0,0;0,2671459269421031;163,07814858749663;0,025438959597297056;0,205496667211687;0,006056895142213585;20260920;"{""passenger_counts"":[20260920,18,1,1],""city_assignment"":[20260920,18,1,2],""arrival_terminal_processing"":[20260920,18,1,3],""terminal_access"":[20260920,18,1,4],""departure_terminal_earliness"":[20260920,18,1,5]}";2.3.5;3;1;2538a941e7e2a05068dd9f58fe47090e30bd5451d11898125e55dc52ec9713d5;15;0,95;2026-07-30T21:15:37.584145+02:00;2026-08-01T00:46:38.239136+02:00;"{""aircraft_spec"":""1d92a29ff955ec8194720f659c80edf216b314fc10254dcf237d7a6f523202b4"",""config"":""5c5af6f01170832b87fb1c795dbef1c9b58dd19289f990c8ae34d12b57a05964"",""flight_schedule"":""5871c8897f25c6a4b84d5aaf40fda1a067670fa574cb675c9adf829ad9c940f9"",""vertiport_network"":""8f37a94965fd8b2b9be9143f587c88446d15875ef5cba00cefde590914bba9b3""}";447c2ea3db3a1c3ac6982c2f510127b41a47bddb47d4abdf6cb52599f7f2915e;5284708a4e20708767a1693e58dbbc8d35c89c96da62d588b514064df48719f6
low;n6;6;;19;completed;244;244;0;231;0,9467213114754098;12,240903833108513;15,416939605940014;26,714997314974003;18,0064665168376;0,11935115610228256;159;96;8449,448544316649;8307,443013192804;0,227949807427623;14;-7953,0666401133385;88624,44804353915;5008;4,035882739117369e-11;0,3836477987421384;0,3764705882352941;0,34920635354641166;0,35883232538266624;34,628887476707575;48,730137868922064;82,29729482989819;0,3372839952045008;2,705752029147685;5,654307779863545;33,057458801717054;42,81921497332289;55,16815198656574;3;134;0,0;9;2986,780535278477;10;2986,7805352784894;82,29729482989818;48,730137868922064;0,0;0,0;80,11567899201933;4;0,0;0,0;0;0,0;51,59184769960945;0;0,0;4,350766295789799;11;7,208078649592547;0,0;12;38,992749017796875;0,0;1;0,0;0,0;0;0,0;0,0;0;0,0;0,0;4;0,0;19,065747173488248;5;0,0;7,288933661010682;13;0,0;0,0;0;0,0;0,0;0;0,0;0,0;0;0,0;0,0;12;2,529310201532644;0,0;0;0,0;0,0;0;0,0;0,0;0;0,0;0,0;110,42795414317922;10,383333333333333;1,0200712862416137;4,25;2,833333333333332;18,34116571000002;4,25;7,123333333333336;2,3333333333333335;0,0;16,546102441666683;8,878396601666669;9;647,9822876609945;0,8182925231639269;2;120,0;0,07752298036684425;3;419,7748104618192;0,37057471011922777;3;308,54004722881757;0,2167958637753982;4;267,89644093611133;0,1889271945520506;3;231,72850608402612;0,18346183475122713;0,6860476033467727;12;47,29411056763681;0,0;0,0;2,852499979393906;1;0,0;0;0,0;0;15,37091517594096;4;2,0423710952894907;1;0,0;0;0,0;0;1,621906630275771;3;1,2345549145119246;4;0,0;0;0,0;0;0,0;0;11,272426086930743;12;0,0;0;0,0;0;0,0;0;12,89943668529401;4;0,0;0;110;134;13;0,05327868852459017;15,0;53;22,97647596759367;0,022388059701492536;5,331018305901954;10,319305094837546;1,5345911949685536;0,031446540880503145;26,82708741212569;27,076331871017057;32,42875902021536;37,96733911796332;44,27029214563098;110;0,9545454545454546;11,974039116876847;15,0;10;1,0;12,478294624499007;15,0;49;0,9591836734693877;12,173192009499992;15,0;27;0,9259259259259259;12,924447973533113;17,714153594207882;25;0,92;12,16407927066129;19,74016929389645;23;0,9130434782608695;12,83933915911338;15,703718013124707;0,5066301418686955;200,28869459087915;0,12031786113012179;0,26043415585299196;0,03106313110071992;0,07803943798142043;0,0;0,013460690143645298;0,06152832559992913;0,012425252440287967;0,15145898824783158;0,0;0,04452382124436522;0,10476128254112384;0,018637878660431952;0,14269352404526553;51,18919564912247;0,02837099307199086;0,10547526610366514;0,0;0,2700320188770376;212,31347022560985;0,028163905531319394;0,15479639426492955;0,0;0,21256788882261257;99,29354106587513;0,029199343234676725;0,18056128524162168;0,024850504880575934;20260920;"{""passenger_counts"":[20260920,19,1,1],""city_assignment"":[20260920,19,1,2],""arrival_terminal_processing"":[20260920,19,1,3],""terminal_access"":[20260920,19,1,4],""departure_terminal_earliness"":[20260920,19,1,5]}";2.3.5;3;1;a79f85cd37dcecf92fc91235e46f815738c55d39f6037d34ab78635fae147c63;15;0,95;2026-07-30T21:47:26.933360+02:00;2026-08-01T00:37:04.448044+02:00;"{""aircraft_spec"":""1d92a29ff955ec8194720f659c80edf216b314fc10254dcf237d7a6f523202b4"",""config"":""5c5af6f01170832b87fb1c795dbef1c9b58dd19289f990c8ae34d12b57a05964"",""flight_schedule"":""5871c8897f25c6a4b84d5aaf40fda1a067670fa574cb675c9adf829ad9c940f9"",""vertiport_network"":""8f37a94965fd8b2b9be9143f587c88446d15875ef5cba00cefde590914bba9b3""}";447c2ea3db3a1c3ac6982c2f510127b41a47bddb47d4abdf6cb52599f7f2915e;5284708a4e20708767a1693e58dbbc8d35c89c96da62d588b514064df48719f6
low;n6;6;;20;completed;224;224;0;222;0,9910714285714286;12,201020950708726;15,0;19,328021839690823;17,7246357661989;0,0;149;75;7563,459415752762;7303,506842505633;0,22764909207550918;12;-7136,868437856431;88756,58382095743;4422;-9,777068044058979e-12;0,37583892617449666;0,33482142857142855;0,3072922346419946;0,31683030436782794;33,765443820324826;7,29821834065868;32,78971866980058;0,1463826726330383;1,3300909045431883;2,481058839224867;32,24119322050956;41,461740077920645;44,513081900179166;0;111;0,0;9;2733,0286929587537;10;2733,028692958763;32,78971866980058;7,298218340658665;0,0;0,0;76,53271671177956;0;0,0;0,0;0;0,0;16,22816519694467;0;0,0;0,8790629508764444;2;0,0;0,0;1;2,5079497666666914;0,0;1;4,328021839690821;0,0;0;0,0;0,0;0;0,0;0,0;0;0,0;15,682490521979465;0;0,0;0,0;2;0,0;0,0;0;0,0;0,0;0;0,0;0,0;0;0,0;0,0;1;0,46224673430115215;0,0;0;0,0;0,0;0;0,0;0,0;0;0,0;0,0;114,50809827449328;9,633333333333331;0,36723960297410335;3,7333333333333334;2,488888888888889;16,768193665000005;3,7333333333333334;6,589999999999998;2,0;0,0;15,925639613888897;7,064776273333334;9;669,0945395056466;0,8778672574511576;1;75,0;0,04692708306980773;3;308,39962260030194;0,2711936904400538;3;287,97019650096786;0,21167905076770743;3;225,0;0,18152312006139903;2;180,0;0,12085065829845426;0,7164708053190472;1;2,9701965009678437;0,0;0,0;0,0;0;0,0;0;0,0;0;0,0;0;0,0;0;0,0;0;0,0;0;0,0;0;0,0;0;0,0;0;0,0;0;0,0;0;1,0;1;0,0;0;0,0;0;0,0;0;1,9701965009678437;1;0,0;0;113;111;2;0,008928571428571397;15,0;28;21,75;0,0;;;1,5033557046979866;0,026845637583892617;26,63707007189274;27,38809905660163;32,00994857362062;37,181730522505916;42,58642819497089;113;0,9911504424778761;12,416183177281482;15,0;5;1,0;15,0;15,0;43;1,0;10,07972837484684;15,0;27;0,9629629629629629;12,530021573447032;15,0;22;1,0;13,187029278392957;15,0;14;1,0;13,796174799986966;15,0;0,46948205280160615;101,83663712556748;0,1076194438400924;0,23076581259961912;0,02502777763723079;0,04384453256903556;0,0;0,008342592545743597;0,03571102235641443;0,0;0,1663228008723177;0,0;0,034830323878479515;0,0988006864384864;0,01877083322792309;0,33243243512258347;194,45487178906467;0,02919907391010259;0,15417390808851272;0,012513888818615395;0,2174016101885096;36,7931335898263;0,026279166519092328;0,15765510017837872;0,0;0,23368039951077507;120,0674814780096;0,027321990587310278;0,1991440205775568;0,01877083322792309;20260920;"{""passenger_counts"":[20260920,20,1,1],""city_assignment"":[20260920,20,1,2],""arrival_terminal_processing"":[20260920,20,1,3],""terminal_access"":[20260920,20,1,4],""departure_terminal_earliness"":[20260920,20,1,5]}";2.3.5;3;1;b1a32d26069f20dfdd07c1bd0ab29aa5b459c9b05dd0b125da627222a6bc3c7d;15;0,95;2026-07-30T22:01:03.131562+02:00;2026-08-01T00:39:16.583821+02:00;"{""aircraft_spec"":""1d92a29ff955ec8194720f659c80edf216b314fc10254dcf237d7a6f523202b4"",""config"":""5c5af6f01170832b87fb1c795dbef1c9b58dd19289f990c8ae34d12b57a05964"",""flight_schedule"":""5871c8897f25c6a4b84d5aaf40fda1a067670fa574cb675c9adf829ad9c940f9"",""vertiport_network"":""8f37a94965fd8b2b9be9143f587c88446d15875ef5cba00cefde590914bba9b3""}";447c2ea3db3a1c3ac6982c2f510127b41a47bddb47d4abdf6cb52599f7f2915e;5284708a4e20708767a1693e58dbbc8d35c89c96da62d588b514064df48719f6
low;n6;6;;21;completed;239;239;0;230;0,9623430962343096;12,501211823223166;15,0;32,81625589319519;17,947298860596;0,10920473913372648;164;99;8757,673339344421;8644,118531442435;0,22583490844874632;13;-10573,726513922282;90055,42125672661;5097;4,558842192636803e-11;0,3643292682926829;0,376425855513308;0,3385334680397436;0,3518459317335824;36,64298468344946;30,35622428723159;38,364801932108;0,16052218381635147;1,0778759130612159;5,4919218557084;32,47288330994659;41,31675634983271;56,685237282262705;1;122;0,0;10;2987,789625750336;11;2987,789625750325;38,364801932108;30,356224287231573;0,0;0,0;83,81070867270196;0;0,0;0,0;0;0,0;20,49387405385857;0;0,0;0,0;9;20,76287368907797;0,0;5;8,593350598153604;0,0;0;0,0;0,0;0;0,0;0,0;0;0,0;0,0;0;0,0;7,171470660659542;0;0,0;10,699457217589892;7;0,0;0,0;1;0,0;0,0;1;0,0;0,0;0;0,0;0,0;5;1,0;0,0;0;0,0;0,0;0;0,0;0,0;0;0,0;0,0;116,62295398495998;10,445833333333333;0,5586585505668235;4,383333333333334;2,922222222222222;19,117244860000024;4,383333333333334;7,115;2,1666666666666665;0,0;17,47779815555557;8,945002260000011;10;753,102459354956;0,9061761361756289;2;75,0;0,058069542250873234;3;320,47872609481226;0,2598644371101701;2;285,0;0,1821897120643973;2;240,0;0,15595949288596084;3;313,69173665522226;0,21920640307848474;0,6953628639532775;5;23,182733724682112;0,0;0,0;0,0;0;0,0;0;0,0;0;8,467061606652594;4;0,0;0;0,0;0;0,0;0;0,0;0;0,0;0;0,0;0;0,0;0;0,0;0;4,027467222847796;5;0,0;0;0,0;0;0,0;0;10,688204895181721;1;0,0;0;117;122;9;0,03765690376569042;15,0;37;21,75622713489772;0,00819672131147541;13,322978174314631;13,322978174314631;1,4573170731707317;0,03048780487804878;27,95254104740247;27,565594559600054;33,3241364666666;37,17905366888547;41,82840129350167;117;0,9487179487179487;12,98970545775684;15,005493444569572;8;1,0;12,173934475285545;15,0;42;0,9523809523809523;10,376959064403096;15,0;24;1,0;12,731663512236256;15,0;20;1,0;13,078392379880682;15,0;28;0,9642857142857143;13,130091385510278;15,0;0,46990208000029515;194,35655334638352;0,1174609967575181;0,23344212869426598;0,029812435725258404;0,10592504596529355;0,0;0,011924974290103361;0,06238391941096901;0,0;0,11011626698586673;0,0;0,03815991772833075;0,08248281448034034;0,011924974290103361;0,22790902965672794;120,3099264019192;0,03438367586979802;0,17983162975344694;0,0059624871450516806;0,267872908764479;124,53136275084653;0,03140243229727218;0,201849575463434;0,023849948580206722;0,29571741819883085;177,02625485371317;0,028023689581742898;0,1898036795646384;0,0059624871450516806;20260920;"{""passenger_counts"":[20260920,21,1,1],""city_assignment"":[20260920,21,1,2],""arrival_terminal_processing"":[20260920,21,1,3],""terminal_access"":[20260920,21,1,4],""departure_terminal_earliness"":[20260920,21,1,5]}";2.3.5;3;1;b26f7132d1d6de1bad0e349122467b6c27a73146315dc4da0ed5b647c8c95775;15;0,95;2026-07-30T21:03:46.273486+02:00;2026-08-01T01:00:55.421257+02:00;"{""aircraft_spec"":""1d92a29ff955ec8194720f659c80edf216b314fc10254dcf237d7a6f523202b4"",""config"":""5c5af6f01170832b87fb1c795dbef1c9b58dd19289f990c8ae34d12b57a05964"",""flight_schedule"":""5871c8897f25c6a4b84d5aaf40fda1a067670fa574cb675c9adf829ad9c940f9"",""vertiport_network"":""8f37a94965fd8b2b9be9143f587c88446d15875ef5cba00cefde590914bba9b3""}";447c2ea3db3a1c3ac6982c2f510127b41a47bddb47d4abdf6cb52599f7f2915e;5284708a4e20708767a1693e58dbbc8d35c89c96da62d588b514064df48719f6
low;n6;6;;22;completed;248;248;0;244;0,9838709677419355;12,49316855034129;15,0;19,236026382641285;17,946847256498298;0,01598327442916343;169;98;8925,54135838331;8710,600203080781;0,23316807545578655;14;-7344,5433458290745;89438,20581010787;5168;2,8535396268125623e-11;0,3668639053254438;0,36704119850187267;0,34320141845758795;0,35154434460220885;35,99008612251335;7,953133208039799;46,012319126938216;0,18553354486668636;1,4302153937633482;3,6113910852938718;32,19825324702228;41,47227344313526;48,13272501587744;1;118;0,0;8;3098,30580048464;8;3098,305800484666;46,0123191269382;7,953133208039799;0,0;0,0;83,3434008811201;0;0,0;0,0;0;0,0;24,935341948844687;0;0,0;0,0;4;0,0;0,0;4;7,953133208039799;0,0;0;0,0;0,0;0;0,0;0,0;0;0,0;0,0;0;0,0;13,076103321074577;1;0,0;8,000873857018936;4;0,0;0,0;0;0,0;0,0;0;0,0;0,0;0;0,0;0,0;4;0,0;0,0;0;0,0;0,0;0;0,0;0,0;0;0,0;0,0;108,76751736171862;10,8;0,5703133046901426;4,433333333333335;2,9666666666666655;19,56926406999999;4,45;7,363333333333333;2,3333333333333335;0,050820523486288745;17,724321029444436;9,261609707222217;8;735,1296518745833;0,988693308905458;2;75,0;0,054359638276861924;3;435,0;0,3441405463681463;4;254,0385936006401;0,19035988979378543;3;229,23602638264128;0,16671700417589608;2;270,0;0,17650939658742956;0,6742989942544724;4;7,953133208039799;0,0;0,0;0,0;0;0,0;0;0,0;0;0,8516675910332803;2;0,0;0;0,0;0;0,0;0;0,0;0;0,5152080866616112;1;0,0;0;0,0;0;0,0;0;3,512092444565375;4;0,0;0;0,0;0;0,0;0;3,074165085779532;1;0,0;0;130;118;4;0,016129032258064502;15,0;51;21,75;0,00847457627118644;1,8860263826412846;1,8860263826412846;1,467455621301775;0,011834319526627219;26,884096987760266;27,35891480621773;33,09008706680066;37,52972780045103;42,16281624215939;130;0,9846153846153847;12,267750834352594;15,0;7;1,0;12,52636960846904;15,0;44;1,0;12,616237944520982;15,0;24;1,0;12,794134349488708;15,0;22;0,9090909090909091;12,223734844837155;15,486487822337107;21;1,0;13,557987820307135;15,0;0,46409932503011264;47,11444405761698;0,12936189671392467;0,2652109673463394;0,061994519191976696;0,05433359411121772;0,0;0,01239890383839534;0,04689425180818052;0,00619945191919767;0,11439577108419945;0,0;0,04690918618859569;0,08502381350946371;0,01239890383839534;0,2737208853268135;105,36836340389273;0,03058396280137517;0,15005030935345873;0,0;0,3022054529870752;203,18929479440243;0,02851747882830928;0,19854714384623806;0,0;0,2467566100258665;119,41842165675807;0,028104182033696103;0,18887798556893504;0,00619945191919767;20260920;"{""passenger_counts"":[20260920,22,1,1],""city_assignment"":[20260920,22,1,2],""arrival_terminal_processing"":[20260920,22,1,3],""terminal_access"":[20260920,22,1,4],""departure_terminal_earliness"":[20260920,22,1,5]}";2.3.5;3;1;d9e28fce4609acf9a9469d62f9ef49e63fb356d33330a268f4d0dc2c1711eaa7;15;0,95;2026-07-30T21:57:35.456654+02:00;2026-08-01T00:50:38.205810+02:00;"{""aircraft_spec"":""1d92a29ff955ec8194720f659c80edf216b314fc10254dcf237d7a6f523202b4"",""config"":""5c5af6f01170832b87fb1c795dbef1c9b58dd19289f990c8ae34d12b57a05964"",""flight_schedule"":""5871c8897f25c6a4b84d5aaf40fda1a067670fa574cb675c9adf829ad9c940f9"",""vertiport_network"":""8f37a94965fd8b2b9be9143f587c88446d15875ef5cba00cefde590914bba9b3""}";447c2ea3db3a1c3ac6982c2f510127b41a47bddb47d4abdf6cb52599f7f2915e;5284708a4e20708767a1693e58dbbc8d35c89c96da62d588b514064df48719f6
low;n6;6;;23;completed;256;256;0;248;0,96875;12,441592834176408;15,0;24,420373391331303;18,0409308186806;0,08507913406980712;176;108;9639,074229286078;9411,279940874998;0,2279498074276208;13;-9351,611687826073;87733,55024009368;5503;2,637534635141492e-11;0,36363636363636365;0,38028169014084506;0,35650914365991815;0,3647031855683051;37,65263370814874;27,804097592782515;85,43052403307367;0,333712984504194;2,4406185013744106;4,921373673532798;32,842180773661916;42,8751129564627;51,97115320128978;3;133;0,0;7;3185,0477655491604;8;3185,0477655491663;85,43052403307365;27,804097592782394;0,0;0,0;89,78969693792266;0;0,0;0,0;0;0,0;57,35645207879507;0;0,0;2,727086279606859;8;6,136940127308965;0,0;5;19,846711965356857;0,0;0;0,0;0,0;0;0,0;0,0;0;0,0;0,0;1;0,8204455001165721;17,50529334583201;0;0,0;7,841692328839721;8;0,0;0,0;0;0,0;0,0;0;0,0;0,0;0;0,0;0,0;5;1,0;0,0;0;0,0;0,0;0;0,0;0,0;0;0,0;0,0;105,23866872774421;11,2;1,2071449052313343;4,733333333333333;3,155555555555557;21,490781945000005;4,733333333333333;7,626666666666667;2,254785413001858;0,16833333333333333;18,9055495438889;10,474121289999994;7;696,7103435809458;0,9220135841315739;1;90,0;0,05562126995275751;3;354,95756834476384;0,29677522891274494;3;337,2078388622454;0,2277823444092004;3;376,131409497813;0,2853936531118293;2;270,0;0,18081838148230464;0,65038982253052;5;22,13708179002145;0,0;0,0;0,0;0;0,0;0;0,0;0;9,695606989312607;3;0,0;0;0,0;0;0,0;0;0,8204455001165721;1;0,0;0;0,0;0;0,0;0;0,0;0;4,02110140937754;5;0,0;0;0,0;0;0,0;0;7,599927891214732;1;0,0;0;123;133;8;0,03125;15,0;50;21,769954463959888;0,022556390977443608;3,771841610428116;5,997745828212525;1,4545454545454546;0,022727272727272728;26,968100535533264;27,191558658161895;31,46227632684203;38,067944083485244;43,84771398389299;123;1,0;12,12924635706714;15,0;6;1,0;15,0;15,0;43;0,9302325581395349;11,16762447875554;15,018991268439786;27;0,9259259259259259;13,650793698326178;16,192930624349028;36;0,9166666666666666;12,827541215538195;17,28939301632766;21;1,0;13,932366544249135;15,0;0,4530991303359128;162,76536080954568;0,13513908551484788;0,2661320460031168;0,04326098774103362;0,06712262673116884;0,0;0,009270211658792918;0,061493992564127346;0,006180141105861945;0,16380830908930402;0,0;0,04470302066573474;0,12284781612188025;0,009447658824400771;0,1708211360621541;4,2;0,032960752564597046;0,13765204307893508;0,0;0,27025835823477695;129,2153340596199;0,037286851338700445;0,2011536431655336;0,01236028221172389;0,26017233559392305;130,74607777082142;0,03316675726812578;0,22034754172511992;0,01236028221172389;20260920;"{""passenger_counts"":[20260920,23,1,1],""city_assignment"":[20260920,23,1,2],""arrival_terminal_processing"":[20260920,23,1,3],""terminal_access"":[20260920,23,1,4],""departure_terminal_earliness"":[20260920,23,1,5]}";2.3.5;3;1;870225e487cbc16107c3a89bfa8703c2cf619bb1e6fac6aab39ee97a24d8c2b3;15;0,95;2026-07-30T21:24:08.388312+02:00;2026-08-01T00:22:13.550240+02:00;"{""aircraft_spec"":""1d92a29ff955ec8194720f659c80edf216b314fc10254dcf237d7a6f523202b4"",""config"":""5c5af6f01170832b87fb1c795dbef1c9b58dd19289f990c8ae34d12b57a05964"",""flight_schedule"":""5871c8897f25c6a4b84d5aaf40fda1a067670fa574cb675c9adf829ad9c940f9"",""vertiport_network"":""8f37a94965fd8b2b9be9143f587c88446d15875ef5cba00cefde590914bba9b3""}";447c2ea3db3a1c3ac6982c2f510127b41a47bddb47d4abdf6cb52599f7f2915e;5284708a4e20708767a1693e58dbbc8d35c89c96da62d588b514064df48719f6
low;n6;6;;24;completed;250;250;0;246;0,984;12,177225589457676;15,0;19,172443089305307;17,69503412357959;0,03113763499481572;169;91;8710,093373777752;8586,888598451258;0,23316807545578985;14;-11094,11023022112;89506,1255559784;5109;1,318767317570746e-11;0,3698224852071006;0,35;0,31084098127762827;0,32451580692656495;34,84037349511101;6,756719332129008;34,45213353047775;0,137808534121911;1,003556284655363;3,8173830853296145;32,80262196576796;41,426198381539045;47,81603849297899;1;134;0,0;9;3044,306397364419;10;3044,3063973644225;34,45213353047775;6,756719332128948;0,0;0,0;84,44230386334048;0;0,0;0,0;0;0,0;12,200191270322193;0;0,0;4,601710556488615;3;4,573742086699592;0,0;2;2,182977245429356;0,0;0;0,0;0,0;0;0,0;0,0;0;0,0;0,0;1;0,0;16,258145071965313;1;0,0;1,3920866317016285;4;0,0;0,0;1;0,0;0,0;0;0,0;0,0;0;0,0;0,0;2;0,0;0,0;0;0,0;0,0;0;0,0;0,0;0;0,0;0,0;115,91608697005525;10,841666666666667;0,4779027180548337;4,333333333333333;2,888888888888889;19,142514400000028;4,333333333333333;7,4;2,333333333333332;0,0;18,169496019444463;8,195240602777789;9;689,8607647294078;0,8064247306450747;1;105,0;0,06262410769482751;4;349,1724430893053;0,26358396101501425;3;279,69091346011925;0,19459804961441443;3;390,9977406251357;0,2851902051887883;3;285,0;0,2032643904571356;0,6913468108548316;2;2,182977245429356;0,0;0,0;0,0;0;0,0;0;0,0;0;0,0;0;0,0;0;0,0;0;0,0;0;0,25320228435460496;1;0,3333333333333333;1;0,0;0;0,0;0;0,0;0;1,5964416277414177;2;0,0;0;0,0;0;0,0;0;0,0;0;0,0;0;116;134;4;0,016000000000000014;15,0;34;21,75;0,007462686567164179;4,172443089305307;4,172443089305307;1,4792899408284024;0,04142011834319527;27,94450994061098;27,158908225604527;32,569204702092854;37,688224905013925;42,570294207551534;116;1,0;11,656108914758182;15,0;7;1,0;15,0;15,0;38;0,9736842105263158;11,630091503320552;15,0;27;0,9629629629629629;12,084326959718918;15,0;36;0,9444444444444444;13,282500873104965;15,100324749348571;26;1,0;13,10797795315767;15,0;0,47863525443599736;209,7715236485598;0,11650072098148864;0,24709140144074104;0,041749405129884974;0,051738569474507154;0,0;0,009940334554734526;0,04577436874166643;0,0;0,14060075527747018;0,0;0,03658043116142306;0,10071605845542347;0,005964200732840715;0,24893380650457428;103,43278134311673;0,03240549064843456;0,1709389843223773;0,01192840146568143;0,229772233564967;51,124128339321516;0,03399594417719208;0,1609013470978266;0,01192840146568143;0,280714372142789;223,1936312662084;0,029025776899824815;0,19057153035854732;0,01192840146568143;20260920;"{""passenger_counts"":[20260920,24,1,1],""city_assignment"":[20260920,24,1,2],""arrival_terminal_processing"":[20260920,24,1,3],""terminal_access"":[20260920,24,1,4],""departure_terminal_earliness"":[20260920,24,1,5]}";2.3.5;3;1;556bbab5a8e1fcf351d57f5205b101513d751e30a1a72dcfe3c184f5b62ecd45;15;0,95;2026-07-30T20:55:05.889770+02:00;2026-08-01T00:51:46.125556+02:00;"{""aircraft_spec"":""1d92a29ff955ec8194720f659c80edf216b314fc10254dcf237d7a6f523202b4"",""config"":""5c5af6f01170832b87fb1c795dbef1c9b58dd19289f990c8ae34d12b57a05964"",""flight_schedule"":""5871c8897f25c6a4b84d5aaf40fda1a067670fa574cb675c9adf829ad9c940f9"",""vertiport_network"":""8f37a94965fd8b2b9be9143f587c88446d15875ef5cba00cefde590914bba9b3""}";447c2ea3db3a1c3ac6982c2f510127b41a47bddb47d4abdf6cb52599f7f2915e;5284708a4e20708767a1693e58dbbc8d35c89c96da62d588b514064df48719f6
low;n6;6;;25;completed;262;262;0;254;0,9694656488549618;12,167661346180513;15,0;24,02831206040755;17,855330354574118;0,03135450682929099;166;105;9133,461548972193;8956,110324553563;0,2279498074276227;14;-11239,585501584943;87627,19323280572;5294;1,6484591469634324e-11;0,39457831325301207;0,3874538745387454;0,361017802891791;0,3701941591617924;34,860540263252645;36,640280630214086;41,66928019912469;0,1590430541951324;0,9978365834767333;6,010603280538514;32,91572584231995;42,571331999753035;47,6500836044573;3;138;0,0;10;3187,927272699294;11;3187,927272699301;41,66928019912469;36,640280630214086;0,0;0,0;86,62585381347152;0;0,0;0,0;0;0,0;22,122061520259194;0;0,0;2,0195420552769066;5;11,610040325510758;0,0;6;24,03024030470333;0,0;0;0,0;0,0;0;0,0;0,0;0;0,0;0,0;1;0,0;11,748951925316579;0;0,0;5,778724698272011;8;0,0;0,0;0;0,0;0,0;0;0,0;0,0;0;0,0;0,0;6;1,0;0,0;0;0,0;0,0;0;0,0;0,0;0;0,0;0,0;111,04373691622666;10,991666666666667;0,5872107466472365;4,516666666666667;3,011111111111111;20,207572450000033;4,516666666666667;7,57;2,3333333333333335;0,0;17,72239502611113;10,01295520166668;10;686,6128071760793;0,8565083545875257;1;90,0;0,05461895359721696;3;411,69760940447173;0,3482032455869587;3;270,0;0,219842558989117;2;256,736925331151;0,17146455083651008;3;349,0355350216806;0,28404291172339574;0,6738991904321058;6;26,918216717131873;0,0;0,0;0,0;0;0,0;0;0,0;0;7,548844730632117;3;0,0;0;0,0;0;0,0;0;0,0058135142960964005;1;0,0;0;0,0;0;0,0;0;0,0;0;6,0;6;0,0;0;0,0;0;0,0;0;13,363558472203659;4;0,0;0;124;138;8;0,03053435114503822;15,0;38;21,75;0,021739130434782608;1,4423073141473852;3,4247672713450203;1,5783132530120483;0,03614457831325301;27,46299409288629;26,96363054003492;31,463930366666663;38,26398538930071;44,04799623807259;124;0,9838709677419355;11,38175026574757;15,0;6;1,0;15,0;15,0;51;0,9803921568627451;11,250239619621745;15,0;26;1,0;13,932772843576446;15,0;20;0,85;14,126789840287433;20,980160173092617;35;0,9428571428571428;13,372575097347154;15,958589223892623;0,5060833204448101;180,78946798326007;0,12360066906629469;0,2771546412802588;0,03034386310956498;0,03070001078671827;4,205370575434547;0,009103158932869494;0,025238115426996575;0,006068772621912996;0,14479698893712925;0,0;0,043492870457043135;0,10858135115534547;0,006068772621912996;0,20989535138817453;114,13557011166425;0,03398512668271278;0,16019355953386946;0,03034386310956498;0,2588998753014475;72,42060925287727;0,029534693426643246;0,18727605867714706;0,006068772621912996;0,18770222095045166;41,097460767881195;0,034389711524173645;0,15580347012961193;0,006068772621912996;20260920;"{""passenger_counts"":[20260920,25,1,1],""city_assignment"":[20260920,25,1,2],""arrival_terminal_processing"":[20260920,25,1,3],""terminal_access"":[20260920,25,1,4],""departure_terminal_earliness"":[20260920,25,1,5]}";2.3.5;3;1;a42527c86a785377cdea27c3461ff7621228510dcdd2b8ff5671ad214222cf42;15;0,95;2026-07-30T20:52:40.414498+02:00;2026-08-01T00:20:27.193233+02:00;"{""aircraft_spec"":""1d92a29ff955ec8194720f659c80edf216b314fc10254dcf237d7a6f523202b4"",""config"":""5c5af6f01170832b87fb1c795dbef1c9b58dd19289f990c8ae34d12b57a05964"",""flight_schedule"":""5871c8897f25c6a4b84d5aaf40fda1a067670fa574cb675c9adf829ad9c940f9"",""vertiport_network"":""8f37a94965fd8b2b9be9143f587c88446d15875ef5cba00cefde590914bba9b3""}";447c2ea3db3a1c3ac6982c2f510127b41a47bddb47d4abdf6cb52599f7f2915e;5284708a4e20708767a1693e58dbbc8d35c89c96da62d588b514064df48719f6
low;n6;6;;26;completed;244;244;0;236;0,9672131147540983;12,490687790516919;15,0;35,24569985203889;18,102025360272076;0,23258987737067618;161;85;8209,134136591656;8014,801477710218;0,2268648856318478;13;-6839,89761449385;88030,9352057647;4868;-4,661160346586257e-12;0,37888198757763975;0,34552845528455284;0,31645336080985953;0,32664627457314377;33,64399236308056;72,09403596816801;57,16636702025792;0,23428838942728658;1,4965376950383684;6,341616789080217;32,5111830764194;42,88411153387088;59,11382984790301;2;117;0,0;9;3047,7278208861285;12;3047,7278208861285;57,16636702025792;72,09403596816801;0,0;0,0;86,78483508557169;1;4,82399162864555;0,0;0;0,0;31,47039194523295;0;0,0;3,3885817201520694;7;29,147808180039767;0,0;6;29,168180559611;0,0;1;3,954055599871693;0,0;0;0,0;0,0;0;0,0;0,0;0;0,0;16,100565672689815;0;0,0;6,20682768218309;8;0,0;0,0;4;0,0;0,0;0;0,0;0,0;0;0,0;0,0;6;5,0;0,0;0;0,0;0,0;0;0,0;0,0;0;0,0;0,0;108,6945331314104;10,45;0,7537155073532265;4,1;2,7333333333333334;17,96313939500002;4,1;7,156666666666666;2,1666666666666665;0,0;16,949545597222233;7,846927131111119;9;771,9052299098689;0,9542213247197997;2;90,0;0,060107811117382205;3;425,2456998520389;0,3404273633602768;3;229,02263322290153;0,17622085002765073;3;240,0;0,1890714734870651;3;286,5312089375276;0,20745264235475083;0,6874264506816891;6;60,92480757755454;0,0;0,0;4,82399162864555;1;0,0;0;0,0;0;18,648160315956677;4;0,0;0;0,0;0;0,0;0;0,0;0;0,0;0;0,0;0;0,0;0;0,0;0;6,0;6;0,0;0;0,0;0;0,0;0;31,452655632952307;4;0,0;0;127;117;8;0,032786885245901676;15,0;42;21,99653769503837;0,017094017094017096;13,606507826184558;15,545699852038888;1,515527950310559;0,018633540372670808;26,353009116738487;27,28125816990895;33,01337186666667;38,18811011169144;43,87767042874729;127;0,968503937007874;11,880285009319916;15,0;7;1,0;13,577328808830584;15,0;41;0,975609756097561;13,12871035642042;15,0;22;0,9545454545454546;12,665317274558415;15,0;23;1,0;12,998092863964713;15,0;24;0,9166666666666666;13,66750343816559;18,53218343733597;0,4666743452299937;187,0722474770718;0,11721199940415675;0,28287853000157526;0,05059510765647054;0,03931110468080402;0,0;0,010540647428431362;0,0329867162237452;0,006324388457058817;0,13319258322790997;0,0;0,04153015086801957;0,11337605306619741;0,02529755382823527;0,22083303959112774;17,778410458595317;0,029513812799607814;0,1490193541596972;0,0;0,28575175382986323;203,90419120721683;0,029724625748176442;0,20238784014904904;0,0;0,31722832205586876;193,89776233839316;0,030778690491019577;0,1868014211192193;0,0;20260920;"{""passenger_counts"":[20260920,26,1,1],""city_assignment"":[20260920,26,1,2],""arrival_terminal_processing"":[20260920,26,1,3],""terminal_access"":[20260920,26,1,4],""departure_terminal_earliness"":[20260920,26,1,5]}";2.3.5;3;1;ef771fd732c94e9086368a2a5cbf3342b2773f44468d25f386e36ba6b50c39c3;15;0,95;2026-07-30T22:06:00.102386+02:00;2026-08-01T00:27:10.935206+02:00;"{""aircraft_spec"":""1d92a29ff955ec8194720f659c80edf216b314fc10254dcf237d7a6f523202b4"",""config"":""5c5af6f01170832b87fb1c795dbef1c9b58dd19289f990c8ae34d12b57a05964"",""flight_schedule"":""5871c8897f25c6a4b84d5aaf40fda1a067670fa574cb675c9adf829ad9c940f9"",""vertiport_network"":""8f37a94965fd8b2b9be9143f587c88446d15875ef5cba00cefde590914bba9b3""}";447c2ea3db3a1c3ac6982c2f510127b41a47bddb47d4abdf6cb52599f7f2915e;5284708a4e20708767a1693e58dbbc8d35c89c96da62d588b514064df48719f6
low;n6;6;;27;completed;245;245;0;242;0,9877551020408163;11,930753331826772;15,0;18,49143000633121;17,629250686202795;0,004311060724306132;162;90;8412,38047162498;8284,781892712908;0,2279498074276219;15;-7059,207683103137;89111,23668856279;4944;1,807620719773695e-11;0,37808641975308643;0,35714285714285715;0,3347850069189202;0,34262022586791563;34,3362468229591;8,884788184690311;62,38185182212585;0,25461980335561574;1,4481045343625738;4,426052730826601;32,33877926524197;41,490466896544895;45,582307633511576;1;126;0,0;8;2923,034566297559;10;2923,034566297562;62,381851822125796;8,884788184690235;0,0;0,0;86,48611376891323;0;0,0;0,0;0;0,0;17,266628398669823;0;0,0;8,036734705913235;3;0,0;0,0;3;8,884788184690235;0,0;0;0,0;0,0;0;0,0;0,0;0;0,0;0,0;1;0,0;30,518064266614722;0;0,0;6,560424450928015;3;0,0;0,0;0;0,0;0,0;0;0,0;0,0;0;0,0;0,0;3;0,0;0,0;0;0,0;0,0;0;0,0;0,0;0;0,0;0,0;109,6536003592306;10,504166666666666;0,8193124852127721;4,2;2,8;18,415327774999998;4,2;7,191666666666666;2,5;0,0;16,906657090000003;8,508670684999997;8;711,5246569345126;0,8699232462497064;2;105,0;0,08051891052328128;3;418,806366017963;0,33638670856674746;1;245,39335817835902;0,1530990273248593;3;219,95869570368498;0,14613054653939078;3;303,4914300063312;0,23760032751712665;0,6841203723804596;3;8,884788184690235;0,0;0,0;0,0;0;0,0;0;0,0;0;2,4914300063312114;1;0,0;0;0,0;0;0,0;0;0,4752087455003372;1;0,0;0;0,0;0;0,0;0;0,0;0;3,0;3;0,0;0;0,0;0;0,0;0;2,9181494328586877;2;0,0;0;119;126;3;0,01224489795918371;15,0;50;21,80550241215979;0,007936507936507936;0,5431936512625726;0,5431936512625726;1,5123456790123457;0,04938271604938271;26,714012325462754;27,091410866446008;32,125263465924704;37,29462719743816;42,6912879828283;119;1,0;11,717213607993896;15,0;9;1,0;14,339887787678459;15,0;49;1,0;11,00355756584564;15,0;16;0,875;15,337084886147439;17,461448173551283;19;1,0;12,327578593831245;15,0;33;0,9696969696969697;11,540469232411834;15,0;0,470270443212962;194,79409284647141;0,1187475016322645;0,25568566894825745;0,04367246119575402;0,06741999095012279;0,0;0,01351766656059053;0,059309391013768475;0,00623892302796486;0,13602692545795386;0,0;0,04096892788363591;0,11262468278601884;0,01247784605592972;0,21276249430023386;37,04383985340816;0,03223443564448511;0,16294142809632045;0,00623892302796486;0,22247232751235826;107,77196584105526;0,02620347671745241;0,16069257558426994;0,01247784605592972;0,3387871855263246;297,9481317981784;0,03036275873609565;0,2434908532650201;0,01247784605592972;20260920;"{""passenger_counts"":[20260920,27,1,1],""city_assignment"":[20260920,27,1,2],""arrival_terminal_processing"":[20260920,27,1,3],""terminal_access"":[20260920,27,1,4],""departure_terminal_earliness"":[20260920,27,1,5]}";2.3.5;3;1;57385c80989a96aead8887b8f0ae887e21aa662db3e74ed3731ec0ee3405c854;15;0,95;2026-07-30T22:02:20.792317+02:00;2026-08-01T00:45:11.236689+02:00;"{""aircraft_spec"":""1d92a29ff955ec8194720f659c80edf216b314fc10254dcf237d7a6f523202b4"",""config"":""5c5af6f01170832b87fb1c795dbef1c9b58dd19289f990c8ae34d12b57a05964"",""flight_schedule"":""5871c8897f25c6a4b84d5aaf40fda1a067670fa574cb675c9adf829ad9c940f9"",""vertiport_network"":""8f37a94965fd8b2b9be9143f587c88446d15875ef5cba00cefde590914bba9b3""}";447c2ea3db3a1c3ac6982c2f510127b41a47bddb47d4abdf6cb52599f7f2915e;5284708a4e20708767a1693e58dbbc8d35c89c96da62d588b514064df48719f6
low;n6;6;;28;completed;245;245;0;236;0,963265306122449;12,58504091917297;15,0;27,517833816235484;18,032680028038705;0,1355254474864559;171;94;9004,957406513864;8896,704270178629;0,2276490920755103;14;-9707,353395748023;89755,96444249201;5177;3,7971403799019754e-11;0,358187134502924;0,35471698113207545;0,3248070928792907;0,3351042766072449;36,75492818985251;36,381574173675226;55,92158167210458;0,22825135376369216;1,6249835212816834;6,464998241857999;32,75713189632154;41,470940504331864;58,03773480098353;4;127;0,7209088788740095;7;3083,3350251973775;11;3083,3350251973648;55,92158167210458;36,381574173675226;0,0;0,0;87,07261006285462;1;2,7951144682716405;0,0;0;0,0;32,27742126999286;0;0,0;1,7187663018441526;9;6,324033765821029;0,0;8;24,48068281857025;0,0;0;0,0;0,0;0;0,0;0,0;0;0,0;0,0;0;0,0;13,739136171172504;4;0,06083424213829858;8,186257929095063;9;0,0;0,0;0;0,0;0,0;0;0,0;0,0;0;0,0;0,0;8;2,0;0,0;0;0,0;0,0;0;0,0;0,0;1;0,7209088788740095;0,0;112,56259357400415;10,804166666666667;0,7237654371189466;4,416666666666667;2,9444444444444446;20,10302217500001;4,416666666666667;7,341666666666667;2,3333333333333313;0,12587076649939868;18,543587995000006;8,920545291111113;7;744,0093770778941;0,888778511921598;2;60,0;0,044878107585230434;3;374,8072033872453;0,27826919655025223;3;293,7329058660598;0,20428245997486866;3;317,18437916973767;0,22274994916407811;2;349,2119479295446;0,22102498803956436;0,6790197392594595;7;34,83247811027734;0,0;0,0;2,7951144682716405;1;0,0;0;0,0;0;11,244736465132762;3;0,0;0;0,0;0;0,0;0;0,0;0;3,6868203208136645;2;0,0;0;0,0;0;0,0;0;6,29637093613031;7;0,0;0;0,0;0;0,0;0;10,809435919928971;4;0,0;0;118;127;9;0,03673469387755102;15,0;38;22,007051946813124;0,031496062992125984;4,302932957694975;11,932832058093481;1,432748538011696;0,023391812865497075;27,62869939951112;27,522242887111762;31,29221986072413;37,62104451905188;43,51359964222315;118;0,9661016949152542;12,485997121335581;15,0;6;1,0;12,399237440912515;15,0;44;1,0;10,483930886768723;15,0;24;0,9166666666666666;14,110146698095772;18,6841791723468;26;0,9615384615384616;14,202210892409303;15,0;27;0,9259259259259259;13,570295454057032;19,685879879316374;0,47350876134370057;196,07595131707356;0,12084857273259736;0,24903646064557036;0,04222662275182263;0,041540019888411515;3,1;0,0070377704586371175;0,02722310571508669;0,0;0,11173231653345973;0,0;0,03961259372432892;0,08749727324799243;0,0060323746788318155;0,28140770915772667;132,6110875292903;0,03619424807299089;0,21130897508380228;0,018097124036495445;0,30586825361316994;214,28664556772995;0,030362952550120136;0,21774601799142165;0,012064749357663631;0,23017127360907555;138,93978406577574;0,03237374410973074;0,19738179726588254;0,0060323746788318155;20260920;"{""passenger_counts"":[20260920,28,1,1],""city_assignment"":[20260920,28,1,2],""arrival_terminal_processing"":[20260920,28,1,3],""terminal_access"":[20260920,28,1,4],""departure_terminal_earliness"":[20260920,28,1,5]}";2.3.5;3;1;052a8b5636d8463f1111057f4059c729b4cb4f75b76f2c6b46b59cff7baf4b3d;15;0,95;2026-07-30T21:18:12.646604+02:00;2026-08-01T00:55:55.964442+02:00;"{""aircraft_spec"":""1d92a29ff955ec8194720f659c80edf216b314fc10254dcf237d7a6f523202b4"",""config"":""5c5af6f01170832b87fb1c795dbef1c9b58dd19289f990c8ae34d12b57a05964"",""flight_schedule"":""5871c8897f25c6a4b84d5aaf40fda1a067670fa574cb675c9adf829ad9c940f9"",""vertiport_network"":""8f37a94965fd8b2b9be9143f587c88446d15875ef5cba00cefde590914bba9b3""}";447c2ea3db3a1c3ac6982c2f510127b41a47bddb47d4abdf6cb52599f7f2915e;5284708a4e20708767a1693e58dbbc8d35c89c96da62d588b514064df48719f6
low;n6;6;;29;completed;252;252;0;244;0,9682539682539683;12,585871653895909;15,0;28,443024483078382;18,114029032340344;0,08639458724122788;171;92;8745,94319519442;8598,942062173433;0,2279498074276207;14;-8925,660342645202;88142,72454524919;5156;1,3983481039758772e-11;0,3684210526315789;0,34980988593155893;0,3160009038600433;0,3278947044150894;34,70612379045405;34,29145918434268;54,59565936799769;0,2166494419364988;1,3385284320021913;5,932884242969886;32,66021381968398;41,99790699220537;52,53337979972869;4;126;0,0;9;3171,639656781769;10;3171,6396567817824;54,59565936799769;34,29145918434254;0,0;0,0;85,29229729907665;1;0,0;0,0;0;0,0;26,0822724181322;0;0,0;0,0;7;25,365311612315296;0,0;4;6,895540933555276;0,0;5;1,0306066384719694;0,0;0;0,0;0,0;1;0,0;0,0;1;0,0;22,108442570700966;0;0,0;6,4049443791645295;8;0,0;0,0;1;0,0;0,0;0;0,0;0,0;0;0,0;0,0;4;1,0;0,0;0;0,0;0,0;0;0,0;0,0;0;0,0;0,0;109,56715120038292;10,95;0,7085820072186435;4,383333333333334;2,922222222222222;19,062686050000025;4,383333333333331;7,47;2,3333333333333335;0,0;18,035853425000017;8,332388180555562;9;694,8095181818529;0,9446895822924765;1;137,34210794621424;0,08489403101009614;3;380,1133465051387;0,28891209522250166;3;305,05739296989356;0,22719917696320205;3;363,1429401250592;0,2559971922974786;3;219,81357165454938;0,15876476536337472;0,6772574901308404;4;8,926147572027245;0,0;0,0;0,9511290475900144;1;0,0;0;0,0;0;0,30511317110140224;1;3,525228400135893;1;0,0;0;0,0;0;0,39097889862423474;1;0,0;0;0,0;0;0,0;0;0,0;0;3,1655799495729298;4;0,0;0;0,0;0;0,0;0;0,5881181050027711;1;0,0;0;126;126;8;0,031746031746031744;15,0;45;21,79831550012895;0,031746031746031744;2,721429498098678;6,393024483078382;1,4736842105263157;0,017543859649122806;26,963440246637333;27,460277788117892;33,18000356666671;37,86014985125007;43,261031424696334;126;0,9841269841269841;12,1295624303638;15,0;9;0,8888888888888888;15,260234216246028;16,40526476772855;36;0,9722222222222222;12,983440026771198;15,0;28;0,9285714285714286;13,12729592599817;17,419270122284683;32;0,96875;12,942309370912481;15,0;21;0,9523809523809523;12,23098361184786;15,0;0,4980216171116942;180,55711470193782;0,12589062869556392;0,27534369526622965;0,030906046324606522;0,04135425666333544;5,5517653401785845;0,012362418529842609;0,033936805545429875;0,0;0,18522229348006863;0,0;0,046359069486909786;0,11677624891062169;0,03708725558952783;0,1271846172383333;6,996726109754915;0,02719732076565374;0,10516405923205113;0,0061812092649213045;0,2198523876846215;94,71127929470033;0,03317248972174426;0,1753808120424197;0,012362418529842609;0,25813644218265885;73,50120452598587;0,02596107891266948;0,2075633544345924;0,0;20260920;"{""passenger_counts"":[20260920,29,1,1],""city_assignment"":[20260920,29,1,2],""arrival_terminal_processing"":[20260920,29,1,3],""terminal_access"":[20260920,29,1,4],""departure_terminal_earliness"":[20260920,29,1,5]}";2.3.5;3;1;891d89bcac27601eee4fe28ce58f1f3bf996d65ae6b5b6922fb2d01cb4cdcd4e;15;0,95;2026-07-30T21:31:14.339657+02:00;2026-08-01T00:29:02.724545+02:00;"{""aircraft_spec"":""1d92a29ff955ec8194720f659c80edf216b314fc10254dcf237d7a6f523202b4"",""config"":""5c5af6f01170832b87fb1c795dbef1c9b58dd19289f990c8ae34d12b57a05964"",""flight_schedule"":""5871c8897f25c6a4b84d5aaf40fda1a067670fa574cb675c9adf829ad9c940f9"",""vertiport_network"":""8f37a94965fd8b2b9be9143f587c88446d15875ef5cba00cefde590914bba9b3""}";447c2ea3db3a1c3ac6982c2f510127b41a47bddb47d4abdf6cb52599f7f2915e;5284708a4e20708767a1693e58dbbc8d35c89c96da62d588b514064df48719f6
low;n6;6;;30;completed;264;264;0;260;0,9848484848484849;12,378469795017729;15,0;18,27865594007987;18,043789282946772;0,007990389965174935;176;98;9242,104280513859;9034,317150680945;0,2279498074276218;15;-10091,472810020517;88393,25682550242;5381;-2,114575181622058e-11;0,375;0,35766423357664234;0,32936412584148594;0,3391795087712944;35,007970759522195;8,645500239215805;56,144344813267885;0,21266797277752988;1,7185745476837837;5,537019484407089;32,92012568814457;42,294924231789345;46,67155755600522;1;136;1,5158245029548804e-14;8;3267,9160258846805;8;3267,9160258846728;56,14434481326783;8,645500239215774;0,0;0,0;92,13693586714938;1;0,0;0,0;0;0,0;39,48923993853811;0;0,0;0,0;4;0,0;0,0;4;8,645500239215774;0,0;1;0,0;0,0;0;0,0;0,0;0;0,0;0,0;1;0,0;15,16218492145625;1;0,0;1,4929199532734552;4;0,0;0,0;0;0,0;0,0;0;0,0;0,0;0;0,0;0,0;4;0,0;0,0;0;0,0;0,0;0;0,0;0,0;0;0,0;1,5158245029548804e-14;108,87248564387964;11,366666666666669;0,8359781926473396;4,55;3,0444444444444434;20,466315775000027;4,566666666666666;7,773333333333333;2,6653253365672773;0,0;18,829729723888903;9,247697162222233;8;719,6801234881666;0,9564499414369576;1;45,0;0,027415417699701173;3;428,86293233642266;0,3488884885455077;4;311,86550043775355;0,24231938305946538;3;257,7765762420551;0,20225645999034314;3;300,1540504525707;0,21358770609415786;0,66328548220704;4;8,645500239215774;0,0;0,0;1,0898185756302459;1;0,0;0;0,0;0;1,324910406746494;1;1,284962614672986;1;0,0;0;0,0;0;0,6867576664248797;1;0,9537455333333734;1;0,0;0;0,0;0;0,0;0;3,305305442407795;4;0,0;0;0,0;0;0,0;0;0,0;0;0,0;0;128;136;4;0,015151515151515138;15,0;35;21,75;0,007352941176470588;1,0866930352637914;1,0866930352637914;1,5;0,05113636363636364;27,356869343200813;27,3924709935968;31,635943689022287;38,122624224189536;42,89293759827255;128;0,984375;12,265066913063869;15,0;3;1,0;15,0;15,0;49;1,0;11,68713893447298;15,0;31;1,0;12,830515551644174;15,0;24;0,9583333333333334;13,832758874435353;15,0;29;0,9655172413793104;12,089153728824524;15,0;0,45817691948622447;98,14366857486559;0,1281416931000847;0,28397404288768185;0,03655389026626823;0,062029847734132386;0,0;0,009138472566567057;0,05142729062350612;0,006092315044378039;0,1286915456401779;0,0;0,04305235964693814;0,09957407978493987;0,018227914299870196;0,19274402606158392;23,47694161017051;0,03249234690334954;0,13061681145658532;0,012184630088756077;0,32981558899101815;255,46383401517232;0,03269542407149547;0,22231458765574166;0,018276945133134114;0,27032709679719846;117,02953048513682;0,03269542407149547;0,2285527436102266;0,006092315044378039;20260920;"{""passenger_counts"":[20260920,30,1,1],""city_assignment"":[20260920,30,1,2],""arrival_terminal_processing"":[20260920,30,1,3],""terminal_access"":[20260920,30,1,4],""departure_terminal_earliness"":[20260920,30,1,5]}";2.3.5;3;1;81ea91cc47cc9acf4a0fe63cb8c913282b3a38d65b4b3217d95589de54776885;15;0,95;2026-07-30T21:11:48.527190+02:00;2026-08-01T00:33:13.256826+02:00;"{""aircraft_spec"":""1d92a29ff955ec8194720f659c80edf216b314fc10254dcf237d7a6f523202b4"",""config"":""5c5af6f01170832b87fb1c795dbef1c9b58dd19289f990c8ae34d12b57a05964"",""flight_schedule"":""5871c8897f25c6a4b84d5aaf40fda1a067670fa574cb675c9adf829ad9c940f9"",""vertiport_network"":""8f37a94965fd8b2b9be9143f587c88446d15875ef5cba00cefde590914bba9b3""}";447c2ea3db3a1c3ac6982c2f510127b41a47bddb47d4abdf6cb52599f7f2915e;5284708a4e20708767a1693e58dbbc8d35c89c96da62d588b514064df48719f6
low;n6;6;;31;completed;268;268;0;254;0,9477611940298507;12,62205728675944;15,092332997102933;27,622752174670556;18,22561486074032;0,19200756789174028;178;101;9266,19224999997;9120,610764836512;0,2279498074276203;15;-12838,521393902065;89211,66352691912;5467;-9,094947017729282e-13;0,37640449438202245;0,36200716845878134;0,3268572764854734;0,3392385794790136;34,5753442164178;70,40491554408395;60,25342982687471;0,22482623069729368;1,3962971070655463;6,02731765493827;33,12575168699087;42,028955983738854;56,04937753202418;6;142;0,0;8;3382,71135285153;9;3382,711352851514;60,25342982687471;70,40491554408393;0,0;0,0;89,65284124887413;2;0,0;0,0;0;0,0;28,431639582948478;0;0,0;0,0;11;11,1987387538451;0,0;11;46,372462637990246;0,0;3;8,369305001919686;0,0;0;0,0;0,0;0;0,0;0,0;0;0,0;27,197782864339207;0;0,0;4,624007379587026;14;0,0;0,0;1;0,0;0,0;0;0,0;0,0;0;0,0;0,0;11;4,464409150328902;0,0;0;0,0;0,0;0;0,0;0,0;0;0,0;0,0;114,76298271896486;11,516666666666667;0,856592149070085;4,65;3,1;20,16740000000001;4,65;7,88;2,5;0,0;18,79239466944445;9,12500533055556;8;713,3775547365648;0,9012746267341089;2;121,38565425987181;0,07434510326795228;3;484,33217498465;0,3761702548646974;3;291,12614418406105;0,20573431048994778;2;282,644168451998;0,18672197937858145;2;362,1891716230626;0,24460539984586774;0,6747443886045319;11;60,940904828172094;0,0;0,0;4,246114254514638;2;0,0;0;0,0;0;20,894353744006366;3;0,5015843346408171;1;0,0;0;0,0;0;0,0;0;0,0;0;0,0;0;0,0;0;0,0;0;10,142050764773739;11;0,0;0;0,0;0;0,0;0;25,156801730236534;6;0,0;0;126;142;14;0,052238805970149294;15,0;47;22,225293426309594;0,04225352112676056;4,544179106771187;9,719453368878264;1,5056179775280898;0,03932584269662921;28,347273589116995;27,599992493314975;33,01337186666667;38,02889012644975;42,698559807643484;126;0,9841269841269841;12,166037344267181;15,0;9;0,8888888888888888;14,049873215651994;15,831392555923083;55;0,9272727272727272;11,632801233531758;16,21676930018675;27;0,9629629629629629;12,960015080281984;15,0;23;0,8695652173913043;13,807980090120287;19,388619071655913;28;0,8928571428571429;14,858348980298933;25,328694886491927;0,5123404349827433;163,43635811226522;0,12170482600924677;0,2731056807638325;0,04115622135578393;0,06786307471005305;0,0;0,01136695637445461;0,050314279070057366;0,0;0,11621825289219977;0,0;0,0435080054332573;0,09030278828698735;0,005879460193683419;0,1857246952065121;29,78446677683981;0,033708905110451604;0,13731538820411432;0,017638380581050255;0,24773296275875725;150,35004518970453;0,02959328297487321;0,20374702317919566;0,011758920387366837;0,2368037305586356;93,9492448313431;0,033512923103995486;0,19003162480128516;0,011758920387366837;20260920;"{""passenger_counts"":[20260920,31,1,1],""city_assignment"":[20260920,31,1,2],""arrival_terminal_processing"":[20260920,31,1,3],""terminal_access"":[20260920,31,1,4],""departure_terminal_earliness"":[20260920,31,1,5]}";2.3.5;3;1;900e75b995e2120080442d34930fd05d496867e00ce80b4b27857e92da62b87d;15;0,95;2026-07-30T20:26:01.478606+02:00;2026-08-01T00:46:51.663527+02:00;"{""aircraft_spec"":""1d92a29ff955ec8194720f659c80edf216b314fc10254dcf237d7a6f523202b4"",""config"":""5c5af6f01170832b87fb1c795dbef1c9b58dd19289f990c8ae34d12b57a05964"",""flight_schedule"":""5871c8897f25c6a4b84d5aaf40fda1a067670fa574cb675c9adf829ad9c940f9"",""vertiport_network"":""8f37a94965fd8b2b9be9143f587c88446d15875ef5cba00cefde590914bba9b3""}";447c2ea3db3a1c3ac6982c2f510127b41a47bddb47d4abdf6cb52599f7f2915e;5284708a4e20708767a1693e58dbbc8d35c89c96da62d588b514064df48719f6
low;n6;6;;32;completed;225;225;0;221;0,9822222222222222;12,213312352056102;15,0;23,822047626306205;17,923061282952624;0,07591148467603809;151;78;7620,919564838874;7498,193251522872;0,2268648856318468;13;-7029,238539403723;89138,61708493608;4544;1,7394086171407253e-11;0,37251655629139074;0,3406113537117904;0,307118774112617;0,31889256079357536;33,870753621506104;17,649327864811145;73,44350945171773;0,3264155975631899;1,7103714840350808;6,02731765493833;32,95981303115158;42,49030095456125;52,68414114513216;2;121;0,0;8;2747,995279212623;9;2747,9952792126064;73,44350945171773;17,64932786481113;0,0;0,0;81,65877996516339;2;0,0;0,0;0;0,0;38,37760757936303;0;0,0;0,0;4;0,5479111596395039;0,0;4;16,101416705171626;0,0;1;0,0;0,0;0;0,0;0,0;0;0,0;0,0;0;0,0;27,335660387128943;0;0,0;7,730241485225755;4;0,0;0,0;0;0,0;0,0;0;0,0;0,0;0;0,0;0,0;4;1,0;0,0;0;0,0;0,0;0;0,0;0,0;0;0,0;0,0;114,02787548457479;9,720833333333333;0,9204421148803825;3,816666666666667;2,5444444444444443;16,624497330000008;3,816666666666667;6,641666666666667;2,1666666666666665;0,0;15,926296554444454;7,0593118866666655;8;620,7408819879153;0,790469773609692;1;75,0;0,046793182303849386;3;405,0;0,31143487682231913;3;282,32857496126803;0,21692954826158456;3;214,08964966214396;0,15148561623111473;3;243,53636103542564;0,19738625704229024;0,7114302887027127;4;17,64932786481113;0,0;0,0;2,462089023432539;1;0,0;0;0,0;0;0,2627166273108742;1;2,823296949932774;1;0,0;0;0,0;0;0,0;0;0,0;0;0,0;0;0,0;0;0,0;0;3,914333626428197;4;0,0;0;0,0;0;0,0;0;8,186891637706745;2;0,0;0;104;121;4;0,01777777777777778;15,0;50;21,75;0,01652892561983471;4,592644822900304;6,1183223287183255;1,490066225165563;0,039735099337748346;26,71329322898328;27,475579622968556;32,79881673772097;37,67353430760642;43,23522805834382;104;0,9807692307692307;12,182337029471382;15,0;5;1,0;15,0;15,0;41;1,0;12,174806614078388;15,0;28;1,0;12,417648498734117;15,0;20;0,95;12,14003905906499;15,204482483107201;27;0,9629629629629629;11,71741547498259;15,0;0,4669199957808391;6,148900339363657;0,10731236475016126;0,23633471123801988;0,01247818194769317;0,08447158532290705;0,0;0,009358636460769877;0,05199364703325135;0,006239090973846585;0,1849788545390931;0,0;0,0395142428343617;0,12998812089943962;0,006239090973846585;0,2338908738689329;0,6242010062351862;0,027452000284924963;0,13065349619192573;0,018717272921539754;0,282816395196186;143,77446760547028;0,027244030585796754;0,2194511867180539;0,02495636389538634;0,19787554273134547;19,769194511787767;0,027244030585796754;0,15735096559175718;0,01247818194769317;20260920;"{""passenger_counts"":[20260920,32,1,1],""city_assignment"":[20260920,32,1,2],""arrival_terminal_processing"":[20260920,32,1,3],""terminal_access"":[20260920,32,1,4],""departure_terminal_earliness"":[20260920,32,1,5]}";2.3.5;3;1;b097c6eee53f8fdf7e738e893ceb5434b73187e691b54bfb133c2ad13e6c8f61;15;0,95;2026-07-30T22:02:50.761461+02:00;2026-08-01T00:45:38.617085+02:00;"{""aircraft_spec"":""1d92a29ff955ec8194720f659c80edf216b314fc10254dcf237d7a6f523202b4"",""config"":""5c5af6f01170832b87fb1c795dbef1c9b58dd19289f990c8ae34d12b57a05964"",""flight_schedule"":""5871c8897f25c6a4b84d5aaf40fda1a067670fa574cb675c9adf829ad9c940f9"",""vertiport_network"":""8f37a94965fd8b2b9be9143f587c88446d15875ef5cba00cefde590914bba9b3""}";447c2ea3db3a1c3ac6982c2f510127b41a47bddb47d4abdf6cb52599f7f2915e;5284708a4e20708767a1693e58dbbc8d35c89c96da62d588b514064df48719f6
low;n6;6;;33;completed;236;236;0;224;0,9491525423728814;12,666062989399093;15,216765728518537;44,52700134306506;18,169532261323294;0,2893544616306858;161;79;7999,189602333318;7870,9770098932295;0,23707805107198773;13;-8589,22064050048;88858,37259263512;4742;1,3869794202037156e-11;0,36645962732919257;0,32916666666666666;0,2955187973343935;0,3073291340585869;33,89487119632762;78,76236356336727;40,81874817411214;0,1729607973479328;1,3108028268390626;4,8785624310325755;32,5128332144044;41,90477599688893;68,2446874733283;4;116;0,0;7;2989,190865498186;9;2989,190865498214;40,81874817411214;78,76236356336727;0,0421193491511076;0,0;85,8579672317709;1;0,0;0,0;0;0,0;12,003156899166;0;0,0;0,0;12;42,90890562579965;0,0;7;19,50739811183036;0,0;5;13,303940476586165;0,0;0;0,0;0,0;1;0,0421193491511076;0,0;1;0,0;26,371580376546564;3;0,0;2,4440108983995743;12;0,0;0,0;3;0,0421193491511076;0,0;0;0,0;0,0;0;0,0;0,0;7;3,0;0,0;0;0,0;0,0;0;0,0;0,0;0;0,0;0,0;114,27991236416696;10,283333333333333;0,5262797577259638;4,0;2,6666666666666665;17,479796600000014;4,0;7,01;2,1666666666666665;0,0;17,01072948222223;7,135733784444452;7;691,012606406856;0,914893207939123;1;59,65391110696594;0,036729841627334225;4;368,3048512907547;0,29911624551613836;3;317,0375688365427;0,2415870951948078;3;240,0;0,16534014703550529;2;270,0;0,1828248076175619;0,7036392089690385;7;55,4388157133897;0,0;0,0;0,0;0;0,0;0;0,0;0;13,286853627843811;4;9,053689546520278;1;0,0;0;0,0;0;0,2414823531495737;1;0,0;0;0,0;0;0,0;0;0,0;0;6,745151277960516;7;0,0;0;0,0;0;0,0;0;26,111638907915523;2;0,0;0;120;116;12;0,05084745762711862;15,0;35;22,18635910665392;0,034482758620689655;8,391279387289886;22,729363050183746;1,4658385093167703;0,031055900621118012;27,06877589809322;27,17289155156138;32,866118106713;38,03691079665581;43,005848576382895;120;0,95;12,38251960819586;15,043353145703705;3;0,3333333333333333;19,884637035655317;26,421379250127877;42;0,9523809523809523;11,56672945336483;15,0;28;0,9285714285714286;14,013143442213357;17,45673212008024;22;1,0;12,206060146532385;15,0;21;1,0;14,139553560033683;15,0;0,5201812051186897;255,9867259311922;0,1120602329692717;0,2887291341520227;0,04310008960356604;0,05851686171043195;0,0;0,010261926096087151;0,04741829027660678;0,0;0,13842144303865792;0,0;0,04043198881858338;0,10037280056747255;0,012314311315304582;0,17988029625040933;13,0493980073444;0,03345387907324412;0,1513830161018887;0,006157155657652291;0,17014184545919434;14,799866144929487;0,024218145586765678;0,11707473725703413;0,018471466972956874;0,30805389640262937;260,6360493535747;0,025860053762139623;0,20311355886032173;0,0;20260920;"{""passenger_counts"":[20260920,33,1,1],""city_assignment"":[20260920,33,1,2],""arrival_terminal_processing"":[20260920,33,1,3],""terminal_access"":[20260920,33,1,4],""departure_terminal_earliness"":[20260920,33,1,5]}";2.3.5;3;1;0c39d92ed49bb4a6afcfdbd2fd76ac64d1eea5d350523c2f7717b2c2004f6420;15;0,95;2026-07-30T21:36:50.779359+02:00;2026-08-01T00:40:58.372593+02:00;"{""aircraft_spec"":""1d92a29ff955ec8194720f659c80edf216b314fc10254dcf237d7a6f523202b4"",""config"":""5c5af6f01170832b87fb1c795dbef1c9b58dd19289f990c8ae34d12b57a05964"",""flight_schedule"":""5871c8897f25c6a4b84d5aaf40fda1a067670fa574cb675c9adf829ad9c940f9"",""vertiport_network"":""8f37a94965fd8b2b9be9143f587c88446d15875ef5cba00cefde590914bba9b3""}";447c2ea3db3a1c3ac6982c2f510127b41a47bddb47d4abdf6cb52599f7f2915e;5284708a4e20708767a1693e58dbbc8d35c89c96da62d588b514064df48719f6
low;n6;6;;34;completed;247;247;0;237;0,9595141700404858;12,229100912872926;15,0;32,62896043953891;17,94892812646929;0,1382488340317039;163;96;8620,466630480532;8358,66906283313;0,23316807545578946;14;-10174,556633789152;87506,59773303063;5078;2,5920599000528455e-11;0,37883435582822084;0,37065637065637064;0,34559691617647587;0,3544049720702906;34,90067461733009;52,545027317863166;85,54732175830141;0,34634543221984376;1,8689992121052381;5,979872629390836;32,67515997842818;42,67186905703612;58,38474613129268;4;129;0,0;10;3020,587925479613;12;3020,5879254796037;85,54732175830141;52,54502731786315;0,0;0,0;82,47809646002055;1;0,0;0,0;0;0,0;47,9192062848518;0;0,0;0,0;9;15,5297396804736;0,0;8;22,493186311818953;0,0;2;10,3851768130998;0,0;0;0,0;0,0;0;0,0;0,0;0;0,0;22,778625133759792;0;0,0;14,849490339689813;10;0,0;0,0;1;0,0;0,0;0;0,0;0,0;0;0,0;0,0;8;4,136924512470796;0,0;0;0,0;0,0;0;0,0;0,0;0;0,0;0,0;111,25157822943125;10,579166666666667;1,073898209157187;4,316666666666666;2,8777777777777778;18,807836395000017;4,316666666666666;7,245;2,3333333333333335;0,0;17,01597276777779;8,986308071666668;10;664,4366539481705;0,8487930340611556;1;61,558534492835555;0,03781192076928138;3;424,2529194421034;0,3488111877859119;2;279,30155628534135;0,19269876817375184;3;362,67918550735243;0,2663292831915786;2;255,78511435463852;0,16093186810075807;0,6833554268512271;8;50,46290658089647;0,0;0,0;0,022563231011493674;1;0,0;0;0,0;0;26,397904404339837;6;1,9255443577014375;1;0,0;0;0,0;0;0,0;0;0,0;0;0,0;0;0,0;0;0,0;0;7,785114354638518;8;0,0;0;0,0;0;0,0;0;14,331780233205185;2;0,0;0;118;129;10;0,04048582995951422;15,0;60;22,200502650063754;0,031007751937984496;4,458524897522451;12,928960439538908;1,5153374233128833;0,03067484662576687;27,133653990783273;26,86709634556917;32,110778820908514;37,987962371275955;43,691750515580615;118;0,9745762711864406;11,71060499796738;15,0;4;0,75;15,38963362320889;16,324754318910223;47;0,9574468085106383;12,08236860957072;15,0;23;0,9565217391304348;13,639882695852373;15,0;35;0,9428571428571428;12,388262773257646;15,306768969303445;20;0,95;13,100008875409026;15,039255717731926;0,49957292543791815;136,77284892720255;0,12100594097826309;0,2694496021977452;0,036854601313176576;0,06503295266268297;0,0;0,011875371534245784;0,04911409620118874;0,006142433552196095;0,18777198325063862;0,0;0,044430269360885094;0,12912369747779326;0,02456973420878438;0,17781797455527432;32,9908173426668;0,029688428835614462;0,11713606690078901;0,006142433552196095;0,21444892383942876;26,749860903602773;0,032350150041566106;0,13968864325286795;0,0;0,1892855593420938;14,488204803674428;0,0257982209192236;0,14731367314822347;0,01228486710439219;20260920;"{""passenger_counts"":[20260920,34,1,1],""city_assignment"":[20260920,34,1,2],""arrival_terminal_processing"":[20260920,34,1,3],""terminal_access"":[20260920,34,1,4],""departure_terminal_earliness"":[20260920,34,1,5]}";2.3.5;3;1;c739576a9134c2d7cf7578389d2a3c6ae483c61adec7ea76bbd2337ae5078034;15;0,95;2026-07-30T21:10:25.443366+02:00;2026-08-01T00:18:26.597733+02:00;"{""aircraft_spec"":""1d92a29ff955ec8194720f659c80edf216b314fc10254dcf237d7a6f523202b4"",""config"":""5c5af6f01170832b87fb1c795dbef1c9b58dd19289f990c8ae34d12b57a05964"",""flight_schedule"":""5871c8897f25c6a4b84d5aaf40fda1a067670fa574cb675c9adf829ad9c940f9"",""vertiport_network"":""8f37a94965fd8b2b9be9143f587c88446d15875ef5cba00cefde590914bba9b3""}";447c2ea3db3a1c3ac6982c2f510127b41a47bddb47d4abdf6cb52599f7f2915e;5284708a4e20708767a1693e58dbbc8d35c89c96da62d588b514064df48719f6
low;n6;6;;35;completed;240;240;0;227;0,9458333333333333;12,328831032875112;15,286279786458277;21,178927575252963;17,84093148735841;0,001253345330690272;164;85;8236,539851283316;8127,158418190314;0,2276490920755093;13;-10981,213012118382;89074,09435315477;4950;3,83124643121846e-11;0,36585365853658536;0,3413654618473896;0,3093241845357552;0,3206561129947523;34,318916047013815;38,14686803653312;57,90410907599168;0,24126712114996532;1,2560711829208446;4,614275989727806;33,15927671502885;43,56540039137301;46,82546870617443;1;139;0,0;7;2958,9194478900267;10;2958,9194478900163;57,90410907599168;38,146868036533064;0,0;0,0;95,36568311186645;0;0,0;0,0;0;0,0;40,605481618217105;0;0,0;0,0;11;9,211051218986904;0,0;12;26,875904869973297;0,0;1;0,0;0,0;0;0,0;0,0;1;0,0;0,0;1;0,0;14,406467253336148;1;0,059911947572860905;2,89216020443843;13;0,0;0,0;2;0,0;0,0;0;0,0;0,0;0;0,0;0,0;12;2,0;0,0;0;0,0;0,0;0;0,0;0,0;0;0,0;0,0;117,27292702185586;10,466666666666667;0,7410994748964741;4,15;2,7666666666666675;17,844036130000003;4,15;7,133333333333334;2,1666666666666665;0,06744964870332802;17,10161859555556;7,659084201111113;7;633,7711143359222;0,7632046309481493;1;90,0;0,05397015053170696;3;418,00629091415607;0,29300437251290734;3;320,0354086303739;0,22024741408659135;3;300,0;0,21818327378714042;3;287,60993901123817;0,22576046939817127;0,7032486138514938;12;32,4810237769682;0,0;0,0;0,0;0;0,0;0;0,0;0;13,281511827629037;6;1,7830455666429164;1;0,0;0;0,0;0;1,1023984111177925;1;0,059911947572860905;1;0,0;0;0,0;0;0,0;0;10,758060846812198;12;0,0;0;0,0;0;0,0;0;5,4960951771933955;3;0,0;0;101;139;13;0,054166666666666696;15,0;41;22,899305512113177;0,007194244604316547;0,1742150009659478;0,1742150009659478;1,4634146341463414;0,018292682926829267;27,7931409347981;27,180116550173665;33,18000356666671;37,50384633121859;44,403575972095936;101;0,9405940594059405;12,60110130893019;15,275974160130742;6;1,0;15,0;15,0;44;0,9772727272727273;11,104788845131795;15,0;27;0,8148148148148148;13,603038711629932;19,74824718784176;30;1,0;12,127996955963267;15,0;32;0,96875;11,764861019042902;15,0;0,5089767921949357;180,100933611402;0,11113853220603362;0,3086826865463397;0,047973467139295074;0,08909772593217485;0,0;0,011993366784823769;0,0759094503323481;0,005996683392411884;0,1687737445257144;0,0;0,042976230978951833;0,12657692279334726;0,011993366784823769;0,16134749695055584;27,91030125143317;0,029383748622818232;0,13818530734736495;0,0;0,1748600496778172;59,98340873366081;0,02618551748019856;0,13970181542527507;0,011993366784823769;0,26477057606756327;179,0886073330056;0,02718496471226721;0,1826349460381329;0,0;20260920;"{""passenger_counts"":[20260920,35,1,1],""city_assignment"":[20260920,35,1,2],""arrival_terminal_processing"":[20260920,35,1,3],""terminal_access"":[20260920,35,1,4],""departure_terminal_earliness"":[20260920,35,1,5]}";2.3.5;3;1;a3af5ca1ea177f50f0e443c944de711b6c9ece57f880bebae963da93ebd7f351;15;0,95;2026-07-30T20:56:58.786988+02:00;2026-08-01T00:44:34.094353+02:00;"{""aircraft_spec"":""1d92a29ff955ec8194720f659c80edf216b314fc10254dcf237d7a6f523202b4"",""config"":""5c5af6f01170832b87fb1c795dbef1c9b58dd19289f990c8ae34d12b57a05964"",""flight_schedule"":""5871c8897f25c6a4b84d5aaf40fda1a067670fa574cb675c9adf829ad9c940f9"",""vertiport_network"":""8f37a94965fd8b2b9be9143f587c88446d15875ef5cba00cefde590914bba9b3""}";447c2ea3db3a1c3ac6982c2f510127b41a47bddb47d4abdf6cb52599f7f2915e;5284708a4e20708767a1693e58dbbc8d35c89c96da62d588b514064df48719f6
low;n6;6;;36;completed;254;254;0;245;0,9645669291338582;12,846527732008996;15,0;36,30043387069515;18,554873174327057;0,24608052920680795;171;101;9095,643932294417;8869,135918186845;0,22583490844874782;15;-9551,917805865494;89115,48288825982;5309;1,978150976356119e-11;0,3713450292397661;0,3713235294117647;0,3467306351731936;0,35533432124790204;35,80962178068668;67,65276990299401;85,41974234878741;0,3362981982235725;1,9487294796714802;5,795627159015324;33,23860087564811;41,74408237748479;59,64785296148172;3;130;0,0;10;3263,018043930285;14;3263,0180439302735;85,41974234878741;67,65276990299402;0,0;0,0;86,52899769367396;3;0,0;0,0;0;0,0;48,98521518134564;0;0,0;0,5798006071955266;9;37,700292939785264;0,0;6;13,434120993929174;0,0;3;12,597297174075964;0,0;0;0,0;0,0;0;0,0;0,0;1;0,0;27,43166458226721;3;1,9322260904330808;8,423061977979039;9;0,0;0,0;3;0,0;0,0;0;0,0;0,0;0;0,0;0,0;6;1,9888327047705388;0,0;0;0,0;0,0;0;0,0;0,0;0;0,0;0,0;110,33243446879611;10,991666666666667;1,0370358265745547;4,533333333333333;3,022222222222222;19,94948599000001;4,533333333333333;7,506666666666667;2,5;0,03948931594861076;17,968201020000006;9,536840525555558;10;690,1183262866587;0,9403853864565991;1;91,26096342146666;0,05549611894877881;4;391,9151926460093;0,3122882813037331;3;270,0;0,19376426028843616;3;327,68118434339726;0,24548688936309693;2;351,30043387069514;0,23683203127098368;0,6709354884750623;6;24,596188275430297;0,0;0,0;0,0;0;0,0;0;0,0;0;11,067010001191738;2;0,0;0;0,0;0;0,0;0;0,26096342146665846;1;4,363273981334714;3;0,0;0;0,0;0;0,0;0;6,0;6;0,0;0;0,0;0;0,0;0;2,9049408714371867;1;0,0;0;124;130;9;0,03543307086614178;15,0;61;22,818668094649226;0,023076923076923078;10,663489598961679;14,250433870695149;1,4853801169590644;0,023391812865497075;27,407611303923698;27,934133205418135;33,66421257979048;38,298246961098236;43,725525789057;124;0,967741935483871;12,471153458657682;15,0;6;0,8333333333333334;15,210160570244444;15,945722566099995;41;0,9512195121951219;12,525476822550877;15,0;25;1,0;12,745477273386618;15,0;30;0,9666666666666667;13,456418487746163;15,0;28;0,9642857142857143;13,909286265843907;15,0;0,4822552559330079;153,56456840055563;0,12587744191724198;0,274600138830602;0,04864828673130125;0,09139261577090764;0,0;0,014189083629962863;0,07933793276858239;0,0;0,11549541589683088;0,0;0,04256725088988859;0,09346088191845207;0,012162071682825312;0,16650649557045502;13,093628103500912;0,02898627084406699;0,1311526264898837;0,006081035841412656;0,2500044262465442;74,47396643398194;0,03243219115420083;0,1574579286325133;0,006081035841412656;0,3125624324452046;201,67825431792045;0,03162138637534581;0,1998871406705399;0,018243107524237967;20260920;"{""passenger_counts"":[20260920,36,1,1],""city_assignment"":[20260920,36,1,2],""arrival_terminal_processing"":[20260920,36,1,3],""terminal_access"":[20260920,36,1,4],""departure_terminal_earliness"":[20260920,36,1,5]}";2.3.5;3;1;ad345ab5b8053555e82911aca56ff6390e20434a84b354b54e78052b8acf73a0;15;0,95;2026-07-30T21:20:48.082194+02:00;2026-08-01T00:45:15.482888+02:00;"{""aircraft_spec"":""1d92a29ff955ec8194720f659c80edf216b314fc10254dcf237d7a6f523202b4"",""config"":""5c5af6f01170832b87fb1c795dbef1c9b58dd19289f990c8ae34d12b57a05964"",""flight_schedule"":""5871c8897f25c6a4b84d5aaf40fda1a067670fa574cb675c9adf829ad9c940f9"",""vertiport_network"":""8f37a94965fd8b2b9be9143f587c88446d15875ef5cba00cefde590914bba9b3""}";447c2ea3db3a1c3ac6982c2f510127b41a47bddb47d4abdf6cb52599f7f2915e;5284708a4e20708767a1693e58dbbc8d35c89c96da62d588b514064df48719f6
low;n6;6;;37;completed;233;233;0;220;0,944206008583691;13,239050482513704;15,234984303516732;21,638813987878407;18,570492507106735;0,01251254119113859;167;103;9108,267147324976;8922,379746679275;0,2279498074276184;13;-6077,88131778121;89010,74195564029;5176;7,275957614183426e-12;0,34880239520958084;0,3814814814814815;0,3463293216954037;0,35851976441237;39,09127531040762;37,606095145844996;44,47599173017637;0,19088408467886853;1,05639621712539;4,528541940418533;32,957216265876355;42,044997567917186;47,666967232402506;2;114;0,0;7;3084,698762425693;9;3084,698762425683;44,47599173017637;37,60609514584491;0,0;0,0;79,92717444679815;0;0,0;0,0;0;0,0;31,044056754708798;0;0,0;1,0505233806021959;11;11,40988182470913;0,0;11;24,9063673296799;0,0;2;0,0;0,0;0;0,0;0,0;1;0,0;0,0;3;0,0;9,155218863992074;4;0,0;3,2261927308732994;13;0,0;0,0;1;0,0;0,0;1;0,0;0,0;0;0,0;0,0;11;1,289845991455877;0,0;0;0,0;0,0;0;0,0;0,0;0;0,0;0,0;106,00874599008347;10,420833333333333;0,6572130439520293;4,5;3,0;20,17257975500002;4,5;7,055;2,1666666666666665;0,0;18,0887539788889;9,583825776111116;7;687,8650056347487;0,9660932008499465;1;45,0;0,028394564008317965;3;368,4219264122697;0,2824538760436519;3;255,0;0,19875019505389574;3;349,68978281877634;0,2404121173755364;2;313,0473484795366;0,23031107902588596;0,6689049163237656;11;28,6081545423475;0,0;0,0;0,0;0;0,0;0;0,0;0;13,123892117905417;6;0,0;0;0,0;0;0,0;0;1,6665967333334266;2;1,8671946569658757;2;0,0;0;0,0;0;0,0;0;8,819244793152757;11;0,0;0;0,0;0;0,0;0;3,131226240990024;2;0,0;0;119;114;13;0,05579399141630903;15,0;35;22,24894091907357;0,017543859649122806;0,7132148478948996;0,9952606985410967;1,3952095808383234;0,0;26,413506464839305;27,68455057273006;33,17674423545625;38,46113922626591;43,329450089627485;119;0,957983193277311;12,866172608212114;15,000000000000034;3;1,0;15,0;15,0;36;0,9444444444444444;12,434328801496532;15,445778106097835;24;1,0;13,12422390486037;15,0;26;0,8846153846153846;14,654139268902545;16,088276216217764;25;0,88;14,599975619458453;18,47178165802606;0,5101516830557326;24,505710386313876;0,12640839236295626;0,2735465245339865;0,05047922490367638;0,0628399653068072;0,0;0,0063099031129595475;0,03691658355491272;0,0;0,12233070107827117;0,0;0,04669328303590065;0,07600463635893924;0,012619806225919095;0,1333283829995037;3,866895695149651;0,03154951556479774;0,10864088707004946;0,0;0,2542776324974644;110,3766630376888;0,03912139930034919;0,2074678105043561;0,012619806225919095;0,25060367645339626;98,15477654610635;0,033863146706216235;0,18732405310657513;0,0063099031129595475;20260920;"{""passenger_counts"":[20260920,37,1,1],""city_assignment"":[20260920,37,1,2],""arrival_terminal_processing"":[20260920,37,1,3],""terminal_access"":[20260920,37,1,4],""departure_terminal_earliness"":[20260920,37,1,5]}";2.3.5;3;1;370aa9abaf6fd01c7e0a5b2895a7b8d3d10bdc88f19cc925ae3da99eb0e15f24;15;0,95;2026-07-30T22:18:42.118682+02:00;2026-08-01T00:43:30.741956+02:00;"{""aircraft_spec"":""1d92a29ff955ec8194720f659c80edf216b314fc10254dcf237d7a6f523202b4"",""config"":""5c5af6f01170832b87fb1c795dbef1c9b58dd19289f990c8ae34d12b57a05964"",""flight_schedule"":""5871c8897f25c6a4b84d5aaf40fda1a067670fa574cb675c9adf829ad9c940f9"",""vertiport_network"":""8f37a94965fd8b2b9be9143f587c88446d15875ef5cba00cefde590914bba9b3""}";447c2ea3db3a1c3ac6982c2f510127b41a47bddb47d4abdf6cb52599f7f2915e;5284708a4e20708767a1693e58dbbc8d35c89c96da62d588b514064df48719f6
low;n6;6;;38;completed;215;215;0;209;0,9720930232558139;13,006066728709298;15,0;20,015019586441;18,517662187685787;0,04829476509573968;147;90;7910,65679796665;7658,812508423965;0,23316807545578874;12;-8606,24742124692;88571,97738033264;4565;1,318767317570746e-11;0,3656462585034014;0,379746835443038;0,3501435244643802;0,36051918013091605;36,79375254868209;18,64363606567131;53,743023679944606;0,24996755199974235;1,6292118044132882;4,173109102142552;32,956384597467235;42,54722664352194;48,406240009883184;3;104;0,0;8;2796,304346672499;10;2796,3043466724903;53,7430236799446;18,64363606567125;0,0;0,0;81,04034353803314;0;0,0;0,0;0;0,0;27,46083015799474;0;0,0;1,3109025647315624;2;1,340270990914117;0,0;5;17,30336507475713;0,0;1;0,0;0,0;0;0,0;0,0;0;0,0;0,0;0;0,0;16,706646469767172;0;0,0;8,264644487451127;6;0,0;0,0;0;0,0;0,0;0;0,0;0,0;0;0,0;0,0;5;0,0;0,0;0;0,0;0,0;0;0,0;0,0;0;0,0;0,0;115,62751738789875;9,379166666666666;0,717436128066668;3,95;2,6333333333333333;17,314587820000014;3,95;6,391666666666666;2,0;0,0;15,530218813333343;8,367702340000005;8;600,3374569928815;0,8852381733477577;1;110,015019586441;0,06792572295557273;3;285,0;0,20445921322608396;3;225,0;0,17344197388754076;3;229,48941476666855;0,20354131859770158;3;240,0;0,19189417095755923;0,7139100407976539;5;17,30336507475713;0,0;0,0;0,0;0;0,0;0;0,0;0;0,0;0;0,0;0;0,0;0;0,0;0;0,0;0;0,0;0;0,0;0;0,0;0;0,0;0;4,215689918359203;5;0,0;0;0,0;0;0,0;0;13,087675156397927;4;0,0;0;111;104;6;0,027906976744186074;15,0;46;22,372313545521937;0,028846153846153848;1,6742185233189755;1,923724848309333;1,4625850340136055;0,006802721088435374;26,993951333772102;27,82632188317617;32,28181069306144;38,431739994450965;43,61409449195462;111;0,990990990990991;12,916797929809018;15,0;7;0,8571428571428571;15,716431369491572;18,510513710508697;26;1,0;12,736527811306715;15,0;22;1,0;12,768775097328128;15,0;26;0,8461538461538461;12,679348727626522;19,004190830360994;23;1,0;13,512996292337995;15,0;0,41883185976568504;69,51735993360907;0,11134181574208102;0,23894316607119567;0,03087111342201877;0,09416338001524567;0,0;0,011319408254740215;0,068059837760999;0,006174222684403753;0,19775433767970174;0,0;0,03581049156954177;0,08983585223511541;0,006174222684403753;0,14597814871990542;7,219288537517786;0,027372387234189974;0,12061776135699552;0,0;0,3105181735005306;158,34225727184273;0,031076920844832226;0,2439940314772547;0,01852266805321126;0,3546827824228503;281,58460142448797;0,026960772388563058;0,1719105489941309;0,012348445368807507;20260920;"{""passenger_counts"":[20260920,38,1,1],""city_assignment"":[20260920,38,1,2],""arrival_terminal_processing"":[20260920,38,1,3],""terminal_access"":[20260920,38,1,4],""departure_terminal_earliness"":[20260920,38,1,5]}";2.3.5;3;1;29334aca62d0e299346ec455751953b53d469ce846074013d4af40cc24968d08;15;0,95;2026-07-30T21:36:33.752579+02:00;2026-08-01T00:36:11.977380+02:00;"{""aircraft_spec"":""1d92a29ff955ec8194720f659c80edf216b314fc10254dcf237d7a6f523202b4"",""config"":""5c5af6f01170832b87fb1c795dbef1c9b58dd19289f990c8ae34d12b57a05964"",""flight_schedule"":""5871c8897f25c6a4b84d5aaf40fda1a067670fa574cb675c9adf829ad9c940f9"",""vertiport_network"":""8f37a94965fd8b2b9be9143f587c88446d15875ef5cba00cefde590914bba9b3""}";447c2ea3db3a1c3ac6982c2f510127b41a47bddb47d4abdf6cb52599f7f2915e;5284708a4e20708767a1693e58dbbc8d35c89c96da62d588b514064df48719f6
low;n6;6;;39;completed;223;223;0;220;0,9865470852017937;12,462256790651857;15,0;26,43349790440043;17,88690847852409;0,07729881770212786;155;91;8283,484694841649;8053,545142343915;0,23316807545578966;14;-9640,380390165848;88244,63114623292;4780;-6,707523425575346e-12;0,3596774193548387;0,3699186991869919;0,3405233255810076;0,35073602329843573;37,14567127731681;18,9404447272123;41,94732639550845;0,1881046026704415;1,3073458005742564;3,41980616518534;32,76089339431592;41,70738122739199;51,885652187251374;2;119;0,0;7;2779,083264315364;9;2779,0832643153544;41,94732639550845;18,940444727212284;0,0;0,0;79,19685436993643;0;0,0;0,0;0;0,0;27,783770085871037;0;0,0;0,0;3;10,774964993878893;0,0;2;6,165479733333389;0,0;0;0,0;0,0;0;0,0;0,0;0;0,0;0,0;0;0,0;9,751670038634256;0;0,0;4,411886271003156;3;0,0;0,0;1;0,0;0,0;0;0,0;0,0;0;0,0;0,0;2;2,0;0,0;0;0,0;0,0;0;0,0;0,0;0;0,0;0,0;114,56180927784892;9,8125;0,5200873378156292;4,1;2,7333333333333334;18,30895594500002;4,1;6,671666666666665;2,3333333333333335;0,0;16,58075332055557;8,561535957777782;7;646,422900823528;0,7620508295456068;2;90,0;0,06226174559478992;3;318,62004868883116;0,2425542250084397;3;285,0;0,20289396592053074;2;315,0;0,2179812356390866;3;302,3187205716659;0,21573632701317405;0,7022227865922998;2;15,846597415295886;0,0;0,0;0,0;0;0,0;0;0,0;0;13,846597415295886;2;0,0;0;0,0;0;0,0;0;0,0;0;0,0;0;0,0;0;0,0;0;0,0;0;2,0;2;0,0;0;0,0;0;0,0;0;0,0;0;0,0;0;104;119;3;0,013452914798206317;15,0;28;21,75;0,01680672268907563;4,599279653276608;8,109478850029094;1,4387096774193548;0,03225806451612903;27,190280982332993;26,979408254689;31,875069814843656;37,813619902897436;42,401990361933734;104;1,0;11,954063179710571;15,0;7;1,0;14,510694490053183;15,0;33;0,9393939393939394;11,991122784420902;16,765239804358178;26;1,0;12,730947560767213;15,0;26;1,0;13,67762549054516;15,0;27;0,9629629629629629;13,035402999077064;15,0;0,535482639704926;200,6237332290624;0,11360268365361537;0,26743764913140383;0,04903712963465411;0,040834582569829074;0,0;0,007151248071720392;0,036543833726796836;0,0;0,10327240796362197;0,0;0,03677784722599058;0,07575259357226785;0,006129641204331764;0,17437036451612445;0,0;0,031669812889047445;0,14829779944582913;0,012259282408663528;0,2699875185258952;176,0408228976783;0,03432599074425788;0,18737181054725277;0,012259282408663528;0,2394751623510267;81,04395813800559;0,027787706792970664;0,13031332713964613;0,006129641204331764;20260920;"{""passenger_counts"":[20260920,39,1,1],""city_assignment"":[20260920,39,1,2],""arrival_terminal_processing"":[20260920,39,1,3],""terminal_access"":[20260920,39,1,4],""departure_terminal_earliness"":[20260920,39,1,5]}";2.3.5;3;1;150b9ea15f004f2e1518c6888166803b2cc2fd77ae4b0266e6a1be64c0fbe425;15;0,95;2026-07-30T21:19:19.619610+02:00;2026-08-01T00:30:44.631146+02:00;"{""aircraft_spec"":""1d92a29ff955ec8194720f659c80edf216b314fc10254dcf237d7a6f523202b4"",""config"":""5c5af6f01170832b87fb1c795dbef1c9b58dd19289f990c8ae34d12b57a05964"",""flight_schedule"":""5871c8897f25c6a4b84d5aaf40fda1a067670fa574cb675c9adf829ad9c940f9"",""vertiport_network"":""8f37a94965fd8b2b9be9143f587c88446d15875ef5cba00cefde590914bba9b3""}";447c2ea3db3a1c3ac6982c2f510127b41a47bddb47d4abdf6cb52599f7f2915e;5284708a4e20708767a1693e58dbbc8d35c89c96da62d588b514064df48719f6
low;n6;6;;40;completed;260;260;0;250;0,9615384615384616;12,103103520774447;15,0;20,63707291199292;17,6937919725778;0,03728485601178224;168;100;8934,461944555529;8675,545143605776;0,22583490844874782;14;-9760,195213669766;89016,589393538;5220;4,092726157978177e-11;0,3869047619047619;0,373134328358209;0,3428667492210178;0,3534881925818453;34,36331517136742;25,34908446225098;53,57899746887137;0,20607306718796684;1,5329629667323799;5,180129131048791;31,820122236843247;41,69433960812461;47,492291529045545;3;118;0,0;8;3146,806915401356;11;3146,8069154013647;53,57899746887134;25,349084462250932;0,0;0,0;89,4977524427717;0;0,0;0,0;0;0,0;23,19549972150101;0;0,0;0,5442870160111245;9;1,0125743032145693;0,0;8;22,113367613710125;0,0;1;0,0;0,0;0;0,0;0,0;0;0,0;0,0;0;0,0;28,528432787676426;0;0,0;1,3107779436827818;10;0,0;0,0;0;0,0;0,0;0;0,0;0,0;0;0,0;0,0;8;2,2231425453262394;0,0;0;0,0;0,0;0;0,0;0,0;0;0,0;0,0;111,39301899626467;11,016666666666667;0,6070622804664751;4,466666666666667;2,977777777777778;19,5285646;4,466666666666667;7,566666666666666;2,3333333333333335;0,2715506908374603;17,724861116666673;9,24814792777777;8;757,3523212994153;1,0218109859241251;2;75,0;0,047000559979615796;3;432,34517131258616;0,3154368645705157;4;222,70736077229085;0,17912313719472545;3;274,5487989475686;0,21464167422333358;2;180,0;0,13345226744194602;0,6766348151899833;8;24,844801690252552;0,0;0,0;0,0;0;0,0;0;0,0;0;16,40580850664025;6;0,0;0;0,0;0;0,0;0;0,0;0;0,0;0;0,0;0;0,0;0;0,0;0;7,978005302544261;8;0,0;0;0,0;0;0,0;0;0,4609878810680433;1;0,0;0;142;118;10;0,038461538461538436;15,0;40;22,030427865098552;0,025423728813559324;1,4665376697967683;2,167619003382303;1,5476190476190477;0,017857142857142856;27,43799572422438;27,021447114456816;33,00012055173341;37,59479907903709;43,57927586325463;142;0,971830985915493;11,84638540679647;15,0;6;1,0;12,896011637568497;15,0;42;0,9047619047619048;12,36422191621222;16,436838752141853;26;0,9615384615384616;11,34179970567354;15,0;28;0,9642857142857143;12,62000858481469;15,0;16;1,0;13,731235287975611;15,0;0,47811363022476777;185,9251543354277;0,12270089625002432;0,2793427902460524;0,05466871615100094;0,03644720743198201;0,0;0,010123836324259432;0,03037290563742635;0,0;0,14505327627736547;0,0;0,04798698417698971;0,11814099981736899;0,0;0,15415656822235627;28,118942545817116;0,028954171887381978;0,11532195007956397;0,01214860358911132;0,26280843290716793;27,569581881285618;0,031991322784659805;0,1809412480166266;0,0;0,3306137564797543;228,74382608503257;0,029561602066837545;0,229962600708958;0,018222905383666978;20260920;"{""passenger_counts"":[20260920,40,1,1],""city_assignment"":[20260920,40,1,2],""arrival_terminal_processing"":[20260920,40,1,3],""terminal_access"":[20260920,40,1,4],""departure_terminal_earliness"":[20260920,40,1,5]}";2.3.5;3;1;63eb9295d321c1d6a2881b247681a3829e64329a12c6ffa366eb55842b6133e3;15;0,95;2026-07-30T21:17:19.804786+02:00;2026-08-01T00:43:36.589394+02:00;"{""aircraft_spec"":""1d92a29ff955ec8194720f659c80edf216b314fc10254dcf237d7a6f523202b4"",""config"":""5c5af6f01170832b87fb1c795dbef1c9b58dd19289f990c8ae34d12b57a05964"",""flight_schedule"":""5871c8897f25c6a4b84d5aaf40fda1a067670fa574cb675c9adf829ad9c940f9"",""vertiport_network"":""8f37a94965fd8b2b9be9143f587c88446d15875ef5cba00cefde590914bba9b3""}";447c2ea3db3a1c3ac6982c2f510127b41a47bddb47d4abdf6cb52599f7f2915e;5284708a4e20708767a1693e58dbbc8d35c89c96da62d588b514064df48719f6
low;n6;6;;41;completed;249;249;0;241;0,9678714859437751;12,49487651033893;15,0;31,782159341669225;18,015463316894632;0,12107838411258996;171;92;8859,393686769423;8631,382339758962;0,2279498074276212;15;-7906,8552573663555;88792,30647254069;5140;2,4101609596982598e-11;0,36403508771929827;0,34980988593155893;0,32077273272240797;0,33085702080514456;35,57989432437519;40,47635887174779;61,376114832371016;0,2464904210135382;1,65971080116605;5,753332204118881;32,337213330964445;42,106780673726384;60,249743389657304;1;119;0,0;7;3111,224251074392;8;3111,224251074399;61,37611483237098;40,47635887174777;0,0;0,0;83,93596386110889;0;0,0;0,0;0;0,0;26,738145468151775;0;0,0;0,0;5;16,787511835517883;0,0;7;21,68884703622989;0,0;3;0,0;0,0;0;0,0;0,0;0;0,0;0,0;0;0,0;23,312355244570032;3;0,0;11,325614119649178;8;0,0;0,0;1;0,0;0,0;0;0,0;0,0;0;0,0;0,0;7;2,0;0,0;0;0,0;0,0;0;0,0;0,0;0;0,0;0,0;108,24092529834559;10,887500000000003;0,8425926076102519;4,383333333333334;2,922222222222222;19,59036275500004;4,383333333333334;7,415;2,5;0,0;18,268441095000025;8,627477215555572;7;742,3243761557569;0,9958063450285822;1;45,0;0,02792164845794052;4;389,15100386302197;0,32604489035241896;2;250,81819619720142;0,18091595767288662;3;316,9932932117195;0,21416511556416595;2;290,94613418086107;0,1856018165310824;0,6716144588761346;7;36,312384032555926;0,0;0,0;0,0;0;0,0;0;0,0;0;16,517145054999673;2;4,117764409211304;1;0,0;0;0,0;0;0,0;0;1,712803020961413;2;0,0;0;0,0;0;0,0;0;6,010732054778903;7;0,0;0;0,0;0;0,0;0;7,9539394926046345;3;0,0;0;130;119;8;0,032128514056224855;15,0;46;21,861166284932224;0,008403361344537815;14,408327709398206;14,408327709398206;1,456140350877193;0,023391812865497075;26,860878258307515;27,300177919396663;32,84478769221672;37,83985705788724;43,465341230985935;130;0,9846153846153847;12,34533830892135;15,0;3;1,0;15,0;15,0;47;1,0;11,18023673170155;15,0;22;0,9090909090909091;13,253349583735972;19,861876188750735;28;0,9285714285714286;12,327135206454475;17,050811860253773;19;0,8947368421052632;15,743456205354098;20,425793289439554;0,4687853038620548;140,34614834873733;0,12223477213809517;0,26836396185188643;0,043433675379018585;0,14464083831502392;55,31252697664628;0,00930721615264684;0,06445626656092365;0,0062048107684312265;0,13317646569859418;0,0;0,04074492404603172;0,08513756075160345;0,0062048107684312265;0,2004875821220148;17,09094698256789;0,02895578358601239;0,1573072655971505;0,01861443230529368;0,1891828752218618;34,099512932553395;0,03950396189234547;0,16560459430182317;0,012409621536862453;0,29232761067720026;180,17934413753184;0,031230880867770507;0,1996851837534134;0,0062048107684312265;20260920;"{""passenger_counts"":[20260920,41,1,1],""city_assignment"":[20260920,41,1,2],""arrival_terminal_processing"":[20260920,41,1,3],""terminal_access"":[20260920,41,1,4],""departure_terminal_earliness"":[20260920,41,1,5]}";2.3.5;3;1;a3655da2797db3efa43496f61b38d59b5b1b739ffd78a3009df1ae8726f24dd0;15;0,95;2026-07-30T21:48:13.144743+02:00;2026-08-01T00:39:52.306473+02:00;"{""aircraft_spec"":""1d92a29ff955ec8194720f659c80edf216b314fc10254dcf237d7a6f523202b4"",""config"":""5c5af6f01170832b87fb1c795dbef1c9b58dd19289f990c8ae34d12b57a05964"",""flight_schedule"":""5871c8897f25c6a4b84d5aaf40fda1a067670fa574cb675c9adf829ad9c940f9"",""vertiport_network"":""8f37a94965fd8b2b9be9143f587c88446d15875ef5cba00cefde590914bba9b3""}";447c2ea3db3a1c3ac6982c2f510127b41a47bddb47d4abdf6cb52599f7f2915e;5284708a4e20708767a1693e58dbbc8d35c89c96da62d588b514064df48719f6
low;n6;6;;42;completed;255;255;0;244;0,9568627450980393;12,45708916145494;15,000000000000004;21,40339637957004;17,90174832799302;0,03946701103523083;173;92;8832,960854038865;8698,937415294882;0,23316807545578866;14;-8539,682586194;89734,31607038926;5219;-1,2505552149377763e-11;0,3684971098265896;0,3471698113207547;0,30327328403284626;0,3186799686519987;34,639062172701436;31,220869595818826;39,638087467210006;0,15544348026356866;1,3528623561798219;4,480410138614753;32,791473363437376;42,054068820991134;50,003264876782126;2;134;0,0;8;3176,5577361710098;10;3176,557736171034;39,63808746721;31,22086959581878;0,0;0,0;88,58010241515815;0;0,0;0,0;0;0,0;20,820276984904922;0;0,0;0,0;10;10,363429812418206;0,0;7;16,477035351418575;0,0;1;3,7000811664902966;0,0;0;0,0;0,0;0;0,0;0,0;1;0,0;15,082606073483719;1;0,0;3,735204408821361;11;0,0;0,0;0;0,0;0,0;0;0,0;0,0;0;0,0;0,0;7;0,6803232654917034;0,0;0;0,0;0,0;0;0,0;0,0;0;0,0;0,0;111,2499089961694;11,079166666666667;0,4884394436917411;4,416666666666667;2,9444444444444446;19,30303821000002;4,416666666666667;7,558333333333334;2,333333333333332;0,0;18,577625190555572;8,08652413055556;8;771,6035012338881;0,9247693784622242;2;75,0;0,04614456804092833;3;348,59643143215834;0,284207058045726;3;273,83622981688194;0,19770603071183296;3;358,8272571850523;0,24659955978660245;3;336,40339637957004;0,23998226971544023;0,6792228494839019;7;17,15735861691028;0,0;0,0;0,0;0;0,0;0;0,0;0;7,181374388665184;3;0,0;0;0,0;0;0,0;0;1,5302419835129208;1;0,0;0;0,0;0;0,0;0;0,0;0;5,849310812573822;7;0,0;0;0,0;0;0,0;0;2,5964314321583517;1;0,0;0;121;134;11;0,04313725490196074;15,0;32;22,030040308737387;0,014925373134328358;2,6442897393604654;4,0533963795700405;1,4739884393063585;0,017341040462427744;27,298332960162018;27,469687194015048;33,18000356666671;37,59696684478142;42,61215652476312;121;0,9504132231404959;12,518014415515974;15,00000000000003;6;1,0;12,596697826841126;15,0;37;0,972972972972973;12,581154973232954;15,0;25;0,96;12,952908131048721;15,0;34;0,9411764705882353;11,879570983913037;15,126721526443355;32;0,96875;12,28334231855155;15,0;0,5233011213024206;149,00143056912427;0,1202759647676979;0,28026441695001497;0,054948410299963474;0,05311870402811331;18,40675436432163;0,012210757844436336;0,04579224932145151;0,0;0,11193165333777212;0,0;0,03602173564108719;0,0814426108365565;0,006105378922218168;0,20152027969134945;39,27506475442909;0,032154995657015684;0,17692934691157958;0,012210757844436336;0,21848527132612278;37,54439292147111;0,03419012196442174;0,19552620531581216;0,006105378922218168;0,2447248686396388;63,015836371069966;0,03480065985664355;0,20051899656829605;0,006105378922218168;20260920;"{""passenger_counts"":[20260920,42,1,1],""city_assignment"":[20260920,42,1,2],""arrival_terminal_processing"":[20260920,42,1,3],""terminal_access"":[20260920,42,1,4],""departure_terminal_earliness"":[20260920,42,1,5]}";2.3.5;3;1;faf416d93ab5a6ab379d982adf24e229f62b7b997f718c1cc68d2c1b012af75d;15;0,95;2026-07-30T21:37:40.317414+02:00;2026-08-01T00:55:34.316070+02:00;"{""aircraft_spec"":""1d92a29ff955ec8194720f659c80edf216b314fc10254dcf237d7a6f523202b4"",""config"":""5c5af6f01170832b87fb1c795dbef1c9b58dd19289f990c8ae34d12b57a05964"",""flight_schedule"":""5871c8897f25c6a4b84d5aaf40fda1a067670fa574cb675c9adf829ad9c940f9"",""vertiport_network"":""8f37a94965fd8b2b9be9143f587c88446d15875ef5cba00cefde590914bba9b3""}";447c2ea3db3a1c3ac6982c2f510127b41a47bddb47d4abdf6cb52599f7f2915e;5284708a4e20708767a1693e58dbbc8d35c89c96da62d588b514064df48719f6
low;n6;6;;43;completed;257;257;0;242;0,9416342412451362;12,406084187282234;15,591320004156994;25,872284416518777;18,319513899704482;0,15199428764685524;163;92;8530,399663841647;8234,321978463606;0,23316807545578946;12;-6277,267042612796;87789,07561156193;5007;3,9335645851679146e-11;0,3941717791411043;0,3607843137254902;0,3231900340621086;0,3363371965185684;33,19221659082353;64,39505734162925;107,50143609251758;0,4182935256518193;2,5313606288270725;4,7121695535922905;32,48467868935412;42,22131708654723;54,79308472396648;7;114;0,0;9;3188,363636131534;10;3188,3636361315516;107,50143609251758;64,39505734162921;0,0;0,0;78,50574296898635;5;2,452178313209515;0,0;0;0,0;73,06763322465044;0;0,0;5,062721257654145;11;5,776622350395216;0,0;14;50,132195151763305;0,0;2;0,0;0,0;0;0,0;0,0;0;0,0;0,0;2;2,0340615262611816;22,54365833152639;2;0,0;6,827423278686608;15;0,0;0,0;2;0,0;0,0;0;0,0;0,0;0;0,0;0,0;14;4,0;0,0;0;0,0;0,0;0;0,0;0,0;0;0,0;0,0;105,44739662999045;10,7875;1,0629919153006495;4,25;2,8333333333333335;18,717682545000013;4,25;7,428333333333334;2,0;0,0;17,462384677777788;8,33863120055556;9;717,9321041299385;1,1152880290100642;1;60,0;0,03827086180266444;3;375,00984806828905;0,29545130840651;2;381,8165188605321;0,26596366779037733;4;222,16356382306512;0,16862768598086075;2;196,484601644208;0,1500888485933666;0,6725937906461846;14;64,13131479823423;0,0;0,0;8,289338056604175;2;0,0;0;0,0;0;23,12783707853517;7;0,0;0;0,0;0;0,0;0;3,7914742482387735;2;0,3333333333333333;1;0,0;0;0,0;0;0,0;0;13,354538682822628;14;0,0;0;0,0;0;0,0;0;15,234793398700155;5;0,0;0;143;114;15;0,05836575875486383;15,0;64;23,65085970259465;0,06140350877192982;2,4753355416773566;8,003156309188428;1,5766871165644172;0,03067484662576687;26,129539626159648;28,025522682800254;33,3241364666667;38,07818139932958;45,66828748649537;143;0,958041958041958;12,227396957454532;15,000000000000014;4;1,0;15,0;15,0;42;0,9761904761904762;11,028580958012313;15,0;29;0,8620689655172413;14,378292820649845;20,76559489707057;22;1,0;12,016810371557746;15,0;17;0,7647058823529411;13,841479470935466;20,689498805726526;0,4253073310684084;0,0;0,12034059877948927;0,250375984798079;0,025513907868442955;0,019347469957223622;0,0;0,0053153974725922825;0,016158231473668253;0,006378476967110739;0,20818320434131535;0,0;0,04571241826429363;0,11800957615635095;0,01913543090133222;0,21016709444313195;29,42874020313781;0,038908709499375506;0,15182049989654012;0,0;0,23991853570990404;97,21386665295738;0,032530232532264766;0,16796425984586977;0,012756953934221478;0,3445649414778608;193,12489329015978;0,028277914554190944;0,17915112201776046;0,012756953934221478;20260920;"{""passenger_counts"":[20260920,43,1,1],""city_assignment"":[20260920,43,1,2],""arrival_terminal_processing"":[20260920,43,1,3],""terminal_access"":[20260920,43,1,4],""departure_terminal_earliness"":[20260920,43,1,5]}";2.3.5;3;1;11c984c88507af0dc1fd67c7e6117fbbf67cb99339891372de72e0f37a94fbdf;15;0,95;2026-07-30T22:15:22.732957+02:00;2026-08-01T00:23:09.075612+02:00;"{""aircraft_spec"":""1d92a29ff955ec8194720f659c80edf216b314fc10254dcf237d7a6f523202b4"",""config"":""5c5af6f01170832b87fb1c795dbef1c9b58dd19289f990c8ae34d12b57a05964"",""flight_schedule"":""5871c8897f25c6a4b84d5aaf40fda1a067670fa574cb675c9adf829ad9c940f9"",""vertiport_network"":""8f37a94965fd8b2b9be9143f587c88446d15875ef5cba00cefde590914bba9b3""}";447c2ea3db3a1c3ac6982c2f510127b41a47bddb47d4abdf6cb52599f7f2915e;5284708a4e20708767a1693e58dbbc8d35c89c96da62d588b514064df48719f6
low;n6;6;;44;completed;241;241;0;235;0,975103734439834;12,240863925178592;15,0;31,964563680675322;17,865201866315406;0,20200787495400674;152;85;7931,267134416652;7746,376622328376;0,2279498074276216;12;-10221,456896330006;88059,36581197036;4659;9,322320693172514e-12;0,3963815789473684;0,35864978902953587;0,3338609430577609;0,3425266009072201;32,90982213450893;44,1694577712322;31,215443813971735;0,12952466312851343;0,8139546237227477;4,192618798509647;31,94875346369981;41,607064415788834;53,75817774996394;3;108;0,0;7;2950,048205968041;12;2950,048205968056;31,215443813971735;44,16945777123219;0,0;0,0;82,11251679604126;0;0,0;0,0;0;0,0;19,548654325199397;0;0,0;0,0;6;34,926016979315925;0,0;3;6,356359709548997;0,0;0;0,0;0,0;0;0,0;0,0;0;0,0;0,0;2;0,8870810823672703;7,22932232754647;1;0,0;4,437467161225868;6;0,0;0,0;2;0,0;0,0;0;0,0;0,0;0;0,0;0,0;3;2,0;0,0;0;0,0;0,0;0;0,0;0,0;0;0,0;0,0;116,39304179576753;10,0875;0,4253795347330237;3,95;2,6333333333333333;17,410449850000013;3,9499999999999993;6,951666666666667;2,0;0,0;15,983196102222236;8,010587081111108;7;719,7500556832372;0,9292852658430253;1;46,96456368067532;0,02867165478665182;3;349,38233213309184;0,30696929204252704;2;255,0;0,1569940991833248;3;267,0882774694943;0,19810359067847488;2;228,9824182192795;0,18096725200110733;0,7105742824796529;3;29,555211126385256;0,0;0,0;0,0;0;0,0;0;0,0;0;23,84932463259126;2;0,0;0;0,0;0;0,0;0;0,8870810823672703;1;0,0;0;0,0;0;0,0;0;0,0;0;2,502369976215656;3;0,0;0;0,0;0;0,0;0;2,3164354352110723;1;0,0;0;133;108;6;0,024896265560165998;15,0;23;21,75;0,027777777777777776;7,272283498344243;10,580567834138735;1,5855263157894737;0,03289473684210526;27,300228530083437;26,763641249173293;31,62761000380555;38,33412313529265;43,06332623999263;133;0,9924812030075187;11,444977500971698;15,0;2;0,5;23,482281840337663;31,116335496641554;42;0,9523809523809523;11,971902606398446;15,0;18;1,0;14,286582618597842;15,0;24;0,9583333333333334;13,520683245381178;15,0;22;0,9545454545454546;13,473947280249352;15,0;0,47376045455756305;175,4804929042452;0,11111018100052743;0,24673778515322378;0,036629730000173874;0,06511085688729883;0,0;0,009767928000046366;0,04551907356497415;0,0;0,1837826110898469;0,0;0,040089204500190295;0,11108901999863298;0,012209910000057958;0,18215410133179685;23,902170519502274;0,02380932450011302;0,1401408757696339;0,0;0,24605727087374962;139,87360352227952;0,028693288500136183;0,1676455310164513;0,012209910000057958;0,2783882852106659;202,1669749688048;0,027675796000131373;0,18818278412886272;0,012209910000057958;20260920;"{""passenger_counts"":[20260920,44,1,1],""city_assignment"":[20260920,44,1,2],""arrival_terminal_processing"":[20260920,44,1,3],""terminal_access"":[20260920,44,1,4],""departure_terminal_earliness"":[20260920,44,1,5]}";2.3.5;3;1;a9cbf779343df5c0c01afd7b48c8ac367d200caba03011a6ad319ac656c79a3c;15;0,95;2026-07-30T21:09:38.543104+02:00;2026-08-01T00:27:39.365812+02:00;"{""aircraft_spec"":""1d92a29ff955ec8194720f659c80edf216b314fc10254dcf237d7a6f523202b4"",""config"":""5c5af6f01170832b87fb1c795dbef1c9b58dd19289f990c8ae34d12b57a05964"",""flight_schedule"":""5871c8897f25c6a4b84d5aaf40fda1a067670fa574cb675c9adf829ad9c940f9"",""vertiport_network"":""8f37a94965fd8b2b9be9143f587c88446d15875ef5cba00cefde590914bba9b3""}";447c2ea3db3a1c3ac6982c2f510127b41a47bddb47d4abdf6cb52599f7f2915e;5284708a4e20708767a1693e58dbbc8d35c89c96da62d588b514064df48719f6
low;n6;6;;45;completed;238;238;0;235;0,9873949579831933;12,66004216403774;15,0;39,393624760463595;18,125365295897776;0,15485379250413925;164;88;8300,997354474983;8082,75000531549;0,23316807545579346;13;-11087,45946822873;87749,28443670062;4907;2,6147972675971687e-11;0,3628048780487805;0,3492063492063492;0,3130861482916856;0,3259141758125112;34,87814014485287;26,67577445604191;36,74690538268824;0,15439876211213546;1,3762388405830885;4,734810004621007;32,26049465711658;41,05013352607275;62,50982455577238;1;112;0,0;10;3013,0900350409825;12;3013,0900350409884;36,74690538268824;26,675774456041896;0,0;0,0;93,9175749666646;0;0,0;0,0;0;0,0;8,128125666930737;0;0,0;0,3931522714014136;2;16,73856344530262;0,0;1;2,275452218339524;0,0;1;0,40525650087110987;0,0;0;0,0;0,0;0;0,0;0,0;0;0,0;16,62946440705394;0;0,0;11,596163037302146;3;0,0;0,0;1;7,256502291528644;0,0;0;0,0;0,0;0;0,0;0,0;1;0,0;0,0;0;0,0;0,0;0;0,0;0,0;0;0,0;0,0;115,30081730437144;10,425;0,45482243884390605;4,2;2,8;17,897266765000015;4,2;7,096666666666667;2,1666666666666665;0,18666666666666668;17,102277410555565;7,794989354444449;10;748,0544800341612;0,9386179117437494;2;105,0;0,07160033585522373;3;398,8829946777781;0,2964015907749846;3;255,0;0,1832662417309208;2;240,0;0,16214659384943195;3;251,6757744560419;0,17709883078602864;0,6999470809071502;1;2,275452218339524;0,0;0,0;0,0;0;0,0;0;0,0;0;0,0;0;0,0;0;0,0;0;0,0;0;0,0;0;0,0;0;0,0;0;0,0;0;0,0;0;1,0;1;0,0;0;0,0;0;0,0;0;1,2754522183395238;1;0,0;0;126;112;3;0,012605042016806678;15,0;29;21,75;0,008928571428571428;17,343624760463594;17,343624760463594;1,451219512195122;0,03048780487804878;27,454651084702597;27,410026359951303;32,98135946807482;37,71727149142752;41,93868512076689;126;1,0;12,271155842274675;15,0;8;1,0;14,743216788395163;15,0;41;1,0;11,908686227821473;15,0;23;1,0;13,125680145201374;15,0;20;1,0;13,355034476127413;15,0;20;0,85;14,586559820217609;18,381360845445744;0,507040900719487;188,1362766614125;0,11554407347721664;0,2935815375404668;0,024282467280676002;0,09594947810012446;4,921646768393233;0,014771834262411234;0,0852324909063063;0,0;0,16597870280459845;0,0;0,04330373331720554;0,11933272831636031;0,018211850460507002;0,21444502675419874;89,87374989036589;0,028329545160788668;0,15983178177142618;0,018211850460507002;0,17949177830796223;49,2665413086664;0,025496590644709802;0,1599242678423856;0,0060706168201690005;0,20360830987052528;90,73412064631229;0,027520129584766136;0,18601422113212385;0,012141233640338001;20260920;"{""passenger_counts"":[20260920,45,1,1],""city_assignment"":[20260920,45,1,2],""arrival_terminal_processing"":[20260920,45,1,3],""terminal_access"":[20260920,45,1,4],""departure_terminal_earliness"":[20260920,45,1,5]}";2.3.5;3;1;4e125f916905805b84bfb8da9ba479fedead367eb564f009f5f158c7c6e73d17;15;0,95;2026-07-30T20:55:12.540532+02:00;2026-08-01T00:22:29.284437+02:00;"{""aircraft_spec"":""1d92a29ff955ec8194720f659c80edf216b314fc10254dcf237d7a6f523202b4"",""config"":""5c5af6f01170832b87fb1c795dbef1c9b58dd19289f990c8ae34d12b57a05964"",""flight_schedule"":""5871c8897f25c6a4b84d5aaf40fda1a067670fa574cb675c9adf829ad9c940f9"",""vertiport_network"":""8f37a94965fd8b2b9be9143f587c88446d15875ef5cba00cefde590914bba9b3""}";447c2ea3db3a1c3ac6982c2f510127b41a47bddb47d4abdf6cb52599f7f2915e;5284708a4e20708767a1693e58dbbc8d35c89c96da62d588b514064df48719f6
low;n6;6;;46;completed;254;254;0;251;0,9881889763779528;12,443284220506106;15,0;28,611400836759277;17,894708180778185;0,0846694799411518;172;102;9129,224341963862;9004,317555319536;0,2279498074276214;15;-10489,072390482259;89053,27717168658;5311;4,320099833421409e-12;0,3691860465116279;0,3722627737226277;0,3346000102714288;0,34782417730393717;35,94182811796796;24,624680573867227;40,161685909108414;0,15811687365790714;1,0232133193054325;4,758249763610123;32,391779776049724;41,642748997830815;51,55343458053479;2;125;0,0;7;3160,594192008551;10;3160,594192008553;40,161685909108414;24,624680573867227;0,0;0,0;91,25495063235202;0;0,0;0,0;0;0,0;16,223148071259494;0;0,0;0,0;3;11,44942177136824;0,0;2;6,396948767195378;0,0;1;5,778310035303608;0,0;0;0,0;0,0;0;0,0;0,0;0;0,0;16,132937248569974;0;0,0;7,8056005892789475;3;0,0;0,0;1;0,0;0,0;0;0,0;0,0;0;0,0;0,0;2;1,0;0,0;0;0,0;0,0;0;0,0;0,0;0;0,0;0,0;112,21353002726131;11,025;0,5229819935757016;4,566666666666666;3,0444444444444443;19,941292805;4,566666666666666;7,523333333333333;2,5;0,0;18,333369282777777;9,219034633333335;7;737,7699447938523;0,9298177437425338;2;93,31420890052868;0,06004827473178629;3;386,4900888242159;0,28815703949432975;3;343,6114008367593;0,2363120138750879;3;262,69907083657927;0,20808679558554535;2;240,0;0,18265323231082023;0,6763766207297249;2;11,01327973710795;0,0;0,0;0,0;0;0,0;0;0,0;0;9,01327973710795;2;0,0;0;0,0;0;0,0;0;0,0;0;0,0;0;0,0;0;0,0;0;0,0;0;2,0;2;0,0;0;0,0;0;0,0;0;0,0;0;0,0;0;129;125;3;0,011811023622047223;15,0;38;21,75;0,016;5,291842496321988;6,561400836759276;1,4767441860465116;0,01744186046511628;27,650652656158012;27,036526712245642;31,610349373187344;37,91840093789553;42,88249584060798;129;1,0;11,958170914305741;15,0;7;0,8571428571428571;14,231777033230053;17,319946230370075;39;1,0;12,258046476130028;15,0;31;0,967741935483871;12,646802737039836;15,0;27;0,9629629629629629;12,78607934904193;15,0;21;1,0;14,429945951860079;15,0;0,4943368892857383;195,2628407658735;0,12477101509687723;0,2810333481268147;0,030137926351902714;0,047780357971587875;0,0;0,010045975450634237;0,03929114739951565;0,006027585270380543;0,1161576629924878;0,0;0,04359953345575259;0,09687951046411589;0,02411034108152217;0,1787864403549043;5,062455528822102;0,03315171898709298;0,15686330307474705;0,01808275581114163;0,24423609061705362;128,1812671951347;0,03335263849610567;0,18014072818302893;0,0;0,3156477251892833;240,61240911665965;0,030338845860915398;0,23698674487663388;0,012055170540761086;20260920;"{""passenger_counts"":[20260920,46,1,1],""city_assignment"":[20260920,46,1,2],""arrival_terminal_processing"":[20260920,46,1,3],""terminal_access"":[20260920,46,1,4],""departure_terminal_earliness"":[20260920,46,1,5]}";2.3.5;3;1;73a7d04a2c4729f714d5e93388a8023e7ed11edc9a127bccbe6a78bcb12aba2f;15;0,95;2026-07-30T21:05:10.927610+02:00;2026-08-01T00:44:13.277172+02:00;"{""aircraft_spec"":""1d92a29ff955ec8194720f659c80edf216b314fc10254dcf237d7a6f523202b4"",""config"":""5c5af6f01170832b87fb1c795dbef1c9b58dd19289f990c8ae34d12b57a05964"",""flight_schedule"":""5871c8897f25c6a4b84d5aaf40fda1a067670fa574cb675c9adf829ad9c940f9"",""vertiport_network"":""8f37a94965fd8b2b9be9143f587c88446d15875ef5cba00cefde590914bba9b3""}";447c2ea3db3a1c3ac6982c2f510127b41a47bddb47d4abdf6cb52599f7f2915e;5284708a4e20708767a1693e58dbbc8d35c89c96da62d588b514064df48719f6
low;n6;6;;47;completed;224;224;0;223;0,9955357142857143;12,595691104554296;15,0;18,541517145529237;18,03345039558487;0,0;154;77;7777,7973080583215;7631,55524715468;0,23316807545578966;12;-9030,24768246632;89606,34938517783;4545;2,2737367544323206e-12;0,36363636363636365;0,3333333333333333;0,30071094962084355;0,3120456621692292;34,72230941097465;3,541517145529421;36,058081190849904;0,16097357674486565;1,1337175864060094;4,355774309318804;32,1712144945447;41,28060544556639;42,64819221835899;0;103;0,0;9;2821,434807420162;9;2821,4348074201534;36,058081190849784;3,541517145529239;0,0;0,0;88,2259519782127;0;0,0;0,0;0;0,0;16,854803864261765;0;0,0;3,547939506282516;0;0,0;0,0;1;3,541517145529239;0,0;0;0,0;0,0;0;0,0;0,0;0;0,0;1,5158245029548804e-14;0;0,0;10,387481527645953;0;0,0;5,2678562926595385;1;0,0;0,0;0;0,0;0,0;0;0,0;0,0;0;0,0;0,0;1;0,0;0,0;0;0,0;0,0;0;0,0;0,0;0;0,0;0,0;118,03061402175108;9,8;0,43393430932231364;3,85;2,566666666666667;17,189780115000012;3,85;6,673333333333331;2,0;0,0;16,507729752777788;7,0987170288888874;9;671,7686853358348;0,8660556947787394;2;45,0;0,03554601144500608;3;375,0;0,2916394925265017;2;270,0;0,18868444724976546;3;273,5415171455292;0,1924122230406796;2;210,0;0,14192256043372226;0,7179725428330014;1;3,541517145529239;0,0;0,0;0,0;0;0,0;0;0,0;0;0,0;0;0,0;0;0,0;0;0,0;0;0,0;0;0,0;0;0,0;0;0,0;0;0,0;0;1,0;1;0,0;0;0,0;0;0,0;0;2,541517145529239;1;0,0;0;121;103;1;0,004464285714285698;15,0;27;21,75;0,0;;;1,4545454545454546;0,01948051948051948;27,399054741012264;27,180730067887403;32,71653867718693;38,033822413239186;42,01667988377226;121;1,0;11,766499532235416;15,0;4;1,0;14,60890670109555;15,0;38;1,0;12,616810137433667;15,0;21;1,0;14,770787139925613;15,0;23;0,9565217391304348;13,752816605038541;15,0;17;1,0;13,724272949322978;15,0;0,5224589939061818;244,7336824962653;0,1056403029886975;0,28530180844229874;0,030414674564884118;0,05868558882501686;0,0;0,006082934912976823;0,034329657818544565;0,0;0,1154429948321258;0,0;0,03852525444885322;0,08712206647525961;0,018248804738930473;0,22820272538488023;19,19811696936534;0,03345614202137253;0,17200876009796098;0,012165869825953647;0,2525741700170363;110,2114165385991;0,028995323085189526;0,1877912848361242;0,012165869825953647;0,2314851064916813;112,75501673100023;0,021493036692518112;0,18573890952662037;0,0;20260920;"{""passenger_counts"":[20260920,47,1,1],""city_assignment"":[20260920,47,1,2],""arrival_terminal_processing"":[20260920,47,1,3],""terminal_access"":[20260920,47,1,4],""departure_terminal_earliness"":[20260920,47,1,5]}";2.3.5;3;1;667b7f70eabaa66573b32b9bba83b35b3196878084fcf329c5d95573d2fc51bd;15;0,95;2026-07-30T21:29:29.752318+02:00;2026-08-01T00:53:26.349385+02:00;"{""aircraft_spec"":""1d92a29ff955ec8194720f659c80edf216b314fc10254dcf237d7a6f523202b4"",""config"":""5c5af6f01170832b87fb1c795dbef1c9b58dd19289f990c8ae34d12b57a05964"",""flight_schedule"":""5871c8897f25c6a4b84d5aaf40fda1a067670fa574cb675c9adf829ad9c940f9"",""vertiport_network"":""8f37a94965fd8b2b9be9143f587c88446d15875ef5cba00cefde590914bba9b3""}";447c2ea3db3a1c3ac6982c2f510127b41a47bddb47d4abdf6cb52599f7f2915e;5284708a4e20708767a1693e58dbbc8d35c89c96da62d588b514064df48719f6
low;n6;6;;48;completed;233;233;0;230;0,9871244635193133;12,324661966939232;15,0;27,729979756068495;17,88142164881223;0,05259240514878238;156;77;7741,765582102766;7573,903446530057;0,23316807545579185;12;-10409,875467497446;87660,66845627718;4597;3,296918293926865e-11;0,3733974358974359;0,33047210300429186;0,29084745463200556;0,30479895085123293;33,226461725762945;20,802861913872707;44,47500587640822;0,19087985354681639;1,1441861202284296;5,409941099368795;32,088467661193455;41,88622560966057;51,68608980359022;1;108;3,031649005909761e-14;8;2871,6462382968407;13;2871,6462382968534;44,475005876408126;20,802861913872643;0,0;0,0;88,14292531769388;0;0,0;0,0;0;0,0;16,86934552008412;0;0,0;2,190825577148644;2;14,158712545449452;0,0;2;5,644149368423192;0,0;1;0,0;0,0;0;0,0;0,0;0;0,0;0,0;0;0,0;18,388752644416915;1;0,0;7,026082134758417;3;0,0;0,0;1;0,0;0,0;0;0,0;0,0;0;0,0;0,0;2;1,0;0,0;0;0,0;0,0;0;0,0;0,0;0;0,0;3,031649005909761e-14;116,73873103381102;10,054166666666667;0,5729770619249869;3,8833333333333333;2,588888888888889;16,857809554999996;3,8833333333333333;6,871666666666667;2,0;0,0;16,54455141833333;6,785480358888888;8;737,1281952046265;0,9149286397796869;1;105,0;0,0642394724036269;3;279,72623985002673;0,22879363039742484;3;195,0;0,135680509907533;3;253,94408987874084;0,18916736939088016;2;348,3855853121161;0,22407646648321855;0,7142128086362787;2;8,072882157804148;0,0;0,0;0,0;0;0,0;0;0,0;0;4,655605556047643;1;0,0;0;0,0;0;0,0;0;0,0;0;1,4172766017565057;1;0,0;0;0,0;0;0,0;0;2,0;2;0,0;0;0,0;0;0,0;0;0,0;0;0,0;0;125;108;3;0,012875536480686733;15,0;34;21,75;0,009259259259259259;5,679979756068496;5,679979756068496;1,4935897435897436;0,038461538461538464;27,241817756604064;27,176748916970627;32,11407409353961;37,77332731885876;43,619856844194594;125;0,992;11,963673247284422;15,0;7;1,0;15,0;15,0;34;1,0;10,99897832322084;15,0;17;1,0;13,045354320085151;15,0;25;1,0;12,367831205862142;15,0;25;0,92;14,650200632351133;19,524484444838098;0,47332471260556813;122,58686874434443;0,10828939633754249;0,2555546414603971;0,030590224954108045;0,059171853056195545;1,6348545158900378;0,011216415816506283;0,05244200356629177;0,006118044990821609;0,16960016488720836;0,0;0,03711613961098443;0,1162801880224645;0,01835413497246483;0,2764721844612055;160,59616460592613;0,02549185412842337;0,19363163515353846;0,006118044990821609;0,21489922459316346;40,91736865035491;0,02569578896145076;0,17986813448015362;0,006118044990821609;0,2620797181472836;136,73207295500046;0,029774485621998498;0,1926210745227316;0,006118044990821609;20260920;"{""passenger_counts"":[20260920,48,1,1],""city_assignment"":[20260920,48,1,2],""arrival_terminal_processing"":[20260920,48,1,3],""terminal_access"":[20260920,48,1,4],""departure_terminal_earliness"":[20260920,48,1,5]}";2.3.5;3;1;b4c82d939e1278fba63a9182c1283faf1ce4d7145cdb951edb340f60d871b1d8;15;0,95;2026-07-30T21:06:30.124533+02:00;2026-08-01T00:21:00.668456+02:00;"{""aircraft_spec"":""1d92a29ff955ec8194720f659c80edf216b314fc10254dcf237d7a6f523202b4"",""config"":""5c5af6f01170832b87fb1c795dbef1c9b58dd19289f990c8ae34d12b57a05964"",""flight_schedule"":""5871c8897f25c6a4b84d5aaf40fda1a067670fa574cb675c9adf829ad9c940f9"",""vertiport_network"":""8f37a94965fd8b2b9be9143f587c88446d15875ef5cba00cefde590914bba9b3""}";447c2ea3db3a1c3ac6982c2f510127b41a47bddb47d4abdf6cb52599f7f2915e;5284708a4e20708767a1693e58dbbc8d35c89c96da62d588b514064df48719f6
low;n6;6;;49;completed;226;226;0;219;0,9690265486725663;12,761884090674414;15,0;26,316534379311392;18,212099339084645;0,14094667735386407;156;97;8335,960049997206;8085,176300623391;0,23707805107198715;13;-11788,795290296268;86814,71686863886;4859;4,354205884737894e-11;0,36217948717948717;0,383399209486166;0,3490001451136424;0,361213950258382;36,88477898228852;33,930534293441205;46,248646140711664;0,20464002717129054;1,5549203575351385;5,187998638435359;32,57467923776019;41,75012291410997;51,52866748120371;4;111;0,0;6;2884,185804492418;10;2884,185804492402;46,24864614071157;33,930534293441205;0,0;0,0;78,18948977381952;0;0,0;0,0;0;0,0;13,144187434830716;0;0,0;2,1722984833437295;7;0,0;0,0;7;28,506125909420856;0,0;2;3,3531625126447278;0,0;0;0,0;0,0;0;0,0;0,0;1;0,0;29,584093889262142;0;0,0;1,3480663332749827;7;0,0;0,0;0;0,0;0,0;0;0,0;0,0;0;0,0;0,0;7;2,071245871375625;0,0;0;0,0;0,0;0;0,0;0,0;0;0,0;0,0;115,67485072062073;9,908333333333333;0,6043051291415531;4,216666666666667;2,811111111111111;17,97769338499999;4,216666666666667;6,743333333333333;2,1666666666666665;0,019559919018249477;16,278558098333335;8,726913064444437;6;735,3854174747806;0,8873844083484103;2;123,78970893835782;0,08109169707994122;3;330,0;0,25426175017145874;3;194,22536561482568;0,1363535433432809;3;275,4256125363931;0,21033157435600383;3;247,33029428273403;0,18559715205516952;0,7038786845695859;7;33,930534293441205;0,0;0,0;0,0;0;0,0;0;0,0;0;10,626102865392387;4;10,0;1;0,0;0;0,0;0;0,7192659705251572;1;0,0;0;0,0;0;0,0;0;0,0;0;5,883742807239832;7;0,0;0;0,0;0;0,0;0;6,701422650283833;1;0,0;0;115;111;7;0,030973451327433676;15,0;32;21,75;0,036036036036036036;3,9112702965697284;5,839421288719192;1,4487179487179487;0,01282051282051282;27,389864488593094;27,455312805823294;31,46393036666668;37,878527342920044;44,67919460930305;115;1,0;12,681046275106077;15,0;9;0,8888888888888888;14,807270627797536;17,27382536301469;32;1,0;13,057865403428936;15,0;17;0,8823529411764706;13,181312028395181;19,590371864273713;29;0,9310344827586207;11,919213764034593;15,013758127830588;24;0,9166666666666666;12,708702110649751;15,731690705060522;0,469793310388652;33,23219971052489;0,11784570088406363;0,21987195670901627;0,03650985569557909;0,04524557122000758;0,0;0,013792612151663212;0,037030853688502285;0,0;0,1223182119714898;0,0;0,042391999113200164;0,08403433849952015;0,006084975949263182;0,31853920556210386;191,48035073187;0,02839655442989485;0,16255447221180747;0,006084975949263182;0,26532502180317163;135,21764941498526;0,028599386961536955;0,21168618740976208;0,018254927847789544;0,2604007744292905;196,91148895228665;0,025556898986905364;0,18838743384039872;0,012169951898526364;20260920;"{""passenger_counts"":[20260920,49,1,1],""city_assignment"":[20260920,49,1,2],""arrival_terminal_processing"":[20260920,49,1,3],""terminal_access"":[20260920,49,1,4],""departure_terminal_earliness"":[20260920,49,1,5]}";2.3.5;3;1;8f38b22ba874a472c7f9dd8056478618439e8178333ec280d6327388e5654948;15;0,95;2026-07-30T20:43:31.204710+02:00;2026-08-01T00:06:54.716869+02:00;"{""aircraft_spec"":""1d92a29ff955ec8194720f659c80edf216b314fc10254dcf237d7a6f523202b4"",""config"":""5c5af6f01170832b87fb1c795dbef1c9b58dd19289f990c8ae34d12b57a05964"",""flight_schedule"":""5871c8897f25c6a4b84d5aaf40fda1a067670fa574cb675c9adf829ad9c940f9"",""vertiport_network"":""8f37a94965fd8b2b9be9143f587c88446d15875ef5cba00cefde590914bba9b3""}";447c2ea3db3a1c3ac6982c2f510127b41a47bddb47d4abdf6cb52599f7f2915e;5284708a4e20708767a1693e58dbbc8d35c89c96da62d588b514064df48719f6
low;n6;6;;50;completed;258;258;0;251;0,9728682170542635;12,3570413127133;15,0;23,869832465173626;17,964464196704604;0,03628336884191892;170;97;8998,170912583306;8709,676323963131;0,22828813208855342;14;-6230,482832545274;87896,79012231063;5207;3,54702933691442e-11;0,37941176470588234;0,36329588014981273;0,3360668925655642;0,3455189853815485;34,876631444121344;23,676505526323567;65,21510406975615;0,2527717212006052;1,6419512061166621;4,977943897998921;32,39962563674324;42,08462161505819;49,35985827250115;2;124;0,0;9;3188,1166586800314;9;3188,116658680022;65,2151040697561;23,676505526323428;0,0;0,0;84,1647119457896;0;0,0;0,0;0;0,0;35,602916648636075;0;0,0;0,7038628109664083;7;5,017945911928716;0,0;6;16,42794835640258;0,0;0;0,0;0,0;0;0,0;0,0;0;0,0;7,579122514774402e-15;0;0,0;17,688667466939886;2;0,22598377026915842;11,21965714321371;7;0,0;0,0;0;0,0;0,0;0;0,0;0,0;0;0,0;0,0;6;2,0046274877229733;0,0;0;0,0;0,0;0;0,0;0,0;0;0,0;0,0;103,48844959984163;11,041666666666666;0,6782627082514054;4,45;2,966666666666667;19,907075950000024;4,45;7,5633333333333335;2,3333333333333335;0,0;18,14113734222224;9,18260527444445;9;741,0814473108592;1,0228811852078525;2;45,0;0,030842621107611486;6;429,829516173081;0,3458089616174236;3;332,51257725438967;0,2538471360977411;3;197,0910594134218;0,16817256645643872;2;293,8698324651736;0,21066405418102171;0,6596713982108592;6;21,58544611290163;0,0;0,0;0,0;0;0,0;0;0,0;0;12,380972871856162;4;0,0;0;0,0;0;0,0;0;0,0;0;2,2450551322814136;1;0,0;0;0,0;0;0,0;0;5,446840854374386;6;0,0;0;0,0;0;0,0;0;1,512577254389665;1;0,0;0;134;124;7;0,027131782945736482;15,0;52;22,229251714895728;0,016129032258064516;2,2495688681989727;3,4838683977402978;1,5176470588235293;0,023529411764705882;26,146464709682196;27,247587575240473;33,23045008166671;37,96715063868978;43,073160390589145;134;0,9701492537313433;11,975250811000752;15,0;4;1,0;12,096382565163943;15,0;43;1,0;12,616300201704851;15,0;29;0,9655172413793104;13,732148659931342;15,0;24;0,9583333333333334;10,992795184974897;15,0;24;0,9583333333333334;13,770300645606655;15,0;0,4981958016146342;114,2900416710001;0,12982422220880444;0,2859484841674268;0,0573691325636288;0,06099565594325898;0,0;0,008074174212658868;0,03983584126390026;0,0;0,11978396416993947;0,0;0,042920610288344506;0,09407192247358896;0,012748696125250845;0,25219709145658575;44,63986469258719;0,04143326240706524;0,19867621039230954;0,0;0,24156758595121974;75,76054108213333;0,029959435894339484;0,165741364451257;0,019123044187876265;0,1885711960284799;53,98245585203761;0,03144678377561875;0,15924279204228695;0,0;20260920;"{""passenger_counts"":[20260920,50,1,1],""city_assignment"":[20260920,50,1,2],""arrival_terminal_processing"":[20260920,50,1,3],""terminal_access"":[20260920,50,1,4],""departure_terminal_earliness"":[20260920,50,1,5]}";2.3.5;3;1;d3d43695e1b42e268c8855071bc2b53cfacaca30433a23126768e25b2d17a424;15;0,95;2026-07-30T22:16:09.517167+02:00;2026-08-01T00:24:56.790122+02:00;"{""aircraft_spec"":""1d92a29ff955ec8194720f659c80edf216b314fc10254dcf237d7a6f523202b4"",""config"":""5c5af6f01170832b87fb1c795dbef1c9b58dd19289f990c8ae34d12b57a05964"",""flight_schedule"":""5871c8897f25c6a4b84d5aaf40fda1a067670fa574cb675c9adf829ad9c940f9"",""vertiport_network"":""8f37a94965fd8b2b9be9143f587c88446d15875ef5cba00cefde590914bba9b3""}";447c2ea3db3a1c3ac6982c2f510127b41a47bddb47d4abdf6cb52599f7f2915e;5284708a4e20708767a1693e58dbbc8d35c89c96da62d588b514064df48719f6
low;n6;6;;51;completed;263;263;0;250;0,9505703422053232;12,07292894412316;15,000000000000012;22,31926516451725;17,723724332580435;0,09133768650835536;171;101;9049,959312219426;8895,72931826038;0,23316807545578846;16;-10812,773908186879;88341,76655659688;5328;4,035882739117369e-11;0,3845029239766082;0,3713235294117647;0,33695589422044625;0,34903991288440056;34,410491681442686;39,79390904523875;55,909187164262676;0,21258246070061854;1,4577877617782353;5,628956424551871;32,50850093873913;42,673126614103495;52,55071024167167;4;135;0,0;8;3175,180312304391;9;3175,1803123043937;55,909187164262676;39,793909045238735;0,0;0,0;84,82165913433548;0;0,0;0,0;0;0,0;30,152818365816227;0;0,0;3,863531765786926;10;5,6722389454290045;0,0;12;30,225013282349998;0,0;2;0,0;0,0;0;0,0;0,0;0;0,0;0,0;0;0,0;17,059414202258935;3;0,0;4,83342283040059;13;0,0;0,0;1;0,0;0,0;0;0,0;0,0;0;0,0;0,0;12;3,8966568174597342;0,0;0;0,0;0,0;0;0,0;0,0;0;0,0;0,0;111,0928168428489;11,179166666666667;0,8213623245680198;4,533333333333333;3,0222222222222213;19,736999385000015;4,533333333333333;7,671666666666667;2,6666666666666665;0,0;18,09616768500001;9,196387255555555;8;694,448881850081;0,8639648807768954;1;60,0;0,036306960660854405;3;498,9793966841264;0,3793856969896922;3;309,6419234893399;0,23991938335875201;3;325,0625216299149;0,22363051646575577;4;231,86427613641223;0,17814500658063218;0,6722404218028032;12;36,30009826988401;0,0;0,0;0,0;0;0,0;0;0,0;0;17,385034854200786;4;0,0;0;0,0;0;0,0;0;0,0;0;1,7837061398097527;1;0,0;0;0,0;0;0,0;0;8,914188006865272;12;0,0;0;0,0;0;0,0;0;8,217169269008203;3;0,0;0;128;135;13;0,049429657794676785;15,0;36;21,75;0,02962962962962963;3,0826469196569937;5,898221589069241;1,5380116959064327;0,03508771929824561;27,542927906884376;26,59159426451043;31,46393036666668;38,11860504467449;43,890859512576704;128;0,9609375;11,154432386867805;15,0;4;1,0;15,0;15,0;51;0,9803921568627451;12,293403413047264;15,0;30;0,9333333333333333;13,216164558628522;16,277462078652437;26;0,8846153846153846;14,214090444912994;18,13946136177098;24;0,9166666666666666;12,266587683054489;17,969739159051507;0,5590172355572216;211,9447059315715;0,12223343422487645;0,2846632446754511;0,036306960660854405;0,04494078169996838;0,0;0,008068213480189868;0,038177425808685765;0,0060511601101424;0,14621422034298043;0,0;0,048812691555148696;0,11440930327226244;0,0121023202202848;0,1735368285114048;4,715798717742291;0,0332813806057832;0,1432066305444544;0,018153480330427203;0,20310594403745044;79,77625119185322;0,038525719367906615;0,1770684689212803;0,0242046404405696;0,11348143911307193;7,673517939172113;0,023397819092550617;0,09854745484406348;0,0;20260920;"{""passenger_counts"":[20260920,51,1,1],""city_assignment"":[20260920,51,1,2],""arrival_terminal_processing"":[20260920,51,1,3],""terminal_access"":[20260920,51,1,4],""departure_terminal_earliness"":[20260920,51,1,5]}";2.3.5;3;1;258b6bab8659fc7e426649686aa1528df2624992f04a4cfaa71ff6700fbe9e16;15;0,95;2026-07-30T20:59:47.226092+02:00;2026-08-01T00:32:21.766557+02:00;"{""aircraft_spec"":""1d92a29ff955ec8194720f659c80edf216b314fc10254dcf237d7a6f523202b4"",""config"":""5c5af6f01170832b87fb1c795dbef1c9b58dd19289f990c8ae34d12b57a05964"",""flight_schedule"":""5871c8897f25c6a4b84d5aaf40fda1a067670fa574cb675c9adf829ad9c940f9"",""vertiport_network"":""8f37a94965fd8b2b9be9143f587c88446d15875ef5cba00cefde590914bba9b3""}";447c2ea3db3a1c3ac6982c2f510127b41a47bddb47d4abdf6cb52599f7f2915e;5284708a4e20708767a1693e58dbbc8d35c89c96da62d588b514064df48719f6
low;n6;6;;52;completed;212;212;0;206;0,9716981132075472;12,770394914752558;15,0;24,23070434087325;18,171354537870435;0,022252085110951503;152;89;8035,512575980536;7850,256125911008;0,2279498074276213;13;-12468,91730588536;88554,55943825294;4632;3,717559593496844e-11;0,34868421052631576;0,36929460580912865;0,33346253938885223;0,3460348404486781;37,90336120745536;18,338867536934078;51,50344010098938;0,24294075519334615;1,3111215371247824;4,9174622024135415;32,133456412027925;40,746024213814664;49,62060779698816;1;98;0,0;10;2707,323721927543;11;2707,3237219275525;51,50344010098938;18,338867536934078;0,0;0,0;79,59779598833919;2;0,0;0,0;0;0,0;17,743203929130566;0;0,0;1,8274324741415815;6;10,973621179178735;0,0;4;6,3652463577553435;0,0;0;0,0;0,0;0;0,0;0,0;0;0,0;0,0;1;0,0;23,440422356998138;1;0,0;8,492381340719097;6;0,0;0,0;0;0,0;0,0;0;0,0;0,0;0;0,0;0,0;4;1,0;0,0;0;0,0;0,0;0;0,0;0,0;0;0,0;0,0;121,445196722457;9,483333333333333;0,5796033116636254;4,016666666666667;2,6777777777777776;17,566550095000018;4,016666666666667;6,42;2,1666666666666647;0,0;16,170861692222235;8,090132847222227;10;688,8770312137607;0,8577228787617341;3;90,0;0,08044828870838851;3;300,0;0,21953858990137368;2;240,0;0,1476162836462516;3;243,2174026810557;0,16283177315703598;2;225,86490837891338;0,13977955395858735;0,7212889556159744;4;8,42611119424173;0,0;0,0;0,2876540591144779;1;0,0;0;0,0;0;4,406904803153036;1;0,0;0;0,0;0;0,0;0;0,0;0;0,0;0;0,0;0;0,0;0;0,0;0;3,7315523319742168;4;0,0;0;0,0;0;0,0;0;0,0;0;0,0;0;114;98;6;0,028301886792452824;15,0;39;22,310797927225973;0,01020408163265306;2,1807043408732474;2,1807043408732474;1,394736842105263;0,019736842105263157;28,06207687337175;27,59133961878593;33,31491279332375;37,417143293962496;41,758392496569954;114;0,9649122807017544;12,668150189400786;15,0;10;1,0;13,545276372396017;15,0;28;1,0;13,201518828179964;15,0;19;1,0;13,081324735081774;15,0;23;0,9565217391304348;11,92016800633089;15,0;18;0,9444444444444444;13,075015295038309;15,129736256837008;0,49461191497533474;206,7635255283564;0,1100734241028308;0,23207324889045625;0,02375685412291312;0,08744660267842146;64,46799377836263;0,010888558139668514;0,06851115625476771;0,0;0,1702302274392806;29,43780663835811;0,03702109767487295;0,09038230949672678;0,017817640592184842;0,12631909157919322;9,863528425144613;0,02474672304470117;0,11147105775237252;0,01187842706145649;0,29914204492094904;212,51829357776734;0,02791430359442292;0,15228781503984928;0,00593921353072828;0,23052237990408997;133,95318085978963;0,02791430359442292;0,20899052613846145;0,017817640592184842;20260920;"{""passenger_counts"":[20260920,52,1,1],""city_assignment"":[20260920,52,1,2],""arrival_terminal_processing"":[20260920,52,1,3],""terminal_access"":[20260920,52,1,4],""departure_terminal_earliness"":[20260920,52,1,5]}";2.3.5;3;1;2eccd5241159e7ac8c4e13a8b2d039ca28cec6e07181d532826d84d47b59cf4b;15;0,95;2026-07-30T20:32:11.082694+02:00;2026-08-01T00:35:54.559438+02:00;"{""aircraft_spec"":""1d92a29ff955ec8194720f659c80edf216b314fc10254dcf237d7a6f523202b4"",""config"":""5c5af6f01170832b87fb1c795dbef1c9b58dd19289f990c8ae34d12b57a05964"",""flight_schedule"":""5871c8897f25c6a4b84d5aaf40fda1a067670fa574cb675c9adf829ad9c940f9"",""vertiport_network"":""8f37a94965fd8b2b9be9143f587c88446d15875ef5cba00cefde590914bba9b3""}";447c2ea3db3a1c3ac6982c2f510127b41a47bddb47d4abdf6cb52599f7f2915e;5284708a4e20708767a1693e58dbbc8d35c89c96da62d588b514064df48719f6
low;n6;6;;53;completed;251;251;0;244;0,9721115537848606;12,3728671701634;15,0;38,85498113350962;17,939966371041763;0,23494615792471263;164;92;8439,06429338887;8233,929937654753;0,23316807545579005;12;-9486,118500652356;88227,69564689521;5024;3,001332515850663e-11;0,3826219512195122;0,359375;0,3157125287311921;0,33120759517546217;33,621770093182754;53,4260303305262;45,59189942046933;0,1816410335476866;1,409625450051802;5,990410662789327;32,69306203094664;41,9929791174404;63,18019855711112;3;130;2,940099264394788;9;3105,589659711013;9;3105,589659710997;45,59189942046933;53,42603033052619;0,0;0,0;84,88346003757518;0;0,0;0,0;0;0,0;20,788233871826318;0;0,0;0,0;6;27,31041403476362;0,0;6;17,86019779250661;0,0;0;0,0;0,0;0;0,0;0,0;0;0,0;0,0;2;2,315319238861169;16,579704019643092;0;0,0;8,223961528999924;7;0,0;0,0;1;0,0;0,0;0;0,0;0,0;0;0,0;0,0;6;3,0;0,0;0;0,0;0,0;0;0,0;0,0;1;2,940099264394788;0,0;112,67015590705456;10,695833333333333;0,5669135944137781;4,266666666666667;2,8444444444444446;18,21067630000001;4,266666666666667;7,335000000000001;2,0;0,0;17,327381875555563;7,994405535555561;9;666,400877398448;0,8965844891525396;1;60,0;0,036842283063109285;3;448,1684749124857;0,3698889481676487;2;248,85498113350963;0,17950491085468911;2;243,80870813845613;0,16919894743595978;3;339,2124471819357;0,25493064334169313;0,6918376294487264;5;50,17174117558388;0,0;0,0;0,0;0;0,0;0;0,0;0;24,314590655216914;3;0,0;0;0,0;0;0,0;0;2,315319238861169;2;0,0;0;0,0;0;0,0;0;0,0;0;4,731241954050469;5;0,0;0;0,0;0;0,0;0;18,810589327455332;4;0,0;0;121;130;7;0,027888446215139417;15,0;36;22,107027520332302;0,023076923076923078;10,181000176737548;18,16619058064498;1,5304878048780488;0,024390243902439025;27,142726152096547;27,182943827066794;33,01337186666667;37,82171051301942;42,60077454035651;121;0,9834710743801653;12,067312691546162;15,0;4;1,0;15,0;15,0;52;0,9807692307692307;11,584378184770989;15,0;19;0,9473684210526315;15,386060963006306;17,385498113350913;22;0,9545454545454546;12,525056442210643;15,0;33;0,9393939393939394;12,580932072729766;18,454356899073886;0,5064623546636687;163,12094984483326;0,1148251155466906;0,2731894882266286;0,024561522042072854;0,04105974434018143;0,0;0,009210570765777321;0,035533401880715035;0,0;0,14944667597669625;0,0;0,05116983758765178;0,12377853156560586;0,03070190255259107;0,1887772084922784;84,24902785434193;0,028245750348383784;0,1520137087521782;0,006140380510518214;0,177768076837557;89,10020773485279;0,024561522042072854;0,12584414508574612;0,006140380510518214;0,30765832465356757;112,33090204649028;0,03397677215820078;0,18313344751050656;0,006140380510518214;20260920;"{""passenger_counts"":[20260920,53,1,1],""city_assignment"":[20260920,53,1,2],""arrival_terminal_processing"":[20260920,53,1,3],""terminal_access"":[20260920,53,1,4],""departure_terminal_earliness"":[20260920,53,1,5]}";2.3.5;3;1;d8ece3dea8ac33ac51532d4ed5e8456695beff79a604623b2b8d0b2e521b9fb6;15;0,95;2026-07-30T21:21:53.881499+02:00;2026-08-01T00:30:27.695647+02:00;"{""aircraft_spec"":""1d92a29ff955ec8194720f659c80edf216b314fc10254dcf237d7a6f523202b4"",""config"":""5c5af6f01170832b87fb1c795dbef1c9b58dd19289f990c8ae34d12b57a05964"",""flight_schedule"":""5871c8897f25c6a4b84d5aaf40fda1a067670fa574cb675c9adf829ad9c940f9"",""vertiport_network"":""8f37a94965fd8b2b9be9143f587c88446d15875ef5cba00cefde590914bba9b3""}";447c2ea3db3a1c3ac6982c2f510127b41a47bddb47d4abdf6cb52599f7f2915e;5284708a4e20708767a1693e58dbbc8d35c89c96da62d588b514064df48719f6
low;n6;6;;54;completed;238;238;0;230;0,9663865546218487;12,792202909628912;15,0;21,695610557983674;18,264687469830523;0,0;164;90;8413,065926444428;8194,650040973433;0,23316807545579155;14;-10478,217000991943;88992,51336033878;4939;1,5234036254696548e-11;0,3628048780487805;0,3543307086614173;0,3129683436945441;0,32757747010960603;35,34901649766566;26,273538337045526;30,95132532798325;0,13004758541169434;1,0546917275678909;2,9483535286883127;32,60059579669619;41,68031893350512;44,58567419824176;0;112;0,0;10;3044,544292491681;11;3044,54429249168;30,95132532798325;26,273538337045466;0,0;0,0;83,57976393681696;1;0,0;0,0;0;0,0;9,281268434019028;0;0,0;1,1859907557283198;7;8,105481421400206;0,0;6;17,16805691564526;0,0;0;0,0;0,0;0;0,0;0,0;0;0,0;0,0;2;0,0;12,919298619746526;4;0,0;7,564767518489377;8;0,0;0,0;0;0,0;0,0;0;0,0;0,0;0;0,0;0,0;6;1,0;0,0;0;0,0;0,0;0;0,0;0,0;0;0,0;0,0;115,84276854159368;10,425;0,4005276167217021;4,233333333333333;2,822222222222221;18,254134800000024;4,2333333333333325;7,096666666666665;2,3333333333333335;0,1432307550133899;17,38855848555557;7,921131870000006;10;730,509044594108;0,9524192774429725;1;90,0;0,054287326335941445;3;433,8539603020477;0,3069185364801507;3;319,29580449304945;0,21241516162589774;3;198,3659052107711;0,14307194287405792;3;231,69561055798368;0,16733408358235588;0,6987549088307142;6;18,547753242028072;0,0;0,0;0,0;0;0,0;0;0,0;0;5,467896098435267;2;0,0;0;0,0;0;0,0;0;0,1938136053853062;1;1,9302650254548401;2;0,0;0;0,0;0;0,0;0;5,260167954768986;6;0,0;0;0,0;0;0,0;0;5,695610557983673;1;0,0;0;126;112;8;0,03361344537815125;15,0;36;21,820698251603584;0,0;;;1,451219512195122;0,03048780487804878;27,63075843370298;28,024654793304386;33,211051010275135;37,748529425511975;42,67479426202914;126;0,9682539682539683;12,531460467918434;15,0;6;1,0;15,0;15,0;40;0,975;12,72058791046305;15,0;25;0,96;14,086060844498773;15,0;18;0,9444444444444444;13,17728764064549;15,504885781615663;23;0,9565217391304348;12,061480803102102;15,0;0,4633811106192402;147,27911824794327;0,11480764199193538;0,2402157250202612;0,03619155089062763;0,06568485603058748;0,0;0,010053208580729897;0,055728134261425144;0,006031925148437939;0,13195151727355373;0,0;0,043630925240367754;0,10474094754592107;0,012063850296875877;0,20203725628612992;21,724901295054586;0,03478410168932544;0,16205768671321857;0,0;0,3543756971835909;235,4213560287928;0,027746855682814497;0,20816289075542335;0,024127700593751755;0,26585735083030454;123,5142338023014;0,02432876476536635;0,15636285809028846;0,006031925148437939;20260920;"{""passenger_counts"":[20260920,54,1,1],""city_assignment"":[20260920,54,1,2],""arrival_terminal_processing"":[20260920,54,1,3],""terminal_access"":[20260920,54,1,4],""departure_terminal_earliness"":[20260920,54,1,5]}";2.3.5;3;1;6e457a7438829372c6311c2bd0f52cc0746217a2d1882f42a047fcc60d8eddb4;15;0,95;2026-07-30T21:05:21.782999+02:00;2026-08-01T00:43:12.513360+02:00;"{""aircraft_spec"":""1d92a29ff955ec8194720f659c80edf216b314fc10254dcf237d7a6f523202b4"",""config"":""5c5af6f01170832b87fb1c795dbef1c9b58dd19289f990c8ae34d12b57a05964"",""flight_schedule"":""5871c8897f25c6a4b84d5aaf40fda1a067670fa574cb675c9adf829ad9c940f9"",""vertiport_network"":""8f37a94965fd8b2b9be9143f587c88446d15875ef5cba00cefde590914bba9b3""}";447c2ea3db3a1c3ac6982c2f510127b41a47bddb47d4abdf6cb52599f7f2915e;5284708a4e20708767a1693e58dbbc8d35c89c96da62d588b514064df48719f6
low;n6;6;;55;completed;247;247;0;240;0,97165991902834;12,430541954494592;15,0;29,6253416276013;17,979882116370852;0,08326766713666321;167;97;8914,429712166644;8782,743891184995;0,23316807545578905;14;-10120,12177833149;90004,33358113;5158;-1,3642420526593924e-12;0,36976047904191617;0,36742424242424243;0,3431315646726475;0,3515479422624634;36,09080855128196;43,10535109382737;53,43701998343789;0,21634421045926272;1,3860559950250415;4,354750966765763;32,76362041035045;41,798155346603046;53,84187829535719;2;128;0,0;8;3070,3438627601636;9;3070,343862760176;53,437019983437885;43,10535109382737;0,0;0,0;87,76516744747289;1;0,0;0,0;0;0,0;30,07983269545554;0;0,0;1,4566274599116393;6;12,514912708561315;0,0;6;18,590438385266058;0,0;2;10,0;0,0;0;0,0;0,0;0;0,0;0,0;0;0,0;12,82433805181575;2;0,0;9,076221776254958;7;0,0;0,0;1;0,0;0,0;0;0,0;0,0;0;0,0;0,0;6;2,0;0,0;0;0,0;0,0;0;0,0;0,0;0;0,0;0,0;114,36579742380763;10,7125;0,6533078086277646;4,4;2,933333333333333;19,76415370000001;4,4;7,311666666666667;2,3333333333333335;0,0;17,7994839088889;9,298003124444442;8;783,9331666616264;0,8919992770008578;2;75,0;0,0535335668383977;4;408,0165838073818;0,31647852915348756;2;274,90708320034867;0,1964988898968205;3;270,0;0,19235931280756474;4;244,35198103902513;0,18904686733600173;0,6853418398924676;6;35,505144170574674;0,0;0,0;0,0;0;0,0;0;0,0;0;17,24737226814638;3;10,0;1;0,0;0;0,0;0;0,0;0;0,5373991171306746;1;0,0;0;0,0;0;0,0;0;5,350688702079666;6;0,0;0;0,0;0;0,0;0;2,3696840832179533;2;0,0;0;119;128;7;0,028340080971659964;15,0;41;21,959197181749925;0,015625;5,329130696746446;8,651427010328552;1,4790419161676647;0,03592814371257485;27,812348710961526;27,406007368220834;32,809639177403064;37,74452628545533;43,704436144511305;119;0,9747899159663865;12,508535264810128;15,0;8;1,0;11,166706714883125;15,0;44;0,9772727272727273;12,002742562294092;15,0;23;0,9130434782608695;14,256771253375321;16,949885816144945;25;1,0;12,839914285451805;15,0;28;0,9642857142857143;11,266794422279492;15,0;0,500566185243968;294,5490546931571;0,12104934759931947;0,2840440550954896;0,02996270980181175;0,07158053864294532;0,0;0,008988812940543526;0,05410957938119672;0,00599254196036235;0,1138728159659128;0,0;0,037753014350282804;0,0846117016056321;0,0119850839207247;0,17294776857267524;30,385389348619203;0,03655450595821033;0,13884214673097303;0,0119850839207247;0,2526247937269746;151,66091183942748;0,032159975187277944;0,17193279605498885;0,0;0,2862542271908003;246,95606198879491;0,02716619022030932;0,19156925509674005;0,0239701678414494;20260920;"{""passenger_counts"":[20260920,55,1,1],""city_assignment"":[20260920,55,1,2],""arrival_terminal_processing"":[20260920,55,1,3],""terminal_access"":[20260920,55,1,4],""departure_terminal_earliness"":[20260920,55,1,5]}";2.3.5;3;1;a0895e0e8f9da4eb0c4f18e8ff268b13b80f68faf0e0c1759cac52128a053786;15;0,95;2026-07-30T21:11:19.878222+02:00;2026-08-01T01:00:04.333581+02:00;"{""aircraft_spec"":""1d92a29ff955ec8194720f659c80edf216b314fc10254dcf237d7a6f523202b4"",""config"":""5c5af6f01170832b87fb1c795dbef1c9b58dd19289f990c8ae34d12b57a05964"",""flight_schedule"":""5871c8897f25c6a4b84d5aaf40fda1a067670fa574cb675c9adf829ad9c940f9"",""vertiport_network"":""8f37a94965fd8b2b9be9143f587c88446d15875ef5cba00cefde590914bba9b3""}";447c2ea3db3a1c3ac6982c2f510127b41a47bddb47d4abdf6cb52599f7f2915e;5284708a4e20708767a1693e58dbbc8d35c89c96da62d588b514064df48719f6
low;n6;6;;56;completed;242;242;0;229;0,9462809917355371;12,13210861890109;15,236411307676612;31,355734809873805;17,972296102237067;0,17068633848634807;152;89;8085,691205605542;7912,798878314836;0,23197955848396098;13;-10264,777364844545;89211,65014874894;4739;3,660716174636036e-11;0,3980263157894737;0,36929460580912865;0,338179672386423;0,34902913499482585;33,41194713060141;48,1985260937261;64,825370967306;0,2678734337491983;1,8996345103609042;6,201472241604885;32,733820756885294;42,38518349737603;61,71439124449365;2;119;0,0;10;2935,9702857740635;12;2935,9702857740444;64,825370967306;48,1985260937261;0,0;0,0;85,22494828396913;4;1,4065008053108614;0,0;0;0,0;30,144188027249584;0;0,0;5,062721257654387;13;21,135620750594533;0,0;9;23,42228650020673;0,0;0;0,0;0,0;0;0,0;0,0;0;0,0;0,0;2;0,0;20,131228755110595;3;0,0;9,487232927291432;13;0,0;0,0;1;0,0;0,0;0;0,0;0,0;0;0,0;0,0;9;2,234118037613977;0,0;0;0,0;0,0;0;0,0;0,0;0;0,0;0,0;117,2725860158766;10,108333333333333;0,7654096590020643;4,016666666666667;2,6777777777777776;17,799939070000004;4,016666666666667;6,97;2,1666666666666665;0,0;16,210880922222227;8,28350259222222;10;655,6676545474022;0,894149710259182;1;75,0;0,0452368476882131;4;368,27346170338984;0,3047869979639982;3;176,90313841378557;0,1268434433821776;2;256,3557348098738;0,17855284152861245;3;301,45303708364384;0,22128403430689422;0,7073389482137439;9;42,06571084275784;0,0;0,0;2,741970830906454;3;0,0;0;0,0;0;19,4782455943178;5;0,0;0;0,0;0;0,0;0;0,8307418808167616;2;2,92359285624334;3;0,0;0;0,0;0;0,0;0;8,248854008080647;9;0,0;0;0,0;0;0,0;0;7,842305672392831;3;0,0;0;123;119;13;0,05371900826446285;15,0;40;22,27881559889184;0,01680672268907563;10,15583713993771;15,50720705147869;1,5921052631578947;0,05921052631578947;27,63234097599819;27,876117898878604;33,30972317666659;37,75480774457288;43,374525640274;123;0,9349593495934959;12,052414476815466;16,29335085526539;5;1,0;15,0;15,0;47;1,0;10,75146159930902;15,0;15;0,8666666666666667;14,01992511242421;19,530409998291194;22;0,9545454545454546;13,45590818005088;15,0;30;0,9333333333333333;12,229191777025166;15,136869704444354;0,47604306961074294;263,3372278158251;0,10876948710810351;0,25770472351177964;0,030157898458808736;0,08404729291611454;0,0;0,009047369537642621;0,04220179963156279;0,0;0,12407915439466459;0,0;0,03799895205809901;0,08710542948152074;0,018094739075285242;0,21554834301326922;7,557343569117075;0,025734740018183454;0,15679985399537785;0,012063159383523495;0,29468629674631647;198,7460433556058;0,030358951115200795;0,2106725834281072;0,006031579691761747;0,2862110711989012;211,0344737083471;0,030358951115200795;0,1851239353496701;0,012063159383523495;20260920;"{""passenger_counts"":[20260920,56,1,1],""city_assignment"":[20260920,56,1,2],""arrival_terminal_processing"":[20260920,56,1,3],""terminal_access"":[20260920,56,1,4],""departure_terminal_earliness"":[20260920,56,1,5]}";2.3.5;3;1;9e2996aeb831d5faa2fa8c3adde37aa96a667409ddc68899a53e2b87862c08fe;15;0,95;2026-07-30T21:08:55.222635+02:00;2026-08-01T00:46:51.650149+02:00;"{""aircraft_spec"":""1d92a29ff955ec8194720f659c80edf216b314fc10254dcf237d7a6f523202b4"",""config"":""5c5af6f01170832b87fb1c795dbef1c9b58dd19289f990c8ae34d12b57a05964"",""flight_schedule"":""5871c8897f25c6a4b84d5aaf40fda1a067670fa574cb675c9adf829ad9c940f9"",""vertiport_network"":""8f37a94965fd8b2b9be9143f587c88446d15875ef5cba00cefde590914bba9b3""}";447c2ea3db3a1c3ac6982c2f510127b41a47bddb47d4abdf6cb52599f7f2915e;5284708a4e20708767a1693e58dbbc8d35c89c96da62d588b514064df48719f6
low;n6;6;;57;completed;242;242;0;241;0,9958677685950413;12,356204105593397;15,0;16,470264163131166;17,906225884671084;0,0;159;98;8559,137145836092;8317,58294656551;0,23316807545578794;13;-10092,584965504757;88095,9831567791;5008;1,3642420526593924e-12;0,3805031446540881;0,38132295719844356;0,3549038734884009;0,3641841378799731;35,36833531337228;1,470264163131166;42,10527053680106;0,17398872122645065;1,2552562500720825;3,5169527403308165;33,30929531830901;41,85574346855667;44,90889583069899;0;141;0,0;8;2990,2013935536015;9;2990,2013935536047;42,10527053680106;1,470264163131166;0,0;0,0;90,45664905274019;0;0,0;0,0;0;0,0;11,111361455151716;0;0,0;0,0;0;0,0;0,0;1;1,470264163131166;0,0;1;0,0;0,0;0;0,0;0,0;0;0,0;0,0;0;0,0;16,694200021890115;0;0,0;14,299709059759229;1;0,0;0,0;0;0,0;0,0;0;0,0;0,0;0;0,0;0,0;1;0,0;0,0;0;0,0;0,0;0;0,0;0,0;0;0,0;0,0;113,42362625799663;10,341666666666667;0,5198009419213883;4,283333333333333;2,8555555555555556;18,68696411500001;4,283333333333333;7,086666666666667;2,1666666666666665;0,0;16,660157736666672;9,165695267222228;8;619,0147998467789;0,7703438427547296;2;120,0;0,07415274248537015;3;458,3281687156968;0,364650496266025;3;301,47026416313116;0,21745355149197457;3;269,8400074860243;0,20154989078572597;2;255,0;0,19906915203196474;0,6930967327076554;1;1,470264163131166;0,0;0,0;0,0;0;0,0;0;0,0;0;0,0;0;0,0;0;0,0;0;0,0;0;0,0;0;0,0;0;0,0;0;0,0;0;0,0;0;1,0;1;0,0;0;0,0;0;0,0;0;0,4702641631311659;1;0,0;0;101;141;1;0,004132231404958664;15,0;42;21,75;0,0;;;1,5220125786163523;0,025157232704402517;27,274602256189958;27,512144717499055;31,96774706753737;37,461864188392745;42,627345386158716;101;1,0;12,481676383152589;15,0;9;1,0;13,483243716627664;15,0;53;1,0;11,259279903597864;15,0;28;0,9642857142857143;12,709198127441848;15,0;26;1,0;12,685830244521235;15,0;25;1,0;13,030876663557232;15,0;0,48266721738987667;200,68518543358425;0,12038061279475423;0,2908745454537659;0,04888552803847888;0,0654956076539728;0,0;0,010184485008016431;0,05938491664916295;0,0;0,1288066807990329;0,0;0,044811734035272305;0,10403458012212431;0,0;0,2321936531670216;34,56308510541615;0,03259035202565258;0,17600179712792596;0,018332073014429576;0,2289571656174906;47,47063342122225;0,02709073012132371;0,17124406721350746;0,00611069100480986;0,2942971368666029;137,16202761166133;0,026683350721003054;0,17093431747931612;0,00611069100480986;20260920;"{""passenger_counts"":[20260920,57,1,1],""city_assignment"":[20260920,57,1,2],""arrival_terminal_processing"":[20260920,57,1,3],""terminal_access"":[20260920,57,1,4],""departure_terminal_earliness"":[20260920,57,1,5]}";2.3.5;3;1;499ec7deb6b2d3c98f3dd2798f2f410ead0ab4d43ddddcd131daf7f3589badfc;15;0,95;2026-07-30T21:11:47.415034+02:00;2026-08-01T00:28:15.983157+02:00;"{""aircraft_spec"":""1d92a29ff955ec8194720f659c80edf216b314fc10254dcf237d7a6f523202b4"",""config"":""5c5af6f01170832b87fb1c795dbef1c9b58dd19289f990c8ae34d12b57a05964"",""flight_schedule"":""5871c8897f25c6a4b84d5aaf40fda1a067670fa574cb675c9adf829ad9c940f9"",""vertiport_network"":""8f37a94965fd8b2b9be9143f587c88446d15875ef5cba00cefde590914bba9b3""}";447c2ea3db3a1c3ac6982c2f510127b41a47bddb47d4abdf6cb52599f7f2915e;5284708a4e20708767a1693e58dbbc8d35c89c96da62d588b514064df48719f6
low;n6;6;;58;completed;256;256;0;244;0,953125;12,215392777802435;15,000000000000016;26,736571352712296;17,919637848309783;0,08771138114227377;159;97;8493,032193738869;8374,253509904109;0,22583490844874682;13;3191,1704838066908;89218,15748727233;5039;3,444711182964966e-11;0,4025157232704403;0,37890625;0,3494777204500949;0,35985504065422574;33,17590700679246;35,65823736891477;57,28673804988157;0,22377632050734989;1,5955953086975871;4,282272614962979;32,63350439316851;42,6363054714403;52,74077676452107;3;127;0,0;9;3127,1405511174235;13;3127,1405511174607;57,28673804988157;35,658237368914705;0,0;0,0;80,3662392926543;1;0,0;0,0;0;0,0;41,36817227669611;0;0,0;0,0;12;8,41142036059003;0,0;11;19,304911695644964;0,0;3;5,729004314303044;0,0;0;0,0;0,0;0;0,0;0,0;2;0,0;8,140950284062212;1;0,0;7,7776154891232485;12;0,0;0,0;1;0,0;0,0;0;0,0;0,0;0;0,0;0,0;11;2,2129009983766688;0,0;0;0,0;0,0;0;0,0;0,0;0;0,0;0,0;92,74479842747252;10,633333333333333;0,6507123438597228;4,266666666666667;2,8444444444444446;18,461689790000005;4,266666666666666;7,343333333333334;2,1666666666666665;0,0;16,63567673666667;8,937124164444445;9;752,3074925259606;1,1095223795594498;1;75,0;0,05230916665509529;3;394,7230340513476;0,3840626979680625;3;252,32688601447504;0,22940824193379059;3;251,6240772589065;0,21487434331816033;3;217,94591260784256;0,19086472046287933;0,6468537489781172;11;29,92923305461166;0,0;0,0;0,0;0;0,0;0;0,0;0;21,62769732300767;6;0,0;0;0,0;0;0,0;0;0,006274599591173076;1;0,0;0;0,0;0;0,0;0;0,0;0;8,29526113201282;11;0,0;0;0,0;0;0,0;0;0,0;0;0,0;0;129;127;12;0,046875;15,0;43;22,47728623808574;0,023622047244094488;3,713115135022923;7,036571352712296;1,610062893081761;0,018867924528301886;23,896385278740453;27,458185521545765;33,01337186666667;37,89032434938373;44,0378559401025;129;0,9689922480620154;12,331895003412797;15,0;5;1,0;15,0;15,0;47;0,9787234042553191;11,716225789579594;15,0;26;0,9230769230769231;12,65083323546545;15,442735996322064;27;0,9259259259259259;11,410489098771352;15,704311790323068;22;0,8636363636363636;12,439027899000168;17,079221488405953;0,4027337705688876;67,17794133831248;0,1350738925627127;0,28212643298682494;0,05579644443210164;0,038779904304052586;0,0;0,013484140737757895;0,030759165416937972;0,006974555554012705;0,17655220441820108;0,0;0,05044928517402519;0,1012992328419525;0,006974555554012705;0,23263866597617988;36,68280519936609;0,035337748140331034;0,16813603768624374;0,006974555554012705;0,24315009056931547;111,04699305255038;0,03161798517819093;0,19709185509642213;0,0;0,38904885693787095;325,623302148348;0,03161798517819093;0,23659157899709038;0,01394911110802541;20260920;"{""passenger_counts"":[20260920,58,1,1],""city_assignment"":[20260920,58,1,2],""arrival_terminal_processing"":[20260920,58,1,3],""terminal_access"":[20260920,58,1,4],""departure_terminal_earliness"":[20260920,58,1,5]}";2.3.5;3;1;1aecd79eaf4ba80e9d94d2ca618fd493b8c50c0f1c7ca5087a9b1f67eff1ecd0;15;0,95;2026-07-31T00:53:11.170484+02:00;2026-08-01T00:46:58.157487+02:00;"{""aircraft_spec"":""1d92a29ff955ec8194720f659c80edf216b314fc10254dcf237d7a6f523202b4"",""config"":""5c5af6f01170832b87fb1c795dbef1c9b58dd19289f990c8ae34d12b57a05964"",""flight_schedule"":""5871c8897f25c6a4b84d5aaf40fda1a067670fa574cb675c9adf829ad9c940f9"",""vertiport_network"":""8f37a94965fd8b2b9be9143f587c88446d15875ef5cba00cefde590914bba9b3""}";447c2ea3db3a1c3ac6982c2f510127b41a47bddb47d4abdf6cb52599f7f2915e;5284708a4e20708767a1693e58dbbc8d35c89c96da62d588b514064df48719f6
low;n6;6;;59;completed;261;261;0;253;0,9693486590038314;12,445126433836858;15,0;23,90663612521736;18,06651110321625;0,03849571029579798;176;101;9308,100677380526;9098,122162368803;0,23707805107198435;15;-9210,951888743826;88198,95760071477;5397;3,61524143954739e-11;0,37073863636363635;0,36462093862815886;0,3411061977419189;0,3492926994139901;35,66322098613228;27,063798044981308;70,43139870802162;0,26985210232958473;1,5384953670567483;5,764431892142602;32,55269105113762;42,189139782605466;50,318782939384256;1;130;0,0;8;3248,17799923142;10;3248,1779992314014;70,4313987080216;27,063798044981226;0,0;0,0;90,27495950275764;0;0,0;0,0;0;0,0;32,71435779125992;0;0,0;1,9442555056069977;7;12,245153958490967;0,0;5;13,818644086490258;0,0;0;0,0;0,0;0;0,0;0,0;0;0,0;0,0;0;0,0;30,407378351299243;0;0,0;5,365407059855443;8;0,0;0,0;2;0,0;0,0;0;0,0;0,0;0;0,0;0,0;5;1,0;0,0;0;0,0;0,0;0;0,0;0,0;0;0,0;0,0;107,10172568747015;11,304166666666665;0,8908902536066152;4,600000000000002;3,077777777777778;20,52670405500002;4,616666666666666;7,718333333333334;2,499999999999999;0,013584708576235142;18,594739838888902;9,626408660555564;8;724,8579551517255;0,9954596754757931;2;75,0;0,04659990546061723;3;436,98719195927913;0,34828016216975366;3;259,66351395459765;0,19523696630010373;3;229,980573061593;0,17953090729773705;3;317,9390937660266;0,23561983469533865;0,6596971062727065;5;17,782334245040904;0,0;0,0;0,0;0;0,0;0;0,0;0;8,970218608063806;2;0,0;0;0,0;0;0,0;0;0,0;0;0,0;0;0,0;0;0,0;0;0,0;0;5,0;5;0,0;0;0,0;0;0,0;0;3,812115636977099;3;0,0;0;131;130;8;0,03065134099616862;15,0;54;22,019424705689776;0,007692307692307693;5,004442338453737;5,004442338453737;1,4829545454545454;0,028409090909090908;27,05830819151628;27,242115804043657;32,18452451623731;37,904116877055394;43,2788235838524;131;1,0;12,336849476908759;15,0;6;1,0;12,609146036489033;15,0;45;0,9555555555555556;12,56516261997395;15,0;24;0,875;13,20695501131221;16,315400300011124;23;0,9130434782608695;12,672528572777498;15,691550006730393;32;0,96875;11,95401394353861;15,0;0,4413840739731516;154,7555582643999;0,13058219709542507;0,2604649210055357;0,0492763007907264;0,05989398754507392;0,0;0,01129248559787481;0,053118496186349035;0,0;0,1406588157345777;0,0;0,043116763191885635;0,11718915837700056;0,018478612796522416;0,22931687770051112;44,74749839465668;0,03387745679362443;0,19050259201355113;0,006159537598840806;0,2987196325558466;197,85204621227282;0,03449341055350851;0,2237702357196908;0,018478612796522416;0,2851119730155643;96,38675894596757;0,031003005914165386;0,18499161818300172;0,0;20260920;"{""passenger_counts"":[20260920,59,1,1],""city_assignment"":[20260920,59,1,2],""arrival_terminal_processing"":[20260920,59,1,3],""terminal_access"":[20260920,59,1,4],""departure_terminal_earliness"":[20260920,59,1,5]}";2.3.5;3;1;3659be446e345d010ea0d341b6e000f77ce5332ca27bcc4b549d65cb63577e91;15;0,95;2026-07-30T21:26:29.048111+02:00;2026-08-01T00:29:58.957601+02:00;"{""aircraft_spec"":""1d92a29ff955ec8194720f659c80edf216b314fc10254dcf237d7a6f523202b4"",""config"":""5c5af6f01170832b87fb1c795dbef1c9b58dd19289f990c8ae34d12b57a05964"",""flight_schedule"":""5871c8897f25c6a4b84d5aaf40fda1a067670fa574cb675c9adf829ad9c940f9"",""vertiport_network"":""8f37a94965fd8b2b9be9143f587c88446d15875ef5cba00cefde590914bba9b3""}";447c2ea3db3a1c3ac6982c2f510127b41a47bddb47d4abdf6cb52599f7f2915e;5284708a4e20708767a1693e58dbbc8d35c89c96da62d588b514064df48719f6
low;n6;6;;60;completed;250;250;0;246;0,984;12,15432689378523;15,0;18,855743478289394;17,62010489960427;0,0;165;94;8606,300009580531;8428,769222938923;0,22728537642409868;13;-8239,731211795799;89002,07506625066;5078;1,2391865311656147e-11;0,3787878787878788;0,36293436293436293;0,33375593987729313;0,3440286388044692;34,425200038322124;5,543002142263473;33,94450145476085;0,1357780058190434;0,8782914173543369;4,217512673899909;32,15737317825532;41,58147224547477;44,18573004232518;0;127;0,0;8;3038,581723446308;10;3038,5817234463266;33,94450145476085;5,543002142263413;0,0;0,0;85,93344062727847;0;0,0;0,0;0;0,0;15,306653414105918;0;0,0;3,1551091605056474;3;0,0;0,0;4;4,9141314306407065;0,0;1;0,0;0,0;0;0,0;0,0;0;0,0;0,0;1;0,0;10,631722637946677;1;0,0;4,851016242202604;4;0,0;0,0;0;0,0;0,0;0;0,0;0,0;0;0,0;0,0;4;0,6288707116227064;0,0;0;0,0;0,0;0;0,0;0,0;0;0,0;0,0;111,23965457498116;10,708333333333334;0,36863297565203995;4,316666666666666;2,8777777777777778;18,74194513500002;4,316666666666666;7,333333333333333;2,1666666666666665;0,0;17,279965498333347;8,656424081111119;8;710,3542736941585;0,9060168297791055;2;105,27258344590703;0,06988177838696745;3;378,8557434782894;0,30216581730596265;3;270,0;0,20394272027285604;3;195,520251282329;0,14381528879461863;3;330,0;0,24903890735576398;0,6863693230270336;4;5,543002142263413;0,0;0,0;0,0;0;0,0;0;0,0;0;0,0;0;0,0;0;0,0;0;0,0;0;0,0;0;0,0;0;0,0;0;0,0;0;0,0;0;2,6872586639740197;4;0,0;0;0,0;0;0,0;0;2,855743478289393;1;0,0;0;123;127;4;0,016000000000000014;15,0;37;21,75;0,0;;;1,5151515151515151;0,024242424242424242;27,011612855012903;26,97597018936744;32,170034946828125;37,17558237221759;42,07300644763826;123;0,991869918699187;11,938036998106986;15,0;8;0,875;14,157146575564298;15,177179239839571;41;0,975609756097561;11,9443698659813;15,0;27;1,0;12,241826232463508;15,0;20;0,95;11,654048710656342;15,026012564116451;31;1,0;13,019888809024494;15,0;0,49341515373159195;179,01002805718932;0,12052429349665357;0,2708493703378375;0,037021114043340686;0,06703922512078789;0,0;0,015425464184725285;0,04397976602641254;0,01234037134778023;0,0901195699887221;0,0;0,04257428114984179;0,07038911426868506;0,0;0,2528094398822737;59,770120689268516;0,032907656927413945;0,1985907771266152;0,018510557021670343;0,27236106097150004;97,09112208927023;0,024886415551356796;0,16923564940794167;0,006170185673890115;0,26720865460665455;150,17048206052283;0,030028236946265222;0,22554332068770533;0,006170185673890115;20260920;"{""passenger_counts"":[20260920,60,1,1],""city_assignment"":[20260920,60,1,2],""arrival_terminal_processing"":[20260920,60,1,3],""terminal_access"":[20260920,60,1,4],""departure_terminal_earliness"":[20260920,60,1,5]}";2.3.5;3;1;0cc66f2bb12e9ab8bea20cdb9f26cd89f6156b1e5456c414b715be8dc55c58a9;15;0,95;2026-07-30T21:42:40.268788+02:00;2026-08-01T00:43:22.075066+02:00;"{""aircraft_spec"":""1d92a29ff955ec8194720f659c80edf216b314fc10254dcf237d7a6f523202b4"",""config"":""5c5af6f01170832b87fb1c795dbef1c9b58dd19289f990c8ae34d12b57a05964"",""flight_schedule"":""5871c8897f25c6a4b84d5aaf40fda1a067670fa574cb675c9adf829ad9c940f9"",""vertiport_network"":""8f37a94965fd8b2b9be9143f587c88446d15875ef5cba00cefde590914bba9b3""}";447c2ea3db3a1c3ac6982c2f510127b41a47bddb47d4abdf6cb52599f7f2915e;5284708a4e20708767a1693e58dbbc8d35c89c96da62d588b514064df48719f6
low;n6;6;;61;completed;242;242;0;234;0,9669421487603306;12,893483680105176;15,0;28,65527407069967;18,255580731336853;0,11183592005119451;175;92;8958,370531833312;8788,493231548757;0,23707805107198615;14;-10944,518164317491;88700,4720423454;5208;6,707523425575346e-12;0,3457142857142857;0,3445692883895131;0,31286779290150474;0,32392133450586225;37,018060048897986;38,477627493971525;54,127486398065926;0,2236672991655617;1,5754317586923081;5,496129012059707;32,89766068374705;42,904061940298355;53,41808992253488;4;127;0,0;7;3120,2230505854523;9;3120,2230505854573;54,127486398065926;38,477627493971525;0,0;0,0;87,0407242282383;0;0,0;0,0;0;0,0;32,35455880169017;0;0,0;0,0;6;9,83764815303354;0,0;8;20,258841736905016;0,0;1;4,620441041475108;0,0;0;0,0;0,0;0;0,0;0,0;2;0,7606965625578596;15,238879176266831;0;0,0;6,534048420108927;8;0,0;0,0;1;0,0;0,0;0;0,0;0,0;0;0,0;0,0;8;3,0;0,0;0;0,0;0,0;0;0,0;0,0;0;0,0;0,0;113,2210923227627;10,875;0,7036001216753155;4,45;2,966666666666667;19,72195790000002;4,45;7,3533333333333335;2,3333333333333335;0,0;18,647822996111124;8,490801570555561;7;744,3948198598822;0,836368148603986;2;105,0;0,0749117463776892;3;362,3555705251566;0,26911429484472515;3;347,26312281070653;0,24321761184022833;3;356,53807855369655;0,2521732311310885;2;301,0286725136831;0,2030187349265621;0,6817468219201575;8;38,477627493971525;0,0;0,0;0,0;0;0,0;0;0,0;0;18,103695719665364;4;10,0;1;0,0;0;0,0;0;1,7955172361791483;2;0,0;0;0,0;0;0,0;0;0,0;0;7,205016095143582;8;0,0;0;0,0;0;0,0;0;1,3733984429834285;1;0,0;0;115;127;8;0,03305785123966942;15,0;38;22,60745344603446;0,031496062992125984;3,550790461625426;6,838078553696565;1,3828571428571428;0,011428571428571429;27,679163946295247;26,93070612374337;33,02182014139197;38,30080851367164;43,87182550733813;115;1,0;12,078245793740429;15,0;9;1,0;13,823296729942323;15,0;36;0,9722222222222222;12,414764478831309;15,0;31;0,9354838709677419;13,029793844036284;15,114151068542622;28;0,9285714285714286;14,957023301452292;18,455054936235722;23;0,8695652173913043;14,65927525617853;17,23372999449092;0,4871037698520848;219,92843556923023;0,12163180481891984;0,26480668707623206;0,042149635333289054;0,06420432320921882;0,0;0,01103919020633761;0,05744398445929492;0,0;0,14219104825353873;0,0;0,03913894709519698;0,10367296773395868;0,0;0,21256052051746874;59,14990299123862;0,03552612120948649;0,1509594048071058;0,006021376476184151;0,2783768000215672;174,55514076250304;0,032314720422188276;0,17007605268089507;0,018064129428552452;0,20892932350325374;55,18364650805397;0,02830046943806551;0,19206946936993816;0,018064129428552452;20260920;"{""passenger_counts"":[20260920,61,1,1],""city_assignment"":[20260920,61,1,2],""arrival_terminal_processing"":[20260920,61,1,3],""terminal_access"":[20260920,61,1,4],""departure_terminal_earliness"":[20260920,61,1,5]}";2.3.5;3;1;53a54501e1db0b8901f3f8350fc922452dc1f5066d1976d81d7c7578fdab419b;15;0,95;2026-07-30T20:57:35.481836+02:00;2026-08-01T00:38:20.472042+02:00;"{""aircraft_spec"":""1d92a29ff955ec8194720f659c80edf216b314fc10254dcf237d7a6f523202b4"",""config"":""5c5af6f01170832b87fb1c795dbef1c9b58dd19289f990c8ae34d12b57a05964"",""flight_schedule"":""5871c8897f25c6a4b84d5aaf40fda1a067670fa574cb675c9adf829ad9c940f9"",""vertiport_network"":""8f37a94965fd8b2b9be9143f587c88446d15875ef5cba00cefde590914bba9b3""}";447c2ea3db3a1c3ac6982c2f510127b41a47bddb47d4abdf6cb52599f7f2915e;5284708a4e20708767a1693e58dbbc8d35c89c96da62d588b514064df48719f6
low;n6;6;;62;completed;256;256;0;243;0,94921875;12,52458533706302;15,024614383306597;35,294104895915616;18,366164579652846;0,5976565272380446;161;94;8507,323151616647;8277,79471221992;0,2268648856318459;13;-8766,188411484345;87700,24785119332;5047;2,2737367544323206e-11;0,39751552795031053;0,3686274509803922;0,3328130948945828;0,34537177094954224;33,23173106100253;109,11754561843216;77,44428610299671;0,3025167425898309;2,028119673813937;6,216911558827148;33,40075624198903;43,517126126438285;64,3532044134509;9;134;0,0;10;3206,293846288134;13;3206,293846288156;77,44428610299671;109,11754561843215;0,0;0,0;81,14603090800551;2;2,9947688777978327;0,0;0;0,0;52,517418196994576;0;0,0;1,420915969403965;12;55,9542131235401;0,0;9;28,7567242840636;0,0;4;16,00733293705877;0,0;0;0,0;0,0;0;0,0;0,0;2;0,4045063959718391;17,99782096149332;0;0,0;5,508130975104844;13;0,0;0,0;2;0,0;0,0;0;0,0;0,0;0;0,0;0,0;9;5,0;0,0;0;0,0;0,0;0;0,0;0,0;0;0,0;0,0;109,62836782045316;10,7;0,9620093540101707;4,25;2,8333333333333335;18,610349930000037;4,25;7,376666666666667;2,1666666666666665;0,0;17,14248901722224;8,551194246111127;10;730,9773810853728;0,9346510521474294;1;45,0;0,027989009489766084;4;434,6944194935773;0,3974146661002727;4;282,6341585313699;0,21910822048396392;3;231,23474036777407;0,20267105023791837;3;283,5255582720001;0,21241019911258663;0,6818643171720512;9;82,3908454186169;0,0;0,0;2,301789466810078;2;0,0;0;0,0;0;47,21777741220321;7;10,0;1;0,0;0;0,0;0;0,8111811867365759;2;0,0;0;0,0;0;0,0;0;0,0;0;8,365125304298878;9;0,0;0;0,0;0;0,0;0;13,694972048568161;3;0,0;0;122;134;13;0,05078125;15,0;50;23,285910869593074;0,06716417910447761;8,898441627766442;19,46101645474276;1,5900621118012421;0,043478260869565216;26,796232295188236;27,5399644850821;33,011832584674245;38,73670097588937;50,03470983618001;122;0,9672131147540983;12,317275430303901;15,0;3;1,0;15,0;15,0;52;0,9230769230769231;12,287556588851052;18,726115421841218;27;0,8888888888888888;13,047277275274707;27,341885364713793;25;0,96;13,033969300044063;15,0;27;0,9629629629629629;12,648428971751239;15,0;0,46111770757503706;61,39333872277336;0,11630988387969461;0,2436684421776086;0,031098899433073427;0,08710925609464167;0,0;0,008915017837481049;0,057483640813881305;0,0;0,12599624373131568;0,0;0,043953111198743774;0,09813164235662362;0,01243955977322937;0,2649325262257461;44,870851783254814;0,028403661482207063;0,14895078865251704;0,01243955977322937;0,3201060646127908;227,6642409786935;0,03337948539149881;0,20750306285963174;0,018659339659844055;0,21307937975609156;71,64283330734446;0,03337948539149881;0,17292524918857874;0,006219779886614685;20260920;"{""passenger_counts"":[20260920,62,1,1],""city_assignment"":[20260920,62,1,2],""arrival_terminal_processing"":[20260920,62,1,3],""terminal_access"":[20260920,62,1,4],""departure_terminal_earliness"":[20260920,62,1,5]}";2.3.5;3;1;1065296dd50387f054daa5118157aca28ddae60ceaf499cd9fb530a6fda4b51d;15;0,95;2026-07-30T21:33:53.811589+02:00;2026-08-01T00:21:40.247851+02:00;"{""aircraft_spec"":""1d92a29ff955ec8194720f659c80edf216b314fc10254dcf237d7a6f523202b4"",""config"":""5c5af6f01170832b87fb1c795dbef1c9b58dd19289f990c8ae34d12b57a05964"",""flight_schedule"":""5871c8897f25c6a4b84d5aaf40fda1a067670fa574cb675c9adf829ad9c940f9"",""vertiport_network"":""8f37a94965fd8b2b9be9143f587c88446d15875ef5cba00cefde590914bba9b3""}";447c2ea3db3a1c3ac6982c2f510127b41a47bddb47d4abdf6cb52599f7f2915e;5284708a4e20708767a1693e58dbbc8d35c89c96da62d588b514064df48719f6
low;n6;6;;63;completed;218;218;0;216;0,9908256880733946;11,939050582659702;15,0;15,631870993554184;17,48450126664994;0,0;142;66;6886,250897722211;6774,674918481023;0,23316807545579016;12;-10526,237657595097;89165,56331557293;4161;-8,86757334228605e-12;0,38380281690140844;0,3173076923076923;0,27463333109072996;0,2897128325010011;31,588306870285372;0,8595773014453394;22,408249109872244;0,10279013353152405;0,7409305256112914;2,84078477594497;32,009067792262506;41,33144123282282;43,836734726723144;0;106;0,0;7;2602,7130270198154;9;2602,713027019801;22,408249109872212;0,8595773014453395;0,0;0,0;84,46309284883388;0;0,0;0,0;0;0,0;7,766547769633811;0;0,0;0,0;2;0,0;0,0;2;0,8595773014453395;0,0;0;0,0;0,0;0;0,0;0,0;0;0,0;0,0;1;0,0;12,941012646630876;0;0,0;1,700688693607526;2;0,0;0,0;0;0,0;0,0;0;0,0;0,0;0;0,0;0,0;2;0,0;0,0;0;0,0;0,0;0;0,0;0,0;0;0,0;0,0;124,10524005987719;9,275;0,23154808429216145;3,466666666666667;2,311111111111111;14,933435700000022;3,466666666666667;6,363333333333333;2,0;0,0;15,02322392944446;5,687989548333338;7;650,6783753801424;0,81257440538114;1;45,227706307891154;0,02722051715370103;3;293,8027966960673;0,23774277118691728;3;240,63187099355417;0,18593859892525952;3;240,0;0,1690924912438315;4;174,25182329657133;0,13388683328894285;0,7469334820821224;2;0,8595773014453395;0,0;0,0;0,0;0;0,0;0;0,0;0;0,0;0;0,0;0;0,0;0;0,0;0;0,0;0;0,0;0;0,0;0;0,0;0;0,0;0;0,8595773014453395;2;0,0;0;0,0;0;0,0;0;0,0;0;0,0;0;112;106;2;0,00917431192660545;15,0;26;21,75;0,0;;;1,5352112676056338;0,035211267605633804;27,692166936991118;26,93371191444004;32,116298387398196;37,37170796505606;42,91154485891526;112;1,0;12,054613972789726;15,0;3;0,6666666666666666;15,075902102630385;15,20493567710204;33;1,0;11,970204559583626;15,0;26;0,9615384615384616;11,882406280311978;15,0;22;1,0;12,770556805406974;15,0;22;1,0;10,111681467552286;15,0;0,5334209914694783;253,78734446248347;0,09248503798704125;0,25576596947253805;0,012037098219571529;0,07148936849080009;0,0;0,010030915182976274;0,04733524420131696;0,0;0,1375151614781527;0,0;0,03250016519284313;0,0827309624136481;0,024074196439143058;0,20476189542493897;54,04927148577032;0,02668223438671689;0,1711785679363247;0,0060185491097857645;0,19731434164745928;46,750065644975926;0,02668223438671689;0,16331523204424137;0,0060185491097857645;0,27718673075427364;131,2030011167113;0,020262448669612073;0,21044693939851686;0,024074196439143058;20260920;"{""passenger_counts"":[20260920,63,1,1],""city_assignment"":[20260920,63,1,2],""arrival_terminal_processing"":[20260920,63,1,3],""terminal_access"":[20260920,63,1,4],""departure_terminal_earliness"":[20260920,63,1,5]}";2.3.5;3;1;e92438af6acced861fd353b43e9aed9274b179aae6c0de1bcd702de53665bda5;15;0,95;2026-07-30T21:04:33.762342+02:00;2026-08-01T00:46:05.563316+02:00;"{""aircraft_spec"":""1d92a29ff955ec8194720f659c80edf216b314fc10254dcf237d7a6f523202b4"",""config"":""5c5af6f01170832b87fb1c795dbef1c9b58dd19289f990c8ae34d12b57a05964"",""flight_schedule"":""5871c8897f25c6a4b84d5aaf40fda1a067670fa574cb675c9adf829ad9c940f9"",""vertiport_network"":""8f37a94965fd8b2b9be9143f587c88446d15875ef5cba00cefde590914bba9b3""}";447c2ea3db3a1c3ac6982c2f510127b41a47bddb47d4abdf6cb52599f7f2915e;5284708a4e20708767a1693e58dbbc8d35c89c96da62d588b514064df48719f6
low;n6;6;;64;completed;236;236;0;227;0,961864406779661;12,604938430790423;15,0;42,9394952147908;18,300373740591276;0,46754937805952995;157;87;8144,94534007221;8006,7295581921135;0,2279498074276212;13;-7923,885855118862;89009,13533466535;4791;3,183231456205249e-12;0,37579617834394907;0,35655737704918034;0,32748873023344194;0,33767619049595066;34,51248025454326;86,60331393796932;46,12273311300146;0,19543530980085363;1,6075998028926126;4,1280090056520145;33,192702545607894;43,25762256417307;66,53377597629672;7;122;0,0;9;2974,7654696665404;13;2974,7654696665395;46,12273311300146;86,60331393796926;0,0;0,0;88,66528066745781;2;0,0;0,0;0;0,0;23,849203603987824;0;0,0;0,0;9;37,65565489483209;0,0;8;32,33708115428029;0,0;1;10,0;0,0;0;0,0;0,0;0;0,0;0,0;0;0,0;16,346188370415394;3;2,290961829133812;5,92734113859824;9;0,0;0,0;5;0,0;0,0;0;0,0;0,0;0;0,0;0,0;8;4,319616059723073;0,0;0;0,0;0,0;0;0,0;0,0;0;0,0;0,0;113,14087544035205;10,15;0,46735814089637817;4,066666666666666;2,7111111111111112;17,828967990000024;4,066666666666666;6,943333333333333;2,1666666666666665;0,013389300614239295;16,548313841111124;8,05843192666668;9;620,853568556357;0,8416054999218424;1;75,0;0,04642380836546397;3;463,68545298545877;0,35734296746815736;3;245,92807629719417;0,15718369538155552;4;307,52067830704397;0,24998578580619737;3;274,65068105736816;0,18879080433676826;0,7003240426324977;8;79,89212809539191;0,0;0,0;2,386986673478532;2;0,0;0;0,0;0;38,94991981849125;5;10,0;1;0,0;0;0,0;0;0,0;0;2,290961829133812;3;0,0;0;0,0;0;0,0;0;8,0;8;0,0;0;0,0;0;0,0;0;18,264259774288316;3;0,0;0;114;122;9;0,03813559322033899;15,0;33;22,696092054787883;0,05737704918032787;8,148717731894665;20,889495214790806;1,5031847133757963;0,06369426751592357;26,925839219384503;27,447822043046948;32,841147208590364;38,56086957259107;46,38243927039878;114;1,0;11,926807566865918;15,0;5;1,0;15,0;15,0;49;0,9795918367346939;11,781746067214717;15,0;20;0,95;12,696908729257423;15,442391458247451;28;0,8214285714285714;14,423736590891064;25,434260380711788;20;0,9;15,250052531010304;22,772601311188033;0,48791551873172095;197,7658758713354;0,11368674848609175;0,2835265844183276;0,03713904669237117;0,044576477158427705;1,0147000714315557;0,009284761673092792;0,039005620154572034;0,006189841115395196;0,10748481952085784;0,0;0,044773184068025246;0,09244970665997314;0,012379682230790391;0,22981671639694043;22,55049735402572;0,027441628944918698;0,1883186760535521;0,012379682230790391;0,32337033569484874;189,15700807515512;0,0325998298744147;0,19205937546379878;0,006189841115395196;0,2665847355045015;126,45349653390961;0,02393405231286142;0,1916091611036071;0,006189841115395196;20260920;"{""passenger_counts"":[20260920,64,1,1],""city_assignment"":[20260920,64,1,2],""arrival_terminal_processing"":[20260920,64,1,3],""terminal_access"":[20260920,64,1,4],""departure_terminal_earliness"":[20260920,64,1,5]}";2.3.5;3;1;d936a8a087783b0eca5cc74274902c09aa1d145ae8eeb5103ae48e396d0f6d69;15;0,95;2026-07-30T21:47:56.114145+02:00;2026-08-01T00:43:29.135335+02:00;"{""aircraft_spec"":""1d92a29ff955ec8194720f659c80edf216b314fc10254dcf237d7a6f523202b4"",""config"":""5c5af6f01170832b87fb1c795dbef1c9b58dd19289f990c8ae34d12b57a05964"",""flight_schedule"":""5871c8897f25c6a4b84d5aaf40fda1a067670fa574cb675c9adf829ad9c940f9"",""vertiport_network"":""8f37a94965fd8b2b9be9143f587c88446d15875ef5cba00cefde590914bba9b3""}";447c2ea3db3a1c3ac6982c2f510127b41a47bddb47d4abdf6cb52599f7f2915e;5284708a4e20708767a1693e58dbbc8d35c89c96da62d588b514064df48719f6
low;n6;6;;65;completed;276;276;0;264;0,9565217391304348;12,443776603081627;15,0;34,98024022462014;18,16226503345042;0,6746832828082644;175;110;9534,646101658302;9313,37890257409;0,2258349084487475;15;-8285,022011943816;89344,32666154936;5574;2,8762769943568856e-11;0,3942857142857143;0,38596491228070173;0,3600684639684607;0,36912412060918687;34,54581920890689;117,61678713836197;62,802806781787524;0,22754640138328813;1,4284411040021647;4,892716132413565;33,01928989967636;42,85310180051721;62,69886248831675;11;143;0,0;7;3434,482342450529;12;3434,4823424505453;62,80280678178751;117,6167871383619;0,0;0,0;86,28459398545793;4;14,348741172221708;0,0;0;0,0;33,52547581977139;0;0,0;0,0;12;21,260828451406905;0,0;12;64,23784579040954;0,0;2;10,0;0,0;0;0,0;0,0;1;0,0;0,0;4;0,10753545754535783;20,428621062390448;2;0,2324193617957159;8,848709899625677;12;0,0;0,0;1;0,0;0,0;0;0,0;0,0;0;0,0;0,0;12;7,429416904982675;0,0;0;0,0;0,0;0;0,0;0,0;0;0,0;0,0;106,37822258749515;11,583333333333334;0,687812713326818;4,75;3,1666666666666665;20,92287915500001;4,75;7,976666666666667;2,5;0,0;18,455334856111115;10,384210965555555;7;769,4781326882946;0,9793437452092135;2;75,0;0,04827356347761598;5;469,22649550387126;0,39320767649802923;6;212,3782200950496;0,19012187282835924;3;314,2857996910117;0,23795176156432185;3;348,4689248342909;0,2618287728195826;0,6537678927466449;12;117,6167871383619;0,0;0,0;16,712410599459144;4;0,0;0;0,0;0;59,131074553498244;11;10,0;1;0,0;0;0,0;0;2,3247816964684413;4;1,0049629346250488;2;0,0;0;0,0;0;0,0;0;12,0;12;0,0;0;0,0;0;0,0;0;16,44355735431103;4;0,0;0;133;143;12;0,04347826086956519;15,0;46;22,029243359407772;0,07692307692307693;8,770882676507437;17,602612244197008;1,5771428571428572;0,04;27,119263520414773;27,001455436519155;31,519855377663163;38,6162967779974;50,322244811290105;133;0,9924812030075187;11,981540347397868;15,0;6;1,0;13,09143489018938;15,0;52;0,9807692307692307;12,30404145830776;15,0;26;0,8461538461538461;11,898381162062444;21,646180042398864;31;0,9354838709677419;12,4898255361479;18,41170431675934;28;0,8571428571428571;15,2155789014023;30,916294147539595;0,49665921872065105;223,23317293588815;0,13438581920563544;0,27415965906328454;0,018437078854431695;0,044591095767126325;0,0;0,012291385902954463;0,037216264225353644;0,0;0,12176210081342784;0,0;0,04711697929465877;0,09430617140202903;0,024582771805908926;0,2239162168135477;48,26974034456953;0,028270187576795263;0,15826518754817173;0,024582771805908926;0,19330141530675038;22,879336898892962;0,03441588052827249;0,15560408400807615;0,012291385902954463;0,2729724338837019;127,2234856456141;0,03544016268685203;0,2286590074569975;0,012291385902954463;20260920;"{""passenger_counts"":[20260920,65,1,1],""city_assignment"":[20260920,65,1,2],""arrival_terminal_processing"":[20260920,65,1,3],""terminal_access"":[20260920,65,1,4],""departure_terminal_earliness"":[20260920,65,1,5]}";2.3.5;3;1;71e503b96c8738c2e13c4916667ac27d9a094283b29926625189d68abfee7cca;15;0,95;2026-07-30T21:41:54.977988+02:00;2026-08-01T00:49:04.326662+02:00;"{""aircraft_spec"":""1d92a29ff955ec8194720f659c80edf216b314fc10254dcf237d7a6f523202b4"",""config"":""5c5af6f01170832b87fb1c795dbef1c9b58dd19289f990c8ae34d12b57a05964"",""flight_schedule"":""5871c8897f25c6a4b84d5aaf40fda1a067670fa574cb675c9adf829ad9c940f9"",""vertiport_network"":""8f37a94965fd8b2b9be9143f587c88446d15875ef5cba00cefde590914bba9b3""}";447c2ea3db3a1c3ac6982c2f510127b41a47bddb47d4abdf6cb52599f7f2915e;5284708a4e20708767a1693e58dbbc8d35c89c96da62d588b514064df48719f6
low;n6;6;;66;completed;219;219;0;208;0,9497716894977168;12,672050819074057;15,03988598797298;24,647235054924508;18,297193403328958;0,2264148263737466;149;93;8171,269996627762;8015,361113995461;0,22686488563184842;12;-7853,132158140103;88765,59673259297;4688;8,185452315956354e-12;0,3674496644295302;0,384297520661157;0,3620242470982899;0,36974126160480764;37,311735144419;49,68279700283771;73,65622595182334;0,3363297988667732;2,3597155782715467;4,303101354937947;33,04762341648269;43,067563132715534;54,65343231006239;6;115;0,0;7;2775,1791293772185;10;2775,179129377229;73,65622595182337;49,68279700283771;0,0;3,031649005909761e-14;81,6873267716659;1;3,4995262454938105;0,0;0;0,0;42,04237606254164;0;0,0;3,2381143133658044;9;33,53357166561837;0,0;5;11,649699091725415;0,0;1;0,0;0,0;0;0,0;0,0;0;0,0;0,0;1;0,0;21,690337902743824;1;0,0;6,685397673172095;11;0,0;0,0;0;0,0;0,0;0;0,0;0,0;0;0,0;0,0;5;1,0000000000001212;3,031649005909761e-14;0;0,0;0,0;0;0,0;0,0;0;0,0;0,0;113,13279330797529;9,529166666666667;0,8312432310246368;4,033333333333333;2,6888888888888918;18,11578939;4,033333333333333;6,498333333333336;2,0;0,16833333333333333;15,846049158888892;8,99196245333333;7;681,2530080754606;0,7568833590257502;2;135,0;0,09045774442855116;3;354,41411325061625;0,313447236967035;2;249,1793564429018;0,1666077294379829;2;225,39885987972983;0,15398982113271967;3;313,90641159516986;0,24199372364708038;0,7025519458194371;5;18,380825979983275;0,0;0,0;3,4995262454938105;1;0,0;0;0,0;0;2,8567045033155107;1;0,0;0;0,0;0;0,0;0;0,685102262457076;1;1,0;1;0,0;0;0,0;0;0,0;0;4,073806066948843;5;0,0;0;0,0;0;0,0;0;6,265686901768034;2;0,0;0;104;115;11;0,05022831050228316;15,0;46;23,083488864256445;0,05217391304347826;4,33961750549681;9,656950633196054;1,4697986577181208;0,013422818791946308;26,838535802981408;27,059919783100153;33,155008811666704;38,462590180585174;45,605194426740034;104;0,9807692307692307;11,719408344169285;15,0;10;1,0;14,566520475015674;15,0;41;0,975609756097561;12,310924231734683;15,0;19;0,8947368421052632;14,120550036551823;16,300947521270277;18;0,9444444444444444;13,776204425883998;15,059828981959472;27;0,8148148148148148;14,432793813775456;22,339947576284498;0,47706963827325943;150,39993776143643;0,11716154962876697;0,2464410103264283;0,043469832901132606;0,03643464728727577;0,0;0,010349960214555459;0,030224671158542545;0,0;0,10690859903625781;0,0;0,039743847223892674;0,08617317443976523;0,01862992838619969;0,21455200148357328;69,37869167061217;0,02753089417071732;0,16477821738006734;0,0;0,2843942612491609;227,73911024036047;0,024425906106350703;0,16772613004707582;0,00620997612873323;0,3568625994964001;320,8585442199772;0,031256879847957254;0,24743064937172593;0,00620997612873323;20260920;"{""passenger_counts"":[20260920,66,1,1],""city_assignment"":[20260920,66,1,2],""arrival_terminal_processing"":[20260920,66,1,3],""terminal_access"":[20260920,66,1,4],""departure_terminal_earliness"":[20260920,66,1,5]}";2.3.5;3;1;0c8ed34a59dac7ff8b48f3fe9781a3814f651cbafaae99d348c367cbfac6fd44;15;0,95;2026-07-30T21:49:06.867842+02:00;2026-08-01T00:39:25.596733+02:00;"{""aircraft_spec"":""1d92a29ff955ec8194720f659c80edf216b314fc10254dcf237d7a6f523202b4"",""config"":""5c5af6f01170832b87fb1c795dbef1c9b58dd19289f990c8ae34d12b57a05964"",""flight_schedule"":""5871c8897f25c6a4b84d5aaf40fda1a067670fa574cb675c9adf829ad9c940f9"",""vertiport_network"":""8f37a94965fd8b2b9be9143f587c88446d15875ef5cba00cefde590914bba9b3""}";447c2ea3db3a1c3ac6982c2f510127b41a47bddb47d4abdf6cb52599f7f2915e;5284708a4e20708767a1693e58dbbc8d35c89c96da62d588b514064df48719f6
low;n6;6;;67;completed;261;261;0;254;0,9731800766283525;12,360303767510137;15,0;23,47974014613125;17,869392380009586;0,0;171;101;9127,853641294416;8896,677236758145;0,22686488563184942;15;-10447,56703891835;88842,03986094873;5341;3,5356606531422585e-11;0,3815789473684211;0,3713235294117647;0,33970386360057336;0,3507267916343856;34,97261931530428;29,07289769347826;53,62212786235599;0,2054487657561532;1,6079539189981005;4,447470399575105;32,86061638108169;41,80387661279795;44,80958047297906;0;140;0,0;9;3226,039283320146;11;3226,039283320137;53,62212786235599;29,0728976934782;0,0;0,0;85,82623277216368;0;0,0;0,0;0;0,0;33,86878430759249;0;0,0;1,9998247503058033;6;6,884382213895029;0,0;6;19,122705700118605;0,0;1;0,7002601127979384;0,0;0;0,0;0,0;0;0,0;0,0;1;0,0;14,142960826682126;1;1,3655496666666296;3,610557977775564;7;0,0;0,0;0;0,0;0,0;0;0,0;0,0;0;0,0;0,0;6;1,0;0,0;0;0,0;0,0;0;0,0;0,0;0;0,0;0,0;111,39718040561426;11,137499999999998;0,6414769486086023;4,516666666666668;3,0222222222222204;20,09929859000001;4,533333333333333;7,635;2,5;0,0;18,260393345000008;9,394460800555553;9;717,7954851786199;0,9336697049079882;3;75,0;0,05592388419624054;3;342,70203665155617;0,30448485179288554;2;240,0;0,16580505280888444;3;328,569301825065;0,252096992554808;2;347,3792171480766;0,23749200177527857;0,6731652015781929;6;22,18851547958317;0,0;0,0;0,0;0;0,0;0;0,0;0;9,139452893119232;2;6,114190479464621;1;0,0;0;0,0;0;0,0;0;1,3655496666666296;1;0,0;0;0,0;0;0,0;0;4,662781201295365;6;0,0;0;0,0;0;0,0;0;0,906541239037324;1;0,0;0;121;140;7;0,026819923371647514;15,0;40;21,75;0,0;;;1,5263157894736843;0,017543859649122806;27,580446361074188;27,499305557526895;33,3241364666667;37,49432073572548;42,90673039734996;121;0,9586776859504132;12,769104404218877;15,0;8;1,0;11,568042662830024;15,0;44;1,0;11,451583803590868;15,0;21;1,0;13,065649615401458;15,0;36;1,0;11,588245968243337;15,0;31;0,9354838709677419;12,677681450607496;15,236337954519634;0,45484831488225663;133,69238278405615;0,12307431141633776;0,2650975752232163;0,036257571284682155;0,04927909317860023;0,0;0,010071547579078377;0,0432361646311532;0,0060429285474470264;0,11901826472107273;0,0;0,04169620697738448;0,08738749801763886;0,018128785642341078;0,26915175866567564;231,4414152678637;0,03081893559197976;0,16562250486713614;0,0060429285474470264;0,24924790191074217;18,88113371234176;0,032833245107795506;0,16135280990416392;0,012085857094894053;0,32839084938108243;204,87675785169898;0,035451847478355884;0,21564617530883484;0,012085857094894053;20260920;"{""passenger_counts"":[20260920,67,1,1],""city_assignment"":[20260920,67,1,2],""arrival_terminal_processing"":[20260920,67,1,3],""terminal_access"":[20260920,67,1,4],""departure_terminal_earliness"":[20260920,67,1,5]}";2.3.5;3;1;7b1560ba17c9d03a86aa0802f3a4f62e4f38fe0687ec142dccfb16b5865b0598;15;0,95;2026-07-30T21:05:52.432961+02:00;2026-08-01T00:40:42.039861+02:00;"{""aircraft_spec"":""1d92a29ff955ec8194720f659c80edf216b314fc10254dcf237d7a6f523202b4"",""config"":""5c5af6f01170832b87fb1c795dbef1c9b58dd19289f990c8ae34d12b57a05964"",""flight_schedule"":""5871c8897f25c6a4b84d5aaf40fda1a067670fa574cb675c9adf829ad9c940f9"",""vertiport_network"":""8f37a94965fd8b2b9be9143f587c88446d15875ef5cba00cefde590914bba9b3""}";447c2ea3db3a1c3ac6982c2f510127b41a47bddb47d4abdf6cb52599f7f2915e;5284708a4e20708767a1693e58dbbc8d35c89c96da62d588b514064df48719f6
low;n6;6;;68;completed;245;245;0;241;0,9836734693877551;11,984494398437297;15,0;20,831741725992227;17,59770653911097;0,009126949403163121;161;85;8194,14410546665;8050,756900087487;0,23316807545579096;13;-8548,045934382333;88905,39049887864;4865;1,9099388737231493e-11;0,3804347826086957;0,34552845528455284;0,3132444778716804;0,32458304054165976;33,44548614476184;8,815246040311528;36,486974465049194;0,1489264263879559;0,9995845697270237;5,420412100051908;32,343903234859226;42,069442028457665;47,30700788112469;1;124;0,0;9;2936,2011276171384;10;2936,20112761715;36,486974465049194;8,815246040311468;0,0;0,0;80,37985417253165;0;0,0;0,0;0;0,0;17,88971534428559;0;0,0;0,0;4;5,831741725992227;0,0;3;2,9835043143192403;0,0;0;0,0;0,0;0;0,0;0,0;0;0,0;0,0;1;0,0;13,649671757037792;0;0,0;4,94758736372581;4;0,0;0,0;0;0,0;0,0;0;0,0;0,0;0;0,0;0,0;3;0,0;0,0;0;0,0;0,0;0;0,0;0,0;0;0,0;0,0;113,2429540889328;10,47083333333333;0,540188313168439;4,1;2,7333333333333334;17,893418320000016;4,1;7,175;2,1666666666666665;0,0;16,981233242222235;7,7455184111111155;9;673,5530651041537;0,8874425335295968;1;60,0;0,03694071888850618;3;398,3675718642396;0,33606161901711556;2;210,38906392288737;0,1385882477240064;3;255,0;0,18896136261854493;3;290,83174172599223;0,21976185914588953;0,6972126888505464;3;2,9835043143192403;0,0;0,0;0,0;0;0,0;0;0,0;0;0,0;0;0,0;0;0,0;0;0,0;0;0,0;0;0,0;0;0,0;0;0,0;0;0,0;0;1,3890639228873625;3;0,0;0;0,0;0;0,0;0;1,5944403914318779;1;0,0;0;121;124;4;0,01632653061224487;15,0;32;21,75;0,008064516129032258;1,131741725992227;1,131741725992227;1,5217391304347827;0,049689440993788817;27,070399009239157;27,215423614673938;33,09513953040648;37,34830673520133;42,972478720340874;121;1,0;11,912441395247745;15,0;4;1,0;15,0;15,0;51;0,9803921568627451;10,702731904099096;15,0;16;0,875;14,068646864550503;15,122957207736393;25;1,0;12,276622760192497;15,0;28;0,9642857142857143;12,74794545876738;15,0;0,5371250045787537;75,70080764630335;0,11205351396180209;0,27605966080405214;0,04309750536992388;0,06024211460681717;5,877711533127149;0,009235179722126546;0,05285544986089978;0,006156786481417697;0,16150511144809454;0,0;0,04514976753039644;0,10366094039536977;0,0;0,11431401395782713;15,337664907365008;0,030168253758946714;0,09615149383764492;0,01847035944425309;0,2548420173163772;141,73858289492824;0,02688463430219061;0,16650383812426442;0,012313572962835395;0,1795046265606826;52,408893035670914;0,028936896462663175;0,1336331536176056;0,0;20260920;"{""passenger_counts"":[20260920,68,1,1],""city_assignment"":[20260920,68,1,2],""arrival_terminal_processing"":[20260920,68,1,3],""terminal_access"":[20260920,68,1,4],""departure_terminal_earliness"":[20260920,68,1,5]}";2.3.5;3;1;c4893afa8cdb51ab57f9d7ea3c56028c4f5ef752efe0c3cb29e3ffdc3844bbb2;15;0,95;2026-07-30T21:37:31.954066+02:00;2026-08-01T00:41:45.390499+02:00;"{""aircraft_spec"":""1d92a29ff955ec8194720f659c80edf216b314fc10254dcf237d7a6f523202b4"",""config"":""5c5af6f01170832b87fb1c795dbef1c9b58dd19289f990c8ae34d12b57a05964"",""flight_schedule"":""5871c8897f25c6a4b84d5aaf40fda1a067670fa574cb675c9adf829ad9c940f9"",""vertiport_network"":""8f37a94965fd8b2b9be9143f587c88446d15875ef5cba00cefde590914bba9b3""}";447c2ea3db3a1c3ac6982c2f510127b41a47bddb47d4abdf6cb52599f7f2915e;5284708a4e20708767a1693e58dbbc8d35c89c96da62d588b514064df48719f6
low;n6;6;;69;completed;237;237;0;232;0,9789029535864979;12,700631468117036;15,0;17,79331831299945;18,04875427177264;0,0;171;103;9129,433820763865;9048,490935524324;0,227949807427621;14;-8551,926530664761;88577,76799266154;5306;2,4101609596982598e-11;0,34649122807017546;0,3759124087591241;0,34132392208028867;0,3534683689556422;38,52081780913023;6,54940085805465;47,75510446637806;0,20149833108176396;1,2822612739743133;3,856756233142005;32,972992865544896;41,51408048613135;43,88002338835983;0;132;0,0;9;3010,0496579437377;9;3010,049657943741;47,75510446637806;6,549400858054651;0,0;0,0;86,72672418536547;0;0,0;0,0;0;0,0;28,26419434489132;0;0,0;2,7887944890419023;4;0,0;0,0;5;6,549400858054651;0,0;1;0,0;0,0;0;0,0;0,0;0;0,0;0,0;0;0,0;11,634368591626602;0;0,0;5,067747040818237;5;0,0;0,0;0;0,0;0,0;0;0,0;0,0;0;0,0;0,0;5;0,0;0,0;0;0,0;0,0;0;0,0;0,0;0;0,0;0,0;108,90302764295998;10,6375;0,6939183264727651;4,566666666666666;3,0444444444444443;19,94226712500004;4,566666666666666;7,195;2,3333333333333335;0,0;18,148751110000024;9,404627126111127;9;688,9075551638457;0,8185401625157316;2;120,0;0,08005040946410283;3;435,12404111089563;0,34030920396017167;2;271,5319660262516;0,1899792387427301;3;332,7933183129995;0,25150228100749844;3;270,0;0,1790189666389271;0,6727275001372907;5;6,549400858054651;0,0;0,0;0,0;0;0,0;0;0,0;0;1,793318312999448;1;0,3430670167867599;1;0,0;0;0,0;0;0,0;0;0,0;0;0,0;0;0,0;0;0,0;0;3,8810495020168068;5;0,0;0;0,0;0;0,0;0;0,531966026251636;1;0,0;0;105;132;5;0,021097046413502074;15,0;36;21,75;0,0;;;1,3859649122807018;0,017543859649122806;26,98047070092397;27,292426317339345;31,847161043366384;37,49162534707203;42,68871583247826;105;0,9809523809523809;12,619770784162995;15,0;10;1,0;12,958786362859161;15,0;47;0,9787234042553191;11,721322348981497;15,0;22;0,9545454545454546;13,979261685496553;15,0;31;0,967741935483871;13,133515981816178;15,0;22;1,0;13,172770866303434;15,0;0,5190982468076097;166,45777970413732;0,12684071601853206;0,28575144337782427;0,043241153188135935;0,04585718675715091;0,0;0,011942794690056591;0,038753283019100006;0,006177307598305133;0,101299396214225;0,0;0,042005691668474905;0,08191142629237667;0,006177307598305133;0,2080682385749871;75,452517216931;0,03809339685621499;0,155795536131462;0,012354615196610266;0,2970952043699068;171,12967854462605;0,037269755843107634;0,25737819487966307;0,006177307598305133;0,17846875923596228;55,9760456392835;0,025944691912881557;0,13420876011066155;0,012354615196610266;20260920;"{""passenger_counts"":[20260920,69,1,1],""city_assignment"":[20260920,69,1,2],""arrival_terminal_processing"":[20260920,69,1,3],""terminal_access"":[20260920,69,1,4],""departure_terminal_earliness"":[20260920,69,1,5]}";2.3.5;3;1;3476206412757435fca5da41ce0a9b5822593f533e1c349de933b33e9fed3788;15;0,95;2026-07-30T21:37:28.073469+02:00;2026-08-01T00:36:17.767993+02:00;"{""aircraft_spec"":""1d92a29ff955ec8194720f659c80edf216b314fc10254dcf237d7a6f523202b4"",""config"":""5c5af6f01170832b87fb1c795dbef1c9b58dd19289f990c8ae34d12b57a05964"",""flight_schedule"":""5871c8897f25c6a4b84d5aaf40fda1a067670fa574cb675c9adf829ad9c940f9"",""vertiport_network"":""8f37a94965fd8b2b9be9143f587c88446d15875ef5cba00cefde590914bba9b3""}";447c2ea3db3a1c3ac6982c2f510127b41a47bddb47d4abdf6cb52599f7f2915e;5284708a4e20708767a1693e58dbbc8d35c89c96da62d588b514064df48719f6
low;n6;6;;70;completed;240;240;0;233;0,9708333333333333;12,250355085622138;15,0;25,67154465069228;17,81683930715657;0,058584259200009405;160;91;8414,755511377756;8186,852573744573;0,23316807545579074;14;-9508,65875346462;88211,55772142451;4907;3,467448550509289e-11;0,375;0,36254980079681276;0,3407732809987168;0,3483723459057746;35,06148129740732;20,50794033021542;40,95621316826452;0,17065088820110216;1,2007888364657866;3,7611277129023315;32,34225451835312;41,71450342267818;52,8915818638469;1;121;0,0;6;2940,085220549313;8;2940,0852205493097;40,95621316826452;20,50794033021542;0,0;0,0;84,98373886628937;0;0,0;0,0;0;0,0;19,134216434975162;0;0,0;0,0;7;7,782582533920989;0,0;6;11,725357796294428;0,0;0;0,0;0,0;0;0,0;0,0;0;0,0;0,0;1;0,0;16,394964146993548;0;0,0;5,427032586295809;7;0,0;0,0;0;0,0;0,0;0;0,0;0,0;0;0,0;0,0;6;1,0;0,0;0;0,0;0,0;0;0,0;0,0;0;0,0;0,0;112,89443979631382;10,333333333333334;0,47947318315155474;4,183333333333334;2,788888888888887;18,508565040000015;4,183333333333334;7,066666666666666;2,3333333333333335;0,09566054979364506;16,797615784444453;8,68317147777778;6;681,1346965619549;0,8751934452486292;2;75,0;0,05375445761833728;3;399,43735147486376;0,2815100690753092;3;312,3644939647989;0,2330208795155015;3;245,23077551892902;0,1994596099154226;2;225,6189876498954;0,16226745810293092;0,6931694005732618;6;19,888952680320017;0,0;0,0;0,0;0;0,0;0;0,0;0;12,311403826794079;4;0,0;0;0,0;0;0,0;0;1,1105147322335445;1;0,0;0;0,0;0;0,0;0;0,0;0;5,774084807185803;6;0,0;0;0,0;0;0,0;0;0,6929493141065904;1;0,0;0;119;121;7;0,029166666666666674;15,0;35;21,75;0,008264462809917356;7,088695363201138;7,088695363201138;1,5;0,05;27,144504576358095;27,108744526146456;31,46393036666657;37,489260213167945;42,56099334452507;119;1,0;11,978164275504213;15,0;6;1,0;14,591381208206036;15,0;43;0,9767441860465116;10,66249026740318;15,0;28;0,9285714285714286;13,55407785084754;16,10041705416928;25;0,88;12,994157505954695;16,472410976905945;19;0,9473684210526315;13,90948344969159;15,06189876498954;0,5191116127654061;247,05659295365453;0,11891091136690174;0,2707093756900958;0,0429798474820127;0,03876913563680657;0,0;0,00982396513874576;0,03293615633567628;0,0061399782117161;0,1488336465920307;0,0;0,04400317718396538;0,11609388764443593;0,0245599128468644;0,19701945912365446;52,01843222507535;0,027220570071941376;0,1714784486653348;0,0061399782117161;0,17821156386628298;41,033116065386515;0,02824389977389406;0,11712176852458725;0,0;0,26164327407072296;144,783396397025;0,028653231654675135;0,1995426390828064;0,0061399782117161;20260920;"{""passenger_counts"":[20260920,70,1,1],""city_assignment"":[20260920,70,1,2],""arrival_terminal_processing"":[20260920,70,1,3],""terminal_access"":[20260920,70,1,4],""departure_terminal_earliness"":[20260920,70,1,5]}";2.3.5;3;1;a47e0d3165b7804d0109b1b0ec71c6a7eb7a8b7b8c6cf9917873d747f3f333f7;15;0,95;2026-07-30T21:21:31.341247+02:00;2026-08-01T00:30:11.557721+02:00;"{""aircraft_spec"":""1d92a29ff955ec8194720f659c80edf216b314fc10254dcf237d7a6f523202b4"",""config"":""5c5af6f01170832b87fb1c795dbef1c9b58dd19289f990c8ae34d12b57a05964"",""flight_schedule"":""5871c8897f25c6a4b84d5aaf40fda1a067670fa574cb675c9adf829ad9c940f9"",""vertiport_network"":""8f37a94965fd8b2b9be9143f587c88446d15875ef5cba00cefde590914bba9b3""}";447c2ea3db3a1c3ac6982c2f510127b41a47bddb47d4abdf6cb52599f7f2915e;5284708a4e20708767a1693e58dbbc8d35c89c96da62d588b514064df48719f6
low;n6;6;;71;completed;229;229;0;223;0,9737991266375546;12,642185815485174;15,0;18,329330588133477;18,192868449001676;0,0;161;88;8325,311267933323;8153,425019018068;0,227949807427621;13;-9043,322615029085;89161,24918406774;4837;2,6489033189136535e-11;0,3555900621118012;0,3534136546184739;0,3259865637643599;0,3355831787775419;36,35507103901014;10,9206767575157;70,35632307527848;0,3072328518571113;2,066942068096226;5,154700419010017;32,33822929616935;41,0812067469567;45,53491485206105;0;108;0,0;8;2895,0605517461054;8;2895,0605517460936;70,35632307527848;10,920676757515684;0,0;0,0;83,56317364629308;1;0,0;0,0;0;0,0;44,39061918130646;0;0,0;0,0;5;0,0;0,0;6;10,920676757515684;0,0;0;0,0;0,0;0;0,0;0,0;0;0,0;1,2126596023639043e-13;2;0,0;17,349204841956272;2;0,0;8,61649905201563;6;0,0;0,0;0;0,0;0,0;0;0,0;0,0;0;0,0;0,0;6;0,0;0,0;0;0,0;0,0;0;0,0;0,0;0;0,0;0,0;114,33224970886721;10,1375;0,8326101829602496;4,15;2,7666666666666666;18,256926440000015;4,15;6,881666666666667;2,1666666666666665;0,0;16,967339992222232;8,206253114444447;8;680,4074517692786;0,9136548790713538;3;75,0;0,05314477689844876;3;409,81971048503124;0,3078564046095915;2;300,0;0,19143282983078486;2;240,0;0,16474334698131357;2;184,10172164017447;0,13796151551160638;0,6985351961582631;6;10,920676757515684;0,0;0,0;0,05713568650583814;1;0,0;0;0,0;0;0,0;0;0,0;0;0,0;0;0,0;0;0,664593216136321;1;2,8529328490281234;2;0,0;0;0,0;0;0,0;0;5,681277633848246;6;0,0;0;0,0;0;0,0;0;1,6647373719971559;1;0,0;0;121;108;6;0,026200873362445365;15,0;48;21,75;0,0;;;1,4223602484472049;0,031055900621118012;27,27904772197134;27,67956250869825;32,0905164258688;37,5576615302805;42,026432534134635;121;0,9752066115702479;12,35882729633029;15,0;7;1,0;12,42633347302546;15,0;43;0,9767441860465116;11,718180771431951;15,0;23;1,0;13,622883392624345;15,0;19;1,0;14,19171039214906;15,0;16;0,875;14,112970370387249;16,411625936064105;0,5401274553049054;169,34142508747857;0,11730614765641642;0,2770937380346512;0,03665817114263013;0,07132400007535661;0,0;0,011201107849136985;0,04321817802835452;0,006109695190438355;0,0994476521563543;0,0;0,04358249235846027;0,0744266026304892;0,018329085571315067;0,188098209866671;5,341841151993867;0,03319601053471506;0,15614456666396354;0,006109695190438355;0,1895878435642639;75,21440705808091;0,024642437268101367;0,16611679619245942;0,006109695190438355;0,27030333407672286;164,58357580739892;0,02362415473636164;0,18602260012386648;0,006109695190438355;20260920;"{""passenger_counts"":[20260920,71,1,1],""city_assignment"":[20260920,71,1,2],""arrival_terminal_processing"":[20260920,71,1,3],""terminal_access"":[20260920,71,1,4],""departure_terminal_earliness"":[20260920,71,1,5]}";2.3.5;3;1;4074cef1c0974d8959b14cce2857e0389237023905820c141e2a9fabc0d4bf5b;15;0,95;2026-07-30T21:29:16.677385+02:00;2026-08-01T00:46:01.249184+02:00;"{""aircraft_spec"":""1d92a29ff955ec8194720f659c80edf216b314fc10254dcf237d7a6f523202b4"",""config"":""5c5af6f01170832b87fb1c795dbef1c9b58dd19289f990c8ae34d12b57a05964"",""flight_schedule"":""5871c8897f25c6a4b84d5aaf40fda1a067670fa574cb675c9adf829ad9c940f9"",""vertiport_network"":""8f37a94965fd8b2b9be9143f587c88446d15875ef5cba00cefde590914bba9b3""}";447c2ea3db3a1c3ac6982c2f510127b41a47bddb47d4abdf6cb52599f7f2915e;5284708a4e20708767a1693e58dbbc8d35c89c96da62d588b514064df48719f6
low;n6;6;;72;completed;239;239;0;231;0,9665271966527197;12,733489340483876;15,0;36,03398667347889;18,249683447757455;0,18796088512895512;164;90;8527,949053319428;8362,434935264888;0,23316807545578966;14;-10917,037502382096;88664,14300298905;4978;-6,366462912410498e-12;0,3643292682926829;0,3543307086614173;0,3221687916002263;0,33337530480946986;35,68179520217334;48,19025111834926;45,120391638386536;0,18878824953299805;1,3397573134876013;5,828345979755735;33,20760826899508;42,71794635522767;60,33782343423906;3;128;0,0;10;3043,303952375646;13;3043,3039523756493;45,120391638386536;48,19025111834914;0,0;0,0;84,37280946144787;0;0,0;0,0;0;0,0;25,344516961484807;0;0,0;0,0;7;38,16569448964535;0,0;4;6,026700032694377;0,0;3;0,6612317915133947;0,0;0;0,0;0,0;0;0,0;0,0;0;0,0;11,656269316747785;0;0,0;8,119605360153946;8;0,0;0,0;2;2,336624804496023;0,0;0;0,0;0,0;0;0,0;0,0;4;1,0;0,0;0;0,0;0,0;0;0,0;0,0;0;0,0;0,0;115,3993436582733;10,445833333333333;0,5977600367902354;4,233333333333333;2,8222222222222224;18,788474925000017;4,233333333333333;7,115;2,3333333333333335;0,0;17,517890410555566;8,326140070000006;10;679,1263116471249;0,8428127685041342;1;45,0;0,0271135568618246;4;366,4139303666667;0,3009045333228537;3;240,86083316219302;0,17554142866463066;3;315,894682318745;0,24837300266113532;3;357,4740007473323;0,2389168157754799;0,6953081480212958;4;9,239841339881119;0,0;0,0;0,0;0;0,0;0;0,0;0;5,44001407385343;1;0,0;0;0,0;0;0,0;0;0,0;0;0,0;0;0,0;0;0,0;0;0,0;0;3,135790786341871;4;0,0;0;0,0;0;0,0;0;0,6640364796858194;1;0,0;0;111;128;8;0,03347280334728031;15,0;35;21,75;0,0234375;8,019664432168753;13,98398667347889;1,4573170731707317;0,03048780487804878;27,66143902926976;27,510363778304637;31,501164282150967;38,148187475765695;43,79651440301708;111;0,972972972972973;12,601845410306574;15,0;3;1,0;15,0;15,0;42;1,0;11,890646288772842;15,0;22;0,9090909090909091;13,242895980320695;16,580834655701526;31;0,967741935483871;13,297460650892228;15,0;30;0,9333333333333333;13,217565865281426;18,54200774061937;0,5310424537459123;216,08742701110035;0,1146803034674211;0,2714944842186519;0,030126174290916224;0,029351000998735957;0,0;0,011046263906669282;0,02272324265473439;0,006025234858183245;0,1191466765133876;0,0;0,04117243819758551;0,09381990263672174;0,01205046971636649;0,19339387051202522;29,297360395618064;0,026109351052127396;0,1424247620628066;0,01205046971636649;0,2562994181383005;144,63479060708076;0,030728697776734547;0,18348404649024722;0,006025234858183245;0,22238593610424506;125,03590068211379;0,031331221262552875;0,17434266881270816;0,018075704574549736;20260920;"{""passenger_counts"":[20260920,72,1,1],""city_assignment"":[20260920,72,1,2],""arrival_terminal_processing"":[20260920,72,1,3],""terminal_access"":[20260920,72,1,4],""departure_terminal_earliness"":[20260920,72,1,5]}";2.3.5;3;1;bcb0fbe676f5a11eb00518d119205ed189f2d28e46367470bcc31c03dbce68c1;15;0,95;2026-07-30T20:58:02.962498+02:00;2026-08-01T00:37:44.143003+02:00;"{""aircraft_spec"":""1d92a29ff955ec8194720f659c80edf216b314fc10254dcf237d7a6f523202b4"",""config"":""5c5af6f01170832b87fb1c795dbef1c9b58dd19289f990c8ae34d12b57a05964"",""flight_schedule"":""5871c8897f25c6a4b84d5aaf40fda1a067670fa574cb675c9adf829ad9c940f9"",""vertiport_network"":""8f37a94965fd8b2b9be9143f587c88446d15875ef5cba00cefde590914bba9b3""}";447c2ea3db3a1c3ac6982c2f510127b41a47bddb47d4abdf6cb52599f7f2915e;5284708a4e20708767a1693e58dbbc8d35c89c96da62d588b514064df48719f6
low;n6;6;;73;completed;234;234;0;228;0,9743589743589743;12,794954309893113;15,0;21,406980899533906;18,174101497320514;0,014715352582188852;163;104;8794,14607348331;8618,374661337408;0,22583490844874982;13;-9015,11576805239;88965,75137867944;5122;5,434230843093246e-11;0,3588957055214724;0,3895131086142322;0,35394896386066366;0,3665808852927306;37,581820826851754;19,844700287279558;26,72044185801257;0,11418992247013919;0,6031457993442678;3,6890658852588483;32,5454628156005;41,70948466023543;47,995604386428994;1;116;0,0;7;2994,019308514988;9;2994,019308514971;26,72044185801254;19,844700287279434;0,0;0,0;85,07765941398058;0;0,0;0,0;0;0,0;14,919258765760908;0;0,0;0,0;5;3,260628019394062;0,0;5;15,599271616913029;0,0;1;0,0;0,0;0;0,0;0,0;0;0,0;0,0;4;0,0;8,636131800102522;0;0,0;3,16505129214911;6;0,0;0,0;0;0,0;0,0;0;0,0;0,0;0;0,0;0,0;5;0,9848006509723443;0,0;0;0,0;0,0;0;0,0;0,0;0;0,0;0,0;112,60525092842485;10,308333333333334;0,4064044394613539;4,4333333333333345;2,966666666666667;18,958123210000032;4,45;7,006666666666667;2,1666666666666665;0,0;17,039460327777796;9,335329548888902;7;729,661007373559;0,913699150238435;1;109,330840617639;0,06695032028278129;3;405,0;0,3225288208286275;3;221,98370632217532;0,15174984512673337;3;366,4069808995339;0,2575520101277477;3;163,33357650581772;0,12095084601872069;0,6895545275780761;5;16,58407226788537;0,0;0,0;0,0;0;0,0;0;0,0;0;2,8277429616004763;1;0,4343011235184046;1;0,0;0;0,0;0;1,9590793229600725;4;0,0;0;0,0;0;0,0;0;0,0;0;5,0;5;0,0;0;0,0;0;0,0;0;6,36294885980642;3;0,0;0;118;116;6;0,02564102564102566;15,0;25;21,75;0,008620689655172414;1,7069808995339069;1,7069808995339069;1,4355828220858895;0,024539877300613498;27,216907540758843;27,483982226089765;31,9039273883183;37,694210311826936;42,73578851815631;118;0,9745762711864406;12,644778962089527;15,0;7;0,8571428571428571;15,61869151680557;18,03158843234729;42;1,0;12,540338708175327;15,0;21;1,0;11,800461440396502;15,0;31;0,9354838709677419;13,567295315968055;16,37560201158182;15;1,0;13,167631972272325;15,0;0,4927405542423259;210,06145854301545;0,1236976192693786;0,2735311319889404;0,042865511628002485;0,0866472537863744;0,0;0,013267896456286484;0,06266444286233648;0,0;0,13164553544083063;0,0;0,04837679169445994;0,10526726390296683;0,018370933554858207;0,11866218376976842;13,966871293800311;0,029189372203830263;0,0956219712697171;0,006123644518286069;0,24929286442273565;139,6131704164991;0,035313016722116335;0,18935866951494432;0,012247289036572137;0,31935545206489147;285,3510851969185;0,022657484717658456;0,1841830206773492;0,0;20260920;"{""passenger_counts"":[20260920,73,1,1],""city_assignment"":[20260920,73,1,2],""arrival_terminal_processing"":[20260920,73,1,3],""terminal_access"":[20260920,73,1,4],""departure_terminal_earliness"":[20260920,73,1,5]}";2.3.5;3;1;c293ee7e4b8d4142551aba2563bab0870f178e8687cf051c00023a495ab555ff;15;0,95;2026-07-30T21:29:44.884232+02:00;2026-08-01T00:42:45.751379+02:00;"{""aircraft_spec"":""1d92a29ff955ec8194720f659c80edf216b314fc10254dcf237d7a6f523202b4"",""config"":""5c5af6f01170832b87fb1c795dbef1c9b58dd19289f990c8ae34d12b57a05964"",""flight_schedule"":""5871c8897f25c6a4b84d5aaf40fda1a067670fa574cb675c9adf829ad9c940f9"",""vertiport_network"":""8f37a94965fd8b2b9be9143f587c88446d15875ef5cba00cefde590914bba9b3""}";447c2ea3db3a1c3ac6982c2f510127b41a47bddb47d4abdf6cb52599f7f2915e;5284708a4e20708767a1693e58dbbc8d35c89c96da62d588b514064df48719f6
low;n6;6;;74;completed;277;277;0;262;0,9458483754512635;12,141002080270487;15,051466141001992;43,08712749430633;17,995446897588714;0,29393216314184306;168;100;8976,614015730534;8655,380462615925;0,2272853764241005;13;-10934,076291009618;87182,91301034395;5253;3,149125404888764e-11;0,41220238095238093;0,373134328358209;0,34579440044289156;0,35534342627214144;32,40654879325103;81,08194155280214;46,9312143971482;0,16942676677670832;1,2457596907435058;4,892716132413565;32,511939402065096;41,98635178971996;66,50335778957464;5;131;11,530129518822287;17;3363,057576234926;19;3363,0575762349263;46,9312143971482;81,08194155280214;0,0;0,0;87,66762384537071;4;0,0;0,0;0;0,0;14,676610015849898;0;0,0;0,0;13;49,268645188824664;0,0;13;21,749092439933367;0,0;1;0,0;0,0;0;0,0;0,0;0;0,0;0,0;1;0,0;31,92330400269172;6;0,0;0,3313003786065868;15;0,0;0,0;3;4,2208274177700025;0,0;0;0,0;0,0;0;0,0;0,0;13;2,0;0,0;0;0,0;0,0;0;0,0;0,0;1;3,8433765062740957;0,0;110,01599829171666;11,370833333333334;0,4607520210950765;4,466666666666667;2,977777777777778;19,724620745000006;4,466666666666667;7,878333333333333;2,1666666666666665;0,0;17,774154581666675;9,394910607777776;17;652,8024424510571;1,0238264794304912;2;120,55470896072244;0,08078998995558301;4;375,0129913807061;0,30590876769788006;3;181,65181798695897;0,1250775661844793;3;360,0;0,2709844255644574;3;360,1705256191498;0,2499725577127794;0,672764211835833;12;32,49961956526273;0,0;0,0;1,3110284425141496;2;0,0;0;0,0;0;20,07934442292329;3;0,0;0;0,0;0;0,0;0;0,0;0;2,2148141456257386;3;0,0;0;0,0;0;0,0;0;8,894432554199557;12;0,0;0;0,0;0;0,0;0;0,0;0;0,0;0;146;131;15;0,054151624548736454;15,0;36;22,912355956929105;0,03816793893129771;7,701022674316288;21,037127494306333;1,6488095238095237;0,06547619047619048;27,254719250375995;27,769858787751595;34,29047796882987;37,797006346261824;43,332265005150546;146;0,9383561643835616;11,467439695059817;15,538872032751804;9;0,8888888888888888;14,679389963200743;15,332825376433465;46;0,9782608695652174;10,874944669348968;15,0;14;0,9285714285714286;14,609802646621308;20,828136295435634;34;1,0;13,03341959997123;15,0;28;0,8928571428571429;14,599139744486171;16,593729923127047;0,494390207117046;109,32725967202029;0,1265835823993089;0,27830760158434337;0,03669089344907504;0,041473281319144566;0,0;0,013249489301054877;0,033523587738511634;0,006115148908179174;0,13396624426740333;0,0;0,04321371895113283;0,1057926758452729;0,01834544672453752;0,19722853260012466;135,03862064680294;0,022422212663323636;0,11904380175268241;0,006115148908179174;0,22177680926863155;52,66601194400949;0,03383715729192476;0,18768673103752534;0,012230297816358348;0,289989628937714;146,29970642587315;0,03383715729192476;0,22153944574973877;0,0;20260920;"{""passenger_counts"":[20260920,74,1,1],""city_assignment"":[20260920,74,1,2],""arrival_terminal_processing"":[20260920,74,1,3],""terminal_access"":[20260920,74,1,4],""departure_terminal_earliness"":[20260920,74,1,5]}";2.3.5;3;1;17ff140192b169e5abe37487b84308a0a519a26d4f4ff49fb1f81f5b8d30520d;15;0,95;2026-07-30T20:57:45.923709+02:00;2026-08-01T00:13:02.913010+02:00;"{""aircraft_spec"":""1d92a29ff955ec8194720f659c80edf216b314fc10254dcf237d7a6f523202b4"",""config"":""5c5af6f01170832b87fb1c795dbef1c9b58dd19289f990c8ae34d12b57a05964"",""flight_schedule"":""5871c8897f25c6a4b84d5aaf40fda1a067670fa574cb675c9adf829ad9c940f9"",""vertiport_network"":""8f37a94965fd8b2b9be9143f587c88446d15875ef5cba00cefde590914bba9b3""}";447c2ea3db3a1c3ac6982c2f510127b41a47bddb47d4abdf6cb52599f7f2915e;5284708a4e20708767a1693e58dbbc8d35c89c96da62d588b514064df48719f6
low;n6;6;;75;completed;259;259;0;252;0,972972972972973;12,071660588175883;15,0;25,046391263654854;17,64673328137894;0,06465084736541266;166;82;8058,713277436096;7932,406857867583;0,23749854186424052;14;-5808,833790464437;89384,69305857099;4974;2,5124791136477143e-11;0,39006024096385544;0,33064516129032256;0,293011786565727;0,3065605169890359;31,114723078903847;30,256028178852965;25,69382753959138;0,09920396733432965;0,9091679757236119;2,651081772655622;32,77728974876718;42,04796799676166;51,806988881560635;2;144;3,031649005909761e-14;7;3126,5600923375537;8;3126,560092337563;25,693827539591258;30,25602817885295;0,0;0,0;84,74825368649675;0;0,0;0,0;0;0,0;4,921816359312166;0;0,0;0,0;6;13,573980562171103;0,0;5;15,460858828477104;0,0;1;0,0;0,0;0;0,0;0,0;0;0,0;0,0;1;0,0;16,140558314125883;1;0,0;4,631452866153207;7;0,0;0,0;0;0,0;0,0;0;0,0;0,0;0;0,0;0,0;5;1,2211887882047145;0,0;0;0,0;0,0;0;0,0;0,0;1;3,031649005909761e-14;0,0;109,44922063250559;10,929166666666667;0,27872838551205253;4,133333333333334;2,7555555555555555;17,099126354999996;4,133333333333334;7,515;2,3333333333333335;0,02908048648505428;16,95924404111111;7,028771202777778;7;752,4844081018514;0,8996692747193045;2;168,52758929851626;0,1096971097171735;3;462,12207944167363;0,4082367079881308;3;239,40973293068873;0,18106547379040613;3;177,67445059641614;0,13304920767476053;2;312,8014595192132;0,23893728795862434;0,6898529191343723;5;16,68204761668185;0,0;0,0;0,0;0;0,0;0;0,0;0;4,488128762248622;2;0,0;0;0,0;0;0,0;0;0,0;0;0,0;0;0,0;0;0,0;0;0,0;0;4,737463708045349;5;0,0;0;0,0;0;0,0;0;7,456455146387877;2;0,0;0;115;144;7;0,027027027027026973;15,0;33;21,75;0,013888888888888888;4,654861010309712;7,696391263654854;1,5602409638554218;0,04216867469879518;26,442646346954287;27,221344659676394;31,88949083428523;37,2143292296383;42,7807718775885;115;0,991304347826087;12,411984240325268;15,0;12;0,9166666666666666;14,503409387671308;16,58741518433231;59;0,9830508474576272;10,9778226052627;15,0;26;0,9615384615384616;11,048885282500223;15,0;17;1,0;12,417081689245302;15,0;30;0,9;12,636268409180566;18,455890786223343;0,47682531747276746;20,614467886672113;0,1136631907457228;0,2663131046862319;0,05042359663396206;0,07989709362432035;1,847567145125989;0,01575737394811314;0,063385029242625;0,0;0,16926809603772403;0,0;0,04979330167603753;0,1382229076233376;0,02521179831698103;0,29973379659577276;179,38016296411467;0,026262289913521905;0,15019793386321956;0,0;0,20820973859015007;42,68870200025328;0,02437140503974833;0,151160531678364;0,0;0,18956147493081218;78,88672731121672;0,030674354618993586;0,16236328565565192;0,012605899158490514;20260920;"{""passenger_counts"":[20260920,75,1,1],""city_assignment"":[20260920,75,1,2],""arrival_terminal_processing"":[20260920,75,1,3],""terminal_access"":[20260920,75,1,4],""departure_terminal_earliness"":[20260920,75,1,5]}";2.3.5;3;1;88d8e70f4c45d1a3f9992c74bea2d821082b38d58b6e3783367d5cd544cc3e8d;15;0,95;2026-07-30T22:23:11.166210+02:00;2026-08-01T00:49:44.693059+02:00;"{""aircraft_spec"":""1d92a29ff955ec8194720f659c80edf216b314fc10254dcf237d7a6f523202b4"",""config"":""5c5af6f01170832b87fb1c795dbef1c9b58dd19289f990c8ae34d12b57a05964"",""flight_schedule"":""5871c8897f25c6a4b84d5aaf40fda1a067670fa574cb675c9adf829ad9c940f9"",""vertiport_network"":""8f37a94965fd8b2b9be9143f587c88446d15875ef5cba00cefde590914bba9b3""}";447c2ea3db3a1c3ac6982c2f510127b41a47bddb47d4abdf6cb52599f7f2915e;5284708a4e20708767a1693e58dbbc8d35c89c96da62d588b514064df48719f6
low;n6;6;;76;completed;247;247;0;236;0,9554655870445344;12,533590398900206;15,0;33,44154184385382;18,20206531311039;0,31414741254738454;160;78;8043,951804263874;7881,070704032401;0,23316807545578996;13;-9288,863666542582;88881,66304920005;4758;4,899902705801651e-11;0,3859375;0,3277310924369748;0,2916571018793477;0,30414361404881846;32,56660649499544;78,5978794596757;55,3633038099159;0,2241429304045178;1,5885576850263772;5,0555304409956685;33,25554540422986;42,87521474091915;62,62145600514426;7;130;2,8642090352825713;9;3095,796828528351;14;3095,796828528348;55,363303809915884;78,59787945967564;0,0;0,0;76,04817189479729;1;0,0;0,0;0;0,0;36,104209892759506;0;0,0;3,8688950677552687;11;37,84858669344188;0,0;9;31,561101610136816;0,0;0;0,0;0,0;0;0,0;0,0;0;0,0;0,0;2;1,5076074439098497;12,219823794598051;3;0,8163746769045247;3,170375054803056;11;0,0;0,0;3;0,0;0,0;0;0,0;0,0;0;0,0;0,0;9;4,0;0,0;0;0,0;0,0;0;0,0;0,0;1;2,8642090352825713;0,0;114,70215358041446;10,479166666666666;0,6444058097118581;3,966666666666667;2,6444444444444444;17,852374025000017;3,966666666666667;7,195;2,1666666666666665;0,0;17,328535959444455;7,134949176666673;9;709,5354771966678;0,868440254315489;2;45,0;0,03289492214722328;3;340,9905162308888;0,2939053837327229;3;250,71938870313335;0,19112041366562477;2;270,0;0,20084656645808732;3;384,0011253552274;0,30488590081662825;0,7010382285869154;9;67,86527321375912;0,0;0,0;0,7862636776299041;1;0,0;0;0,0;0;44,71410638826898;7;0,0;0;0,0;0;0,0;0;4,561063730667714;2;2,918835701893598;3;0,0;0;0,0;0;0,0;0;9,0;9;0,0;0;0,0;0;0,0;0;5,88500371529893;3;0,0;0;117;130;11;0,04453441295546556;15,0;51;23,14081516597035;0,05384615384615385;5,834166233022855;16,219037584941542;1,54375;0,03125;27,269590754372956;27,422459581013733;33,33372237149308;38,50532264512439;45,67699883506907;117;0,9829059829059829;12,144620681952285;15,0;4;1,0;13,455465972776073;15,0;45;0,9777777777777777;10,686239379864395;15,0;21;0,8095238095238095;14,890787044194445;25,287353987481037;25;1,0;13,144808812159228;15,0;35;0,8857142857142857;14,252766414939076;20,346548824183074;0,5226029052021337;256,58963670513646;0,10817910787777178;0,24131557412792382;0,036670884026363315;0,018337071488886022;0,0;0,005093178336994905;0,015281164486689078;0,0;0,15078271720206815;0,0;0,03707833829332291;0,10230609811881032;0,018335442013181658;0,1793614594185336;41,83695284325634;0,028521798687171467;0,12690079907957721;0,018335442013181658;0,19590551963903846;24,05826571991432;0,027706890153252284;0,16612065420895047;0,0061118140043938856;0,28847298628950707;93,8838523725551;0,03585597549244413;0,15751530958892845;0,0;20260920;"{""passenger_counts"":[20260920,76,1,1],""city_assignment"":[20260920,76,1,2],""arrival_terminal_processing"":[20260920,76,1,3],""terminal_access"":[20260920,76,1,4],""departure_terminal_earliness"":[20260920,76,1,5]}";2.3.5;3;1;d2c9ff6f0aa2003dc2cfc61cd60cd5e7f497813aaf06eb45f6c09930e69b4a0e;15;0,95;2026-07-30T21:25:11.136333+02:00;2026-08-01T00:41:21.663049+02:00;"{""aircraft_spec"":""1d92a29ff955ec8194720f659c80edf216b314fc10254dcf237d7a6f523202b4"",""config"":""5c5af6f01170832b87fb1c795dbef1c9b58dd19289f990c8ae34d12b57a05964"",""flight_schedule"":""5871c8897f25c6a4b84d5aaf40fda1a067670fa574cb675c9adf829ad9c940f9"",""vertiport_network"":""8f37a94965fd8b2b9be9143f587c88446d15875ef5cba00cefde590914bba9b3""}";447c2ea3db3a1c3ac6982c2f510127b41a47bddb47d4abdf6cb52599f7f2915e;5284708a4e20708767a1693e58dbbc8d35c89c96da62d588b514064df48719f6
low;n6;6;;77;completed;232;232;0;221;0,9525862068965517;13,025098683060516;15,000000000000007;41,81797723117585;18,58180433792751;0,3067962709477929;161;92;8469,303477847207;8273,888072081196;0,2258349084487485;14;-8288,682253754989;88801,5132771343;4913;-6,934897101018578e-12;0,36024844720496896;0,36363636363636365;0,3311256260456815;0,34248721594184073;36,50561843899658;69,1153138745814;63,15571192914317;0,27222289624630674;2,119883379382736;6,249413061049321;33,20626076588512;41,59469770925448;66,17846666034796;5;117;0,0;10;3021,82289447004;14;3021,822894470053;63,15571192914316;69,11531387458139;0,0;0,0;84,46192692946586;1;0,0;0,0;0;0,0;39,98877926431463;0;0,0;0,0;10;25,52291800553406;0,0;8;30,606528247518508;0,0;3;4,8973075981353755;0,0;1;0,0;0,0;0;0,0;0,0;1;0,0;21,617524985373894;3;0,0;1,5494076794546345;11;0,0;0,0;3;4,1036665970725155;0,0;0;0,0;0,0;0;0,0;0,0;8;3,984893426320923;0,0;0;0,0;0,0;0;0,0;0,0;0;0,0;0,0;111,71118745838795;10,2;0,6996620911924667;4,216666666666667;2,811111111111111;18,597895375000007;4,216666666666667;6,9366666666666665;2,3333333333333335;0,09380318245732269;17,140356087222226;8,485317065555558;10;652,6915306087409;0,9050195503183501;2;75,0;0,05240301247076617;3;330,0;0,3000315706721875;2;270,6220561090892;0,1716637274640004;3;349,3319414590247;0,27488305951926917;3;236,81797723117586;0,16343144671467022;0,6903551085516991;8;61,14837165194015;0,0;0,0;0,0;0;0,0;0;0,0;0;34,34674758952594;5;0,0;0;0,0;0;0,0;0;0,6666666666666666;1;1,5385368578587078;3;0,0;0;0,0;0;0,0;0;7,622056109089196;8;0,0;0;0,0;0;0,0;0;16,97436442879965;2;0,0;0;115;117;11;0,04741379310344829;15,0;51;22,817067036908803;0,042735042735042736;7,1790327401783545;19,767977231175852;1,4409937888198758;0,024844720496894408;26,96949875858036;27,798049865024044;33,822529012211525;38,52202361715882;44,25950691962613;115;0,9478260869565217;12,734568855026971;15,23830348827124;6;1,0;14,132829797761993;15,0;39;1,0;12,448770881197655;15,0;20;0,95;13,889054054200908;15,03110280545446;33;0,9090909090909091;13,47901514992673;21,82171608584387;19;0,9473684210526315;13,918939576687233;17,681797723117526;0,4943395969107689;159,29511042431784;0,11762258730199715;0,2675297762558774;0,03707892419327406;0,06641997909229663;0,0;0,011329671281278184;0,05618262970037058;0,00617982069887901;0,13620989462105454;0,0;0,03646094212338616;0,08834515268697443;0,03089910349439505;0,19156975916019267;66,65451346856223;0,030487115447803116;0,16555666643038425;0,0;0,26579412814510706;152,33481696739148;0,038314888333049864;0,20123724872286194;0,00617982069887901;0,24569135751125573;63,318612716437684;0,026367234981883775;0,16362251392255586;0,00617982069887901;20260920;"{""passenger_counts"":[20260920,77,1,1],""city_assignment"":[20260920,77,1,2],""arrival_terminal_processing"":[20260920,77,1,3],""terminal_access"":[20260920,77,1,4],""departure_terminal_earliness"":[20260920,77,1,5]}";2.3.5;3;1;db52b46d617283f3909458d87bbfb93bd43cf9b0f1dc378652aef519c9eac284;15;0,95;2026-07-30T21:41:51.317746+02:00;2026-08-01T00:40:01.513277+02:00;"{""aircraft_spec"":""1d92a29ff955ec8194720f659c80edf216b314fc10254dcf237d7a6f523202b4"",""config"":""5c5af6f01170832b87fb1c795dbef1c9b58dd19289f990c8ae34d12b57a05964"",""flight_schedule"":""5871c8897f25c6a4b84d5aaf40fda1a067670fa574cb675c9adf829ad9c940f9"",""vertiport_network"":""8f37a94965fd8b2b9be9143f587c88446d15875ef5cba00cefde590914bba9b3""}";447c2ea3db3a1c3ac6982c2f510127b41a47bddb47d4abdf6cb52599f7f2915e;5284708a4e20708767a1693e58dbbc8d35c89c96da62d588b514064df48719f6
low;n6;6;;78;completed;204;204;0;199;0,9754901960784313;12,655080625089091;15,0;17,757695244442978;18,233857435453462;0,0;137;73;7028,959399191655;6903,557570913073;0,23316807545578885;12;-8464,810821189167;88272,31385315691;4148;6,366462912410498e-12;0,3722627737226277;0,3476190476190476;0,31378010475625895;0,3256073746507088;34,455683329370856;6,822629787976166;58,570469314331724;0,28711014369770455;3,1264257724917535;6,0273176549382095;32,910640591722235;42,40548600821654;45,53342854341911;0;104;0,0;9;2581,636447518175;9;2581,6364475181667;58,570469314331724;6,822629787976166;0,0;0,0;78,38659686347253;1;0,0;0,0;0;0,0;47,064861189162485;0;0,0;2,3216619090152864;4;0,0;0,0;5;6,822629787976166;0,0;0;0,0;0,0;0;0,0;0,0;0;0,0;0,0;1;0,0;7,175898063205628;2;0,0;2,008048152948322;5;0,0;0,0;0;0,0;0,0;0;0,0;0,0;0;0,0;0,0;5;0,0;0,0;0;0,0;0,0;0;0,0;0,0;0;0,0;0,0;118,85001075648522;8,816666666666668;0,772381999092127;3,5;2,3333333333333335;15,432815035000013;3,5;6,023333333333333;2,0;0,0;14,593254105555564;6,672894262777782;9;642,1923862153287;0,7674418000521436;1;75,0;0,04651781841923367;3;330,0;0,2718010465821216;2;211,8008778048758;0,16235038771657445;2;257,96144095347677;0,18530861825777614;5;249,0205314885118;0,16780826884049627;0,7371524292658863;5;6,822629787976166;0,0;0,0;0,0;0;0,0;0;0,0;0;0,8008778048758055;1;0,0;0;0,0;0;0,0;0;0,0;0;0,17033818389924515;1;0,0;0;0,0;0;0,0;0;3,7558317284375033;5;0,0;0;0,0;0;0,0;0;2,095582070763612;2;0,0;0;100;104;5;0,02450980392156865;15,0;25;22,082540387652017;0,0;;;1,489051094890511;0,021897810218978103;26,87142352065169;27,489968499399755;31,463930366666567;38,122825295878464;44,686353607866586;100;0,99;12,373352181991466;15,0;5;1,0;15,0;15,0;34;1,0;12,888848887172767;15,0;20;0,95;13,087758081222239;15,090043890243791;23;0,9130434782608695;12,990016599734272;15,183371138130424;22;0,9545454545454546;12,297946533491873;15,0;0,4951794479824278;29,885788159592053;0,09737729989092915;0,24209526736325443;0,04341663052461809;0,060871459545958816;0,0;0,007236105087436349;0,048600788294448964;0,0;0,15088169089486453;0,0;0,037627746454669014;0,09905881802650704;0,018607127367693467;0,23238804180421463;31,878315662212238;0,021708315262309045;0,1319454742456318;0,006202375789231156;0,2931854517965382;135,02573940895866;0,027083707612976047;0,17107779431417172;0,006202375789231156;0,23055138980643036;102,40294634259504;0,026049978314770857;0,18252189676164352;0,0;20260920;"{""passenger_counts"":[20260920,78,1,1],""city_assignment"":[20260920,78,1,2],""arrival_terminal_processing"":[20260920,78,1,3],""terminal_access"":[20260920,78,1,4],""departure_terminal_earliness"":[20260920,78,1,5]}";2.3.5;3;1;2a2ec50df696aa4000b6993b928412d5c643eaae6aa4883d7a9369a602f1c3b3;15;0,95;2026-07-30T21:38:55.189179+02:00;2026-08-01T00:31:12.313853+02:00;"{""aircraft_spec"":""1d92a29ff955ec8194720f659c80edf216b314fc10254dcf237d7a6f523202b4"",""config"":""5c5af6f01170832b87fb1c795dbef1c9b58dd19289f990c8ae34d12b57a05964"",""flight_schedule"":""5871c8897f25c6a4b84d5aaf40fda1a067670fa574cb675c9adf829ad9c940f9"",""vertiport_network"":""8f37a94965fd8b2b9be9143f587c88446d15875ef5cba00cefde590914bba9b3""}";447c2ea3db3a1c3ac6982c2f510127b41a47bddb47d4abdf6cb52599f7f2915e;5284708a4e20708767a1693e58dbbc8d35c89c96da62d588b514064df48719f6
low;n6;6;;79;completed;265;265;0;250;0,9433962264150944;12,602915184033892;15,539817005106402;23,26121193495807;18,268862433141084;0,016984653842429684;173;98;8975,536248772201;8788,345191726195;0,22764909207550837;15;-9277,012573860973;89292,28712457315;5320;1,4438228390645236e-11;0,3829479768786127;0,36162361623616235;0,3244688122797596;0,3375927245953986;33,86994810857434;55,447330418803176;50,226021013406836;0,18953215476757299;1,3812059199762732;5,795481467075478;32,9482143859961;41,93322356432509;47,94676837978865;1;133;0,0;14;3339,7725237689806;15;3339,772523768997;50,226021013406836;55,447330418803176;0,0;0,0;90,32318783106739;0;0,0;0,0;0;0,0;14,3895631379115;0;0,0;1,8795776181231;14;7,177373159063427;0,0;13;42,70459357451691;0,0;1;3,192653961112228;0,0;0;0,0;0,0;0;0,0;0,0;1;0,0;28,892369982555223;2;0,0;5,064510274817015;15;0,0;0,0;0;0,0;0,0;0;0,0;0,0;0;0,0;0,0;13;2,372709724110609;0,0;0;0,0;0,0;0;0,0;0,0;0;0,0;0,0;110,56825906436539;11,2875;0,6205085131469301;4,516666666666667;3,011111111111111;19,473036169999993;4,516666666666667;7,741666666666666;2,5;0,0467513054339684;18,239891915555557;8,760922032222215;14;687,0041107876442;1,01901712753724;1;90,70162642793657;0,055210878055600585;3;353,224744806771;0,28364028844774886;3;315,0;0,21896458327641252;3;270,0;0,18985973696189487;3;355,5585414518204;0,26625630632018255;0,6730387214029596;13;51,69037370856119;0,0;0,0;0,0;0;0,0;0;0,0;0;29,336074009086587;8;0,0;0;0,0;0;0,0;0;0,0;0;0,5991604685790662;1;0,0;0;0,0;0;0,0;0;11,893047049958234;13;0,0;0;0,0;0;0,0;0;9,862092180937301;3;0,0;0;132;133;15;0,05660377358490565;15,0;44;22,942115034473826;0,007518796992481203;2,258958961043148;2,258958961043148;1,5317919075144508;0,03468208092485549;27,380361027342815;28,15621568595574;34,75448013887359;37,70418302062262;42,94691481728936;132;0,9090909090909091;12,682298565916124;18,157303487372584;6;0,8333333333333334;15,116937737989428;15,526219820952427;43;1,0;10,836521162231186;15,0;26;1,0;13,835375405330412;15,0;24;1,0;12,996070356432561;15,0;34;0,9411764705882353;12,865047869741254;16,259853871772048;0,49845524384009343;181,3775128313992;0,12397369198509307;0,28901126805122385;0,06087087986174782;0,0546944150609668;0,0;0,012174175972349564;0,043247807654056517;0,0;0,15415859124167117;0,0;0,044029936433330925;0,1164594338928831;0,012174175972349564;0,2769482100001158;200,47771131246955;0,03611672205130371;0,20800226376487185;0,012174175972349564;0,15435386886351565;16,674912721819176;0,02597157540767907;0,13883179449876995;0,006087087986174782;0,21725160147640318;49,68170537002261;0,03266737219247133;0,15938103670135653;0,0;20260920;"{""passenger_counts"":[20260920,79,1,1],""city_assignment"":[20260920,79,1,2],""arrival_terminal_processing"":[20260920,79,1,3],""terminal_access"":[20260920,79,1,4],""departure_terminal_earliness"":[20260920,79,1,5]}";2.3.5;3;1;3f75ae4600ecb1919ad757d1d81832cb70190d6a5404ec689334ed47c62c74e8;15;0,95;2026-07-30T21:25:22.987426+02:00;2026-08-01T00:48:12.287125+02:00;"{""aircraft_spec"":""1d92a29ff955ec8194720f659c80edf216b314fc10254dcf237d7a6f523202b4"",""config"":""5c5af6f01170832b87fb1c795dbef1c9b58dd19289f990c8ae34d12b57a05964"",""flight_schedule"":""5871c8897f25c6a4b84d5aaf40fda1a067670fa574cb675c9adf829ad9c940f9"",""vertiport_network"":""8f37a94965fd8b2b9be9143f587c88446d15875ef5cba00cefde590914bba9b3""}";447c2ea3db3a1c3ac6982c2f510127b41a47bddb47d4abdf6cb52599f7f2915e;5284708a4e20708767a1693e58dbbc8d35c89c96da62d588b514064df48719f6
low;n6;6;;80;completed;238;238;0;233;0,9789915966386554;12,52777182215928;15,0;20,15144857544486;17,98494501968092;6,689721372486248e-05;161;95;8564,598969613868;8439,550720763815;0,23155906769170537;13;-9498,306671146307;88754,58658834301;4966;1,0913936421275139e-11;0,3695652173913043;0,37109375;0,33713969007331884;0,3490127894856785;35,985709956360786;14,395597173184433;22,307221010149867;0,0937278193703776;0,5655259483346455;4,679605358729896;32,65765011374974;42,08910021026716;46,469214134339076;1;119;0,0;8;2981,609693673909;9;2981,6096936739154;22,307221010149867;14,395597173184433;0,0;0,0;89,5166947981941;0;0,0;0,0;0;0,0;10,96694131252904;0;0,0;0,09318397136412386;4;0,318293440723816;0,0;4;13,474024283041823;0,0;1;0,0;0,0;0;0,0;0,0;0;0,0;0,0;1;0,0;7,651354224888079;1;0,0;3,5957415013686234;5;0,0;0,0;0;0,0;0,0;0;0,0;0,0;0;0,0;0,0;4;0,6032794494187935;0,0;0;0,0;0,0;0;0,0;0,0;0;0,0;0,0;113,69880136541316;10,325000000000003;0,3453511076251193;4,266666666666667;2,8444444444444446;18,79455851500001;4,266666666666667;7,046666666666667;2,1666666666666665;0,0;17,171840197222235;8,733829428888887;8;718,361574856108;0,8924807790557098;1;30,0;0,018320071198780246;3;363,9362737430031;0,3197680467334964;3;229,70796076843325;0,17711132934981497;2;305,1514485754449;0,20109152333180258;3;285,31829344072383;0,2120049794997083;0,6943233787434473;4;14,077303732460617;0,0;0,0;0,0;0;0,0;0;0,0;0;3,5889536771754744;1;4,151448575444859;1;0,0;0;0,0;0;0,0;0;0,11900709125778425;1;0,0;0;0,0;0;0,0;0;3,7403776812751555;4;0,0;0;0,0;0;0,0;0;2,477516707307344;1;0,0;0;119;119;5;0,021008403361344574;15,0;23;21,75;0,008403361344537815;0,007960768433258636;0,007960768433258636;1,4782608695652173;0,031055900621118012;27,292470349858142;27,307140108668225;31,46393036666668;38,00816011883124;42,71647184001393;119;1,0;12,281347159762818;15,0;2;1,0;15,0;15,0;43;0,9534883720930233;12,177572001357214;15,0;22;0,9545454545454546;13,183106467919414;15,0;23;0,9565217391304348;14,317263751672249;15,0;29;0,9655172413793104;11,971323345554634;15,0;0,4410432844059841;139,92289914806273;0,11623067393892801;0,2652408872633159;0,030533451997967077;0,07842805644051129;0,0;0,009160035599390123;0,06039446074957714;0,01221338079918683;0,17874080682294693;0,0;0,04213616375719457;0,11262134931931737;0,018320071198780246;0,15790696196682522;20,709545510965153;0,02748010679817037;0,14059013941869591;0,01221338079918683;0,28708950376118036;198,32225044410796;0,03582591701094804;0,2183811093732142;0,0;0,3213702989652028;168,97625148963212;0,02971922661135462;0,19962115221232515;0,006106690399593415;20260920;"{""passenger_counts"":[20260920,80,1,1],""city_assignment"":[20260920,80,1,2],""arrival_terminal_processing"":[20260920,80,1,3],""terminal_access"":[20260920,80,1,4],""departure_terminal_earliness"":[20260920,80,1,5]}";2.3.5;3;1;45ca123853019ffa65e9471eed98a9717fa52915d40f9fc8634d66490b0fa9dc;15;0,95;2026-07-30T21:21:41.693329+02:00;2026-08-01T00:39:14.586588+02:00;"{""aircraft_spec"":""1d92a29ff955ec8194720f659c80edf216b314fc10254dcf237d7a6f523202b4"",""config"":""5c5af6f01170832b87fb1c795dbef1c9b58dd19289f990c8ae34d12b57a05964"",""flight_schedule"":""5871c8897f25c6a4b84d5aaf40fda1a067670fa574cb675c9adf829ad9c940f9"",""vertiport_network"":""8f37a94965fd8b2b9be9143f587c88446d15875ef5cba00cefde590914bba9b3""}";447c2ea3db3a1c3ac6982c2f510127b41a47bddb47d4abdf6cb52599f7f2915e;5284708a4e20708767a1693e58dbbc8d35c89c96da62d588b514064df48719f6
low;n6;6;;81;completed;238;238;0;225;0,9453781512605042;12,830674702143547;16,23448418887473;24,286825943343015;18,451470907780607;0,29888735001626626;159;98;8552,760658636094;8367,171786763825;0,2279498074276195;13;-9192,056669541378;88300,75879848548;4984;1,6484591469634324e-11;0,3742138364779874;0,38132295719844356;0,35058342495494066;0,3613893890309884;35,93596915393317;77,2570994795678;71,24949694162018;0,2993676342084881;1,902293239929268;6,0273176549382095;32,97863664540967;43,40843367845017;55,042973743935605;9;120;0,0;7;3053,700579110164;9;3053,700579110144;71,24949694162018;77,25709947956771;0,0;0,0;80,20259407884252;3;3,861355184927015;0,0;0;0,0;39,95366424313995;0;0,0;1,3007070285830802;13;16,163056339408772;0,0;11;51,34996141217986;0,0;3;0,0;0,0;0;0,0;0,0;0;0,0;0,0;1;0,0;15,683979526664794;2;0,0;14,311146143232357;13;0,0;0,0;0;0,0;0,0;0;0,0;0,0;0;0,0;0,0;11;5,882726543052073;0,0;0;0,0;0,0;0;0,0;0,0;0;0,0;0,0;112,03242059483175;10,258333333333333;0,9377435946569944;4,283333333333333;2,8555555555555556;18,657306035000026;4,283333333333333;7,013333333333334;2,1666666666666665;0,0;16,752476556666682;9,043718367222231;7;698,4203027950866;0,9138292644162309;1;103,491715662575;0,0636919029360777;3;368,73121263872457;0,30699337517467207;3;283,3330867290376;0,2070505451972546;3;286,82564089146376;0,23508817699245738;3;210,0;0,15268557545351708;0,689481086726272;11;68,76069084529215;0,0;0,0;9,30735904439789;3;0,0;0;0,0;0;32,69490764385106;9;0,3168374049887158;1;0,0;0;0,0;0;0,4116242991403851;1;1,1503336236462929;2;0,0;0;0,0;0;0,0;0;11,0;11;0,0;0;0,0;0;0,0;0;13,879628829267798;4;0,0;0;118;120;13;0,054621848739495826;15,0;42;22,966616838405315;0,075;3,9851646668835503;8,130323051767725;1,4968553459119496;0,025157232704402517;27,081337630007457;27,53481307236765;31,790895055311942;38,331729825567656;45,449885916422495;118;0,9661016949152542;12,583585853815583;15,000000000000002;6;0,6666666666666666;17,248619277095834;21,965125576359178;40;0,925;12,470686864921266;19,17312347431132;27;0,9259259259259259;12,460457157697714;19,15290210715862;28;0,9285714285714286;13,642504915619332;19,98721307151224;19;1,0;13,057672484490553;15,0;0,49689167514207394;232,90035826359207;0,11816255325786575;0,25839709093940005;0,024617198595388697;0,06321015545571372;5,888519910303633;0,013334315905835545;0,055164655281782854;0,0;0,099949372582956;0,0;0,041438950968904306;0,07831384774497661;0,012308599297694348;0,17413322484097132;14,072119119565711;0,03179721485237707;0,1473414503910725;0,012308599297694348;0,24795854352745372;40,32164342669712;0,03610522460657009;0,19993397294681223;0,012308599297694348;0,34785176549867974;350,3585664170372;0,022770908700734546;0,1465133428003391;0,018462898946541524;20260920;"{""passenger_counts"":[20260920,81,1,1],""city_assignment"":[20260920,81,1,2],""arrival_terminal_processing"":[20260920,81,1,3],""terminal_access"":[20260920,81,1,4],""departure_terminal_earliness"":[20260920,81,1,5]}";2.3.5;3;1;fbe7a00ac7eabad9e29faf56d6f17cfcd8425041bb9bf65867a17ee06220ad93;15;0,95;2026-07-30T21:26:47.943330+02:00;2026-08-01T00:31:40.758798+02:00;"{""aircraft_spec"":""1d92a29ff955ec8194720f659c80edf216b314fc10254dcf237d7a6f523202b4"",""config"":""5c5af6f01170832b87fb1c795dbef1c9b58dd19289f990c8ae34d12b57a05964"",""flight_schedule"":""5871c8897f25c6a4b84d5aaf40fda1a067670fa574cb675c9adf829ad9c940f9"",""vertiport_network"":""8f37a94965fd8b2b9be9143f587c88446d15875ef5cba00cefde590914bba9b3""}";447c2ea3db3a1c3ac6982c2f510127b41a47bddb47d4abdf6cb52599f7f2915e;5284708a4e20708767a1693e58dbbc8d35c89c96da62d588b514064df48719f6
low;n6;6;;82;completed;249;249;0;246;0,9879518072289156;12,821096885089002;15,0;28,17189441044393;18,200385304791816;0,05017946238068794;173;101;9152,196294313862;8985,409658982122;0,23316807545579085;15;-8284,79982106459;88208,95981905515;5308;-1,1027623258996755e-11;0,3598265895953757;0,3686131386861314;0,3393805602323075;0,3496189538195784;36,75580841089904;17,281180983423898;58,69281650600057;0,23571412251405852;1,2899800033942421;5,844301229587685;32,47546933864288;42,11158758024976;51,623887285129484;1;122;0,0;7;3192,4531243871616;9;3192,45312438718;58,69281650600057;17,281180983423837;0,0;0,0;92,2588564980897;1;0,0;0,0;0;0,0;37,40885218740577;0;0,0;0,0;3;13,17189441044393;0,0;2;4,109286572979909;0,0;0;0,0;0,0;0;0,0;0,0;0;0,0;0,0;1;0,0;16,62510793979221;2;0,0;4,658856378802587;3;0,0;0,0;0;0,0;0,0;0;0,0;0,0;0;0,0;0,0;2;0,0;0,0;0;0,0;0,0;0;0,0;0,0;0;0,0;0,0;106,77343396164358;10,954166666666667;0,8087015478301252;4,550000000000001;3,0444444444444443;20,048139095000007;4,566666666666666;7,448333333333335;2,5;0,12904701794798207;18,27223837555556;9,387011830555558;7;753,2711626668577;1,019596559619815;2;75,0;0,055388230036083105;4;364,2268727666667;0,26855944484093836;2;255,0;0,1865884299166351;3;225,0;0,18731357177281846;3;332,16425563039155;0,2676270802397502;0,6639192069613368;2;4,109286572979909;0,0;0,0;0,0;0;0,0;0;0,0;0;0,2145406151476588;1;0,0;0;0,0;0;0,0;0;2,4444872714666417;1;0,3333333333333333;1;0,0;0;0,0;0;0,0;0;1,116925353032275;2;0,0;0;0,0;0;0,0;0;0,0;0;0,0;0;127;122;3;0,012048192771084376;15,0;39;21,75;0,00819672131147541;6,121894410443929;6,121894410443929;1,439306358381503;0,005780346820809248;26,803822122255482;27,306427058976734;31,63401213216908;37,85635761337732;42,795808492824754;127;0,9921259842519685;12,911378655360558;15,0;7;1,0;12,725282276174914;15,0;35;1,0;12,34014786645976;15,0;22;1,0;13,639862960608419;15,0;25;1,0;12,04972718131911;15,0;33;0,9393939393939394;13,042597552445198;16,596944487979048;0,4521340200367882;190,0927759424858;0,12974932313441015;0,27130738704134144;0,043526130763939505;0,09348038627693751;0,0;0,013472373807886037;0,07568761840552268;0,006218018680562786;0,11277000966120408;0,0;0,043940665342643695;0,09429814401774546;0,012436037361125573;0,23535514803583715;30,922553742684006;0,03627177563661625;0,20794931314342432;0,012436037361125573;0,277212383445122;206,4651516347117;0,02507934201160324;0,20723127254916218;0,012436037361125573;0,2960527993934533;139,30049933890047;0,035442706479207886;0,2276152261998204;0,006218018680562786;20260920;"{""passenger_counts"":[20260920,82,1,1],""city_assignment"":[20260920,82,1,2],""arrival_terminal_processing"":[20260920,82,1,3],""terminal_access"":[20260920,82,1,4],""departure_terminal_earliness"":[20260920,82,1,5]}";2.3.5;3;1;70bbebb5b7c7b802bbabc270345f5090d6f28964aca193f13d7dac053b78add3;15;0,95;2026-07-30T21:41:55.200179+02:00;2026-08-01T00:30:08.959819+02:00;"{""aircraft_spec"":""1d92a29ff955ec8194720f659c80edf216b314fc10254dcf237d7a6f523202b4"",""config"":""5c5af6f01170832b87fb1c795dbef1c9b58dd19289f990c8ae34d12b57a05964"",""flight_schedule"":""5871c8897f25c6a4b84d5aaf40fda1a067670fa574cb675c9adf829ad9c940f9"",""vertiport_network"":""8f37a94965fd8b2b9be9143f587c88446d15875ef5cba00cefde590914bba9b3""}";447c2ea3db3a1c3ac6982c2f510127b41a47bddb47d4abdf6cb52599f7f2915e;5284708a4e20708767a1693e58dbbc8d35c89c96da62d588b514064df48719f6
low;n6;6;;83;completed;236;236;0;234;0,9915254237288136;11,95802170786901;15,0;23,47420393861818;17,669997815205402;0,03862262886884054;148;83;7777,2851544083205;7603,9284637822775;0,23155906769170628;12;-7520,817650145671;87869,95260111529;4588;1,0345502232667059e-11;0,39864864864864863;0,3593073593073593;0,3359364207332373;0,34405723488262807;32,954598111899664;9,397540284830878;47,52636133138808;0,2013828869974071;1,505599527771604;4,00069280287371;32,76793327228986;42,29642734769247;51,1238159203486;1;126;0,0;8;2822,093123057087;9;2822,0931230570877;47,52636133138808;9,397540284830878;0,0;0,0;84,46500123776246;0;0,0;0,0;0;0,0;29,72546689234811;0;0,0;1,0472297818865628;2;0,34420037195147113;0,0;2;8,053339912879407;0,0;0;0,0;0,0;0;0,0;0,0;0;0,0;0,0;0;0,0;10,831509725066857;1;0,0;5,922154932086551;2;0,0;0,0;0;0,0;0,0;0;0,0;0,0;0;0,0;0,0;2;1,0;0,0;0;0,0;0,0;0;0,0;0,0;0;0,0;0,0;112,37085773238802;9,85;0,516361348046975;3,85;2,566666666666667;17,187398005000013;3,85;6,793333333333333;2,000000000000001;0,0;15,674599671111126;7,929465000555552;8;585,0544644329553;0,790538979120919;2;105,0;0,07268998877638104;3;368,9072465712652;0,321611029046684;3;255,0;0,20227634008182419;3;274,4367803496772;0,18315118070906247;4;248,2741364666667;0,2048055520958752;0,7068033360233985;2;9,397540284830878;0,0;0,0;0,0;0;0,0;0;0,0;0;7,3876463915152275;1;0,0;0;0,0;0;0,0;0;0,0;0;0,0;0;0,0;0;0,0;0;0,0;0;1,923336346212697;2;0,0;0;0,0;0;0,0;0;0,08655754710295392;1;0,0;0;110;126;2;0,008474576271186418;15,0;37;21,75;0,007936507936507936;4,866451237473909;4,866451237473909;1,5945945945945945;0,033783783783783786;26,497436180905826;26,970579214678608;32,138444467736804;37,82911538607746;42,86072784635082;110;0,990909090909091;11,42577608060454;15,0;8;1,0;14,445737539446881;15,0;43;1,0;11,890978210102269;15,0;25;1,0;12,863530589340815;15,0;24;0,9583333333333334;12,13259180573983;15,0;26;1,0;12,523435491128392;15,0;0,5034707003093765;196,80151175835334;0,11028320635518651;0,26630545367305536;0,03773950027363801;0,04696355086960183;0,0;0,008386555616363993;0,041931617499783434;0,0062899167122729945;0,12962208305031547;0,0;0,04235210586263816;0,10016999840168103;0,012579833424545989;0,17800761268634518;0,24718718367876136;0,02620798630113748;0,14280723438519746;0,0;0,23251400103332337;65,33994327685589;0,026417650191546578;0,2025239663759905;0,0062899167122729945;0,32745576581430225;250,37828471599218;0,028514289095637576;0,20731429257917786;0,012579833424545989;20260920;"{""passenger_counts"":[20260920,83,1,1],""city_assignment"":[20260920,83,1,2],""arrival_terminal_processing"":[20260920,83,1,3],""terminal_access"":[20260920,83,1,4],""departure_terminal_earliness"":[20260920,83,1,5]}";2.3.5;3;1;2d27c07708f0bcecdbb13361a3035335cf9ac1db551c9de16f327f46445bbb92;15;0,95;2026-07-30T21:54:39.182350+02:00;2026-08-01T00:24:29.952601+02:00;"{""aircraft_spec"":""1d92a29ff955ec8194720f659c80edf216b314fc10254dcf237d7a6f523202b4"",""config"":""5c5af6f01170832b87fb1c795dbef1c9b58dd19289f990c8ae34d12b57a05964"",""flight_schedule"":""5871c8897f25c6a4b84d5aaf40fda1a067670fa574cb675c9adf829ad9c940f9"",""vertiport_network"":""8f37a94965fd8b2b9be9143f587c88446d15875ef5cba00cefde590914bba9b3""}";447c2ea3db3a1c3ac6982c2f510127b41a47bddb47d4abdf6cb52599f7f2915e;5284708a4e20708767a1693e58dbbc8d35c89c96da62d588b514064df48719f6
low;n6;6;;84;completed;215;215;0;210;0,9767441860465116;12,700351548656437;15,0;33,83344804623642;18,117047001643453;0,18318260711378145;147;83;7647,277432536091;7553,015474608706;0,22764909207550899;11;-9337,438946502181;89632,26785665256;4466;3,1604940886609256e-11;0,3656462585034014;0,36086956521739133;0,32633199097763665;0,33848411747578133;35,56873224435391;36,108718821742634;38,33952239220856;0,17832335996376072;1,3833048204887732;3,151582528257859;32,25456581849539;41,50199108523816;60,05249008133578;2;100;0,0;6;2730,575582961134;9;2730,575582961124;38,33952239220856;36,108718821742634;0,0;0,0;82,24136620365059;0;0,0;0,0;0;0,0;11,837382412560357;0;0,0;0,0;5;15,968895585453478;0,0;3;8,954983760533894;0,0;2;10,0;0,0;0;0,0;0,0;1;0,0;0,0;1;0,0;18,021441677941766;0;0,0;8,480698301706434;5;0,0;0,0;2;0,0;0,0;0;0,0;0,0;0;0,0;0,0;3;1,1848394757552645;0,0;0;0,0;0,0;0;0,0;0,0;0;0,0;0,0;120,00287696633086;9,379166666666666;0,45534398837132156;3,8333333333333335;2,5555555555555554;16,66490149500001;3,8333333333333335;6,391666666666667;1,8333333333333333;0,0;15,53060106833334;7,523189315555557;6;713,1307164866141;0,8647337694359053;1;108,53087944242192;0,06579642374304523;3;295,72009086450805;0,2303539753329272;2;210,0;0,15700433613223172;2;180,0;0,1178745736599186;3;315,9809155194336;0,21963775362453206;0,7275127764398247;3;23,19695701585891;0,0;0,0;0,0;0;0,0;0;0,0;0;16,000396049181653;2;0,0;0;0,0;0;0,0;0;0,3749054077337253;1;0,0;0;0,0;0;0,0;0;0,0;0;2,832629527200576;3;0,0;0;0,0;0;0,0;0;3,989026031742954;1;0,0;0;115;100;5;0,023255813953488413;15,0;36;21,75;0,02;9,159130355689074;13,220793238180947;1,4625850340136055;0,013605442176870748;27,49158522309854;27,289292094628028;31,46393036666668;37,96463060094285;42,38665654765882;115;0,9826086956521739;12,403253278820053;15,0;7;0,8571428571428571;15,504411348917417;17,471615609695338;34;1,0;11,175522254725953;15,0;20;1,0;12,948894261525771;15,0;13;1,0;14,956425634191039;15,0;26;0,9230769230769231;13,93428466610479;24,1106006048979;0,44859065917864394;179,24794773566177;0,10528474152929242;0,2385440715814628;0,03031230562263697;0,03874306885284196;3,1;0,011114512061633556;0,03207436161586183;0,012124922249054789;0,17353904934480432;0,0;0,03778934100955409;0,11214854443994457;0,012124922249054789;0,20948875154421817;13,793962494382443;0,023239434310688346;0,10580397094208437;0,0;0,31486623411089437;223,86646968961347;0,025462336723015056;0,18533957419571892;0,0;0,3247637453405148;180,14919353814724;0,029503977472699987;0,23260804593502696;0,012124922249054789;20260920;"{""passenger_counts"":[20260920,84,1,1],""city_assignment"":[20260920,84,1,2],""arrival_terminal_processing"":[20260920,84,1,3],""terminal_access"":[20260920,84,1,4],""departure_terminal_earliness"":[20260920,84,1,5]}";2.3.5;3;1;9dc0a2307711af2460b4da2248dc428e64f63cd6ada897f0f769d84d79ec9dd9;15;0,95;2026-07-30T21:24:22.561053+02:00;2026-08-01T00:53:52.267857+02:00;"{""aircraft_spec"":""1d92a29ff955ec8194720f659c80edf216b314fc10254dcf237d7a6f523202b4"",""config"":""5c5af6f01170832b87fb1c795dbef1c9b58dd19289f990c8ae34d12b57a05964"",""flight_schedule"":""5871c8897f25c6a4b84d5aaf40fda1a067670fa574cb675c9adf829ad9c940f9"",""vertiport_network"":""8f37a94965fd8b2b9be9143f587c88446d15875ef5cba00cefde590914bba9b3""}";447c2ea3db3a1c3ac6982c2f510127b41a47bddb47d4abdf6cb52599f7f2915e;5284708a4e20708767a1693e58dbbc8d35c89c96da62d588b514064df48719f6
low;n6;6;;85;completed;249;249;0;246;0,9879518072289156;12,248632555066875;15,0;22,15989401048549;17,931553627873676;0,059984254231213355;164;90;8476,797597069426;8308,456313118426;0,23316807545579085;13;-12644,13258266732;88471,36370239744;4985;-2,1600499167107046e-12;0,3795731707317073;0,3543307086614173;0,3184937134676203;0,33105612313371485;34,043363843652315;10,466505427289697;56,79734712889358;0,2281017956983678;1,4749454809043867;5,547913415070434;32,724075729966444;42,23986988034063;50,45397195886811;2;127;0,0;6;3049,9095062116526;7;3049,909506211657;56,79734712889352;10,466505427289666;0,0;0,0;87,99145793497075;0;0,0;0,0;0;0,0;45,494908374237426;0;0,0;0,5275884646381503;1;0,0;0,0;3;10,436614983470887;0,0;1;0,0;0,0;0;0,0;0,0;0;0,0;0,0;1;0,0;9,153959855652163;0;0,0;1,6208904343657802;3;0,0;0,0;0;0,0;0,0;0;0,0;0,0;0;0,0;0,0;3;0,02989044381877951;0,0;0;0,0;0,0;0;0,0;0,0;0;0,0;0,0;117,70412890918772;10,654166666666667;0,637098338975513;4,216666666666668;2,8222222222222224;18,550561175000016;4,233333333333333;7,298333333333333;2,1666666666666665;0,2426498297228914;17,45072952555557;8,155387205000004;6;730,8641169822678;0,8938305943563396;1;45,0;0,026702138635488287;3;428,9396264820569;0,349775834768169;2;195,0;0,136132192112507;4;319,8368318664665;0,23267881029054927;4;239,33719980937047;0,1706383511826617;0,6984337706894477;3;10,466505427289666;0,0;0,0;0,0;0;0,0;0;0,0;0;1,998075179442094;1;0,0;0;0,0;0;0,0;0;0,5972275138756231;1;0,0;0;0,0;0;0,0;0;0,0;0;2,3085362373620835;3;0,0;0;0,0;0;0,0;0;5,562666496609866;1;0,0;0;122;127;3;0,012048192771084376;15,0;36;21,75;0,015748031496062992;3,809000143682048;4,7770315504908165;1,5182926829268293;0,04878048780487805;28,08763785696243;27,43821521339795;32,133514720159496;37,80183150178815;42,59995969305201;122;1,0;12,347011494961155;15,0;3;1,0;15,0;15,0;52;0,9807692307692307;11,335819590098145;15,0;16;1,0;14,338618922739503;15,0;33;0,9696969696969697;11,882542109872386;15,0;23;0,9565217391304348;12,503030119637687;15,0;0,46130757502817515;44,28161199788162;0,11392912484475003;0,26173996982999576;0,041536660099648445;0,05091727813352692;0,0;0,007516157541841147;0,026759685102724497;0,0;0,18598669678665428;0,0;0,044305770772958344;0,09951208112775317;0,011867617171328127;0,22955367860394302;103,84408703352334;0,031646979123541676;0,18199005670003174;0,005933808585664064;0,24658520252855518;129,15544382432603;0,028877868450231776;0,20602565805123685;0,011867617171328127;0,2612223361722796;223,43304766349598;0,024921996059789068;0,1673539340793888;0,005933808585664064;20260920;"{""passenger_counts"":[20260920,85,1,1],""city_assignment"":[20260920,85,1,2],""arrival_terminal_processing"":[20260920,85,1,3],""terminal_access"":[20260920,85,1,4],""departure_terminal_earliness"":[20260920,85,1,5]}";2.3.5;3;1;032888535654e46fe1cc0835e08b65b39a0e2c39d59cfb16ed9b07072f5e3b20;15;0,95;2026-07-30T20:29:15.867417+02:00;2026-08-01T00:34:31.363702+02:00;"{""aircraft_spec"":""1d92a29ff955ec8194720f659c80edf216b314fc10254dcf237d7a6f523202b4"",""config"":""5c5af6f01170832b87fb1c795dbef1c9b58dd19289f990c8ae34d12b57a05964"",""flight_schedule"":""5871c8897f25c6a4b84d5aaf40fda1a067670fa574cb675c9adf829ad9c940f9"",""vertiport_network"":""8f37a94965fd8b2b9be9143f587c88446d15875ef5cba00cefde590914bba9b3""}";447c2ea3db3a1c3ac6982c2f510127b41a47bddb47d4abdf6cb52599f7f2915e;5284708a4e20708767a1693e58dbbc8d35c89c96da62d588b514064df48719f6
low;n6;6;;86;completed;225;225;0;219;0,9733333333333334;12,784434347484071;15,0;39,134356419543835;18,200226354613235;0,14986277561003367;155;87;7927,780709977764;7759,097322607942;0,22764909207550676;14;-9670,311331187571;88639,86539387931;4717;5,684341886080801e-13;0,3629032258064516;0,359504132231405;0,3199249265024346;0,33405909525539296;35,234580933234504;38,75836202181298;39,80320160406255;0,176903118240278;1,525550471542372;4,0289710109364325;32,711438651724634;41,528209235577066;63,39340642646639;1;114;0,0;9;2876,4977281839156;10;2876,497728183905;39,803201604062544;38,758362021812964;0,0;0,0;79,46372307567381;0;0,0;0,0;0;0,0;9,050652627709345;0;0,0;0,0;5;24,13435641954384;0,0;5;14,624005602269124;0,0;2;0,0;0,0;0;0,0;0,0;0;0,0;0,0;2;0,0;25,394260751925927;1;0,0;5,35828822442727;6;0,0;0,0;0;0,0;0,0;0;0,0;0,0;0;0,0;0,0;5;0,0;0,0;0;0,0;0,0;0;0,0;0,0;0;0,0;0,0;116,74368260303275;9,854166666666666;0,47194196985640346;4,033333333333333;2,688888888888889;16,983281079999998;4,033333333333333;6,708333333333333;2,3333333333333335;0,0;16,121521900555553;7,583981401666667;9;687,7653131198007;0,8290137384652225;1;91,587615732776;0,0558971321894226;3;480,0;0,36477629242271886;2;213,1649286807117;0,14518236779099294;3;240,0;0,19988568209858978;2;249,13435641954385;0,16080936275035454;0,7125021223154758;5;14,624005602269124;0,0;0,0;0,0;0;0,0;0;0,0;0;1,4244291154236028;2;4,0334833785840605;2;0,0;0;0,0;0;1,1966015572369846;2;2,3818758182484694;1;0,0;0;0,0;0;0,0;0;5,0;5;0,0;0;0,0;0;0,0;0;0,587615732776006;1;0,0;0;111;114;6;0,026666666666666616;15,0;34;21,75;0,008771929824561403;17,084356419543838;17,084356419543838;1,4516129032258065;0,01935483870967742;27,308382423629688;27,30640667994897;32,74920710417409;37,97423294003252;42,320719937364316;111;0,972972972972973;12,237310380784445;15,0;6;0,8333333333333334;15,264602622129335;16,190711799582004;49;1,0;12,197694480677606;15,0;17;0,9411764705882353;13,993043367545269;15,632985736142338;25;1,0;13,100531154615265;15,0;17;0,9411764705882353;15,49921261865955;19,82687128390875;0,5804683138024106;185,04106856340155;0,10599106162875135;0,2603619120256553;0,04272192503270208;0,09261798503179569;0,7144960933641414;0,013223452986312549;0,0797319399682616;0,006103132147528868;0,10874919482225975;0,0;0,047807868488976134;0,08283072367215794;0,006103132147528868;0,16536716118077677;34,7219382936546;0,02583659275787221;0,13055085768781877;0,006103132147528868;0,1767731325362982;65,16854728653888;0,023598777637111625;0,15069427409920289;0,012206264295057737;0,17230493236794533;22,250922362534038;0,029701909784640494;0,147208553419869;0,012206264295057737;20260920;"{""passenger_counts"":[20260920,86,1,1],""city_assignment"":[20260920,86,1,2],""arrival_terminal_processing"":[20260920,86,1,3],""terminal_access"":[20260920,86,1,4],""departure_terminal_earliness"":[20260920,86,1,5]}";2.3.5;3;1;e95a5309432aa395cb77f6d72d994ccc8b01d784fbc3fc0dea72bd16a3d34329;15;0,95;2026-07-30T21:18:49.688669+02:00;2026-08-01T00:37:19.865394+02:00;"{""aircraft_spec"":""1d92a29ff955ec8194720f659c80edf216b314fc10254dcf237d7a6f523202b4"",""config"":""5c5af6f01170832b87fb1c795dbef1c9b58dd19289f990c8ae34d12b57a05964"",""flight_schedule"":""5871c8897f25c6a4b84d5aaf40fda1a067670fa574cb675c9adf829ad9c940f9"",""vertiport_network"":""8f37a94965fd8b2b9be9143f587c88446d15875ef5cba00cefde590914bba9b3""}";447c2ea3db3a1c3ac6982c2f510127b41a47bddb47d4abdf6cb52599f7f2915e;5284708a4e20708767a1693e58dbbc8d35c89c96da62d588b514064df48719f6
low;n6;6;;87;completed;264;264;0;251;0,9507575757575758;12,132730012041717;15,0;26,762637213775573;17,866243693288375;0,1167846363866894;173;104;9191,229192880532;8927,937330581148;0,22583490844874882;14;-8527,376746331785;87896,94804725467;5424;3,092281986027956e-11;0,3815028901734104;0,37545126353790614;0,3456526156912096;0,35615873168485057;34,81526209424444;47,89352704825627;79,14761184911683;0,29980156003453345;2,431945495195832;4,646631771994058;32,82546668566793;42,73160876893106;56,79389781104486;4;140;0,0;10;3203,040723179014;10;3203,040723179021;79,14761184911683;47,89352704825627;0,0;0,0;86,4577028986156;2;1,8520964436604117;0,0;0;0,0;46,4376791885066;0;0,0;5,35463530987666;12;16,71149081181405;0,0;8;22,766200059269977;0,0;1;2,8304657300633456;0,0;0;0,0;0,0;0;0,0;0,0;0;0,0;18,066697011674282;2;1,7332740034484837;9,288600339059295;13;0,0;0,0;2;0,0;0,0;0;0,0;0,0;0;0,0;0,0;8;2,0;0,0;0;0,0;0,0;0;0,0;0,0;0;0,0;0,0;105,98661434968652;11,266666666666667;0,990440564361005;4,616666666666666;3,077777777777778;19,98311575500001;4,616666666666666;7,723333333333334;2,3333333333333335;0,11259287581872235;18,11073912055556;9,566821078888895;10;674,6666595571704;0,9322391888659416;2;109,05676806005867;0,0678929324277428;3;403,62556635038595;0,33115879602859816;2;291,16937145607966;0,20434372366747988;3;310,3487014749547;0,2508743984820206;3;274,7261396803349;0,20658185125669024;0,6595013109600915;8;33,52486873604103;0,0;0,0;2,8502690983171;1;0,0;0;0,0;0;17,5484157148973;5;0,0;0;0,0;0;0,0;0;0,0;0;1,7332740034484837;1;0,0;0;0,0;0;0,0;0;6,838323479286555;8;0,0;0;0,0;0;0,0;0;4,5545864400915885;3;0,0;0;124;140;13;0,0492424242424242;15,0;54;22,68630057779626;0,02857142857142857;4,087462273534129;10,357784260427918;1,5260115606936415;0,04046242774566474;26,784534664885125;27,20198508749824;32,704235587805464;37,80626467261822;43,95531735283469;124;0,9516129032258065;12,082061066198806;15,0;8;0,875;13,638604515836853;17,636899239038136;45;1,0;11,826579002412812;15,0;24;0,9583333333333334;13,683128875308306;15,0;33;0,9393939393939394;12,217370950316152;15,66698139145034;30;0,9;11,066397512241924;17,288861900359905;0,49625088093456227;193,13505593605763;0,12984275520519645;0,27410482687276266;0,062224962558400855;0,17111863050514448;155,79325338614655;0,016593323348906893;0,09719673607911666;0,006222496255840085;0,12813900899652048;0,0;0,04500938958390995;0,10638734691670118;0,006222496255840085;0,1543675720011935;9,055064294507247;0,031112481279200428;0,12591853265545347;0,01244499251168017;0,17903672902544845;58,30063696289711;0,032356980530368444;0,15480702139101404;0,0;0,23377586353599075;104,7077742793275;0,032356980530368444;0,20093673314823565;0,0;20260920;"{""passenger_counts"":[20260920,87,1,1],""city_assignment"":[20260920,87,1,2],""arrival_terminal_processing"":[20260920,87,1,3],""terminal_access"":[20260920,87,1,4],""departure_terminal_earliness"":[20260920,87,1,5]}";2.3.5;3;1;9e7bf557f045abe252e18a9fa1fe5789bd7843de1c0d51d95e3eb0800d24673c;15;0,95;2026-07-30T21:37:52.623254+02:00;2026-08-01T00:24:56.948047+02:00;"{""aircraft_spec"":""1d92a29ff955ec8194720f659c80edf216b314fc10254dcf237d7a6f523202b4"",""config"":""5c5af6f01170832b87fb1c795dbef1c9b58dd19289f990c8ae34d12b57a05964"",""flight_schedule"":""5871c8897f25c6a4b84d5aaf40fda1a067670fa574cb675c9adf829ad9c940f9"",""vertiport_network"":""8f37a94965fd8b2b9be9143f587c88446d15875ef5cba00cefde590914bba9b3""}";447c2ea3db3a1c3ac6982c2f510127b41a47bddb47d4abdf6cb52599f7f2915e;5284708a4e20708767a1693e58dbbc8d35c89c96da62d588b514064df48719f6
low;n6;6;;88;completed;258;258;0;250;0,9689922480620154;12,54497868301177;15,0;20,033077180812203;18,00222889830352;0,0;176;106;9305,199052941634;9121,726982618982;0,23316807545578866;13;-8616,230763032097;87658,36418277796;5471;1,546140993013978e-11;0,3664772727272727;0,375886524822695;0,34102813760624545;0,35338676363306915;36,06666299589781;13,374122667681725;33,97055554527036;0,13166881994290836;0,8433826919505942;4,906253758175808;32,9354729044531;41,77691717679424;46,127679530390715;0;141;0,0;12;3236,6045002170367;13;3236,604500217048;33,97055554527036;13,374122667681664;0,0;0,0;88,5781755476419;0;0,0;0,0;0;0,0;18,84027621136717;0;0,0;0,0;8;7,903391095313782;0,0;5;5,470731572367883;0,0;0;0,0;0,0;0;0,0;0,0;0;0,0;0,0;3;0,0;10,82246384230663;0;0,0;4,307815491596557;8;0,0;0,0;0;0,0;0,0;0;0,0;0,0;0;0,0;0,0;5;0,0;0,0;0;0,0;0,0;0;0,0;0,0;0;0,0;0,0;106,25390902411382;11,241666666666667;0,49649393390268365;4,7;3,1333333333333333;20,10225528500002;4,7;7,663333333333333;2,1666666666666665;0,0;18,4087668588889;9,526821759444452;12;683,6190881604692;0,9215197560008369;3;105,0;0,0810041180222114;3;525,8977769725948;0,40736863543147495;2;226,2557234632767;0,15172824152418796;3;309,58506433137626;0,23114638638297463;3;302,9461192967689;0,22434101170224063;0,66219281888802;5;5,470731572367883;0,0;0,0;0,0;0;0,0;0;0,0;0;1,37351846075926;2;0,0;0;0,0;0;0,0;0;0,8283242992863659;1;0,0;0;0,0;0;0,0;0;0,0;0;3,268888812322257;5;0,0;0;0,0;0;0,0;0;0,0;0;0,0;0;117;141;8;0,03100775193798455;15,0;31;21,75;0,0;;;1,4659090909090908;0,011363636363636364;26,742943040502794;27,58607394310598;33,04669820666672;37,37433587237943;42,366280009625065;117;0,9572649572649573;12,63802581816842;15,000000000000012;9;1,0;14,441923428761102;15,0;54;0,9814814814814815;12,104706904256984;15,0;17;0,9411764705882353;14,3211519554718;15,251144692655338;32;1,0;11,59037745948364;15,0;29;0,9655172413793104;12,412839098486467;15,0;0,5043763358396097;150,82043720554606;0,131083387129319;0,29556126614425865;0,04985738971638124;0,08005012646577843;0,0;0,015580434286369137;0,06577917746841899;0,0;0,10388796647758348;0,0;0,050272867964017746;0,08089841369300829;0,006232173714547655;0,15055504785944684;14,049105655111271;0,029083477334555723;0,11941635539998349;0,01246434742909531;0,2324041311147901;60,16298856432016;0,03448469455383036;0,21077384511362207;0,006232173714547655;0,2937874308232076;151,67250213977775;0,032407303315647805;0,2116537281909878;0,006232173714547655;20260920;"{""passenger_counts"":[20260920,88,1,1],""city_assignment"":[20260920,88,1,2],""arrival_terminal_processing"":[20260920,88,1,3],""terminal_access"":[20260920,88,1,4],""departure_terminal_earliness"":[20260920,88,1,5]}";2.3.5;3;1;91fdd113c672f4f2f86d41b7a7e9db0c798a5795e4f2520c3915f35a6df51697;15;0,95;2026-07-30T21:36:23.769237+02:00;2026-08-01T00:20:58.364183+02:00;"{""aircraft_spec"":""1d92a29ff955ec8194720f659c80edf216b314fc10254dcf237d7a6f523202b4"",""config"":""5c5af6f01170832b87fb1c795dbef1c9b58dd19289f990c8ae34d12b57a05964"",""flight_schedule"":""5871c8897f25c6a4b84d5aaf40fda1a067670fa574cb675c9adf829ad9c940f9"",""vertiport_network"":""8f37a94965fd8b2b9be9143f587c88446d15875ef5cba00cefde590914bba9b3""}";447c2ea3db3a1c3ac6982c2f510127b41a47bddb47d4abdf6cb52599f7f2915e;5284708a4e20708767a1693e58dbbc8d35c89c96da62d588b514064df48719f6
low;n6;6;;89;completed;247;247;0;237;0,9595141700404858;12,487607003844062;15,0;38,72478259867009;18,096192503786035;0,2795071054350548;164;103;8895,74607358331;8783,058273287194;0,22686488563184562;14;-9847,277984043592;89878,52805059566;5156;2,955857780762017e-11;0,37652439024390244;0,3857677902621723;0,3578995096702334;0,3676849082171869;36,01516628981097;55,745978985282285;53,07061848566745;0,2148608035856982;1,3141459026599172;4,872334486345426;32,38563149918653;43,37071426141856;61,30202919779695;7;116;0,0;8;3084,438929949483;11;3084,4389299495037;53,07061848566745;55,74597898528227;0,0;0,0;89,24674783837489;0;0,0;0,0;0;0,0;32,8126226018078;0;0,0;0,0;10;22,988141348898715;0,0;7;19,756360992472523;0,0;5;11,001476643911035;0,0;0;0,0;0,0;0;0,0;0,0;0;0,0;12,294114260285278;0;0,0;7,963881623574374;10;0,0;0,0;1;0,0;0,0;0;0,0;0,0;0;0,0;0,0;7;2,0;0,0;0;0,0;0,0;0;0,0;0,0;0;0,0;0,0;114,03670841772974;10,6125;0,6681202900022779;4,45;2,966666666666667;19,430681350000025;4,45;7,261666666666666;2,3333333333333335;0,0;17,238695325555568;9,608652691111121;8;709,528047848318;0,9225918201334462;2;98,72478259867009;0,06205879701295056;4;353,37258148205717;0,29633602870296677;3;336,4851038524934;0,2406079135214271;2;225,0;0,1418680775160027;3;271,34506832448716;0,19228908030351063;0,6861014994140212;7;41,170332043584615;0,0;0,0;0,0;0;0,0;0;0,0;0;17,223930361287056;6;10,0;1;0,0;0;0,0;0;0,0;0;0,0;0;0,0;0;0,0;0;0,0;0;6,391828699582402;7;0,0;0;0,0;0;0,0;0;7,554572982715157;1;0,0;0;131;116;10;0,04048582995951422;15,0;38;22,642941496465397;0,0603448275862069;4,631832032923765;17,994519231323043;1,5060975609756098;0,036585365853658534;27,701612787399796;26,917264607058776;32,75767594197326;38,56111479977908;45,4032206285004;131;0,9770992366412213;11,70562505137059;15,0;6;0,8333333333333334;17,191287649045996;32,79358694900257;40;0,925;12,313478883128065;16,02073061909092;29;0,9655172413793104;13,790125353009826;15,0;17;1,0;13,870498412615737;15,0;24;0,9166666666666666;13,316794114532689;20,081448227909053;0,517571658461272;188,40317456074428;0,1235387357583323;0,2713120829498296;0,036098981228084116;0,05169733826145838;0,0;0,013035743221252597;0,04058861610428645;0,0;0,15906921076421343;0,0;0,04211547809943147;0,12233367390163408;0,006016496871347352;0,1951229206633604;22,228539808937118;0,03309073279241044;0,16798894097160302;0,006016496871347352;0,18807746992575494;56,784234534537;0,02928028477389045;0,1643740147488844;0,03008248435673676;0,20966791819843736;44,3233410327819;0,02667313612963992;0,17930316896498297;0,006016496871347352;20260920;"{""passenger_counts"":[20260920,89,1,1],""city_assignment"":[20260920,89,1,2],""arrival_terminal_processing"":[20260920,89,1,3],""terminal_access"":[20260920,89,1,4],""departure_terminal_earliness"":[20260920,89,1,5]}";2.3.5;3;1;3d66a635a1c97a8d51b6ea21ac16057dc67d07118e3282173e4d005860592a90;15;0,95;2026-07-30T21:15:52.722016+02:00;2026-08-01T00:57:58.528051+02:00;"{""aircraft_spec"":""1d92a29ff955ec8194720f659c80edf216b314fc10254dcf237d7a6f523202b4"",""config"":""5c5af6f01170832b87fb1c795dbef1c9b58dd19289f990c8ae34d12b57a05964"",""flight_schedule"":""5871c8897f25c6a4b84d5aaf40fda1a067670fa574cb675c9adf829ad9c940f9"",""vertiport_network"":""8f37a94965fd8b2b9be9143f587c88446d15875ef5cba00cefde590914bba9b3""}";447c2ea3db3a1c3ac6982c2f510127b41a47bddb47d4abdf6cb52599f7f2915e;5284708a4e20708767a1693e58dbbc8d35c89c96da62d588b514064df48719f6
low;n6;6;;90;completed;229;229;0;226;0,9868995633187773;12,572299635154298;15,0;23,92903529857334;18,077274214154418;0,01708213907793944;150;78;7676,5058070666555;7532,4632647783055;0,2378622575156489;13;-8958,238198088331;88510,4088644584;4487;-1,7053025658242404e-12;0,38166666666666665;0,34210526315789475;0,320079148481715;0,32773244642013527;33,52185941950505;13,156796662403819;37,38917859102815;0,16327152223156396;1,2645612232279864;3,2566134512696103;32,320579769516726;41,087718937321846;47,86215971309466;1;110;0,0;10;2879,0566164503334;12;2879,056616450321;37,38917859102815;13,156796662403698;0,0;0,0;86,087453419796;0;0,0;0,0;0;0,0;9,599779335825223;0;0,0;0,0;3;8,929035298573337;0,0;2;4,227761363830359;0,0;1;0,0;0,0;0;0,0;0,0;0;0,0;0,0;0;0,0;20,181148533843103;2;0,0;7,608250721359824;3;0,0;0,0;0;0,0;0,0;0;0,0;0,0;0;0,0;0,0;2;0,0;0,0;0;0,0;0,0;0;0,0;0,0;0;0,0;0,0;116,14947543471217;9,770833333333334;0,5143117992360647;3,8;2,533333333333333;16,965228560000007;3,8;6,698333333333333;2,1666666666666665;0,04956264362937671;15,841178041666675;7,457383851666664;10;683,5941216569069;0,907503292710515;1;45,0;0,02770121553310758;3;375,0;0,299361202872067;2;255,0;0,19063819791763031;2;210,0;0,15095229807010216;3;248,92903529857333;0,19614085654791416;0,7149959229054103;2;4,227761363830359;0,0;0,0;0,0;0;0,0;0;0,0;0;0,8383528898027482;1;0,0;0;0,0;0;0,0;0;0,0;0;1,389408474027611;2;0,0;0;0,0;0;0,0;0;2,0;2;0,0;0;0,0;0;0,0;0;0,0;0;0,0;0;119;110;3;0,013100436681222738;15,0;35;21,75;0,00909090909090909;1,8790352985733383;1,8790352985733383;1,5266666666666666;0,02;27,074624184040758;27,560873564624345;33,02180866225521;37,46971648208211;41,523779135658245;119;0,9831932773109243;12,388391897100872;15,0;3;1,0;15,0;15,0;39;1,0;12,469372404682458;15,0;24;1,0;12,903643909356553;15,0;19;1,0;12,906242336732582;15,0;25;0,96;12,745055947609503;15,0;0,5294877311163348;201,1462535377758;0,10895811443022314;0,27824355532667844;0,03693495404414344;0,020621056704887845;0,0;0,0088233501327676;0,015388604881967523;0,0;0,13800926278670392;0,0;0,039397284313753;0,09918624055621483;0,01846747702207172;0,20675629310171126;92,73075244534515;0,02811160391137584;0,16175442943011442;0,006155825674023906;0,254982843334029;187,17001348159272;0,022776554993888455;0,20193035482656013;0,006155825674023906;0,22289243152451002;59,700391428557786;0,025854467830900407;0,17764153168765126;0,012311651348047813;20260920;"{""passenger_counts"":[20260920,90,1,1],""city_assignment"":[20260920,90,1,2],""arrival_terminal_processing"":[20260920,90,1,3],""terminal_access"":[20260920,90,1,4],""departure_terminal_earliness"":[20260920,90,1,5]}";2.3.5;3;1;98b09345184b1c7ca0d61da2585a2124ea2949bd0c20417c9e22d89c6f9f9b59;15;0,95;2026-07-30T21:30:41.761802+02:00;2026-08-01T00:35:10.408864+02:00;"{""aircraft_spec"":""1d92a29ff955ec8194720f659c80edf216b314fc10254dcf237d7a6f523202b4"",""config"":""5c5af6f01170832b87fb1c795dbef1c9b58dd19289f990c8ae34d12b57a05964"",""flight_schedule"":""5871c8897f25c6a4b84d5aaf40fda1a067670fa574cb675c9adf829ad9c940f9"",""vertiport_network"":""8f37a94965fd8b2b9be9143f587c88446d15875ef5cba00cefde590914bba9b3""}";447c2ea3db3a1c3ac6982c2f510127b41a47bddb47d4abdf6cb52599f7f2915e;5284708a4e20708767a1693e58dbbc8d35c89c96da62d588b514064df48719f6
low;n6;6;;91;completed;241;241;0;229;0,950207468879668;12,830569387307005;15,0;41,74739567824581;18,617662049172814;0,40750522860991306;159;90;8324,613169383314;8222,459023058993;0,2279498074276213;13;-7976,446379817432;89310,65296485525;4921;2,114575181622058e-11;0,3789308176100629;0,3614457831325301;0,3323623385859355;0,3425393576319454;34,54196335843699;78,48069054053704;95,439331509661;0,3960138236915394;3,7801494173318133;6,458033902038611;33,505047351984125;42,77313265053029;65,46701521696546;3;127;0,0;13;3092,1672223409882;13;3092,1672223409887;95,439331509661;78,48069054053704;0,0;0,0;80,6578412319736;3;10,500279904321117;0,0;0;0,0;64,46572780636124;0;0,0;6,927092571248189;12;25,262935712048783;0,0;10;29,425034224874494;0,0;5;2,824456885154359;0,0;0;0,0;0,0;0;0,0;0,0;2;0,0;12,99508132307742;0;0,0;11,051429808974142;12;0,0;0,0;1;6,735003833879213;0,0;0;0,0;0,0;0;0,0;0,0;10;3,7329799802590666;0,0;0;0,0;0,0;0;0,0;0,0;0;0,0;0,0;112,03819773341485;10,320833333333333;1,2307883710394576;4,15;2,7666666666666657;18,25367947000002;4,15;7,068333333333333;2,1666666666666665;0,0;16,80467103166668;8,365675105000008;13;632,1695379443645;0,8985879715124326;2;75,0;0,052016029901322584;3;426,666982522023;0,31279903332081876;3;222,94195745699278;0,1638001494622251;3;332,0147151390947;0,2772014917708198;3;274,1419095754718;0,20263165865631672;0,6909746419912144;10;75,65623365538268;0,0;0,0;11,37663595000219;3;0,0;0;0,0;0;39,141463115537896;8;0,0;0;0,0;0;0,0;0;0,8141537650884857;2;0,0;0;0,0;0;0,0;0;0,0;0;10,0;10;0,0;0;0,0;0;0,0;0;14,323980824754107;3;0,0;0;114;127;12;0,049792531120331995;15,0;49;24,582829337266837;0,023622047244094488;17,251054677819653;19,69739567824581;1,5157232704402517;0,025157232704402517;27,02419426240908;28,1192209043286;35,422091118770616;38,3395687301946;44,16711240612075;114;0,9473684210526315;12,780850475797944;15,434569641760625;7;1,0;12,048782544108178;15,0;41;1,0;12,370451475447187;15,0;20;0,9;13,279701177836438;17,472203473721923;34;0,9411764705882353;13,219671111960396;20,088338056518015;25;0,92;13,142297537381925;16,23087874538837;0,46757214121667;149,2232317600278;0,11738452556325851;0,2459744828486822;0,04317119153815111;0,036603035666829216;0,0;0,010278855128131217;0,030435722589950483;0,006167313076878731;0,19968181520955572;0,0;0,04111542051252487;0,10840892395511749;0,006167313076878731;0,1942985744967572;1,319016411033226;0,025080406512640173;0,14032873497969367;0,012334626153757461;0,2855970956752855;39,12661803114612;0,036181570051021884;0,17087566170755789;0,012334626153757461;0,21572102545732144;110,2284866705509;0,025902714922890632;0,1959450612147906;0,0;20260920;"{""passenger_counts"":[20260920,91,1,1],""city_assignment"":[20260920,91,1,2],""arrival_terminal_processing"":[20260920,91,1,3],""terminal_access"":[20260920,91,1,4],""departure_terminal_earliness"":[20260920,91,1,5]}";2.3.5;3;1;d5a247cc5617a9b77160a3286cfcbb130fed83e8107c1b65c7b8f073b4f75ea2;15;0,95;2026-07-30T21:47:03.553620+02:00;2026-08-01T00:48:30.652965+02:00;"{""aircraft_spec"":""1d92a29ff955ec8194720f659c80edf216b314fc10254dcf237d7a6f523202b4"",""config"":""5c5af6f01170832b87fb1c795dbef1c9b58dd19289f990c8ae34d12b57a05964"",""flight_schedule"":""5871c8897f25c6a4b84d5aaf40fda1a067670fa574cb675c9adf829ad9c940f9"",""vertiport_network"":""8f37a94965fd8b2b9be9143f587c88446d15875ef5cba00cefde590914bba9b3""}";447c2ea3db3a1c3ac6982c2f510127b41a47bddb47d4abdf6cb52599f7f2915e;5284708a4e20708767a1693e58dbbc8d35c89c96da62d588b514064df48719f6
low;n6;6;;92;completed;238;238;0;229;0,9621848739495799;12,60466784639611;15,0;31,068545980983618;18,09447926591018;0,1027400697454465;159;90;8269,059300033321;8125,297785568762;0,23316807545578885;13;-9391,237501253112;88773,97299756417;4890;-3,637978807091713e-12;0,3742138364779874;0,3614457831325301;0,3223038712800854;0,33609261613516267;34,743946638795464;40,72537665396329;42,57511784434807;0,17888704976616837;1,408671284773867;4,685004674346571;33,14143637066522;42,35065060365487;52,69912761248524;2;130;0,0;8;2999,9109474422744;11;2999,9109474422617;42,575117844348064;40,725376653963274;0,0;0,0;87,82081594813053;0;0,0;0,0;0;0,0;19,43034380418118;0;0,0;0,0;9;2,917097914953774;0,0;8;26,007549260693;0,0;1;9,75148531431696;0,0;0;0,0;0,0;0;0,0;0,0;0;0,0;8,94032627055191;0;0,0;14,204447769614974;9;0,0;0,0;0;0,0;0,0;0;0,0;0,0;0;0,0;0,0;8;2,049244163999538;0,0;0;0,0;0,0;0;0,0;0,0;0;0,0;0,0;114,40073850842319;10,258333333333333;0,5824198613693359;4,15;2,7666666666666666;17,995289380000006;4,15;7,013333333333334;2,1666666666666665;0,12523641490213777;16,882736171666675;8,029219874999999;8;664,7686275290914;0,8108006444939803;2;124,84412134801671;0,08336973746317394;3;396,54743726223893;0,3160253500732593;3;285,0;0,21501809684210435;3;303,32408781735137;0,21964951708296176;2;276,5199025355995;0,1887257222277449;0,6992339012595599;8;37,8082787390095;0,0;0,0;0,0;0;0,0;0;0,0;0;17,68042077924262;6;10,0;1;0,0;0;0,0;0;0,0;0;0,0;0;0,0;0;0,0;0;0,0;0;7,296020514733573;8;0,0;0;0,0;0;0,0;0;2,831837445033307;1;0,0;0;108;130;9;0,037815126050420145;15,0;31;22,536385814088728;0,015384615384615385;6,678104533454022;9,658366892328559;1,4968553459119496;0,012578616352201259;27,268114027449244;27,402434160490746;33,18000356666671;37,90922282219478;42,72457545821722;108;0,9814814814814815;12,282780237550663;15,0;8;0,625;17,050016306882508;26,66239908594418;43;0,9534883720930233;12,02430039259842;15,0;28;1,0;12,563867105690626;15,0;28;0,9642857142857143;12,834488738340776;15,0;23;0,9565217391304348;13,424855252918764;15,0;0,5269691871103516;131,0417054034051;0,11327842056768142;0,27574507959874817;0,024448579978636278;0,0761367384099817;0,0;0,011205599156874961;0,06469400557097213;0,0;0,14939566798112902;0,0;0,04013641879826123;0,11567677993413196;0,030560724973295348;0,12684581163964986;2,1;0,02811586697543172;0,10369606247237863;0,0;0,16481029233772287;23,309273194837775;0,030153248640318077;0,14471646676656913;0,012224289989318139;0,29571179794593155;211,3632360737355;0,030764463139783985;0,23862534839829655;0,012224289989318139;20260920;"{""passenger_counts"":[20260920,92,1,1],""city_assignment"":[20260920,92,1,2],""arrival_terminal_processing"":[20260920,92,1,3],""terminal_access"":[20260920,92,1,4],""departure_terminal_earliness"":[20260920,92,1,5]}";2.3.5;3;1;8597da3f2249df0e72d29c71973468fc608aeab402bd00f14618ff29ea01a16e;15;0,95;2026-07-30T21:23:28.762499+02:00;2026-08-01T00:39:33.972998+02:00;"{""aircraft_spec"":""1d92a29ff955ec8194720f659c80edf216b314fc10254dcf237d7a6f523202b4"",""config"":""5c5af6f01170832b87fb1c795dbef1c9b58dd19289f990c8ae34d12b57a05964"",""flight_schedule"":""5871c8897f25c6a4b84d5aaf40fda1a067670fa574cb675c9adf829ad9c940f9"",""vertiport_network"":""8f37a94965fd8b2b9be9143f587c88446d15875ef5cba00cefde590914bba9b3""}";447c2ea3db3a1c3ac6982c2f510127b41a47bddb47d4abdf6cb52599f7f2915e;5284708a4e20708767a1693e58dbbc8d35c89c96da62d588b514064df48719f6
low;n6;6;;93;completed;245;245;0;236;0,963265306122449;12,313680074947808;15,0;27,591116646945252;17,956391723107977;0,2579411799120751;161;90;8331,570238702761;8114,289125462233;0,22728537642410138;13;-9108,37826017586;88975,41413832581;4923;5,9117155615240335e-12;0,3804347826086957;0,35856573705179284;0,31832357263369926;0,3325065579392313;34,006409137562294;66,49984541261632;53,71435379924057;0,21924226040506353;1,1664082736445076;4,401547208021051;32,45191228933388;43,02262207807284;56,01359950693368;5;120;0,0;7;3016,851618362213;12;3016,85161836222;53,71435379924057;66,49984541261632;0,0;0,0;82,79092832969064;0;0,0;0,0;0;0,0;26,41963179177201;0;0,0;0,0;8;23,114594528878296;0,0;8;30,588456078191303;0,0;2;3,58017287763505;0,0;0;0,0;0,0;0;0,0;0,0;2;1,9290147494182748;22,4340815286585;2;1,2876071784933931;4,860640478810061;9;0,0;0,0;2;0,0;0,0;0;0,0;0,0;0;0,0;0,0;8;6,0;0,0;0;0,0;0,0;0;0,0;0,0;0;0,0;0,0;113,80064490953991;10,470833333333333;0,5826300707397922;4,183333333333334;2,7888888888888888;18,121656795000018;4,183333333333334;7,175;2,1666666666666665;0,0;17,10590579722224;7,987973220000003;7;700,2537191292337;0,9169119504696612;1;71,14301567822949;0,043519737933369065;4;313,3618893175923;0,2688572850035024;3;270,80017504892254;0,21749131462989857;2;229,54958288183443;0,1479488574918281;3;342,59111664694524;0,25074494020354304;0,696143422639182;8;63,26102602460014;0,0;0,0;0,0;0;0,0;0;0,0;0;34,75136618912632;6;7,787734016345349;2;0,0;0;0,0;0;1,9290147494182748;2;1,8892701964776886;2;0,0;0;0,0;0;0,0;0;7,457706408484834;8;0,0;0;0,0;0;0,0;0;9,445934464747673;4;0,0;0;125;120;9;0,03673469387755102;15,0;42;22,582210589754734;0,041666666666666664;6,1905883178898025;9,942663854966304;1,5217391304347827;0,037267080745341616;27,245497888472684;26,989617940912225;32,99645478465917;38,14180223560645;43,99263479633234;125;0,984;11,991226853009533;15,0;4;0,75;17,785753919557372;24,47156332649507;42;0,9761904761904762;10,464500844090606;15,0;28;0,9285714285714286;12,69784104323582;17,10523260221051;16;0,875;15,116026066483307;24,516070630525704;30;0,9666666666666667;13,663341477721682;15,0;0,5221007450412443;174,72386089561198;0,11337245153430538;0,2635518051094437;0,055054967471695054;0,04581772239879968;4,25;0,012234437215932235;0,038477060069240336;0,006117218607966117;0,1593629738591386;0,0;0,04016973552564417;0,1054322949790914;0,012234437215932235;0,1621432059766106;8,69838255777225;0,027527483735847527;0,11407092933936479;0,0;0,21887274509578117;125,36351987782668;0,02977046389210177;0,1598199350475932;0,0;0,22762391267619161;104,49190328586916;0,03282907319608483;0,20546269230479972;0,006117218607966117;20260920;"{""passenger_counts"":[20260920,93,1,1],""city_assignment"":[20260920,93,1,2],""arrival_terminal_processing"":[20260920,93,1,3],""terminal_access"":[20260920,93,1,4],""departure_terminal_earliness"":[20260920,93,1,5]}";2.3.5;3;1;60614ee91c18f52306e0a7c859f878d97647019b079e245f5536fbccf66c0358;15;0,95;2026-07-30T21:28:11.621740+02:00;2026-08-01T00:42:55.414138+02:00;"{""aircraft_spec"":""1d92a29ff955ec8194720f659c80edf216b314fc10254dcf237d7a6f523202b4"",""config"":""5c5af6f01170832b87fb1c795dbef1c9b58dd19289f990c8ae34d12b57a05964"",""flight_schedule"":""5871c8897f25c6a4b84d5aaf40fda1a067670fa574cb675c9adf829ad9c940f9"",""vertiport_network"":""8f37a94965fd8b2b9be9143f587c88446d15875ef5cba00cefde590914bba9b3""}";447c2ea3db3a1c3ac6982c2f510127b41a47bddb47d4abdf6cb52599f7f2915e;5284708a4e20708767a1693e58dbbc8d35c89c96da62d588b514064df48719f6
low;n6;6;;94;completed;263;263;0;254;0,9657794676806084;12,26385201872273;15,0;30,968358972538166;17,868858091623206;0,2042086780005134;174;109;9356,452689763863;9121,77405962932;0,23316807545578694;13;-9136,965864575694;88266,3743824563;5532;3,9676706364843994e-11;0,37787356321839083;0,38515901060070673;0,35138077812957574;0,3633330810154515;35,57586574054701;55,055428902191565;61,36659717282486;0,2333330690981934;1,5857888705085013;5,729748876422855;33,45680980962416;43,08778368440399;60,26105560713016;5;157;0,0;7;3225,393080924078;9;3225,393080924078;61,366597172824854;55,05542890219155;0,0;0,0;90,23660417776503;2;0,0;0,0;0;0,0;38,70949258198204;0;0,0;0,0;9;15,93454463661692;0,0;9;35,62472475299722;0,0;3;0,0;0,0;0;0,0;0,0;0;0,0;0,0;4;0,0;11,631603190393555;0;0,0;11,02550140044926;9;0,0;0,0;0;0,0;0,0;0;0,0;0,0;0;0,0;0,0;9;3,4961595125774085;0,0;0;0,0;0,0;0;0,0;0,0;0;0,0;0,0;107,45656185866179;11,279166666666667;0,8160330646740003;4,716666666666667;3,1444444444444444;20,258453725000017;4,716666666666667;7,721666666666667;2,1666666666666665;0,06257398560649866;18,238890263333346;9,880674572777782;7;690,9229385710751;0,8321277853091645;1;120,0;0,0739194362507439;3;443,7560096581268;0,3560760284521966;3;292,7451050529378;0,20936841580262797;3;351,2422688742183;0,23720230516322213;3;306,05334711479213;0,2781330142633604;0,6619273728362891;9;55,05542890219155;0,0;0,0;0,19144182854203487;1;0,0;0;0,0;0;31,309599132230748;4;2,8366845077640996;1;0,0;0;0,0;0;2,214007894746646;3;0,0;0;0,0;0;0,0;0;0,0;0;8,13446640330573;9;0,0;0;0,0;0;0,0;0;10,369229135602291;4;0,0;0;106;157;9;0,034220532319391594;15,0;37;21,75;0,03184713375796178;6,412152489216121;13,618358972538166;1,5114942528735633;0,022988505747126436;27,056483401953333;27,20455441304657;32,376500328515164;37,678077784383554;44,3894448714922;106;0,9905660377358491;12,74402921406883;15,0;8;1,0;15,0;15,0;53;1,0;10,906602060736212;15,0;27;0,9259259259259259;12,588384593460148;15,09412648231401;34;0,9117647058823529;11,325635704506686;17,32642187490604;35;0,9142857142857143;12,900516486774618;24,14176469661873;0,4785274250696564;146,9536112089988;0,1305910040429809;0,2956954785909844;0,06159953020895326;0,11616192032133268;0,0;0,015399882552238314;0,0773333657654704;0,0;0,18059211667212874;0,0;0,04619964765671494;0,12217852908005296;0,012319906041790651;0,1949830967977929;42,11826219144544;0,035933059288556064;0,15721340749112772;0,0;0,1532808148679166;17,978247084874873;0,0365490545906456;0,13141298164373819;0,0;0,2191620643843366;110,08880952875298;0,025871802687760365;0,17015647866708092;0,0061599530208953255;20260920;"{""passenger_counts"":[20260920,94,1,1],""city_assignment"":[20260920,94,1,2],""arrival_terminal_processing"":[20260920,94,1,3],""terminal_access"":[20260920,94,1,4],""departure_terminal_earliness"":[20260920,94,1,5]}";2.3.5;3;1;55f412c451117eaf01018012f8e853239a569d12a5bd35a541ef5f213c60480e;15;0,95;2026-07-30T21:27:43.034135+02:00;2026-08-01T00:31:06.374382+02:00;"{""aircraft_spec"":""1d92a29ff955ec8194720f659c80edf216b314fc10254dcf237d7a6f523202b4"",""config"":""5c5af6f01170832b87fb1c795dbef1c9b58dd19289f990c8ae34d12b57a05964"",""flight_schedule"":""5871c8897f25c6a4b84d5aaf40fda1a067670fa574cb675c9adf829ad9c940f9"",""vertiport_network"":""8f37a94965fd8b2b9be9143f587c88446d15875ef5cba00cefde590914bba9b3""}";447c2ea3db3a1c3ac6982c2f510127b41a47bddb47d4abdf6cb52599f7f2915e;5284708a4e20708767a1693e58dbbc8d35c89c96da62d588b514064df48719f6
low;n6;6;;95;completed;239;239;0;230;0,9623430962343096;12,353102728884927;15,0;22,21662855536112;17,96233837584813;0,05488782727178824;162;99;8641,222607274975;8444,810066239603;0,2319795584839607;12;-9951,786797871391;89113,5218222555;5046;1,8985701899509877e-11;0,36882716049382713;0,3793103448275862;0,34213246838915234;0,3552692613126777;36,155743126673535;27,259278716216734;67,3573196242054;0,2818297892226167;1,4444102701376604;6,201472241604885;32,28183599761379;42,64095785949609;51,56590647822268;3;114;0,0;9;2952,391552203497;9;2952,3915522034877;67,35731962420533;27,259278716216734;0,0;0,0;83,42204242118098;1;0,0;0,0;0;0,0;37,596334699230525;0;0,0;0,0;9;8,091225182994823;0,0;7;16,892738843641382;0,0;0;0,0;0,0;0;0,0;0,0;2;0,0;0,0;1;0,0;24,120504377599293;2;0,27531468958053057;5,640480547375516;9;0,0;0,0;3;0,0;0,0;0;0,0;0,0;0;0,0;0,0;7;2,0;0,0;0;0,0;0,0;0;0,0;0,0;0;0,0;0,0;114,26568328368884;10,379166666666666;0,8988780721231229;4,333333333333333;2,9;18,739994684999996;4,35;7,081666666666667;2,157052729446053;0,003072263286159998;17,09797365;8,892021034999994;9;719,7345778424236;0,9360742794931718;1;75,0;0,04542457963014658;4;405,0720650565623;0,3004790475930696;2;243,54765950402154;0,14907782815913212;3;197,06689252638145;0,1466702805427557;3;253,2682575116083;0,2104225867475886;0,692062750575071;7;19,207763270576773;0,0;0,0;0,0;0;0,0;0;0,0;0;5,331993557762114;5;0,0;0;0,0;0;0,0;0;1,2637061881348017;1;1,3596718976184397;2;0,0;0;0,0;0;0,0;0;6,101651598252889;7;0,0;0;0,0;0;0,0;0;5,150740028808529;2;0,0;0;125;114;9;0,03765690376569042;15,0;45;22,607543322547368;0,02631578947368421;2,0857374363279533;4,866628555361118;1,4753086419753085;0,024691358024691357;27,518141283368582;27,39390959355404;33,00984953396726;37,641404423117905;44,82442437501017;125;0,992;12,364331651913865;15,0;5;1,0;15,0;15,0;44;0,9772727272727273;11,275397569579257;15,0;17;0,9411764705882353;14,478863779414379;15,709531900804308;21;0,9047619047619048;11,531695720133877;15,10165159825289;27;0,8518518518518519;12,867641047404497;19,850370053279303;0,4849226662693979;84,1728814100854;0,11830579405895952;0,2550353837247311;0,03633966370411726;0,027715385230184273;0,0;0,009084915926029315;0,022264435674566683;0,006056610617352877;0,18298625152997325;0,0;0,04683778877419558;0,10447128830104672;0,01816983185205863;0,2703682570195345;203,14088034038954;0,032301923292548676;0,19831978901334765;0,005707243371883277;0,16438479418835578;112,48837471128006;0,028466069901558522;0,1444104912266692;0,006056610617352877;0,24455722843143807;151,5599644509161;0,028466069901558522;0,17672103985730173;0,006056610617352877;20260920;"{""passenger_counts"":[20260920,95,1,1],""city_assignment"":[20260920,95,1,2],""arrival_terminal_processing"":[20260920,95,1,3],""terminal_access"":[20260920,95,1,4],""departure_terminal_earliness"":[20260920,95,1,5]}";2.3.5;3;1;baa1661bc1638946b3ea6819d4363a11d751cae1462637757057a605649ce276;15;0,95;2026-07-30T21:14:08.213202+02:00;2026-08-01T00:45:13.521822+02:00;"{""aircraft_spec"":""1d92a29ff955ec8194720f659c80edf216b314fc10254dcf237d7a6f523202b4"",""config"":""5c5af6f01170832b87fb1c795dbef1c9b58dd19289f990c8ae34d12b57a05964"",""flight_schedule"":""5871c8897f25c6a4b84d5aaf40fda1a067670fa574cb675c9adf829ad9c940f9"",""vertiport_network"":""8f37a94965fd8b2b9be9143f587c88446d15875ef5cba00cefde590914bba9b3""}";447c2ea3db3a1c3ac6982c2f510127b41a47bddb47d4abdf6cb52599f7f2915e;5284708a4e20708767a1693e58dbbc8d35c89c96da62d588b514064df48719f6
low;n6;6;;96;completed;265;265;0;262;0,9886792452830189;12,19209257581756;15,0;15,414984190117927;17,7194643329492;0,0;176;93;9089,875480052757;8882,253041495362;0,2319795584839608;15;-10605,648850180749;88017,61429366085;5257;3,26281224261038e-11;0,37642045454545453;0,34572490706319703;0,3187245778677997;0,32807223696416926;34,30141690585946;0,5949452971954694;38,503515639885094;0,14529628543352865;1,0679810811750208;3,234909255035988;31,59756987350146;40,87976439659328;43,28496866005626;0;114;0,0;8;3230,904532591653;10;3230,9045325916377;38,503515639885094;0,5949452971954694;0,0;0,0;89,55621545900102;0;0,0;0,0;0;0,0;14,03939584127132;0;0,0;4,3773943997861355;2;0,0;0,0;3;0,5949452971954694;0,0;1;0,0;0,0;0;0,0;0,0;0;0,0;0,0;0;0,0;15,824081259797094;2;0,0;4,262644139030544;3;0,0;0,0;0;0,0;0,0;0;0,0;0,0;0;0,0;0,0;3;0,0;0,0;0;0,0;0,0;0;0,0;0,0;0;0,0;0,0;109,95733063312723;11,387499999999998;0,514477753413905;4,483333333333333;2,988888888888889;20,16922768499998;4,483333333333333;7,791666666666664;2,5;0,09634694597301759;18,83144045388888;8,810009453333322;8;795,0158347943849;1,070392646921982;1;120,0;0,0730050879527159;3;345,0;0,2753279907740094;3;285,0;0,19894222889150642;3;270,0;0,1874735730890158;2;255,0;0,16046238544312116;0,6689537161597763;3;0,5949452971954694;0,0;0,0;0,0;0;0,0;0;0,0;0;0,0;0;0,0;0;0,0;0;0,0;0;0,0;0;0,0;0;0,0;0;0,0;0;0,0;0;0,5949452971954694;3;0,0;0;0,0;0;0,0;0;0,0;0;0,0;0;151;114;3;0,01132075471698113;15,0;33;21,75;0,0;;;1,5056818181818181;0,022727272727272728;27,395350873289335;27,195141094781263;33,01337186666667;37,42885711549049;41,521401981716274;151;0,9801324503311258;11,651833960774809;15,0;8;1,0;15,0;15,0;40;1,0;11,314060368737632;15,0;25;1,0;13,080221193592937;15,0;23;1,0;13,398011254546539;15,0;18;1,0;14,65307783726433;15,0;0,46934192415105064;118,4029932465869;0,12491981716353609;0,2617023012157687;0,05475381596453692;0,03728901517731389;0,0;0,011153555103887151;0,0305968821149816;0,0;0,14084482407644866;0,0;0,03893604690811515;0,10055149613870362;0,012167514658785983;0,23716569951282065;103,76497031471142;0,03244670575676262;0,18599768496207483;0,012167514658785983;0,2309536640031936;80,28194962432963;0,03467741677754005;0,19629043716865477;0,006083757329392992;0,30038458029628584;200,67925870193662;0,03062157855794472;0,23541994640376232;0,006083757329392992;20260920;"{""passenger_counts"":[20260920,96,1,1],""city_assignment"":[20260920,96,1,2],""arrival_terminal_processing"":[20260920,96,1,3],""terminal_access"":[20260920,96,1,4],""departure_terminal_earliness"":[20260920,96,1,5]}";2.3.5;3;1;da3292c1fc2eea18728e0e90e06666255f39ade87be22afa43ff78fcbba1c0a7;15;0,95;2026-07-30T21:03:14.351150+02:00;2026-08-01T00:26:57.614294+02:00;"{""aircraft_spec"":""1d92a29ff955ec8194720f659c80edf216b314fc10254dcf237d7a6f523202b4"",""config"":""5c5af6f01170832b87fb1c795dbef1c9b58dd19289f990c8ae34d12b57a05964"",""flight_schedule"":""5871c8897f25c6a4b84d5aaf40fda1a067670fa574cb675c9adf829ad9c940f9"",""vertiport_network"":""8f37a94965fd8b2b9be9143f587c88446d15875ef5cba00cefde590914bba9b3""}";447c2ea3db3a1c3ac6982c2f510127b41a47bddb47d4abdf6cb52599f7f2915e;5284708a4e20708767a1693e58dbbc8d35c89c96da62d588b514064df48719f6
low;n6;6;;97;completed;238;238;0;231;0,9705882352941176;12,197966295657569;15,0;32,20770287729817;17,84475463634502;0,24228986326038884;155;86;7906,04794593054;7734,067775048413;0,2279498074276197;12;-8836,080457630589;87665,59124535717;4731;-2,0804691303055733e-11;0,38387096774193546;0,35684647302904565;0,3161683727369563;0,3306747083802816;33,21868884844765;46,48766329588288;47,43562508361356;0,19930934909081327;1,171638391934138;5,865134610656241;32,3648201808208;42,28979456418324;57,169158617167945;4;116;0,0;9;2903,1159783665007;9;2903,1159783665044;47,43562508361344;46,48766329588288;0,0;0,0;86,34612288828095;0;0,0;0,0;0;0,0;30,335380976356586;0;0,0;0,0;6;28,12913621801102;0,0;7;15,358527077871864;0,0;0;0,0;0,0;0;0,0;0,0;0;0,0;0,0;0;0,0;13,426613247064719;2;0,0;3,6736308601921337;7;0,0;0,0;2;0,0;0,0;0;0,0;0,0;0;0,0;0,0;7;3,0;0,0;0;0,0;0,0;0;0,0;0,0;0;0,0;0,0;113,32405155646715;10,125;0,6367840569394154;4,016666666666667;2,6777777777777776;16,96438902500001;4,016666666666667;6,946666666666666;2,0;0,12811708879483882;16,178658590555564;7,480174878888891;9;675,1071330948938;0,8711762157306562;2;136,20075835215368;0,09849529881793795;3;407,40557419206147;0,31051968708678124;3;221,8057599320091;0,17605401566376103;3;212,20770287729817;0,1487572476182871;3;264,44758875919496;0,2000124703481707;0,7045932959913185;7;46,48766329588288;0,0;0,0;0,0;0;0,0;0;0,0;0;24,627045172999473;4;0,0;0;0,0;0;0,0;0;0,0;0;0,0;0;0,0;0;0,0;0;0,0;0;6,226039115174596;7;0,0;0;0,0;0;0,0;0;15,634579007708817;4;0,0;0;122;116;7;0,02941176470588236;15,0;33;21,75;0,034482758620689655;7,026406034551276;11,815124110495162;1,5354838709677419;0,025806451612903226;26,806019917496595;26,978565448049622;33,01337186666667;38,02967429632153;43,46113809641595;122;0,9836065573770492;11,484967372389484;15,0;11;0,9090909090909091;14,401456046691402;15,600379176076846;39;0,9487179487179487;12,80584141049703;15,239809401054352;24;1,0;11,798268626095089;15,0;16;0,9375;14,953461534479166;19,301925719324544;26;0,9615384615384616;12,37278060900176;15,0;0,4185303627514034;15,134404636857653;0,11212240999618876;0,2637279664637942;0,04974007097797653;0,05241587368503224;0,0;0,012435017744494133;0,04495486303833576;0,0;0,2038532532396472;0,0;0,044973314175920445;0,12801161271211853;0,006217508872247066;0,2732191461936238;101,42443327611244;0,02590628696769611;0,14159004332810998;0,006217508872247066;0,21705253701350566;169,70878882409852;0,025077285784729834;0,15453971331509803;0,006217508872247066;0,3527178273644735;186,01530882766372;0,029222291699561212;0,22228161092891127;0,006217508872247066;20260920;"{""passenger_counts"":[20260920,97,1,1],""city_assignment"":[20260920,97,1,2],""arrival_terminal_processing"":[20260920,97,1,3],""terminal_access"":[20260920,97,1,4],""departure_terminal_earliness"":[20260920,97,1,5]}";2.3.5;3;1;b8509264967a278028a581ed3a95df201d6d3ee1e162564b212179c823afa494;15;0,95;2026-07-30T21:32:43.919542+02:00;2026-08-01T00:21:05.591245+02:00;"{""aircraft_spec"":""1d92a29ff955ec8194720f659c80edf216b314fc10254dcf237d7a6f523202b4"",""config"":""5c5af6f01170832b87fb1c795dbef1c9b58dd19289f990c8ae34d12b57a05964"",""flight_schedule"":""5871c8897f25c6a4b84d5aaf40fda1a067670fa574cb675c9adf829ad9c940f9"",""vertiport_network"":""8f37a94965fd8b2b9be9143f587c88446d15875ef5cba00cefde590914bba9b3""}";447c2ea3db3a1c3ac6982c2f510127b41a47bddb47d4abdf6cb52599f7f2915e;5284708a4e20708767a1693e58dbbc8d35c89c96da62d588b514064df48719f6
low;n6;6;;98;completed;251;251;0;243;0,9681274900398407;12,55857810455134;15,0;22,353341711333147;17,950767861883712;0,019654383046912204;172;103;9328,876819261084;9104,065571540646;0,2279498074276194;15;-12444,70472914868;88717,93707536055;5340;6,821210263296962e-12;0,3648255813953488;0,37454545454545457;0,3446360736300051;0,3549506220595759;37,16683991737484;22,501363036247795;36,68962909042548;0,14617382107739235;1,0845329479913137;2,9429716332667644;32,97878673944745;41,738195261374614;47,763736548974826;1;135;0,0;7;3152,203104242386;9;3152,2031042423873;36,68962909042548;22,501363036247735;0,0;0,0;86,44860031086371;0;0,0;0,0;0;0,0;17,96967829753127;0;0,0;0,0;7;1,5770274446664796;0,0;8;19,924335591581258;0,0;2;0,0;0,0;0;0,0;0,0;0;0,0;0,0;1;0,0;14,90710675560246;1;0,0;3,812844037291749;8;0,0;0,0;1;0,0;0,0;0;0,0;0,0;0;0,0;0,0;8;1,0;0,0;0;0,0;0,0;0;0,0;0,0;0;0,0;0,0;114,27464442690936;10,962500000000004;0,38898461505002413;4,583333333333333;3,0555555555555554;20,787718410000004;4,583333333333333;7,468333333333334;2,5;0,0;18,629772972777783;9,796834326111107;7;706,2472944318084;0,8486697228135516;1;60,0;0,035586259273030704;3;480,1228575364997;0,3621457466906926;2;280,2064320233541;0,18917305285828706;3;315,0;0,2244458701071633;4;300,70112330873576;0,20956463073763784;0,6777678541515649;8;22,501363036247735;0,0;0,0;0,0;0;0,0;0;0,0;0;9,367770431440901;3;0,0;0;0,0;0;0,0;0;0,0;0;1,861545760006023;1;0,0;0;0,0;0;0,0;0;7,07183280386295;8;0,0;0;0,0;0;0,0;0;4,200214040937863;2;0,0;0;116;135;8;0,031872509960159334;15,0;31;21,80618592685102;0,007407407407407408;2,6533417113331477;2,6533417113331477;1,4593023255813953;0,01744186046511628;28,100733834585895;27,70266924155562;33,18983715518271;37,512339552450804;42,68776767667774;116;0,9655172413793104;12,335297583235553;15,0;4;1,0;15,0;15,0;49;0,9795918367346939;12,46109539234594;15,0;26;0,9230769230769231;12,267465247031016;17,139817734015743;28;1,0;13,51520069175736;15,0;28;0,9642857142857143;12,619114091789228;15,0;0,5008687920573085;235,13962927469566;0,12178408728992729;0,2641457738317122;0,04744834569737427;0,026314326518973155;0,0;0,005931043212171784;0,022755700591670085;0,0;0,13192203048208165;0,0;0,04250580968723112;0,09003662337966495;0,011862086424343568;0,16837308850062516;58,02021207745056;0,03163223046491618;0,14939375022167545;0,005931043212171784;0,260909082969392;96,14466726908358;0,0347954535114078;0,22071107344440893;0,011862086424343568;0,27215475607947676;164,96167864403662;0,03519085639221925;0,17282005971428083;0,011862086424343568;20260920;"{""passenger_counts"":[20260920,98,1,1],""city_assignment"":[20260920,98,1,2],""arrival_terminal_processing"":[20260920,98,1,3],""terminal_access"":[20260920,98,1,4],""departure_terminal_earliness"":[20260920,98,1,5]}";2.3.5;3;1;644fe66549f4e6bf4bbec5ab7e30ecaf45c48c2472067e36b5e88f7a83beb8ec;15;0,95;2026-07-30T20:32:35.295271+02:00;2026-08-01T00:38:37.937075+02:00;"{""aircraft_spec"":""1d92a29ff955ec8194720f659c80edf216b314fc10254dcf237d7a6f523202b4"",""config"":""5c5af6f01170832b87fb1c795dbef1c9b58dd19289f990c8ae34d12b57a05964"",""flight_schedule"":""5871c8897f25c6a4b84d5aaf40fda1a067670fa574cb675c9adf829ad9c940f9"",""vertiport_network"":""8f37a94965fd8b2b9be9143f587c88446d15875ef5cba00cefde590914bba9b3""}";447c2ea3db3a1c3ac6982c2f510127b41a47bddb47d4abdf6cb52599f7f2915e;5284708a4e20708767a1693e58dbbc8d35c89c96da62d588b514064df48719f6
low;n6;6;;99;completed;297;297;0;280;0,9427609427609428;12,211077389612736;15,327276872807754;46,60355543607596;18,091677645280566;0,3351908993689528;186;113;9956,484400369409;9754,09832919453;0,2279498074276204;16;-9927,606683749647;88263,7616397093;5891;4,899902705801651e-11;0,39919354838709675;0,3779264214046823;0,34214539604860683;0,35471603672979823;33,5235164995603;90,21499399684166;89,28827593334539;0,30063392570149966;1,7608628674621893;5,864280978586369;33,30243719275113;43,48039777903978;68,20114695977693;7;159;0,0;9;3626,689984714983;10;3626,6899847149734;89,28827593334539;90,21499399684144;2,193740764539325;0,0;90,19291107069662;3;0,0;0,0;0;0,0;51,17338925740248;0;0,0;0,61076848961978;15;50,265755788478295;0,0;13;29,829332965161786;0,0;4;0,0;0,0;0;0,0;0,0;0;0,0;0,0;0;0,0;20,177863393762042;2;0,0;17,326254792561098;17;0,0;0,0;1;4,751508584693026;0,0;1;2,193740764539325;0,0;0;0,0;0,0;13;5,36839665850833;0,0;0;0,0;0,0;0;0,0;0,0;0;0,0;0,0;103,94652213058774;12,3875;1,0834530579551065;4,983333333333333;3,3222222222222224;21,734249795000025;4,983333333333333;8,545;2,6666666666666665;0,0;19,76182425166668;10,277981098888898;9;816,3190425071837;1,068522325334096;2;106,60355543607596;0,07143598218928641;4;387,7219283632286;0,32507374789989296;3;359,5422139464867;0,267738910313703;4;325,067190699915;0,2483280570573805;4;280,04448517338386;0,2349959639470746;0,6351669636877063;13;74,99988878711592;0,0;0,0;0,0;0;0,0;0;0,0;0;36,72962258303026;8;0,0;0;0,0;0;0,0;0;0,0;0;0,0;0;0,0;0;0,0;0;0,0;0;10,128834906620977;13;0,0;0;0,0;0;0,0;0;28,141431297464685;2;0,0;0;138;159;17;0,0572390572390572;15,0;62;23,003486609598596;0,0440251572327044;7,613621857094785;26,432479289563464;1,596774193548387;0,053763440860215055;27,275380089849705;27,524166435762293;32,42746402828429;38,31754011391125;45,78144204860004;138;0,9565217391304348;12,671457633903264;15,00000000000007;6;0,8333333333333334;19,484435663045208;38,702666577056966;48;1,0;11,083137539001955;15,0;36;0,8888888888888888;12,171134239414052;22,24448681877681;39;1,0;10,420372528021444;15,0;30;0,8;12,819208472474156;21,290078000379495;0,44491735185347187;135,8581018362561;0,13769031057254277;0,27865326971429905;0,024442066965540136;0,15120070412194325;87,38837283795486;0,013239452939667573;0,09398012308843089;0,006110516741385034;0,12488223318644923;0,0;0,04623624334314676;0,10917971689298295;0,024442066965540136;0,23101966162588428;46,70819243165909;0,04277361718969524;0,18416765645884559;0,018331550224155103;0,156214613184502;8,100014662720302;0,032793106512099685;0,13266719624663795;0,006110516741385034;0,3263722986268039;275,7201059073095;0,03177468705520218;0,1882416604324512;0,018331550224155103;20260920;"{""passenger_counts"":[20260920,99,1,1],""city_assignment"":[20260920,99,1,2],""arrival_terminal_processing"":[20260920,99,1,3],""terminal_access"":[20260920,99,1,4],""departure_terminal_earliness"":[20260920,99,1,5]}";2.3.5;3;1;be8d962cd9d30dc26bfb65002fbf11187d665d9fa66cdc87bc6f83d9560abd27;15;0,95;2026-07-30T21:14:32.393316+02:00;2026-08-01T00:31:03.761640+02:00;"{""aircraft_spec"":""1d92a29ff955ec8194720f659c80edf216b314fc10254dcf237d7a6f523202b4"",""config"":""5c5af6f01170832b87fb1c795dbef1c9b58dd19289f990c8ae34d12b57a05964"",""flight_schedule"":""5871c8897f25c6a4b84d5aaf40fda1a067670fa574cb675c9adf829ad9c940f9"",""vertiport_network"":""8f37a94965fd8b2b9be9143f587c88446d15875ef5cba00cefde590914bba9b3""}";447c2ea3db3a1c3ac6982c2f510127b41a47bddb47d4abdf6cb52599f7f2915e;5284708a4e20708767a1693e58dbbc8d35c89c96da62d588b514064df48719f6
