start_s,end_s,aircraft_id,activity,charging,location,flight_id,operation
-8589.685791410968,-7310.093753386209,EVTOL_001,idle,False,LYBE,,
-8589.685791410968,4038.008824710608,EVTOL_002,idle,False,LYBE,,
-8589.685791410968,4038.008824710608,EVTOL_003,idle,False,LYBE,,
-8589.685791410968,-7689.685791410968,EVTOL_004,idle,False,BW,,
-7689.685791410968,-7494.685791410968,EVTOL_004,boarding,False,BW,F000001,passenger
-7494.685791410968,-7434.685791410968,EVTOL_004,departure_finalization,False,BW,F000001,passenger
-7434.685791410968,-7394.685791410968,EVTOL_004,takeoff,False,,F000001,passenger
-7394.685791410968,-7169.849969410968,EVTOL_004,cruise,False,,F000001,passenger
-7310.093753386209,-7250.093753386209,EVTOL_001,departure_finalization,False,LYBE,F000002,repositioning
-7250.093753386209,-7210.093753386209,EVTOL_001,takeoff,False,,F000002,repositioning
-7210.093753386209,-6873.645565386209,EVTOL_001,cruise,False,,F000002,repositioning
-7169.849969410968,-7109.849969410968,EVTOL_004,landing,False,,F000001,passenger
-7109.849969410968,-7049.849969410968,EVTOL_004,disembarking,False,LYBE,F000001,passenger
-7049.849969410968,-6983.849969410968,EVTOL_004,disembarking,True,LYBE,F000001,passenger
-6983.849969410968,-3755.7361887123207,EVTOL_004,idle,True,LYBE,,
-6873.645565386209,-6813.645565386209,EVTOL_001,landing,False,,F000002,repositioning
-6813.645565386209,-6753.645565386209,EVTOL_001,idle,False,LYBV,,
-6753.645565386209,-6410.093753386209,EVTOL_001,idle,True,LYBV,,
-6410.093753386209,-6215.093753386209,EVTOL_001,boarding,True,LYBV,F000003,passenger
-6215.093753386209,-6155.093753386209,EVTOL_001,departure_finalization,False,LYBV,F000003,passenger
-6155.093753386209,-6115.093753386209,EVTOL_001,takeoff,False,,F000003,passenger
-6115.093753386209,-5778.645565386209,EVTOL_001,cruise,False,,F000003,passenger
-5778.645565386209,-5718.645565386209,EVTOL_001,landing,False,,F000003,passenger
-5718.645565386209,-5658.645565386209,EVTOL_001,disembarking,False,LYBE,F000003,passenger
-5658.645565386209,-5592.645565386209,EVTOL_001,disembarking,True,LYBE,F000003,passenger
-5592.645565386209,-4129.214763538449,EVTOL_001,idle,True,LYBE,,
-4129.214763538449,-4069.214763538449,EVTOL_001,departure_finalization,False,LYBE,F000004,repositioning
-4069.214763538449,-4029.214763538449,EVTOL_001,takeoff,False,,F000004,repositioning
-4029.214763538449,-3711.412451538449,EVTOL_001,cruise,False,,F000004,repositioning
-3755.7361887123207,4038.008824710608,EVTOL_004,idle,False,LYBE,,
-3711.412451538449,-3651.412451538449,EVTOL_001,landing,False,,F000004,repositioning
-3651.412451538449,-3591.412451538449,EVTOL_001,idle,False,JUG,,
-3591.412451538449,-3229.214763538449,EVTOL_001,idle,True,JUG,,
-3229.214763538449,-3034.214763538449,EVTOL_001,boarding,True,JUG,F000005,passenger
-3034.214763538449,-2974.214763538449,EVTOL_001,departure_finalization,False,JUG,F000005,passenger
-2974.214763538449,-2934.214763538449,EVTOL_001,takeoff,False,,F000005,passenger
-2934.214763538449,-2616.412451538449,EVTOL_001,cruise,False,,F000005,passenger
-2616.412451538449,-2556.412451538449,EVTOL_001,landing,False,,F000005,passenger
-2556.412451538449,-2496.412451538449,EVTOL_001,disembarking,False,LYBE,F000005,passenger
-2496.412451538449,-2430.412451538449,EVTOL_001,disembarking,True,LYBE,F000005,passenger
-2430.412451538449,1837.221177004587,EVTOL_001,idle,True,LYBE,,
1837.221177004587,3843.008824710608,EVTOL_001,idle,False,LYBE,,
3843.008824710608,4038.008824710608,EVTOL_001,boarding,False,LYBE,F000006,passenger
4038.0088247106087,4098.008824710609,EVTOL_001,departure_finalization,False,LYBE,F000006,passenger
4038.0088247106087,4974.571455082855,EVTOL_002,idle,False,LYBE,,
4038.0088247106087,6655.868405199968,EVTOL_003,idle,False,LYBE,,
4038.0088247106087,7070.032260558674,EVTOL_004,idle,False,LYBE,,
4098.008824710609,4138.008824710609,EVTOL_001,takeoff,False,,F000006,passenger
4138.008824710609,4362.844646710609,EVTOL_001,cruise,False,,F000006,passenger
4362.844646710609,4422.844646710609,EVTOL_001,landing,False,,F000006,passenger
4422.844646710609,4482.844646710609,EVTOL_001,disembarking,False,BW,F000006,passenger
4482.844646710609,4548.844646710609,EVTOL_001,disembarking,True,BW,F000006,passenger
4548.844646710609,6912.3373125306525,EVTOL_001,idle,True,BW,,
4974.571455082855,5169.571455082855,EVTOL_002,boarding,False,LYBE,F000007,passenger
5169.571455082855,5229.571455082855,EVTOL_002,departure_finalization,False,LYBE,F000007,passenger
5229.571455082855,5269.571455082855,EVTOL_002,takeoff,False,,F000007,passenger
5269.571455082855,5597.371669082855,EVTOL_002,cruise,False,,F000007,passenger
5597.371669082855,5657.371669082855,EVTOL_002,landing,False,,F000007,passenger
5657.371669082855,5717.371669082855,EVTOL_002,disembarking,False,DOR,F000007,passenger
5717.371669082855,5783.371669082855,EVTOL_002,disembarking,True,DOR,F000007,passenger
5783.371669082855,8244.532563914503,EVTOL_002,idle,True,DOR,,
6655.868405199968,6850.868405199968,EVTOL_003,boarding,False,LYBE,F000008,passenger
6850.868405199968,6910.868405199968,EVTOL_003,departure_finalization,False,LYBE,F000008,passenger
6910.868405199968,6950.868405199968,EVTOL_003,takeoff,False,,F000008,passenger
6912.3373125306525,6972.3373125306525,EVTOL_001,departure_finalization,False,BW,F000009,repositioning
6950.868405199968,7175.704227199968,EVTOL_003,cruise,False,,F000008,passenger
6972.3373125306525,7012.3373125306525,EVTOL_001,takeoff,False,,F000009,repositioning
7012.3373125306525,7237.1731345306525,EVTOL_001,cruise,False,,F000009,repositioning
7070.032260558674,7265.032260558674,EVTOL_004,boarding,False,LYBE,F000010,passenger
7175.704227199968,7235.704227199968,EVTOL_003,landing,False,,F000008,passenger
7235.704227199968,7295.704227199968,EVTOL_003,disembarking,False,BW,F000008,passenger
7237.1731345306525,7297.1731345306525,EVTOL_001,landing,False,,F000009,repositioning
7265.032260558674,7325.032260558674,EVTOL_004,departure_finalization,False,LYBE,F000010,passenger
7295.704227199968,7361.704227199968,EVTOL_003,disembarking,True,BW,F000008,passenger
7297.1731345306525,7357.1731345306525,EVTOL_001,idle,False,LYBE,,
7325.032260558674,7365.032260558674,EVTOL_004,takeoff,False,,F000010,passenger
7357.1731345306525,7812.3373125306525,EVTOL_001,idle,True,LYBE,,
7361.704227199968,7593.337270162404,EVTOL_003,idle,True,BW,,
7365.032260558674,7701.480448558675,EVTOL_004,cruise,False,,F000010,passenger
7593.337270162404,7788.337270162404,EVTOL_003,boarding,True,BW,F000011,passenger
7701.480448558675,7761.480448558675,EVTOL_004,landing,False,,F000010,passenger
7761.480448558675,7821.480448558675,EVTOL_004,disembarking,False,LYBV,F000010,passenger
7788.337270162404,7848.337270162404,EVTOL_003,departure_finalization,False,BW,F000011,passenger
7812.3373125306525,8007.3373125306525,EVTOL_001,boarding,True,LYBE,F000012,passenger
7821.480448558675,7887.480448558675,EVTOL_004,disembarking,True,LYBV,F000010,passenger
7848.337270162404,7888.337270162404,EVTOL_003,takeoff,False,,F000011,passenger
7887.480448558675,9938.022309284668,EVTOL_004,idle,True,LYBV,,
7888.337270162404,8113.173092162404,EVTOL_003,cruise,False,,F000011,passenger
8007.3373125306525,8067.3373125306525,EVTOL_001,departure_finalization,False,LYBE,F000012,passenger
8067.3373125306525,8107.3373125306525,EVTOL_001,takeoff,False,,F000012,passenger
8107.3373125306525,8435.137526530652,EVTOL_001,cruise,False,,F000012,passenger
8113.173092162404,8173.173092162404,EVTOL_003,landing,False,,F000011,passenger
8173.173092162404,8233.173092162404,EVTOL_003,disembarking,False,LYBE,F000011,passenger
8233.173092162404,8299.173092162404,EVTOL_003,disembarking,True,LYBE,F000011,passenger
8244.532563914503,8589.532563914503,EVTOL_002,boarding,True,DOR,F000013,passenger
8299.173092162404,8557.84450038748,EVTOL_003,idle,True,LYBE,,
8435.137526530652,8495.137526530652,EVTOL_001,landing,False,,F000012,passenger
8495.137526530652,8555.137526530652,EVTOL_001,disembarking,False,DOR,F000012,passenger
8555.137526530652,8621.137526530652,EVTOL_001,disembarking,True,DOR,F000012,passenger
8557.84450038748,8752.84450038748,EVTOL_003,boarding,True,LYBE,F000014,passenger
8589.532563914503,8649.532563914503,EVTOL_002,departure_finalization,False,DOR,F000013,passenger
8621.137526530652,8629.532563914503,EVTOL_001,idle,True,DOR,,
8629.532563914503,8689.532563914503,EVTOL_001,departure_finalization,False,DOR,F000015,repositioning
8649.532563914503,8689.532563914503,EVTOL_002,takeoff,False,,F000013,passenger
8689.532563914503,8729.532563914503,EVTOL_001,takeoff,False,,F000015,repositioning
8689.532563914503,9017.332777914504,EVTOL_002,cruise,False,,F000013,passenger
8729.532563914503,8780.009549914503,EVTOL_001,cruise,False,,F000015,repositioning
8752.84450038748,8812.84450038748,EVTOL_003,departure_finalization,False,LYBE,F000014,passenger
8780.009549914503,8840.009549914503,EVTOL_001,landing,False,,F000015,repositioning
8812.84450038748,8852.84450038748,EVTOL_003,takeoff,False,,F000014,passenger
8840.009549914503,8900.009549914503,EVTOL_001,idle,False,JUG,,
8852.84450038748,9170.64681238748,EVTOL_003,cruise,False,,F000014,passenger
8900.009549914503,9164.387477197839,EVTOL_001,idle,True,JUG,,
9017.332777914504,9077.332777914504,EVTOL_002,landing,False,,F000013,passenger
9077.332777914504,9137.332777914504,EVTOL_002,disembarking,False,LYBE,F000013,passenger
9137.332777914504,9335.332777914504,EVTOL_002,disembarking,True,LYBE,F000013,passenger
9164.387477197839,9359.387477197839,EVTOL_001,boarding,True,JUG,F000016,passenger
9170.64681238748,9230.64681238748,EVTOL_003,landing,False,,F000014,passenger
9230.64681238748,9290.64681238748,EVTOL_003,disembarking,False,JUG,F000014,passenger
9290.64681238748,9356.64681238748,EVTOL_003,disembarking,True,JUG,F000014,passenger
9335.332777914504,9422.0806069149,EVTOL_002,idle,True,LYBE,,
9356.64681238748,10166.833371314906,EVTOL_003,idle,True,JUG,,
9359.387477197839,9419.387477197839,EVTOL_001,departure_finalization,False,JUG,F000016,passenger
9419.387477197839,9459.387477197839,EVTOL_001,takeoff,False,,F000016,passenger
9422.0806069149,9692.0806069149,EVTOL_002,boarding,True,LYBE,F000017,passenger
9459.387477197839,9777.189789197839,EVTOL_001,cruise,False,,F000016,passenger
9692.0806069149,9777.189789197839,EVTOL_002,waiting_for_departure,True,LYBE,F000017,passenger
9777.189789197839,9837.189789197839,EVTOL_001,landing,False,,F000016,passenger
9777.189789197839,9837.189789197839,EVTOL_002,departure_finalization,False,LYBE,F000017,passenger
9837.189789197839,9897.189789197839,EVTOL_001,disembarking,False,LYBE,F000016,passenger
9837.189789197839,9877.189789197839,EVTOL_002,takeoff,False,,F000017,passenger
9877.189789197839,10102.025611197838,EVTOL_002,cruise,False,,F000017,passenger
9897.189789197839,9963.189789197839,EVTOL_001,disembarking,True,LYBE,F000016,passenger
9938.022309284668,10208.022309284668,EVTOL_004,boarding,True,LYBV,F000018,passenger
9963.189789197839,10714.555242255907,EVTOL_001,idle,True,LYBE,,
10102.025611197838,10162.025611197838,EVTOL_002,landing,False,,F000017,passenger
10162.025611197838,10222.025611197838,EVTOL_002,disembarking,False,BW,F000017,passenger
10166.833371314906,10226.833371314906,EVTOL_003,departure_finalization,False,JUG,F000019,repositioning
10208.022309284668,10268.022309284668,EVTOL_004,departure_finalization,False,LYBV,F000018,passenger
10222.025611197838,10354.025611197838,EVTOL_002,disembarking,True,BW,F000017,passenger
10226.833371314906,10266.833371314906,EVTOL_003,takeoff,False,,F000019,repositioning
10266.833371314906,10317.310357314906,EVTOL_003,cruise,False,,F000019,repositioning
10268.022309284668,10308.022309284668,EVTOL_004,takeoff,False,,F000018,passenger
10308.022309284668,10644.470497284668,EVTOL_004,cruise,False,,F000018,passenger
10317.310357314906,10377.310357314906,EVTOL_003,landing,False,,F000019,repositioning
10354.025611197838,11328.243821746415,EVTOL_002,idle,True,BW,,
10377.310357314906,10437.310357314906,EVTOL_003,idle,False,DOR,,
10437.310357314906,11066.833371314906,EVTOL_003,idle,True,DOR,,
10644.470497284668,10704.470497284668,EVTOL_004,landing,False,,F000018,passenger
10704.470497284668,10764.470497284668,EVTOL_004,disembarking,False,LYBE,F000018,passenger
10714.555242255907,10774.555242255907,EVTOL_001,departure_finalization,False,LYBE,F000020,repositioning
10764.470497284668,10896.470497284668,EVTOL_004,disembarking,True,LYBE,F000018,passenger
10774.555242255907,10814.555242255907,EVTOL_001,takeoff,False,,F000020,repositioning
10814.555242255907,10915.317640255907,EVTOL_001,cruise,False,,F000020,repositioning
10896.470497284668,11372.362580784695,EVTOL_004,idle,True,LYBE,,
10915.317640255907,10975.317640255907,EVTOL_001,landing,False,,F000020,repositioning
10975.317640255907,11035.317640255907,EVTOL_001,cleaning,False,EXPO,F000020,repositioning
11035.317640255907,11575.317640255907,EVTOL_001,cleaning,True,EXPO,F000020,repositioning
11066.833371314906,11411.833371314906,EVTOL_003,boarding,True,DOR,F000021,passenger
11328.243821746415,11523.243821746415,EVTOL_002,boarding,True,BW,F000022,passenger
11372.362580784695,11432.362580784695,EVTOL_004,departure_finalization,False,LYBE,F000023,repositioning
11411.833371314906,11471.833371314906,EVTOL_003,departure_finalization,False,DOR,F000021,passenger
11432.362580784695,11472.362580784695,EVTOL_004,takeoff,False,,F000023,repositioning
11471.833371314906,11511.833371314906,EVTOL_003,takeoff,False,,F000021,passenger
11472.362580784695,11790.164892784695,EVTOL_004,cruise,False,,F000023,repositioning
11511.833371314906,11839.633585314907,EVTOL_003,cruise,False,,F000021,passenger
11523.243821746415,11574.797763314906,EVTOL_002,waiting_for_departure,True,BW,F000022,passenger
11574.797763314906,11634.797763314906,EVTOL_002,departure_finalization,False,BW,F000022,passenger
11575.317640255907,11614.555242255907,EVTOL_001,idle,True,EXPO,,
11614.555242255907,11809.555242255907,EVTOL_001,boarding,True,EXPO,F000024,passenger
11634.797763314906,11674.797763314906,EVTOL_002,takeoff,False,,F000022,passenger
11674.797763314906,11899.633585314907,EVTOL_002,cruise,False,,F000022,passenger
11790.164892784695,11850.164892784695,EVTOL_004,landing,False,,F000023,repositioning
11809.555242255907,11869.555242255907,EVTOL_001,departure_finalization,False,EXPO,F000024,passenger
11839.633585314907,11899.633585314907,EVTOL_003,landing,False,,F000021,passenger
11850.164892784695,11910.164892784695,EVTOL_004,idle,False,JUG,,
11869.555242255907,11909.555242255907,EVTOL_001,takeoff,False,,F000024,passenger
11899.633585314907,11959.633585314907,EVTOL_002,landing,False,,F000022,passenger
11899.633585314907,11959.633585314907,EVTOL_003,disembarking,False,LYBE,F000021,passenger
11909.555242255907,12010.317640255907,EVTOL_001,cruise,False,,F000024,passenger
11910.164892784695,12272.362580784695,EVTOL_004,idle,True,JUG,,
11959.633585314907,12019.633585314907,EVTOL_002,disembarking,False,LYBE,F000022,passenger
11959.633585314907,12157.633585314907,EVTOL_003,disembarking,True,LYBE,F000021,passenger
12010.317640255907,12070.317640255907,EVTOL_001,landing,False,,F000024,passenger
12019.633585314907,12085.633585314907,EVTOL_002,disembarking,True,LYBE,F000022,passenger
12070.317640255907,12130.317640255907,EVTOL_001,disembarking,False,LYBE,F000024,passenger
12085.633585314907,12145.633585314907,EVTOL_002,departure_finalization,False,LYBE,F000025,repositioning
12130.317640255907,12196.317640255907,EVTOL_001,disembarking,True,LYBE,F000024,passenger
12145.633585314907,12185.633585314907,EVTOL_002,takeoff,False,,F000025,repositioning
12157.633585314907,12217.633585314907,EVTOL_003,departure_finalization,False,LYBE,F000026,repositioning
12185.633585314907,12513.433799314907,EVTOL_002,cruise,False,,F000025,repositioning
12196.317640255907,12197.633585314907,EVTOL_001,idle,True,LYBE,,
12197.633585314907,12257.633585314907,EVTOL_001,departure_finalization,False,LYBE,F000027,repositioning
12217.633585314907,12257.633585314907,EVTOL_003,takeoff,False,,F000026,repositioning
12257.633585314907,12297.633585314907,EVTOL_001,takeoff,False,,F000027,repositioning
12257.633585314907,12594.081773314907,EVTOL_003,cruise,False,,F000026,repositioning
12272.362580784695,12617.362580784695,EVTOL_004,boarding,True,JUG,F000028,passenger
12297.633585314907,12522.469407314908,EVTOL_001,cruise,False,,F000027,repositioning
12513.433799314907,12573.433799314907,EVTOL_002,landing,False,,F000025,repositioning
12522.469407314908,12582.469407314908,EVTOL_001,landing,False,,F000027,repositioning
12573.433799314907,12633.433799314907,EVTOL_002,boarding,False,DOR,F000029,passenger
12582.469407314908,12642.469407314908,EVTOL_001,idle,False,BW,,
12594.081773314907,12654.081773314907,EVTOL_003,landing,False,,F000026,repositioning
12617.362580784695,12677.362580784695,EVTOL_004,departure_finalization,False,JUG,F000028,passenger
12633.433799314907,12843.433799314907,EVTOL_002,boarding,True,DOR,F000029,passenger
12642.469407314908,12921.914256800188,EVTOL_001,idle,True,BW,,
12654.081773314907,12714.081773314907,EVTOL_003,boarding,False,LYBV,F000030,passenger
12677.362580784695,12717.362580784695,EVTOL_004,takeoff,False,,F000028,passenger
12714.081773314907,12999.081773314907,EVTOL_003,boarding,True,LYBV,F000030,passenger
12717.362580784695,13035.164892784695,EVTOL_004,cruise,False,,F000028,passenger
12843.433799314907,12869.678137757444,EVTOL_002,waiting_for_departure,True,DOR,F000029,passenger
12869.678137757444,12929.678137757444,EVTOL_002,departure_finalization,False,DOR,F000029,passenger
12921.914256800188,13116.914256800188,EVTOL_001,boarding,True,BW,F000031,passenger
12929.678137757444,12969.678137757444,EVTOL_002,takeoff,False,,F000029,passenger
12969.678137757444,13297.478351757445,EVTOL_002,cruise,False,,F000029,passenger
12999.081773314907,13059.081773314907,EVTOL_003,departure_finalization,False,LYBV,F000030,passenger
13035.164892784695,13095.164892784695,EVTOL_004,landing,False,,F000028,passenger
13059.081773314907,13099.081773314907,EVTOL_003,takeoff,False,,F000030,passenger
13095.164892784695,13155.164892784695,EVTOL_004,disembarking,False,LYBE,F000028,passenger
13099.081773314907,13435.529961314907,EVTOL_003,cruise,False,,F000030,passenger
13116.914256800188,13170.694139314906,EVTOL_001,waiting_for_departure,True,BW,F000031,passenger
13155.164892784695,13353.164892784695,EVTOL_004,disembarking,True,LYBE,F000028,passenger
13170.694139314906,13230.694139314906,EVTOL_001,departure_finalization,False,BW,F000031,passenger
13230.694139314906,13270.694139314906,EVTOL_001,takeoff,False,,F000031,passenger
13270.694139314906,13495.529961314907,EVTOL_001,cruise,False,,F000031,passenger
13297.478351757445,13357.478351757445,EVTOL_002,landing,False,,F000029,passenger
13353.164892784695,13495.529961314907,EVTOL_004,idle,True,LYBE,,
13357.478351757445,13417.478351757445,EVTOL_002,disembarking,False,LYBE,F000029,passenger
13417.478351757445,13549.478351757445,EVTOL_002,disembarking,True,LYBE,F000029,passenger
13435.529961314907,13495.529961314907,EVTOL_003,landing,False,,F000030,passenger
13495.529961314907,13555.529961314907,EVTOL_001,landing,False,,F000031,passenger
13495.529961314907,13555.529961314907,EVTOL_003,disembarking,False,LYBE,F000030,passenger
13495.529961314907,13555.529961314907,EVTOL_004,departure_finalization,False,LYBE,F000032,repositioning
13549.478351757445,13921.729954668925,EVTOL_002,idle,True,LYBE,,
13555.529961314907,13615.529961314907,EVTOL_001,disembarking,False,LYBE,F000031,passenger
13555.529961314907,13753.529961314907,EVTOL_003,disembarking,True,LYBE,F000030,passenger
13555.529961314907,13595.529961314907,EVTOL_004,takeoff,False,,F000032,repositioning
13595.529961314907,13913.332273314907,EVTOL_004,cruise,False,,F000032,repositioning
13615.529961314907,13681.529961314907,EVTOL_001,disembarking,True,LYBE,F000031,passenger
13681.529961314907,13741.529961314907,EVTOL_001,departure_finalization,False,LYBE,F000033,repositioning
13741.529961314907,13781.529961314907,EVTOL_001,takeoff,False,,F000033,repositioning
13753.529961314907,13921.729954668925,EVTOL_003,idle,True,LYBE,,
13781.529961314907,13921.729954668925,EVTOL_001,cruise,False,,F000033,repositioning
13913.332273314907,13921.729954668925,EVTOL_004,landing,False,,F000032,repositioning
13921.729954668926,14006.365783314908,EVTOL_001,cruise,False,,F000033,repositioning
13921.729954668926,13981.729954668925,EVTOL_002,departure_finalization,False,LYBE,F000034,repositioning
13921.729954668926,14483.021399658415,EVTOL_003,idle,True,LYBE,,
13921.729954668926,13973.332273314907,EVTOL_004,landing,False,,F000032,repositioning
13973.332273314907,14033.332273314907,EVTOL_004,boarding,False,JUG,F000035,passenger
13981.729954668925,14021.729954668925,EVTOL_002,takeoff,False,,F000034,repositioning
14006.365783314908,14066.365783314908,EVTOL_001,landing,False,,F000033,repositioning
14021.729954668925,14358.178142668925,EVTOL_002,cruise,False,,F000034,repositioning
14033.332273314907,14168.332273314907,EVTOL_004,boarding,True,JUG,F000035,passenger
14066.365783314908,14126.365783314908,EVTOL_001,idle,False,BW,,
14126.365783314908,14138.36235604608,EVTOL_001,idle,True,BW,,
14138.36235604608,14483.36235604608,EVTOL_001,boarding,True,BW,F000036,passenger
14168.332273314907,14258.294576570526,EVTOL_004,waiting_for_departure,True,JUG,F000035,passenger
14258.294576570526,14318.294576570526,EVTOL_004,departure_finalization,False,JUG,F000035,passenger
14318.294576570526,14358.294576570526,EVTOL_004,takeoff,False,,F000035,passenger
14358.178142668925,14418.178142668925,EVTOL_002,landing,False,,F000034,repositioning
14358.294576570526,14676.096888570526,EVTOL_004,cruise,False,,F000035,passenger
14418.178142668925,14478.178142668925,EVTOL_002,boarding,False,LYBV,F000037,passenger
14478.178142668925,14688.178142668925,EVTOL_002,boarding,True,LYBV,F000037,passenger
14483.021399658415,14543.021399658415,EVTOL_003,departure_finalization,False,LYBE,F000038,repositioning
14483.36235604608,14528.744931083666,EVTOL_001,waiting_for_departure,True,BW,F000036,passenger
14528.744931083666,14588.744931083666,EVTOL_001,departure_finalization,False,BW,F000036,passenger
14543.021399658415,14583.021399658415,EVTOL_003,takeoff,False,,F000038,repositioning
14583.021399658415,14910.821613658416,EVTOL_003,cruise,False,,F000038,repositioning
14588.744931083666,14628.744931083666,EVTOL_001,takeoff,False,,F000036,passenger
14628.744931083666,14853.580753083665,EVTOL_001,cruise,False,,F000036,passenger
14676.096888570526,14736.096888570526,EVTOL_004,landing,False,,F000035,passenger
14688.178142668925,14981.741110613739,EVTOL_002,waiting_for_departure,True,LYBV,F000037,passenger
14736.096888570526,14796.096888570526,EVTOL_004,disembarking,False,LYBE,F000035,passenger
14796.096888570526,14862.096888570526,EVTOL_004,disembarking,True,LYBE,F000035,passenger
14853.580753083665,14913.580753083665,EVTOL_001,landing,False,,F000036,passenger
14862.096888570526,15301.14462071534,EVTOL_004,idle,True,LYBE,,
14910.821613658416,14970.821613658416,EVTOL_003,landing,False,,F000038,repositioning
14913.580753083665,14973.580753083665,EVTOL_001,disembarking,False,LYBE,F000036,passenger
14970.821613658416,15030.821613658416,EVTOL_003,idle,False,DOR,,
14973.580753083665,15171.580753083665,EVTOL_001,disembarking,True,LYBE,F000036,passenger
14981.741110613739,15041.741110613739,EVTOL_002,departure_finalization,False,LYBV,F000037,passenger
15030.821613658416,15383.021399658415,EVTOL_003,idle,True,DOR,,
15041.741110613739,15081.741110613739,EVTOL_002,takeoff,False,,F000037,passenger
15081.741110613739,15418.189298613739,EVTOL_002,cruise,False,,F000037,passenger
15171.580753083665,15450.931122238002,EVTOL_001,idle,True,LYBE,,
15301.14462071534,15361.14462071534,EVTOL_004,departure_finalization,False,LYBE,F000039,repositioning
15361.14462071534,15401.14462071534,EVTOL_004,takeoff,False,,F000039,repositioning
15383.021399658415,15578.021399658415,EVTOL_003,boarding,True,DOR,F000040,passenger
15401.14462071534,15737.59280871534,EVTOL_004,cruise,False,,F000039,repositioning
15418.189298613739,15478.189298613739,EVTOL_002,landing,False,,F000037,passenger
15450.931122238002,15510.931122238002,EVTOL_001,departure_finalization,False,LYBE,F000041,repositioning
15478.189298613739,15538.189298613739,EVTOL_002,disembarking,False,LYBE,F000037,passenger
15510.931122238002,15550.931122238002,EVTOL_001,takeoff,False,,F000041,repositioning
15538.189298613739,15670.189298613739,EVTOL_002,disembarking,True,LYBE,F000037,passenger
15550.931122238002,15775.766944238003,EVTOL_001,cruise,False,,F000041,repositioning
15578.021399658415,15638.021399658415,EVTOL_003,departure_finalization,False,DOR,F000040,passenger
15638.021399658415,15678.021399658415,EVTOL_003,takeoff,False,,F000040,passenger
15670.189298613739,16025.382301376703,EVTOL_002,idle,True,LYBE,,
15678.021399658415,16005.821613658416,EVTOL_003,cruise,False,,F000040,passenger
15737.59280871534,15797.59280871534,EVTOL_004,landing,False,,F000039,repositioning
15775.766944238003,15835.766944238003,EVTOL_001,landing,False,,F000041,repositioning
15797.59280871534,15857.59280871534,EVTOL_004,idle,False,LYBV,,
15835.766944238003,15895.766944238003,EVTOL_001,idle,False,BW,,
15857.59280871534,15861.405699926736,EVTOL_004,idle,True,LYBV,,
15861.405699926736,16206.405699926736,EVTOL_004,boarding,True,LYBV,F000042,passenger
15895.766944238003,15972.345690605773,EVTOL_001,idle,True,BW,,
15972.345690605773,16392.345690605773,EVTOL_001,boarding,True,BW,F000043,passenger
16005.821613658416,16065.821613658416,EVTOL_003,landing,False,,F000040,passenger
16025.382301376703,16085.382301376703,EVTOL_002,departure_finalization,False,LYBE,F000044,repositioning
16065.821613658416,16125.821613658416,EVTOL_003,disembarking,False,LYBE,F000040,passenger
16085.382301376703,16125.382301376703,EVTOL_002,takeoff,False,,F000044,repositioning
16125.382301376703,16443.184613376703,EVTOL_002,cruise,False,,F000044,repositioning
16125.821613658416,16191.821613658416,EVTOL_003,disembarking,True,LYBE,F000040,passenger
16191.821613658416,20629.852468729372,EVTOL_003,idle,True,LYBE,,
16206.405699926736,16361.155776660155,EVTOL_004,waiting_for_departure,True,LYBV,F000042,passenger
16361.155776660155,16421.155776660155,EVTOL_004,departure_finalization,False,LYBV,F000042,passenger
16392.345690605773,16452.345690605773,EVTOL_001,departure_finalization,False,BW,F000043,passenger
16421.155776660155,16461.155776660155,EVTOL_004,takeoff,False,,F000042,passenger
16443.184613376703,16503.184613376703,EVTOL_002,landing,False,,F000044,repositioning
16452.345690605773,16492.345690605773,EVTOL_001,takeoff,False,,F000043,passenger
16461.155776660155,16797.603964660153,EVTOL_004,cruise,False,,F000042,passenger
16492.345690605773,16717.181512605774,EVTOL_001,cruise,False,,F000043,passenger
16503.184613376703,16563.184613376703,EVTOL_002,boarding,False,JUG,F000045,passenger
16563.184613376703,16698.184613376703,EVTOL_002,boarding,True,JUG,F000045,passenger
16698.184613376703,17051.862380339666,EVTOL_002,waiting_for_departure,True,JUG,F000045,passenger
16717.181512605774,16777.181512605774,EVTOL_001,landing,False,,F000043,passenger
16777.181512605774,16837.181512605774,EVTOL_001,disembarking,False,LYBE,F000043,passenger
16797.603964660153,16857.603964660153,EVTOL_004,landing,False,,F000042,passenger
16837.181512605774,17101.181512605774,EVTOL_001,disembarking,True,LYBE,F000043,passenger
16857.603964660153,16917.603964660153,EVTOL_004,disembarking,False,LYBE,F000042,passenger
16917.603964660153,17115.603964660153,EVTOL_004,disembarking,True,LYBE,F000042,passenger
17051.862380339666,17111.862380339666,EVTOL_002,departure_finalization,False,JUG,F000045,passenger
17101.181512605774,18370.99333536592,EVTOL_001,idle,True,LYBE,,
17111.862380339666,17151.862380339666,EVTOL_002,takeoff,False,,F000045,passenger
17115.603964660153,21712.21028429187,EVTOL_004,idle,True,LYBE,,
17151.862380339666,17469.664692339666,EVTOL_002,cruise,False,,F000045,passenger
17469.664692339666,17529.664692339666,EVTOL_002,landing,False,,F000045,passenger
17529.664692339666,17589.664692339666,EVTOL_002,disembarking,False,LYBE,F000045,passenger
17589.664692339666,17655.664692339666,EVTOL_002,disembarking,True,LYBE,F000045,passenger
17655.664692339666,18255.664692339666,EVTOL_002,cleaning,True,LYBE,F000045,passenger
18255.664692339666,19790.829157365923,EVTOL_002,idle,True,LYBE,,
18370.99333536592,18430.99333536592,EVTOL_001,departure_finalization,False,LYBE,F000046,repositioning
18430.99333536592,18470.99333536592,EVTOL_001,takeoff,False,,F000046,repositioning
18470.99333536592,18695.829157365923,EVTOL_001,cruise,False,,F000046,repositioning
18695.829157365923,18755.829157365923,EVTOL_001,landing,False,,F000046,repositioning
18755.829157365923,18815.829157365923,EVTOL_001,idle,False,BW,,
18815.829157365923,19270.99333536592,EVTOL_001,idle,True,BW,,
19270.99333536592,19465.99333536592,EVTOL_001,boarding,True,BW,F000047,passenger
19465.99333536592,19525.99333536592,EVTOL_001,departure_finalization,False,BW,F000047,passenger
19525.99333536592,19565.99333536592,EVTOL_001,takeoff,False,,F000047,passenger
19565.99333536592,19790.829157365923,EVTOL_001,cruise,False,,F000047,passenger
19790.829157365923,19850.829157365923,EVTOL_001,landing,False,,F000047,passenger
19790.829157365923,19850.829157365923,EVTOL_002,departure_finalization,False,LYBE,F000048,repositioning
19850.829157365923,19910.829157365923,EVTOL_001,disembarking,False,LYBE,F000047,passenger
19850.829157365923,19890.829157365923,EVTOL_002,takeoff,False,,F000048,repositioning
19890.829157365923,20115.664979365924,EVTOL_002,cruise,False,,F000048,repositioning
19910.829157365923,19976.829157365923,EVTOL_001,disembarking,True,LYBE,F000047,passenger
19976.829157365923,20331.54454650155,EVTOL_001,idle,True,LYBE,,
20115.664979365924,20175.664979365924,EVTOL_002,landing,False,,F000048,repositioning
20175.664979365924,20235.664979365924,EVTOL_002,idle,False,BW,,
20235.664979365924,20682.79911142926,EVTOL_002,idle,True,BW,,
20331.54454650155,20526.54454650155,EVTOL_001,boarding,True,LYBE,F000049,passenger
20526.54454650155,20586.54454650155,EVTOL_001,departure_finalization,False,LYBE,F000049,passenger
20586.54454650155,20626.54454650155,EVTOL_001,takeoff,False,,F000049,passenger
20626.54454650155,20962.99273450155,EVTOL_001,cruise,False,,F000049,passenger
20629.852468729372,21317.213126561765,EVTOL_003,idle,False,LYBE,,
20682.79911142926,20877.79911142926,EVTOL_002,boarding,True,BW,F000050,passenger
20877.79911142926,20937.79911142926,EVTOL_002,departure_finalization,False,BW,F000050,passenger
20937.79911142926,20977.79911142926,EVTOL_002,takeoff,False,,F000050,passenger
20962.99273450155,21022.99273450155,EVTOL_001,landing,False,,F000049,passenger
20977.79911142926,21202.63493342926,EVTOL_002,cruise,False,,F000050,passenger
21022.99273450155,21082.99273450155,EVTOL_001,disembarking,False,LYBV,F000049,passenger
21082.99273450155,21148.99273450155,EVTOL_001,disembarking,True,LYBV,F000049,passenger
21148.99273450155,21748.99273450155,EVTOL_001,cleaning,True,LYBV,F000049,passenger
21202.63493342926,21262.63493342926,EVTOL_002,landing,False,,F000050,passenger
21262.63493342926,21322.63493342926,EVTOL_002,disembarking,False,LYBE,F000050,passenger
21317.213126561765,21512.213126561765,EVTOL_003,boarding,False,LYBE,F000051,passenger
21322.63493342926,21388.63493342926,EVTOL_002,disembarking,True,LYBE,F000050,passenger
21388.63493342926,21802.072848999345,EVTOL_002,idle,True,LYBE,,
21512.213126561765,21572.213126561765,EVTOL_003,departure_finalization,False,LYBE,F000051,passenger
21572.213126561765,21612.213126561765,EVTOL_003,takeoff,False,,F000051,passenger
21612.213126561765,21948.661314561763,EVTOL_003,cruise,False,,F000051,passenger
21712.21028429187,22036.741452542094,EVTOL_004,idle,False,LYBE,,
21748.99273450155,21808.99273450155,EVTOL_001,departure_finalization,False,LYBV,F000052,repositioning
21802.072848999345,22072.072848999345,EVTOL_002,boarding,True,LYBE,F000053,passenger
21808.99273450155,21848.99273450155,EVTOL_001,takeoff,False,,F000052,repositioning
21848.99273450155,22035.57159050155,EVTOL_001,cruise,False,,F000052,repositioning
21948.661314561763,22008.661314561763,EVTOL_003,landing,False,,F000051,passenger
22008.661314561763,22068.661314561763,EVTOL_003,disembarking,False,LYBV,F000051,passenger
22035.57159050155,22095.57159050155,EVTOL_001,landing,False,,F000052,repositioning
22036.741452542094,22231.741452542094,EVTOL_004,boarding,False,LYBE,F000054,passenger
22068.661314561763,22134.661314561763,EVTOL_003,disembarking,True,LYBV,F000051,passenger
22072.072848999345,22132.072848999345,EVTOL_002,departure_finalization,False,LYBE,F000053,passenger
22095.57159050155,22155.57159050155,EVTOL_001,idle,False,JUG,,
22132.072848999345,22172.072848999345,EVTOL_002,takeoff,False,,F000053,passenger
22134.661314561763,22734.661314561763,EVTOL_003,cleaning,True,LYBV,F000051,passenger
22155.57159050155,22220.631268992245,EVTOL_001,idle,True,JUG,,
22172.072848999345,22396.908670999346,EVTOL_002,cruise,False,,F000053,passenger
22220.631268992245,22490.631268992245,EVTOL_001,boarding,True,JUG,F000055,passenger
22231.741452542094,22291.741452542094,EVTOL_004,departure_finalization,False,LYBE,F000054,passenger
22291.741452542094,22331.741452542094,EVTOL_004,takeoff,False,,F000054,passenger
22331.741452542094,22659.541666542093,EVTOL_004,cruise,False,,F000054,passenger
22396.908670999346,22456.908670999346,EVTOL_002,landing,False,,F000053,passenger
22456.908670999346,22516.908670999346,EVTOL_002,disembarking,False,BW,F000053,passenger
22490.631268992245,22550.631268992245,EVTOL_001,departure_finalization,False,JUG,F000055,passenger
22516.908670999346,22648.908670999346,EVTOL_002,disembarking,True,BW,F000053,passenger
22550.631268992245,22590.631268992245,EVTOL_001,takeoff,False,,F000055,passenger
22590.631268992245,22908.433580992245,EVTOL_001,cruise,False,,F000055,passenger
22648.908670999346,24494.117520299464,EVTOL_002,idle,True,BW,,
22659.541666542093,22719.541666542093,EVTOL_004,landing,False,,F000054,passenger
22719.541666542093,22779.541666542093,EVTOL_004,disembarking,False,DOR,F000054,passenger
22734.661314561763,25663.045184861818,EVTOL_003,idle,True,LYBV,,
22779.541666542093,22845.541666542093,EVTOL_004,disembarking,True,DOR,F000054,passenger
22845.541666542093,23445.541666542093,EVTOL_004,cleaning,True,DOR,F000054,passenger
22908.433580992245,22968.433580992245,EVTOL_001,landing,False,,F000055,passenger
22968.433580992245,23028.433580992245,EVTOL_001,disembarking,False,LYBE,F000055,passenger
23028.433580992245,23160.433580992245,EVTOL_001,disembarking,True,LYBE,F000055,passenger
23160.433580992245,24528.75505051638,EVTOL_001,idle,True,LYBE,,
23445.541666542093,26354.761505040275,EVTOL_004,idle,True,DOR,,
24494.117520299464,24764.117520299464,EVTOL_002,boarding,True,BW,F000056,passenger
24528.75505051638,24723.75505051638,EVTOL_001,boarding,True,LYBE,F000057,passenger
24723.75505051638,24783.75505051638,EVTOL_001,departure_finalization,False,LYBE,F000057,passenger
24764.117520299464,24824.117520299464,EVTOL_002,departure_finalization,False,BW,F000056,passenger
24783.75505051638,24823.75505051638,EVTOL_001,takeoff,False,,F000057,passenger
24823.75505051638,25048.590872516383,EVTOL_001,cruise,False,,F000057,passenger
24824.117520299464,24864.117520299464,EVTOL_002,takeoff,False,,F000056,passenger
24864.117520299464,25088.953342299465,EVTOL_002,cruise,False,,F000056,passenger
25048.590872516383,25108.590872516383,EVTOL_001,landing,False,,F000057,passenger
25088.953342299465,25148.953342299465,EVTOL_002,landing,False,,F000056,passenger
25108.590872516383,25168.590872516383,EVTOL_001,disembarking,False,BW,F000057,passenger
25148.953342299465,25208.953342299465,EVTOL_002,disembarking,False,LYBE,F000056,passenger
25168.590872516383,25234.590872516383,EVTOL_001,disembarking,True,BW,F000057,passenger
25208.953342299465,25340.953342299465,EVTOL_002,disembarking,True,LYBE,F000056,passenger
25234.590872516383,26533.206098884217,EVTOL_001,idle,True,BW,,
25340.953342299465,29050.858797715555,EVTOL_002,idle,True,LYBE,,
25663.045184861818,27328.639534150047,EVTOL_003,idle,False,LYBV,,
26354.761505040275,27324.995221116224,EVTOL_004,idle,False,DOR,,
26533.206098884217,26728.206098884217,EVTOL_001,boarding,True,BW,F000058,passenger
26728.206098884217,26788.206098884217,EVTOL_001,departure_finalization,False,BW,F000058,passenger
26788.206098884217,26828.206098884217,EVTOL_001,takeoff,False,,F000058,passenger
26828.206098884217,27053.041920884218,EVTOL_001,cruise,False,,F000058,passenger
27053.041920884218,27113.041920884218,EVTOL_001,landing,False,,F000058,passenger
27113.041920884218,27173.041920884218,EVTOL_001,disembarking,False,LYBE,F000058,passenger
27173.041920884218,27239.041920884218,EVTOL_001,disembarking,True,LYBE,F000058,passenger
27239.041920884218,27324.995221116224,EVTOL_001,idle,True,LYBE,,
27324.995221116224,27384.995221116224,EVTOL_001,departure_finalization,False,LYBE,F000060,repositioning
27324.995221116224,27384.995221116224,EVTOL_004,departure_finalization,False,DOR,F000059,repositioning
27328.639534150047,27523.639534150047,EVTOL_003,boarding,False,LYBV,F000061,passenger
27384.995221116224,27424.995221116224,EVTOL_001,takeoff,False,,F000060,repositioning
27384.995221116224,27424.995221116224,EVTOL_004,takeoff,False,,F000059,repositioning
27424.995221116224,27752.795435116223,EVTOL_001,cruise,False,,F000060,repositioning
27424.995221116224,27509.959613116225,EVTOL_004,cruise,False,,F000059,repositioning
27509.959613116225,27569.959613116225,EVTOL_004,landing,False,,F000059,repositioning
27523.639534150047,27583.639534150047,EVTOL_003,departure_finalization,False,LYBV,F000061,passenger
27569.959613116225,27629.959613116225,EVTOL_004,idle,False,BW,,
27583.639534150047,27623.639534150047,EVTOL_003,takeoff,False,,F000061,passenger
27623.639534150047,27960.087722150045,EVTOL_003,cruise,False,,F000061,passenger
27629.959613116225,28224.995221116224,EVTOL_004,idle,True,BW,,
27752.795435116223,27812.795435116223,EVTOL_001,landing,False,,F000060,repositioning
27812.795435116223,27872.795435116223,EVTOL_001,boarding,False,DOR,F000062,passenger
27872.795435116223,28007.795435116223,EVTOL_001,boarding,True,DOR,F000062,passenger
27960.087722150045,28020.087722150045,EVTOL_003,landing,False,,F000061,passenger
28007.795435116223,28023.449386932112,EVTOL_001,waiting_for_departure,True,DOR,F000062,passenger
28020.087722150045,28080.087722150045,EVTOL_003,disembarking,False,LYBE,F000061,passenger
28023.449386932112,28083.449386932112,EVTOL_001,departure_finalization,False,DOR,F000062,passenger
28080.087722150045,28146.087722150045,EVTOL_003,disembarking,True,LYBE,F000061,passenger
28083.449386932112,28123.449386932112,EVTOL_001,takeoff,False,,F000062,passenger
28123.449386932112,28451.24960093211,EVTOL_001,cruise,False,,F000062,passenger
28146.087722150045,31674.4715924501,EVTOL_003,idle,True,LYBE,,
28224.995221116224,28494.995221116224,EVTOL_004,boarding,True,BW,F000063,passenger
28451.24960093211,28511.24960093211,EVTOL_001,landing,False,,F000062,passenger
28494.995221116224,28554.995221116224,EVTOL_004,departure_finalization,False,BW,F000063,passenger
28511.24960093211,28571.24960093211,EVTOL_001,disembarking,False,LYBE,F000062,passenger
28554.995221116224,28594.995221116224,EVTOL_004,takeoff,False,,F000063,passenger
28571.24960093211,28637.24960093211,EVTOL_001,disembarking,True,LYBE,F000062,passenger
28594.995221116224,28819.831043116224,EVTOL_004,cruise,False,,F000063,passenger
28637.24960093211,29506.335018842095,EVTOL_001,idle,True,LYBE,,
28819.831043116224,28879.831043116224,EVTOL_004,landing,False,,F000063,passenger
28879.831043116224,28939.831043116224,EVTOL_004,disembarking,False,LYBE,F000063,passenger
28939.831043116224,29071.831043116224,EVTOL_004,disembarking,True,LYBE,F000063,passenger
29050.858797715555,30522.154594672364,EVTOL_002,idle,False,LYBE,,
29071.831043116224,32745.31384392219,EVTOL_004,idle,True,LYBE,,
29506.335018842095,29566.335018842095,EVTOL_001,departure_finalization,False,LYBE,F000064,repositioning
29566.335018842095,29606.335018842095,EVTOL_001,takeoff,False,,F000064,repositioning
29606.335018842095,29924.137330842095,EVTOL_001,cruise,False,,F000064,repositioning
29924.137330842095,29984.137330842095,EVTOL_001,landing,False,,F000064,repositioning
29984.137330842095,30044.137330842095,EVTOL_001,idle,False,JUG,,
30044.137330842095,30406.335018842095,EVTOL_001,idle,True,JUG,,
30406.335018842095,30601.335018842095,EVTOL_001,boarding,True,JUG,F000065,passenger
30522.154594672364,30582.154594672364,EVTOL_002,departure_finalization,False,LYBE,F000066,repositioning
30582.154594672364,30622.154594672364,EVTOL_002,takeoff,False,,F000066,repositioning
30601.335018842095,30661.335018842095,EVTOL_001,departure_finalization,False,JUG,F000065,passenger
30622.154594672364,30949.954808672363,EVTOL_002,cruise,False,,F000066,repositioning
30661.335018842095,30701.335018842095,EVTOL_001,takeoff,False,,F000065,passenger
30701.335018842095,31019.137330842095,EVTOL_001,cruise,False,,F000065,passenger
30949.954808672363,31009.954808672363,EVTOL_002,landing,False,,F000066,repositioning
31009.954808672363,31069.954808672363,EVTOL_002,idle,False,DOR,,
31019.137330842095,31079.137330842095,EVTOL_001,landing,False,,F000065,passenger
31069.954808672363,31422.154594672364,EVTOL_002,idle,True,DOR,,
31079.137330842095,31139.137330842095,EVTOL_001,disembarking,False,LYBE,F000065,passenger
31139.137330842095,31205.137330842095,EVTOL_001,disembarking,True,LYBE,F000065,passenger
31205.137330842095,32872.00050557296,EVTOL_001,idle,True,LYBE,,
31422.154594672364,31617.154594672364,EVTOL_002,boarding,True,DOR,F000067,passenger
31617.154594672364,31677.154594672364,EVTOL_002,departure_finalization,False,DOR,F000067,passenger
31674.4715924501,32216.90298943206,EVTOL_003,idle,False,LYBE,,
31677.154594672364,31717.154594672364,EVTOL_002,takeoff,False,,F000067,passenger
31717.154594672364,32044.954808672363,EVTOL_002,cruise,False,,F000067,passenger
32044.954808672363,32104.954808672363,EVTOL_002,landing,False,,F000067,passenger
32104.954808672363,32164.954808672363,EVTOL_002,disembarking,False,LYBE,F000067,passenger
32164.954808672363,32230.954808672363,EVTOL_002,disembarking,True,LYBE,F000067,passenger
32216.90298943206,32276.90298943206,EVTOL_003,departure_finalization,False,LYBE,F000068,repositioning
32230.954808672363,33116.902989432056,EVTOL_002,idle,True,LYBE,,
32276.90298943206,32316.90298943206,EVTOL_003,takeoff,False,,F000068,repositioning
32316.90298943206,32417.66538743206,EVTOL_003,cruise,False,,F000068,repositioning
32417.66538743206,32477.66538743206,EVTOL_003,landing,False,,F000068,repositioning
32477.66538743206,32537.66538743206,EVTOL_003,idle,False,EXPO,,
32537.66538743206,33110.148297975,EVTOL_003,idle,True,EXPO,,
32745.31384392219,33274.98282377517,EVTOL_004,idle,False,LYBE,,
32872.00050557296,33142.00050557296,EVTOL_001,boarding,True,LYBE,F000069,passenger
33110.148297975,33305.148297975,EVTOL_003,boarding,True,EXPO,F000070,passenger
33116.902989432056,33386.902989432056,EVTOL_002,boarding,True,LYBE,F000071,passenger
33142.00050557296,33202.00050557296,EVTOL_001,departure_finalization,False,LYBE,F000069,passenger
33202.00050557296,33242.00050557296,EVTOL_001,takeoff,False,,F000069,passenger
33242.00050557296,33578.448693572966,EVTOL_001,cruise,False,,F000069,passenger
33274.98282377517,33469.98282377517,EVTOL_004,boarding,False,LYBE,F000072,passenger
33305.148297975,33365.148297975,EVTOL_003,departure_finalization,False,EXPO,F000070,passenger
33365.148297975,33405.148297975,EVTOL_003,takeoff,False,,F000070,passenger
33386.902989432056,33446.902989432056,EVTOL_002,departure_finalization,False,LYBE,F000071,passenger
33405.148297975,33505.910695975,EVTOL_003,cruise,False,,F000070,passenger
33446.902989432056,33486.902989432056,EVTOL_002,takeoff,False,,F000071,passenger
33469.98282377517,33505.910695975,EVTOL_004,waiting_for_departure,False,LYBE,F000072,passenger
33486.902989432056,33711.73881143206,EVTOL_002,cruise,False,,F000071,passenger
33505.910695975,33565.910695975,EVTOL_003,landing,False,,F000070,passenger
33505.910695975,33565.910695975,EVTOL_004,departure_finalization,False,LYBE,F000072,passenger
33565.910695975,33625.910695975,EVTOL_003,disembarking,False,LYBE,F000070,passenger
33565.910695975,33605.910695975,EVTOL_004,takeoff,False,,F000072,passenger
33578.448693572966,33638.448693572966,EVTOL_001,landing,False,,F000069,passenger
33605.910695975,33923.713007975,EVTOL_004,cruise,False,,F000072,passenger
33625.910695975,33691.910695975,EVTOL_003,disembarking,True,LYBE,F000070,passenger
33638.448693572966,33698.448693572966,EVTOL_001,disembarking,False,LYBV,F000069,passenger
33691.910695975,34254.50623716579,EVTOL_003,idle,True,LYBE,,
33698.448693572966,33830.448693572966,EVTOL_001,disembarking,True,LYBV,F000069,passenger
33711.73881143206,33771.73881143206,EVTOL_002,landing,False,,F000071,passenger
33771.73881143206,33831.73881143206,EVTOL_002,disembarking,False,BW,F000071,passenger
33830.448693572966,33890.448693572966,EVTOL_001,departure_finalization,False,LYBV,F000073,repositioning
33831.73881143206,33963.73881143206,EVTOL_002,disembarking,True,BW,F000071,passenger
33890.448693572966,33930.448693572966,EVTOL_001,takeoff,False,,F000073,repositioning
33923.713007975,33983.713007975,EVTOL_004,landing,False,,F000072,passenger
33930.448693572966,34127.02545157297,EVTOL_001,cruise,False,,F000073,repositioning
33963.73881143206,34023.73881143206,EVTOL_002,departure_finalization,False,BW,F000074,repositioning
33983.713007975,34043.713007975,EVTOL_004,disembarking,False,JUG,F000072,passenger
34023.73881143206,34063.73881143206,EVTOL_002,takeoff,False,,F000074,repositioning
34043.713007975,34109.713007975,EVTOL_004,disembarking,True,JUG,F000072,passenger
34063.73881143206,34288.57463343206,EVTOL_002,cruise,False,,F000074,repositioning
34109.713007975,34169.713007975,EVTOL_004,departure_finalization,False,JUG,F000075,repositioning
34127.02545157297,34187.02545157297,EVTOL_001,landing,False,,F000073,repositioning
34169.713007975,34209.713007975,EVTOL_004,takeoff,False,,F000075,repositioning
34187.02545157297,34247.02545157297,EVTOL_001,cleaning,False,DOR,F000073,repositioning
34209.713007975,34527.515319975,EVTOL_004,cruise,False,,F000075,repositioning
34247.02545157297,34787.02545157297,EVTOL_001,cleaning,True,DOR,F000073,repositioning
34254.50623716579,34449.50623716579,EVTOL_003,boarding,True,LYBE,F000076,passenger
34288.57463343206,34348.57463343206,EVTOL_002,landing,False,,F000074,repositioning
34348.57463343206,34362.15207426216,EVTOL_002,idle,False,LYBE,,
34362.15207426216,34408.57463343206,EVTOL_002,boarding,False,LYBE,F000077,passenger
34408.57463343206,34557.15207426216,EVTOL_002,boarding,True,LYBE,F000077,passenger
34449.50623716579,34527.515319975,EVTOL_003,waiting_for_departure,True,LYBE,F000076,passenger
34527.515319975,34587.515319975,EVTOL_003,departure_finalization,False,LYBE,F000076,passenger
34527.515319975,34587.515319975,EVTOL_004,landing,False,,F000075,repositioning
34557.15207426216,34567.515319975,EVTOL_002,waiting_for_departure,True,LYBE,F000077,passenger
34567.515319975,34627.515319975,EVTOL_002,departure_finalization,False,LYBE,F000077,passenger
34587.515319975,34627.515319975,EVTOL_003,takeoff,False,,F000076,passenger
34587.515319975,34647.515319975,EVTOL_004,idle,False,LYBE,,
34627.515319975,34667.515319975,EVTOL_002,takeoff,False,,F000077,passenger
34627.515319975,34852.351141975,EVTOL_003,cruise,False,,F000076,passenger
34647.515319975,34989.15594322345,EVTOL_004,idle,True,LYBE,,
34667.515319975,34995.315533975,EVTOL_002,cruise,False,,F000077,passenger
34787.02545157297,35057.02545157297,EVTOL_001,boarding,True,DOR,F000078,passenger
34852.351141975,34912.351141975,EVTOL_003,landing,False,,F000076,passenger
34912.351141975,34972.351141975,EVTOL_003,disembarking,False,BW,F000076,passenger
34972.351141975,35038.351141975,EVTOL_003,disembarking,True,BW,F000076,passenger
34989.15594322345,35184.15594322345,EVTOL_004,boarding,True,LYBE,F000079,passenger
34995.315533975,35055.315533975,EVTOL_002,landing,False,,F000077,passenger
35038.351141975,35383.351141975,EVTOL_003,boarding,True,BW,F000080,passenger
35055.315533975,35115.315533975,EVTOL_002,disembarking,False,DOR,F000077,passenger
35057.02545157297,35117.02545157297,EVTOL_001,departure_finalization,False,DOR,F000078,passenger
35115.315533975,35181.315533975,EVTOL_002,disembarking,True,DOR,F000077,passenger
35117.02545157297,35157.02545157297,EVTOL_001,takeoff,False,,F000078,passenger
35157.02545157297,35484.82566557297,EVTOL_001,cruise,False,,F000078,passenger
35181.315533975,36423.817762518636,EVTOL_002,idle,True,DOR,,
35184.15594322345,35244.15594322345,EVTOL_004,departure_finalization,False,LYBE,F000079,passenger
35244.15594322345,35284.15594322345,EVTOL_004,takeoff,False,,F000079,passenger
35284.15594322345,35620.60413122345,EVTOL_004,cruise,False,,F000079,passenger
35383.351141975,35443.351141975,EVTOL_003,departure_finalization,False,BW,F000080,passenger
35443.351141975,35483.351141975,EVTOL_003,takeoff,False,,F000080,passenger
35483.351141975,35708.186963975,EVTOL_003,cruise,False,,F000080,passenger
35484.82566557297,35544.82566557297,EVTOL_001,landing,False,,F000078,passenger
35544.82566557297,35604.82566557297,EVTOL_001,disembarking,False,LYBE,F000078,passenger
35604.82566557297,35736.82566557297,EVTOL_001,disembarking,True,LYBE,F000078,passenger
35620.60413122345,35680.60413122345,EVTOL_004,landing,False,,F000079,passenger
35680.60413122345,35740.60413122345,EVTOL_004,disembarking,False,LYBV,F000079,passenger
35708.186963975,35768.186963975,EVTOL_003,landing,False,,F000080,passenger
35736.82566557297,35985.19806199504,EVTOL_001,idle,True,LYBE,,
35740.60413122345,35806.60413122345,EVTOL_004,disembarking,True,LYBV,F000079,passenger
35768.186963975,35828.186963975,EVTOL_003,disembarking,False,LYBE,F000080,passenger
35806.60413122345,37617.27118187957,EVTOL_004,idle,True,LYBV,,
35828.186963975,36026.186963975,EVTOL_003,disembarking,True,LYBE,F000080,passenger
35985.19806199504,36180.19806199504,EVTOL_001,boarding,True,LYBE,F000081,passenger
36026.186963975,37210.3353883367,EVTOL_003,idle,True,LYBE,,
36180.19806199504,36240.19806199504,EVTOL_001,departure_finalization,False,LYBE,F000081,passenger
36240.19806199504,36280.19806199504,EVTOL_001,takeoff,False,,F000081,passenger
36280.19806199504,36607.99827599504,EVTOL_001,cruise,False,,F000081,passenger
36423.817762518636,36693.817762518636,EVTOL_002,boarding,True,DOR,F000082,passenger
36607.99827599504,36667.99827599504,EVTOL_001,landing,False,,F000081,passenger
36667.99827599504,36727.99827599504,EVTOL_001,disembarking,False,DOR,F000081,passenger
36693.817762518636,36753.817762518636,EVTOL_002,departure_finalization,False,DOR,F000082,passenger
36727.99827599504,36793.99827599504,EVTOL_001,disembarking,True,DOR,F000081,passenger
36753.817762518636,36793.817762518636,EVTOL_002,takeoff,False,,F000082,passenger
36793.817762518636,37121.61797651864,EVTOL_002,cruise,False,,F000082,passenger
36793.99827599504,36795.9140135983,EVTOL_001,idle,True,DOR,,
36795.9140135983,36855.9140135983,EVTOL_001,departure_finalization,False,DOR,F000083,repositioning
36855.9140135983,36895.9140135983,EVTOL_001,takeoff,False,,F000083,repositioning
36895.9140135983,36946.390999598305,EVTOL_001,cruise,False,,F000083,repositioning
36946.390999598305,37006.390999598305,EVTOL_001,landing,False,,F000083,repositioning
37006.390999598305,37066.390999598305,EVTOL_001,idle,False,JUG,,
37066.390999598305,37695.9140135983,EVTOL_001,idle,True,JUG,,
37121.61797651864,37181.61797651864,EVTOL_002,landing,False,,F000082,passenger
37181.61797651864,37241.61797651864,EVTOL_002,disembarking,False,LYBE,F000082,passenger
37210.3353883367,37270.3353883367,EVTOL_003,departure_finalization,False,LYBE,F000084,repositioning
37241.61797651864,37373.61797651864,EVTOL_002,disembarking,True,LYBE,F000082,passenger
37270.3353883367,37310.3353883367,EVTOL_003,takeoff,False,,F000084,repositioning
37310.3353883367,37638.135602336704,EVTOL_003,cruise,False,,F000084,repositioning
37373.61797651864,37973.61797651864,EVTOL_002,cleaning,True,LYBE,F000082,passenger
37617.27118187957,37677.27118187957,EVTOL_004,departure_finalization,False,LYBV,F000085,repositioning
37638.135602336704,37698.135602336704,EVTOL_003,landing,False,,F000084,repositioning
37677.27118187957,37717.27118187957,EVTOL_004,takeoff,False,,F000085,repositioning
37695.9140135983,37890.9140135983,EVTOL_001,boarding,True,JUG,F000086,passenger
37698.135602336704,37758.135602336704,EVTOL_003,idle,False,DOR,,
37717.27118187957,37810.88354787957,EVTOL_004,cruise,False,,F000085,repositioning
37758.135602336704,38110.3353883367,EVTOL_003,idle,True,DOR,,
37810.88354787957,37870.88354787957,EVTOL_004,landing,False,,F000085,repositioning
37870.88354787957,37930.88354787957,EVTOL_004,idle,False,BW,,
37890.9140135983,37950.9140135983,EVTOL_001,departure_finalization,False,JUG,F000086,passenger
37930.88354787957,38517.27118187957,EVTOL_004,idle,True,BW,,
37950.9140135983,37990.9140135983,EVTOL_001,takeoff,False,,F000086,passenger
37973.61797651864,38033.61797651864,EVTOL_002,departure_finalization,False,LYBE,F000087,repositioning
37990.9140135983,38308.7163255983,EVTOL_001,cruise,False,,F000086,passenger
38033.61797651864,38073.61797651864,EVTOL_002,takeoff,False,,F000087,repositioning
38073.61797651864,38410.06616451864,EVTOL_002,cruise,False,,F000087,repositioning
38110.3353883367,38305.3353883367,EVTOL_003,boarding,True,DOR,F000088,passenger
38305.3353883367,38365.3353883367,EVTOL_003,departure_finalization,False,DOR,F000088,passenger
38308.7163255983,38368.7163255983,EVTOL_001,landing,False,,F000086,passenger
38365.3353883367,38405.3353883367,EVTOL_003,takeoff,False,,F000088,passenger
38368.7163255983,38428.7163255983,EVTOL_001,disembarking,False,LYBE,F000086,passenger
38405.3353883367,38733.135602336704,EVTOL_003,cruise,False,,F000088,passenger
38410.06616451864,38470.06616451864,EVTOL_002,landing,False,,F000087,repositioning
38428.7163255983,38494.7163255983,EVTOL_001,disembarking,True,LYBE,F000086,passenger
38470.06616451864,38530.06616451864,EVTOL_002,boarding,False,LYBV,F000089,passenger
38494.7163255983,39037.10700387957,EVTOL_001,idle,True,LYBE,,
38517.27118187957,38712.27118187957,EVTOL_004,boarding,True,BW,F000090,passenger
38530.06616451864,38740.06616451864,EVTOL_002,boarding,True,LYBV,F000089,passenger
38712.27118187957,38772.27118187957,EVTOL_004,departure_finalization,False,BW,F000090,passenger
38733.135602336704,38793.135602336704,EVTOL_003,landing,False,,F000088,passenger
38740.06616451864,38800.06616451864,EVTOL_002,departure_finalization,False,LYBV,F000089,passenger
38772.27118187957,38812.27118187957,EVTOL_004,takeoff,False,,F000090,passenger
38793.135602336704,38853.135602336704,EVTOL_003,disembarking,False,LYBE,F000088,passenger
38800.06616451864,38840.06616451864,EVTOL_002,takeoff,False,,F000089,passenger
38812.27118187957,39037.10700387957,EVTOL_004,cruise,False,,F000090,passenger
38840.06616451864,39176.51435251864,EVTOL_002,cruise,False,,F000089,passenger
38853.135602336704,38919.135602336704,EVTOL_003,disembarking,True,LYBE,F000088,passenger
38919.135602336704,39216.59859156666,EVTOL_003,idle,True,LYBE,,
39037.10700387957,39097.10700387957,EVTOL_001,departure_finalization,False,LYBE,F000091,repositioning
39037.10700387957,39097.10700387957,EVTOL_004,landing,False,,F000090,passenger
39097.10700387957,39137.10700387957,EVTOL_001,takeoff,False,,F000091,repositioning
39097.10700387957,39157.10700387957,EVTOL_004,disembarking,False,LYBE,F000090,passenger
39137.10700387957,39473.555191879575,EVTOL_001,cruise,False,,F000091,repositioning
39157.10700387957,39223.10700387957,EVTOL_004,disembarking,True,LYBE,F000090,passenger
39176.51435251864,39236.51435251864,EVTOL_002,landing,False,,F000089,passenger
39216.59859156666,39276.59859156666,EVTOL_003,departure_finalization,False,LYBE,F000092,repositioning
39223.10700387957,40208.35180913415,EVTOL_004,idle,True,LYBE,,
39236.51435251864,39296.51435251864,EVTOL_002,disembarking,False,LYBE,F000089,passenger
39276.59859156666,39316.59859156666,EVTOL_003,takeoff,False,,F000092,repositioning
39296.51435251864,39428.51435251864,EVTOL_002,disembarking,True,LYBE,F000089,passenger
39316.59859156666,39417.36098956666,EVTOL_003,cruise,False,,F000092,repositioning
39417.36098956666,39477.36098956666,EVTOL_003,landing,False,,F000092,repositioning
39428.51435251864,39860.3869302283,EVTOL_002,idle,True,LYBE,,
39473.555191879575,39533.555191879575,EVTOL_001,landing,False,,F000091,repositioning
39477.36098956666,39537.36098956666,EVTOL_003,idle,False,EXPO,,
39533.555191879575,39593.555191879575,EVTOL_001,idle,False,LYBV,,
39537.36098956666,40116.59859156666,EVTOL_003,idle,True,EXPO,,
39593.555191879575,39869.37502864837,EVTOL_001,idle,True,LYBV,,
39860.3869302283,40280.3869302283,EVTOL_002,boarding,True,LYBE,F000093,passenger
39869.37502864837,40139.37502864837,EVTOL_001,boarding,True,LYBV,F000094,passenger
40116.59859156666,40386.59859156666,EVTOL_003,boarding,True,EXPO,F000095,passenger
40139.37502864837,40199.37502864837,EVTOL_001,departure_finalization,False,LYBV,F000094,passenger
40199.37502864837,40239.37502864837,EVTOL_001,takeoff,False,,F000094,passenger
40208.35180913415,40478.35180913415,EVTOL_004,boarding,True,LYBE,F000096,passenger
40239.37502864837,40575.82321664837,EVTOL_001,cruise,False,,F000094,passenger
40280.3869302283,40340.3869302283,EVTOL_002,departure_finalization,False,LYBE,F000093,passenger
40340.3869302283,40380.3869302283,EVTOL_002,takeoff,False,,F000093,passenger
40380.3869302283,40605.2227522283,EVTOL_002,cruise,False,,F000093,passenger
40386.59859156666,40435.06081864837,EVTOL_003,waiting_for_departure,True,EXPO,F000095,passenger
40435.06081864837,40495.06081864837,EVTOL_003,departure_finalization,False,EXPO,F000095,passenger
40478.35180913415,40635.82321664837,EVTOL_004,waiting_for_departure,True,LYBE,F000096,passenger
40495.06081864837,40535.06081864837,EVTOL_003,takeoff,False,,F000095,passenger
40535.06081864837,40635.82321664837,EVTOL_003,cruise,False,,F000095,passenger
40575.82321664837,40635.82321664837,EVTOL_001,landing,False,,F000094,passenger
40605.2227522283,40665.2227522283,EVTOL_002,landing,False,,F000093,passenger
40635.82321664837,40695.82321664837,EVTOL_001,disembarking,False,LYBE,F000094,passenger
40635.82321664837,40695.82321664837,EVTOL_003,landing,False,,F000095,passenger
40635.82321664837,40695.82321664837,EVTOL_004,departure_finalization,False,LYBE,F000096,passenger
40665.2227522283,40725.2227522283,EVTOL_002,disembarking,False,BW,F000093,passenger
40695.82321664837,40827.82321664837,EVTOL_001,disembarking,True,LYBE,F000094,passenger
40695.82321664837,40755.82321664837,EVTOL_003,disembarking,False,LYBE,F000095,passenger
40695.82321664837,40735.82321664837,EVTOL_004,takeoff,False,,F000096,passenger
40725.2227522283,40989.2227522283,EVTOL_002,disembarking,True,BW,F000093,passenger
40735.82321664837,41053.62552864837,EVTOL_004,cruise,False,,F000096,passenger
40755.82321664837,40887.82321664837,EVTOL_003,disembarking,True,LYBE,F000095,passenger
40827.82321664837,41172.82321664837,EVTOL_001,boarding,True,LYBE,F000097,passenger
40887.82321664837,41136.99661748845,EVTOL_003,idle,True,LYBE,,
40989.2227522283,41049.2227522283,EVTOL_002,departure_finalization,False,BW,F000098,repositioning
41049.2227522283,41089.2227522283,EVTOL_002,takeoff,False,,F000098,repositioning
41053.62552864837,41113.62552864837,EVTOL_004,landing,False,,F000096,passenger
41089.2227522283,41314.0585742283,EVTOL_002,cruise,False,,F000098,repositioning
41113.62552864837,41173.62552864837,EVTOL_004,disembarking,False,JUG,F000096,passenger
41136.99661748845,41331.99661748845,EVTOL_003,boarding,True,LYBE,F000099,passenger
41172.82321664837,41232.82321664837,EVTOL_001,departure_finalization,False,LYBE,F000097,passenger
41173.62552864837,41305.62552864837,EVTOL_004,disembarking,True,JUG,F000096,passenger
41232.82321664837,41272.82321664837,EVTOL_001,takeoff,False,,F000097,passenger
41272.82321664837,41373.58561464837,EVTOL_001,cruise,False,,F000097,passenger
41305.62552864837,41365.62552864837,EVTOL_004,departure_finalization,False,JUG,F000100,repositioning
41314.0585742283,41374.0585742283,EVTOL_002,landing,False,,F000098,repositioning
41331.99661748845,41391.99661748845,EVTOL_003,departure_finalization,False,LYBE,F000099,passenger
41365.62552864837,41405.62552864837,EVTOL_004,takeoff,False,,F000100,repositioning
41373.58561464837,41433.58561464837,EVTOL_001,landing,False,,F000097,passenger
41374.0585742283,41434.0585742283,EVTOL_002,boarding,False,LYBE,F000101,passenger
41391.99661748845,41431.99661748845,EVTOL_003,takeoff,False,,F000099,passenger
41405.62552864837,41723.42784064837,EVTOL_004,cruise,False,,F000100,repositioning
41431.99661748845,41656.83243948845,EVTOL_003,cruise,False,,F000099,passenger
41433.58561464837,41493.58561464837,EVTOL_001,disembarking,False,EXPO,F000097,passenger
41434.0585742283,41644.0585742283,EVTOL_002,boarding,True,LYBE,F000101,passenger
41493.58561464837,41691.58561464837,EVTOL_001,disembarking,True,EXPO,F000097,passenger
41644.0585742283,41723.42784064837,EVTOL_002,waiting_for_departure,True,LYBE,F000101,passenger
41656.83243948845,41716.83243948845,EVTOL_003,landing,False,,F000099,passenger
41691.58561464837,41751.58561464837,EVTOL_001,departure_finalization,False,EXPO,F000102,repositioning
41716.83243948845,41776.83243948845,EVTOL_003,disembarking,False,BW,F000099,passenger
41723.42784064837,41783.42784064837,EVTOL_002,departure_finalization,False,LYBE,F000101,passenger
41723.42784064837,41783.42784064837,EVTOL_004,landing,False,,F000100,repositioning
41751.58561464837,41791.58561464837,EVTOL_001,takeoff,False,,F000102,repositioning
41776.83243948845,41842.83243948845,EVTOL_003,disembarking,True,BW,F000099,passenger
41783.42784064837,41823.42784064837,EVTOL_002,takeoff,False,,F000101,passenger
41783.42784064837,41843.42784064837,EVTOL_004,boarding,False,LYBE,F000103,passenger
41791.58561464837,41892.34801264837,EVTOL_001,cruise,False,,F000102,repositioning
41823.42784064837,42159.876028648374,EVTOL_002,cruise,False,,F000101,passenger
41842.83243948845,42442.83243948845,EVTOL_003,cleaning,True,BW,F000099,passenger
41843.42784064837,42053.42784064837,EVTOL_004,boarding,True,LYBE,F000103,passenger
41892.34801264837,41952.34801264837,EVTOL_001,landing,False,,F000102,repositioning
41952.34801264837,41990.3865796443,EVTOL_001,idle,False,LYBE,,
41990.3865796443,42012.34801264837,EVTOL_001,boarding,False,LYBE,F000104,passenger
42012.34801264837,42185.3865796443,EVTOL_001,boarding,True,LYBE,F000104,passenger
42053.42784064837,42065.766985603965,EVTOL_004,waiting_for_departure,True,LYBE,F000103,passenger
42065.766985603965,42125.766985603965,EVTOL_004,departure_finalization,False,LYBE,F000103,passenger
42125.766985603965,42165.766985603965,EVTOL_004,takeoff,False,,F000103,passenger
42159.876028648374,42219.876028648374,EVTOL_002,landing,False,,F000101,passenger
42165.766985603965,42483.569297603965,EVTOL_004,cruise,False,,F000103,passenger
42185.3865796443,42230.46852986355,EVTOL_001,waiting_for_departure,True,LYBE,F000104,passenger
42219.876028648374,42279.876028648374,EVTOL_002,disembarking,False,LYBV,F000101,passenger
42230.46852986355,42290.46852986355,EVTOL_001,departure_finalization,False,LYBE,F000104,passenger
42279.876028648374,42411.876028648374,EVTOL_002,disembarking,True,LYBV,F000101,passenger
42290.46852986355,42330.46852986355,EVTOL_001,takeoff,False,,F000104,passenger
42330.46852986355,42658.268743863555,EVTOL_001,cruise,False,,F000104,passenger
42411.876028648374,42700.25474071169,EVTOL_002,idle,True,LYBV,,
42442.83243948845,42502.83243948845,EVTOL_003,departure_finalization,False,BW,F000105,repositioning
42483.569297603965,42543.569297603965,EVTOL_004,landing,False,,F000103,passenger
42502.83243948845,42542.83243948845,EVTOL_003,takeoff,False,,F000105,repositioning
42542.83243948845,42767.66826148845,EVTOL_003,cruise,False,,F000105,repositioning
42543.569297603965,42603.569297603965,EVTOL_004,disembarking,False,JUG,F000103,passenger
42603.569297603965,42735.569297603965,EVTOL_004,disembarking,True,JUG,F000103,passenger
42658.268743863555,42718.268743863555,EVTOL_001,landing,False,,F000104,passenger
42700.25474071169,42760.25474071169,EVTOL_002,departure_finalization,False,LYBV,F000106,repositioning
42718.268743863555,42778.268743863555,EVTOL_001,disembarking,False,DOR,F000104,passenger
42735.569297603965,43335.569297603965,EVTOL_004,cleaning,True,JUG,F000103,passenger
42760.25474071169,42800.25474071169,EVTOL_002,takeoff,False,,F000106,repositioning
42767.66826148845,42827.66826148845,EVTOL_003,landing,False,,F000105,repositioning
42778.268743863555,42844.268743863555,EVTOL_001,disembarking,True,DOR,F000104,passenger
42800.25474071169,43136.70292871169,EVTOL_002,cruise,False,,F000106,repositioning
42827.66826148845,42887.66826148845,EVTOL_003,boarding,False,LYBE,F000107,passenger
42844.268743863555,43334.663958641315,EVTOL_001,idle,True,DOR,,
42887.66826148845,43022.66826148845,EVTOL_003,boarding,True,LYBE,F000107,passenger
43022.66826148845,43082.66826148845,EVTOL_003,departure_finalization,False,LYBE,F000107,passenger
43082.66826148845,43122.66826148845,EVTOL_003,takeoff,False,,F000107,passenger
43122.66826148845,43459.11644948845,EVTOL_003,cruise,False,,F000107,passenger
43136.70292871169,43196.70292871169,EVTOL_002,landing,False,,F000106,repositioning
43196.70292871169,43256.70292871169,EVTOL_002,boarding,False,LYBE,F000108,passenger
43256.70292871169,43616.70292871169,EVTOL_002,boarding,True,LYBE,F000108,passenger
43334.663958641315,43394.663958641315,EVTOL_001,departure_finalization,False,DOR,F000109,repositioning
43335.569297603965,43404.66186064132,EVTOL_004,idle,True,JUG,,
43394.663958641315,43434.663958641315,EVTOL_001,takeoff,False,,F000109,repositioning
43404.66186064132,43464.66186064132,EVTOL_004,departure_finalization,False,JUG,F000110,repositioning
43434.663958641315,43762.46417264132,EVTOL_001,cruise,False,,F000109,repositioning
43459.11644948845,43519.11644948845,EVTOL_003,landing,False,,F000107,passenger
43464.66186064132,43504.66186064132,EVTOL_004,takeoff,False,,F000110,repositioning
43504.66186064132,43822.46417264132,EVTOL_004,cruise,False,,F000110,repositioning
43519.11644948845,43579.11644948845,EVTOL_003,disembarking,False,LYBV,F000107,passenger
43579.11644948845,43645.11644948845,EVTOL_003,disembarking,True,LYBV,F000107,passenger
43616.70292871169,43662.46417264132,EVTOL_002,waiting_for_departure,True,LYBE,F000108,passenger
43645.11644948845,43966.015984641315,EVTOL_003,idle,True,LYBV,,
43662.46417264132,43722.46417264132,EVTOL_002,departure_finalization,False,LYBE,F000108,passenger
43722.46417264132,43762.46417264132,EVTOL_002,takeoff,False,,F000108,passenger
43762.46417264132,43822.46417264132,EVTOL_001,landing,False,,F000109,repositioning
43762.46417264132,43987.29999464132,EVTOL_002,cruise,False,,F000108,passenger
43822.46417264132,43882.46417264132,EVTOL_001,cleaning,False,LYBE,F000109,repositioning
43822.46417264132,43882.46417264132,EVTOL_004,landing,False,,F000110,repositioning
43882.46417264132,44422.46417264132,EVTOL_001,cleaning,True,LYBE,F000109,repositioning
43882.46417264132,43942.46417264132,EVTOL_004,boarding,False,LYBE,F000111,passenger
43942.46417264132,44302.46417264132,EVTOL_004,boarding,True,LYBE,F000111,passenger
43966.015984641315,44026.015984641315,EVTOL_003,departure_finalization,False,LYBV,F000112,repositioning
43987.29999464132,44047.29999464132,EVTOL_002,landing,False,,F000108,passenger
44026.015984641315,44066.015984641315,EVTOL_003,takeoff,False,,F000112,repositioning
44047.29999464132,44107.29999464132,EVTOL_002,disembarking,False,BW,F000108,passenger
44066.015984641315,44402.46417264132,EVTOL_003,cruise,False,,F000112,repositioning
44107.29999464132,44371.29999464132,EVTOL_002,disembarking,True,BW,F000108,passenger
44302.46417264132,44362.46417264132,EVTOL_004,departure_finalization,False,LYBE,F000111,passenger
44362.46417264132,44402.46417264132,EVTOL_004,takeoff,False,,F000111,passenger
44371.29999464132,44521.948889937616,EVTOL_002,idle,True,BW,,
44402.46417264132,44462.46417264132,EVTOL_003,landing,False,,F000112,repositioning
44402.46417264132,44730.26438664132,EVTOL_004,cruise,False,,F000111,passenger
44422.46417264132,44617.46417264132,EVTOL_001,boarding,True,LYBE,F000113,passenger
44462.46417264132,44522.46417264132,EVTOL_003,boarding,False,LYBE,F000114,passenger
44521.948889937616,44581.948889937616,EVTOL_002,departure_finalization,False,BW,F000115,repositioning
44522.46417264132,44732.46417264132,EVTOL_003,boarding,True,LYBE,F000114,passenger
44581.948889937616,44621.948889937616,EVTOL_002,takeoff,False,,F000115,repositioning
44617.46417264132,44677.46417264132,EVTOL_001,departure_finalization,False,LYBE,F000113,passenger
44621.948889937616,44846.78471193762,EVTOL_002,cruise,False,,F000115,repositioning
44677.46417264132,44717.46417264132,EVTOL_001,takeoff,False,,F000113,passenger
44717.46417264132,44818.226570641316,EVTOL_001,cruise,False,,F000113,passenger
44730.26438664132,44790.26438664132,EVTOL_004,landing,False,,F000111,passenger
44732.46417264132,44902.305344496475,EVTOL_003,waiting_for_departure,True,LYBE,F000114,passenger
44790.26438664132,44850.26438664132,EVTOL_004,disembarking,False,DOR,F000111,passenger
44818.226570641316,44878.226570641316,EVTOL_001,landing,False,,F000113,passenger
44846.78471193762,44906.78471193762,EVTOL_002,landing,False,,F000115,repositioning
44850.26438664132,45114.26438664132,EVTOL_004,disembarking,True,DOR,F000111,passenger
44878.226570641316,44938.226570641316,EVTOL_001,disembarking,False,EXPO,F000113,passenger
44902.305344496475,44962.305344496475,EVTOL_003,departure_finalization,False,LYBE,F000114,passenger
44906.78471193762,44936.613246605826,EVTOL_002,idle,False,LYBE,,
44936.613246605826,44966.78471193762,EVTOL_002,boarding,False,LYBE,F000116,passenger
44938.226570641316,45004.226570641316,EVTOL_001,disembarking,True,EXPO,F000113,passenger
44962.305344496475,45002.305344496475,EVTOL_003,takeoff,False,,F000114,passenger
44966.78471193762,45131.613246605826,EVTOL_002,boarding,True,LYBE,F000116,passenger
45002.305344496475,45227.141166496476,EVTOL_003,cruise,False,,F000114,passenger
45004.226570641316,45064.226570641316,EVTOL_001,departure_finalization,False,EXPO,F000117,repositioning
45064.226570641316,45104.226570641316,EVTOL_001,takeoff,False,,F000117,repositioning
45104.226570641316,45204.988968641315,EVTOL_001,cruise,False,,F000117,repositioning
45114.26438664132,45174.26438664132,EVTOL_004,departure_finalization,False,DOR,F000118,repositioning
45131.613246605826,45471.62278763391,EVTOL_002,waiting_for_departure,True,LYBE,F000116,passenger
45174.26438664132,45214.26438664132,EVTOL_004,takeoff,False,,F000118,repositioning
45204.988968641315,45264.988968641315,EVTOL_001,landing,False,,F000117,repositioning
45214.26438664132,45299.22877864132,EVTOL_004,cruise,False,,F000118,repositioning
45227.141166496476,45287.141166496476,EVTOL_003,landing,False,,F000114,passenger
45264.988968641315,45324.988968641315,EVTOL_001,idle,False,LYBE,,
45287.141166496476,45347.141166496476,EVTOL_003,disembarking,False,BW,F000114,passenger
45299.22877864132,45359.22877864132,EVTOL_004,landing,False,,F000118,repositioning
45324.988968641315,45505.380266477965,EVTOL_001,idle,True,LYBE,,
45347.141166496476,45479.141166496476,EVTOL_003,disembarking,True,BW,F000114,passenger
45359.22877864132,45419.22877864132,EVTOL_004,boarding,False,BW,F000119,passenger
45419.22877864132,45629.22877864132,EVTOL_004,boarding,True,BW,F000119,passenger
45471.62278763391,45531.62278763391,EVTOL_002,departure_finalization,False,LYBE,F000116,passenger
45479.141166496476,45816.66581540181,EVTOL_003,idle,True,BW,,
45505.380266477965,45700.380266477965,EVTOL_001,boarding,True,LYBE,F000120,passenger
45531.62278763391,45571.62278763391,EVTOL_002,takeoff,False,,F000116,passenger
45571.62278763391,45899.42300163391,EVTOL_002,cruise,False,,F000116,passenger
45629.22877864132,45756.66581540181,EVTOL_004,waiting_for_departure,True,BW,F000119,passenger
45700.380266477965,45760.380266477965,EVTOL_001,departure_finalization,False,LYBE,F000120,passenger
45756.66581540181,45816.66581540181,EVTOL_004,departure_finalization,False,BW,F000119,passenger
45760.380266477965,45800.380266477965,EVTOL_001,takeoff,False,,F000120,passenger
45800.380266477965,46118.182578477965,EVTOL_001,cruise,False,,F000120,passenger
45816.66581540181,45876.66581540181,EVTOL_003,departure_finalization,False,BW,F000121,repositioning
45816.66581540181,45856.66581540181,EVTOL_004,takeoff,False,,F000119,passenger
45856.66581540181,46081.50163740181,EVTOL_004,cruise,False,,F000119,passenger
45876.66581540181,45916.66581540181,EVTOL_003,takeoff,False,,F000121,repositioning
45899.42300163391,45959.42300163391,EVTOL_002,landing,False,,F000116,passenger
45916.66581540181,46141.50163740181,EVTOL_003,cruise,False,,F000121,repositioning
45959.42300163391,46019.42300163391,EVTOL_002,disembarking,False,DOR,F000116,passenger
46019.42300163391,46085.42300163391,EVTOL_002,disembarking,True,DOR,F000116,passenger
46081.50163740181,46141.50163740181,EVTOL_004,landing,False,,F000119,passenger
46085.42300163391,46273.147455663544,EVTOL_002,idle,True,DOR,,
46118.182578477965,46178.182578477965,EVTOL_001,landing,False,,F000120,passenger
46141.50163740181,46201.50163740181,EVTOL_003,landing,False,,F000121,repositioning
46141.50163740181,46201.50163740181,EVTOL_004,disembarking,False,LYBE,F000119,passenger
46178.182578477965,46238.182578477965,EVTOL_001,disembarking,False,JUG,F000120,passenger
46201.50163740181,46234.32674786566,EVTOL_003,idle,False,LYBE,,
46201.50163740181,46333.50163740181,EVTOL_004,disembarking,True,LYBE,F000119,passenger
46234.32674786566,46261.50163740181,EVTOL_003,boarding,False,LYBE,F000122,passenger
46238.182578477965,46304.182578477965,EVTOL_001,disembarking,True,JUG,F000120,passenger
46261.50163740181,46429.32674786566,EVTOL_003,boarding,True,LYBE,F000122,passenger
46273.147455663544,46333.147455663544,EVTOL_002,departure_finalization,False,DOR,F000123,repositioning
46304.182578477965,46456.40141307963,EVTOL_001,idle,True,JUG,,
46333.147455663544,46373.147455663544,EVTOL_002,takeoff,False,,F000123,repositioning
46333.50163740181,46713.95225671329,EVTOL_004,idle,True,LYBE,,
46373.147455663544,46423.624441663545,EVTOL_002,cruise,False,,F000123,repositioning
46423.624441663545,46483.624441663545,EVTOL_002,landing,False,,F000123,repositioning
46429.32674786566,46621.27477908907,EVTOL_003,waiting_for_departure,True,LYBE,F000122,passenger
46456.40141307963,46516.40141307963,EVTOL_001,departure_finalization,False,JUG,F000124,repositioning
46483.624441663545,46543.624441663545,EVTOL_002,cleaning,False,JUG,F000123,repositioning
46516.40141307963,46556.40141307963,EVTOL_001,takeoff,False,,F000124,repositioning
46543.624441663545,47083.624441663545,EVTOL_002,cleaning,True,JUG,F000123,repositioning
46556.40141307963,46631.36790307963,EVTOL_001,cruise,False,,F000124,repositioning
46621.27477908907,46681.27477908907,EVTOL_003,departure_finalization,False,LYBE,F000122,passenger
46631.36790307963,46691.36790307963,EVTOL_001,landing,False,,F000124,repositioning
46681.27477908907,46721.27477908907,EVTOL_003,takeoff,False,,F000122,passenger
46691.36790307963,46751.36790307963,EVTOL_001,idle,False,BW,,
46713.95225671329,46773.95225671329,EVTOL_004,departure_finalization,False,LYBE,F000125,repositioning
46721.27477908907,46946.11060108907,EVTOL_003,cruise,False,,F000122,passenger
46751.36790307963,47054.27015562746,EVTOL_001,idle,True,BW,,
46773.95225671329,46813.95225671329,EVTOL_004,takeoff,False,,F000125,repositioning
46813.95225671329,47150.40044471329,EVTOL_004,cruise,False,,F000125,repositioning
46946.11060108907,47006.11060108907,EVTOL_003,landing,False,,F000122,passenger
47006.11060108907,47066.11060108907,EVTOL_003,disembarking,False,BW,F000122,passenger
47054.27015562746,47249.27015562746,EVTOL_001,boarding,True,BW,F000126,passenger
47066.11060108907,47132.11060108907,EVTOL_003,disembarking,True,BW,F000122,passenger
47083.624441663545,47278.624441663545,EVTOL_002,boarding,True,JUG,F000127,passenger
47132.11060108907,47480.75949638536,EVTOL_003,idle,True,BW,,
47150.40044471329,47210.40044471329,EVTOL_004,landing,False,,F000125,repositioning
47210.40044471329,47270.40044471329,EVTOL_004,boarding,False,LYBV,F000128,passenger
47249.27015562746,47309.27015562746,EVTOL_001,departure_finalization,False,BW,F000126,passenger
47270.40044471329,47480.40044471329,EVTOL_004,boarding,True,LYBV,F000128,passenger
47278.624441663545,47338.624441663545,EVTOL_002,departure_finalization,False,JUG,F000127,passenger
47309.27015562746,47349.27015562746,EVTOL_001,takeoff,False,,F000126,passenger
47338.624441663545,47378.624441663545,EVTOL_002,takeoff,False,,F000127,passenger
47349.27015562746,47574.10597762746,EVTOL_001,cruise,False,,F000126,passenger
47378.624441663545,47696.426753663545,EVTOL_002,cruise,False,,F000127,passenger
47480.40044471329,47773.96341265811,EVTOL_004,waiting_for_departure,True,LYBV,F000128,passenger
47480.75949638536,47540.75949638536,EVTOL_003,departure_finalization,False,BW,F000129,repositioning
47540.75949638536,47580.75949638536,EVTOL_003,takeoff,False,,F000129,repositioning
47574.10597762746,47634.10597762746,EVTOL_001,landing,False,,F000126,passenger
47580.75949638536,47805.59531838536,EVTOL_003,cruise,False,,F000129,repositioning
47634.10597762746,47694.10597762746,EVTOL_001,disembarking,False,LYBE,F000126,passenger
47694.10597762746,47760.10597762746,EVTOL_001,disembarking,True,LYBE,F000126,passenger
47696.426753663545,47756.426753663545,EVTOL_002,landing,False,,F000127,passenger
47756.426753663545,47816.426753663545,EVTOL_002,disembarking,False,LYBE,F000127,passenger
47760.10597762746,48030.10597762746,EVTOL_001,boarding,True,LYBE,F000130,passenger
47773.96341265811,47833.96341265811,EVTOL_004,departure_finalization,False,LYBV,F000128,passenger
47805.59531838536,47865.59531838536,EVTOL_003,landing,False,,F000129,repositioning
47816.426753663545,47882.426753663545,EVTOL_002,disembarking,True,LYBE,F000127,passenger
47833.96341265811,47873.96341265811,EVTOL_004,takeoff,False,,F000128,passenger
47865.59531838536,47925.59531838536,EVTOL_003,boarding,False,LYBE,F000131,passenger
47873.96341265811,48210.41160065811,EVTOL_004,cruise,False,,F000128,passenger
47882.426753663545,48152.426753663545,EVTOL_002,boarding,True,LYBE,F000132,passenger
47925.59531838536,48060.59531838536,EVTOL_003,boarding,True,LYBE,F000131,passenger
48030.10597762746,48037.43555507222,EVTOL_001,waiting_for_departure,True,LYBE,F000130,passenger
48037.43555507222,48097.43555507222,EVTOL_001,departure_finalization,False,LYBE,F000130,passenger
48060.59531838536,48430.433394081665,EVTOL_003,waiting_for_departure,True,LYBE,F000131,passenger
48097.43555507222,48137.43555507222,EVTOL_001,takeoff,False,,F000130,passenger
48137.43555507222,48362.27137707222,EVTOL_001,cruise,False,,F000130,passenger
48152.426753663545,48210.41160065811,EVTOL_002,waiting_for_departure,True,LYBE,F000132,passenger
48210.41160065811,48270.41160065811,EVTOL_002,departure_finalization,False,LYBE,F000132,passenger
48210.41160065811,48270.41160065811,EVTOL_004,landing,False,,F000128,passenger
48270.41160065811,48310.41160065811,EVTOL_002,takeoff,False,,F000132,passenger
48270.41160065811,48330.41160065811,EVTOL_004,disembarking,False,LYBE,F000128,passenger
48310.41160065811,48628.21391265811,EVTOL_002,cruise,False,,F000132,passenger
48330.41160065811,48462.41160065811,EVTOL_004,disembarking,True,LYBE,F000128,passenger
48362.27137707222,48422.27137707222,EVTOL_001,landing,False,,F000130,passenger
48422.27137707222,48482.27137707222,EVTOL_001,disembarking,False,BW,F000130,passenger
48430.433394081665,48490.433394081665,EVTOL_003,departure_finalization,False,LYBE,F000131,passenger
48462.41160065811,48657.41160065811,EVTOL_004,boarding,True,LYBE,F000133,passenger
48482.27137707222,48614.27137707222,EVTOL_001,disembarking,True,BW,F000130,passenger
48490.433394081665,48530.433394081665,EVTOL_003,takeoff,False,,F000131,passenger
48530.433394081665,48858.23360808167,EVTOL_003,cruise,False,,F000131,passenger
48614.27137707222,48896.920272368516,EVTOL_001,idle,True,BW,,
48628.21391265811,48688.21391265811,EVTOL_002,landing,False,,F000132,passenger
48657.41160065811,48833.97456860292,EVTOL_004,waiting_for_departure,True,LYBE,F000133,passenger
48688.21391265811,48748.21391265811,EVTOL_002,disembarking,False,JUG,F000132,passenger
48748.21391265811,48880.21391265811,EVTOL_002,disembarking,True,JUG,F000132,passenger
48833.97456860292,48893.97456860292,EVTOL_004,departure_finalization,False,LYBE,F000133,passenger
48858.23360808167,48918.23360808167,EVTOL_003,landing,False,,F000131,passenger
48880.21391265811,49142.474264470955,EVTOL_002,idle,True,JUG,,
48893.97456860292,48933.97456860292,EVTOL_004,takeoff,False,,F000133,passenger
48896.920272368516,48956.920272368516,EVTOL_001,departure_finalization,False,BW,F000134,repositioning
48918.23360808167,48978.23360808167,EVTOL_003,disembarking,False,DOR,F000131,passenger
48933.97456860292,49270.42275660292,EVTOL_004,cruise,False,,F000133,passenger
48956.920272368516,48996.920272368516,EVTOL_001,takeoff,False,,F000134,repositioning
48978.23360808167,49044.23360808167,EVTOL_003,disembarking,True,DOR,F000131,passenger
48996.920272368516,49221.75609436852,EVTOL_001,cruise,False,,F000134,repositioning
49044.23360808167,49510.03653449815,EVTOL_003,idle,True,DOR,,
49142.474264470955,49202.474264470955,EVTOL_002,departure_finalization,False,JUG,F000135,repositioning
49202.474264470955,49242.474264470955,EVTOL_002,takeoff,False,,F000135,repositioning
49221.75609436852,49281.75609436852,EVTOL_001,landing,False,,F000134,repositioning
49242.474264470955,49560.276576470955,EVTOL_002,cruise,False,,F000135,repositioning
49270.42275660292,49330.42275660292,EVTOL_004,landing,False,,F000133,passenger
49281.75609436852,49341.75609436852,EVTOL_001,boarding,False,LYBE,F000136,passenger
49330.42275660292,49390.42275660292,EVTOL_004,disembarking,False,LYBV,F000133,passenger
49341.75609436852,49476.75609436852,EVTOL_001,boarding,True,LYBE,F000136,passenger
49390.42275660292,49456.42275660292,EVTOL_004,disembarking,True,LYBV,F000133,passenger
49456.42275660292,49893.98572454773,EVTOL_004,idle,True,LYBV,,
49476.75609436852,49837.83674849815,EVTOL_001,waiting_for_departure,True,LYBE,F000136,passenger
49510.03653449815,49570.03653449815,EVTOL_003,departure_finalization,False,DOR,F000137,repositioning
49560.276576470955,49620.276576470955,EVTOL_002,landing,False,,F000135,repositioning
49570.03653449815,49610.03653449815,EVTOL_003,takeoff,False,,F000137,repositioning
49610.03653449815,49893.98572454773,EVTOL_003,cruise,False,,F000137,repositioning
49620.276576470955,49680.276576470955,EVTOL_002,boarding,False,LYBE,F000138,passenger
49680.276576470955,49815.276576470955,EVTOL_002,boarding,True,LYBE,F000138,passenger
49815.276576470955,49893.98572454773,EVTOL_002,waiting_for_departure,True,LYBE,F000138,passenger
49837.83674849815,49893.98572454773,EVTOL_001,departure_finalization,False,LYBE,F000136,passenger
49893.98572454774,49897.83674849815,EVTOL_001,departure_finalization,False,LYBE,F000136,passenger
49893.98572454774,50087.522584600585,EVTOL_002,waiting_for_departure,True,LYBE,F000138,passenger
49893.98572454774,49937.83674849815,EVTOL_003,cruise,False,,F000137,repositioning
49893.98572454774,49953.98572454774,EVTOL_004,departure_finalization,False,LYBV,F000139,repositioning
49897.83674849815,49937.83674849815,EVTOL_001,takeoff,False,,F000136,passenger
49937.83674849815,50255.63906049815,EVTOL_001,cruise,False,,F000136,passenger
49937.83674849815,49997.83674849815,EVTOL_003,landing,False,,F000137,repositioning
49953.98572454774,49993.98572454774,EVTOL_004,takeoff,False,,F000139,repositioning
49993.98572454774,50330.43391254774,EVTOL_004,cruise,False,,F000139,repositioning
49997.83674849815,50057.83674849815,EVTOL_003,boarding,False,LYBE,F000140,passenger
50057.83674849815,50192.83674849815,EVTOL_003,boarding,True,LYBE,F000140,passenger
50087.522584600585,50147.522584600585,EVTOL_002,departure_finalization,False,LYBE,F000138,passenger
50147.522584600585,50187.522584600585,EVTOL_002,takeoff,False,,F000138,passenger
50187.522584600585,50412.358406600586,EVTOL_002,cruise,False,,F000138,passenger
50192.83674849815,50520.16631120187,EVTOL_003,waiting_for_departure,True,LYBE,F000140,passenger
50255.63906049815,50315.63906049815,EVTOL_001,landing,False,,F000136,passenger
50315.63906049815,50375.63906049815,EVTOL_001,disembarking,False,JUG,F000136,passenger
50330.43391254774,50390.43391254774,EVTOL_004,landing,False,,F000139,repositioning
50375.63906049815,50441.63906049815,EVTOL_001,disembarking,True,JUG,F000136,passenger
50390.43391254774,50450.43391254774,EVTOL_004,boarding,False,LYBE,F000141,passenger
50412.358406600586,50472.358406600586,EVTOL_002,landing,False,,F000138,passenger
50441.63906049815,50651.61063522778,EVTOL_001,idle,True,JUG,,
50450.43391254774,50585.43391254774,EVTOL_004,boarding,True,LYBE,F000141,passenger
50472.358406600586,50532.358406600586,EVTOL_002,disembarking,False,BW,F000138,passenger
50520.16631120187,50580.16631120187,EVTOL_003,departure_finalization,False,LYBE,F000140,passenger
50532.358406600586,50598.358406600586,EVTOL_002,disembarking,True,BW,F000138,passenger
50580.16631120187,50620.16631120187,EVTOL_003,takeoff,False,,F000140,passenger
50585.43391254774,50953.99688049255,EVTOL_004,waiting_for_departure,True,LYBE,F000141,passenger
50598.358406600586,50947.00730189688,EVTOL_002,idle,True,BW,,
50620.16631120187,50947.966525201875,EVTOL_003,cruise,False,,F000140,passenger
50651.61063522778,50711.61063522778,EVTOL_001,departure_finalization,False,JUG,F000142,repositioning
50711.61063522778,50751.61063522778,EVTOL_001,takeoff,False,,F000142,repositioning
50751.61063522778,50826.57712522778,EVTOL_001,cruise,False,,F000142,repositioning
50826.57712522778,50886.57712522778,EVTOL_001,landing,False,,F000142,repositioning
50886.57712522778,50946.57712522778,EVTOL_001,boarding,False,BW,F000143,passenger
50946.57712522778,51306.57712522778,EVTOL_001,boarding,True,BW,F000143,passenger
50947.00730189688,51007.00730189688,EVTOL_002,departure_finalization,False,BW,F000144,repositioning
50947.966525201875,51007.966525201875,EVTOL_003,landing,False,,F000140,passenger
50953.99688049255,51013.99688049255,EVTOL_004,departure_finalization,False,LYBE,F000141,passenger
51007.00730189688,51047.00730189688,EVTOL_002,takeoff,False,,F000144,repositioning
51007.966525201875,51067.966525201875,EVTOL_003,disembarking,False,DOR,F000140,passenger
51013.99688049255,51053.99688049255,EVTOL_004,takeoff,False,,F000141,passenger
51047.00730189688,51271.843123896884,EVTOL_002,cruise,False,,F000144,repositioning
51053.99688049255,51390.445068492554,EVTOL_004,cruise,False,,F000141,passenger
51067.966525201875,51133.966525201875,EVTOL_003,disembarking,True,DOR,F000140,passenger
51133.966525201875,51733.966525201875,EVTOL_003,cleaning,True,DOR,F000140,passenger
51271.843123896884,51331.843123896884,EVTOL_002,landing,False,,F000144,repositioning
51306.57712522778,51373.16005992407,EVTOL_001,waiting_for_departure,True,BW,F000143,passenger
51331.843123896884,51391.843123896884,EVTOL_002,boarding,False,LYBE,F000145,passenger
51373.16005992407,51433.16005992407,EVTOL_001,departure_finalization,False,BW,F000143,passenger
51390.445068492554,51450.445068492554,EVTOL_004,landing,False,,F000141,passenger
51391.843123896884,51526.843123896884,EVTOL_002,boarding,True,LYBE,F000145,passenger
51433.16005992407,51473.16005992407,EVTOL_001,takeoff,False,,F000143,passenger
51450.445068492554,51510.445068492554,EVTOL_004,disembarking,False,LYBV,F000141,passenger
51473.16005992407,51697.99588192407,EVTOL_001,cruise,False,,F000143,passenger
51510.445068492554,51576.445068492554,EVTOL_004,disembarking,True,LYBV,F000141,passenger
51526.843123896884,51887.92377802651,EVTOL_002,waiting_for_departure,True,LYBE,F000145,passenger
51576.445068492554,51891.45346562218,EVTOL_004,idle,True,LYBV,,
51697.99588192407,51757.99588192407,EVTOL_001,landing,False,,F000143,passenger
51733.966525201875,51793.966525201875,EVTOL_003,departure_finalization,False,DOR,F000146,repositioning
51757.99588192407,51817.99588192407,EVTOL_001,disembarking,False,LYBE,F000143,passenger
51793.966525201875,51833.966525201875,EVTOL_003,takeoff,False,,F000146,repositioning
51817.99588192407,51891.45346562218,EVTOL_001,disembarking,True,LYBE,F000143,passenger
51833.966525201875,51891.45346562218,EVTOL_003,cruise,False,,F000146,repositioning
51887.92377802651,51891.45346562218,EVTOL_002,departure_finalization,False,LYBE,F000145,passenger
51891.45346562219,52081.99588192407,EVTOL_001,disembarking,True,LYBE,F000143,passenger
51891.45346562219,51947.92377802651,EVTOL_002,departure_finalization,False,LYBE,F000145,passenger
51891.45346562219,51918.93091720188,EVTOL_003,cruise,False,,F000146,repositioning
51891.45346562219,51951.45346562219,EVTOL_004,departure_finalization,False,LYBV,F000147,repositioning
51918.93091720188,51978.93091720188,EVTOL_003,landing,False,,F000146,repositioning
51947.92377802651,51987.92377802651,EVTOL_002,takeoff,False,,F000145,passenger
51951.45346562219,51991.45346562219,EVTOL_004,takeoff,False,,F000147,repositioning
51978.93091720188,52038.93091720188,EVTOL_003,boarding,False,BW,F000148,passenger
51987.92377802651,52305.72609002651,EVTOL_002,cruise,False,,F000145,passenger
51991.45346562219,52188.03022362219,EVTOL_004,cruise,False,,F000147,repositioning
52038.93091720188,52248.93091720188,EVTOL_003,boarding,True,BW,F000148,passenger
52081.99588192407,52681.99588192407,EVTOL_001,cleaning,True,LYBE,F000143,passenger
52188.03022362219,52248.03022362219,EVTOL_004,landing,False,,F000147,repositioning
52248.03022362219,52308.03022362219,EVTOL_004,cleaning,False,DOR,F000147,repositioning
52248.93091720188,52308.93091720188,EVTOL_003,departure_finalization,False,BW,F000148,passenger
52305.72609002651,52365.72609002651,EVTOL_002,landing,False,,F000145,passenger
52308.03022362219,52848.03022362219,EVTOL_004,cleaning,True,DOR,F000147,repositioning
52308.93091720188,52348.93091720188,EVTOL_003,takeoff,False,,F000148,passenger
52348.93091720188,52573.76673920188,EVTOL_003,cruise,False,,F000148,passenger
52365.72609002651,52425.72609002651,EVTOL_002,disembarking,False,JUG,F000145,passenger
52425.72609002651,52491.72609002651,EVTOL_002,disembarking,True,JUG,F000145,passenger
52491.72609002651,52836.72609002651,EVTOL_002,boarding,True,JUG,F000149,passenger
52573.76673920188,52633.76673920188,EVTOL_003,landing,False,,F000148,passenger
52633.76673920188,52693.76673920188,EVTOL_003,disembarking,False,LYBE,F000148,passenger
52681.99588192407,52700.089715013106,EVTOL_001,idle,True,LYBE,,
52693.76673920188,52825.76673920188,EVTOL_003,disembarking,True,LYBE,F000148,passenger
52700.089715013106,52895.089715013106,EVTOL_001,boarding,True,LYBE,F000150,passenger
52825.76673920188,53061.11508827702,EVTOL_003,idle,True,LYBE,,
52836.72609002651,52914.40385698948,EVTOL_002,waiting_for_departure,True,JUG,F000149,passenger
52848.03022362219,53043.03022362219,EVTOL_004,boarding,True,DOR,F000151,passenger
52895.089715013106,52955.089715013106,EVTOL_001,departure_finalization,False,LYBE,F000150,passenger
52914.40385698948,52974.40385698948,EVTOL_002,departure_finalization,False,JUG,F000149,passenger
52955.089715013106,52995.089715013106,EVTOL_001,takeoff,False,,F000150,passenger
52974.40385698948,53014.40385698948,EVTOL_002,takeoff,False,,F000149,passenger
52995.089715013106,53322.88992901311,EVTOL_001,cruise,False,,F000150,passenger
53014.40385698948,53332.206168989476,EVTOL_002,cruise,False,,F000149,passenger
53043.03022362219,53103.03022362219,EVTOL_004,departure_finalization,False,DOR,F000151,passenger
53061.11508827702,53121.11508827702,EVTOL_003,departure_finalization,False,LYBE,F000152,repositioning
53103.03022362219,53143.03022362219,EVTOL_004,takeoff,False,,F000151,passenger
53121.11508827702,53161.11508827702,EVTOL_003,takeoff,False,,F000152,repositioning
53143.03022362219,53470.83043762219,EVTOL_004,cruise,False,,F000151,passenger
53161.11508827702,53497.563276277026,EVTOL_003,cruise,False,,F000152,repositioning
53322.88992901311,53382.88992901311,EVTOL_001,landing,False,,F000150,passenger
53332.206168989476,53392.206168989476,EVTOL_002,landing,False,,F000149,passenger
53382.88992901311,53442.88992901311,EVTOL_001,disembarking,False,DOR,F000150,passenger
53392.206168989476,53452.206168989476,EVTOL_002,disembarking,False,LYBE,F000149,passenger
53442.88992901311,53508.88992901311,EVTOL_001,disembarking,True,DOR,F000150,passenger
53452.206168989476,53650.206168989476,EVTOL_002,disembarking,True,LYBE,F000149,passenger
53470.83043762219,53530.83043762219,EVTOL_004,landing,False,,F000151,passenger
53497.563276277026,53557.563276277026,EVTOL_003,landing,False,,F000152,repositioning
53508.88992901311,53801.69801594381,EVTOL_001,idle,True,DOR,,
53530.83043762219,53590.83043762219,EVTOL_004,disembarking,False,LYBE,F000151,passenger
53557.563276277026,53617.563276277026,EVTOL_003,boarding,False,LYBV,F000153,passenger
53590.83043762219,53656.83043762219,EVTOL_004,disembarking,True,LYBE,F000151,passenger
53617.563276277026,53827.563276277026,EVTOL_003,boarding,True,LYBV,F000153,passenger
53650.206168989476,54134.32072435531,EVTOL_002,idle,True,LYBE,,
53656.83043762219,55632.53522227984,EVTOL_004,idle,True,LYBE,,
53801.69801594381,53861.69801594381,EVTOL_001,departure_finalization,False,DOR,F000154,repositioning
53827.563276277026,54121.12624422184,EVTOL_003,waiting_for_departure,True,LYBV,F000153,passenger
53861.69801594381,53901.69801594381,EVTOL_001,takeoff,False,,F000154,repositioning
53901.69801594381,53986.66240794381,EVTOL_001,cruise,False,,F000154,repositioning
53986.66240794381,54046.66240794381,EVTOL_001,landing,False,,F000154,repositioning
54046.66240794381,54106.66240794381,EVTOL_001,idle,False,BW,,
54106.66240794381,54701.69801594381,EVTOL_001,idle,True,BW,,
54121.12624422184,54181.12624422184,EVTOL_003,departure_finalization,False,LYBV,F000153,passenger
54134.32072435531,54194.32072435531,EVTOL_002,departure_finalization,False,LYBE,F000155,repositioning
54181.12624422184,54221.12624422184,EVTOL_003,takeoff,False,,F000153,passenger
54194.32072435531,54234.32072435531,EVTOL_002,takeoff,False,,F000155,repositioning
54221.12624422184,54557.574432221845,EVTOL_003,cruise,False,,F000153,passenger
54234.32072435531,54570.768912355314,EVTOL_002,cruise,False,,F000155,repositioning
54557.574432221845,54617.574432221845,EVTOL_003,landing,False,,F000153,passenger
54570.768912355314,54630.768912355314,EVTOL_002,landing,False,,F000155,repositioning
54617.574432221845,54677.574432221845,EVTOL_003,disembarking,False,LYBE,F000153,passenger
54630.768912355314,54690.768912355314,EVTOL_002,idle,False,LYBV,,
54677.574432221845,54809.574432221845,EVTOL_003,disembarking,True,LYBE,F000153,passenger
54690.768912355314,55034.32072435531,EVTOL_002,idle,True,LYBV,,
54701.69801594381,54896.69801594381,EVTOL_001,boarding,True,BW,F000156,passenger
54809.574432221845,55221.53383794381,EVTOL_003,idle,True,LYBE,,
54896.69801594381,54956.69801594381,EVTOL_001,departure_finalization,False,BW,F000156,passenger
54956.69801594381,54996.69801594381,EVTOL_001,takeoff,False,,F000156,passenger
54996.69801594381,55221.53383794381,EVTOL_001,cruise,False,,F000156,passenger
55034.32072435531,55304.32072435531,EVTOL_002,boarding,True,LYBV,F000157,passenger
55221.53383794381,55281.53383794381,EVTOL_001,landing,False,,F000156,passenger
55221.53383794381,55281.53383794381,EVTOL_003,departure_finalization,False,LYBE,F000158,repositioning
55281.53383794381,55341.53383794381,EVTOL_001,disembarking,False,LYBE,F000156,passenger
55281.53383794381,55321.53383794381,EVTOL_003,takeoff,False,,F000158,repositioning
55304.32072435531,55364.32072435531,EVTOL_002,departure_finalization,False,LYBV,F000157,passenger
55321.53383794381,55649.33405194381,EVTOL_003,cruise,False,,F000158,repositioning
55341.53383794381,55407.53383794381,EVTOL_001,disembarking,True,LYBE,F000156,passenger
55364.32072435531,55404.32072435531,EVTOL_002,takeoff,False,,F000157,passenger
55404.32072435531,55740.768912355314,EVTOL_002,cruise,False,,F000157,passenger
55407.53383794381,55467.53383794381,EVTOL_001,departure_finalization,False,LYBE,F000159,repositioning
55467.53383794381,55507.53383794381,EVTOL_001,takeoff,False,,F000159,repositioning
55507.53383794381,55732.36965994381,EVTOL_001,cruise,False,,F000159,repositioning
55632.53522227984,55692.53522227984,EVTOL_004,departure_finalization,False,LYBE,F000160,repositioning
55649.33405194381,55709.33405194381,EVTOL_003,landing,False,,F000158,repositioning
55692.53522227984,55732.53522227984,EVTOL_004,takeoff,False,,F000160,repositioning
55709.33405194381,55765.099825708356,EVTOL_003,idle,False,DOR,,
55732.36965994381,55792.36965994381,EVTOL_001,landing,False,,F000159,repositioning
55732.53522227984,56050.33753427984,EVTOL_004,cruise,False,,F000160,repositioning
55740.768912355314,55800.768912355314,EVTOL_002,landing,False,,F000157,passenger
55765.099825708356,55769.33405194381,EVTOL_003,boarding,False,DOR,F000161,passenger
55769.33405194381,56035.099825708356,EVTOL_003,boarding,True,DOR,F000161,passenger
55792.36965994381,55852.36965994381,EVTOL_001,idle,False,BW,,
55800.768912355314,55860.768912355314,EVTOL_002,disembarking,False,LYBE,F000157,passenger
55852.36965994381,56195.17206431417,EVTOL_001,idle,True,BW,,
55860.768912355314,55992.768912355314,EVTOL_002,disembarking,True,LYBE,F000157,passenger
55992.768912355314,56609.927771648814,EVTOL_002,idle,True,LYBE,,
56035.099825708356,56219.55590618177,EVTOL_003,waiting_for_departure,True,DOR,F000161,passenger
56050.33753427984,56110.33753427984,EVTOL_004,landing,False,,F000160,repositioning
56110.33753427984,56170.33753427984,EVTOL_004,idle,False,JUG,,
56170.33753427984,56532.53522227984,EVTOL_004,idle,True,JUG,,
56195.17206431417,56465.17206431417,EVTOL_001,boarding,True,BW,F000162,passenger
56219.55590618177,56279.55590618177,EVTOL_003,departure_finalization,False,DOR,F000161,passenger
56279.55590618177,56319.55590618177,EVTOL_003,takeoff,False,,F000161,passenger
56319.55590618177,56647.35612018177,EVTOL_003,cruise,False,,F000161,passenger
56465.17206431417,56525.17206431417,EVTOL_001,departure_finalization,False,BW,F000162,passenger
56525.17206431417,56565.17206431417,EVTOL_001,takeoff,False,,F000162,passenger
56532.53522227984,56727.53522227984,EVTOL_004,boarding,True,JUG,F000163,passenger
56565.17206431417,56790.00788631417,EVTOL_001,cruise,False,,F000162,passenger
56609.927771648814,56954.927771648814,EVTOL_002,boarding,True,LYBE,F000164,passenger
56647.35612018177,56707.35612018177,EVTOL_003,landing,False,,F000161,passenger
56707.35612018177,56767.35612018177,EVTOL_003,disembarking,False,LYBE,F000161,passenger
56727.53522227984,56787.53522227984,EVTOL_004,departure_finalization,False,JUG,F000163,passenger
56767.35612018177,56899.35612018177,EVTOL_003,disembarking,True,LYBE,F000161,passenger
56787.53522227984,56827.53522227984,EVTOL_004,takeoff,False,,F000163,passenger
56790.00788631417,56850.00788631417,EVTOL_001,landing,False,,F000162,passenger
56827.53522227984,57145.33753427984,EVTOL_004,cruise,False,,F000163,passenger
56850.00788631417,56910.00788631417,EVTOL_001,disembarking,False,LYBE,F000162,passenger
56899.35612018177,58593.466341805244,EVTOL_003,idle,True,LYBE,,
56910.00788631417,57042.00788631417,EVTOL_001,disembarking,True,LYBE,F000162,passenger
56954.927771648814,57014.927771648814,EVTOL_002,departure_finalization,False,LYBE,F000164,passenger
57014.927771648814,57054.927771648814,EVTOL_002,takeoff,False,,F000164,passenger
57042.00788631417,57145.33753427984,EVTOL_001,idle,True,LYBE,,
57054.927771648814,57279.763593648815,EVTOL_002,cruise,False,,F000164,passenger
57145.33753427984,57205.33753427984,EVTOL_001,departure_finalization,False,LYBE,F000165,repositioning
57145.33753427984,57205.33753427984,EVTOL_004,landing,False,,F000163,passenger
57205.33753427984,57245.33753427984,EVTOL_001,takeoff,False,,F000165,repositioning
57205.33753427984,57265.33753427984,EVTOL_004,disembarking,False,LYBE,F000163,passenger
57245.33753427984,57581.78572227984,EVTOL_001,cruise,False,,F000165,repositioning
57265.33753427984,57331.33753427984,EVTOL_004,disembarking,True,LYBE,F000163,passenger
57279.763593648815,57339.763593648815,EVTOL_002,landing,False,,F000164,passenger
57331.33753427984,58639.46884968134,EVTOL_004,idle,True,LYBE,,
57339.763593648815,57399.763593648815,EVTOL_002,disembarking,False,BW,F000164,passenger
57399.763593648815,57597.763593648815,EVTOL_002,disembarking,True,BW,F000164,passenger
57581.78572227984,57641.78572227984,EVTOL_001,landing,False,,F000165,repositioning
57597.763593648815,58197.763593648815,EVTOL_002,cleaning,True,BW,F000164,passenger
57641.78572227984,57701.78572227984,EVTOL_001,boarding,False,LYBV,F000166,passenger
57701.78572227984,57836.78572227984,EVTOL_001,boarding,True,LYBV,F000166,passenger
57836.78572227984,58159.884130450155,EVTOL_001,waiting_for_departure,True,LYBV,F000166,passenger
58159.884130450155,58219.884130450155,EVTOL_001,departure_finalization,False,LYBV,F000166,passenger
58197.763593648815,58456.46435091021,EVTOL_002,idle,True,BW,,
58219.884130450155,58259.884130450155,EVTOL_001,takeoff,False,,F000166,passenger
58259.884130450155,58596.33231845016,EVTOL_001,cruise,False,,F000166,passenger
58456.46435091021,58516.46435091021,EVTOL_002,departure_finalization,False,BW,F000167,repositioning
58516.46435091021,58556.46435091021,EVTOL_002,takeoff,False,,F000167,repositioning
58556.46435091021,58631.43084091021,EVTOL_002,cruise,False,,F000167,repositioning
58593.466341805244,58788.466341805244,EVTOL_003,boarding,True,LYBE,F000168,passenger
58596.33231845016,58656.33231845016,EVTOL_001,landing,False,,F000166,passenger
58631.43084091021,58691.43084091021,EVTOL_002,landing,False,,F000167,repositioning
58639.46884968134,58699.46884968134,EVTOL_004,departure_finalization,False,LYBE,F000169,repositioning
58656.33231845016,58716.33231845016,EVTOL_001,disembarking,False,LYBE,F000166,passenger
58691.43084091021,58751.43084091021,EVTOL_002,idle,False,JUG,,
58699.46884968134,58739.46884968134,EVTOL_004,takeoff,False,,F000169,repositioning
58716.33231845016,58782.33231845016,EVTOL_001,disembarking,True,LYBE,F000166,passenger
58739.46884968134,59075.91703768134,EVTOL_004,cruise,False,,F000169,repositioning
58751.43084091021,59356.46435091021,EVTOL_002,idle,True,JUG,,
58782.33231845016,59212.28274277979,EVTOL_001,idle,True,LYBE,,
58788.466341805244,58848.466341805244,EVTOL_003,departure_finalization,False,LYBE,F000168,passenger
58848.466341805244,58888.466341805244,EVTOL_003,takeoff,False,,F000168,passenger
58888.466341805244,59113.302163805245,EVTOL_003,cruise,False,,F000168,passenger
59075.91703768134,59135.91703768134,EVTOL_004,landing,False,,F000169,repositioning
59113.302163805245,59173.302163805245,EVTOL_003,landing,False,,F000168,passenger
59135.91703768134,59195.91703768134,EVTOL_004,idle,False,LYBV,,
59173.302163805245,59233.302163805245,EVTOL_003,disembarking,False,BW,F000168,passenger
59195.91703768134,59539.46884968134,EVTOL_004,idle,True,LYBV,,
59212.28274277979,59272.28274277979,EVTOL_001,departure_finalization,False,LYBE,F000170,repositioning
59233.302163805245,59299.302163805245,EVTOL_003,disembarking,True,BW,F000168,passenger
59272.28274277979,59312.28274277979,EVTOL_001,takeoff,False,,F000170,repositioning
59299.302163805245,59811.52015708043,EVTOL_003,idle,True,BW,,
59312.28274277979,59640.08295677979,EVTOL_001,cruise,False,,F000170,repositioning
59356.46435091021,59551.46435091021,EVTOL_002,boarding,True,JUG,F000171,passenger
59539.46884968134,59809.46884968134,EVTOL_004,boarding,True,LYBV,F000172,passenger
59551.46435091021,59611.46435091021,EVTOL_002,departure_finalization,False,JUG,F000171,passenger
59611.46435091021,59651.46435091021,EVTOL_002,takeoff,False,,F000171,passenger
59640.08295677979,59700.08295677979,EVTOL_001,landing,False,,F000170,repositioning
59651.46435091021,59969.26666291021,EVTOL_002,cruise,False,,F000171,passenger
59700.08295677979,59760.08295677979,EVTOL_001,boarding,False,DOR,F000173,passenger
59760.08295677979,59895.08295677979,EVTOL_001,boarding,True,DOR,F000173,passenger
59809.46884968134,59869.46884968134,EVTOL_004,departure_finalization,False,LYBV,F000172,passenger
59811.52015708043,60006.52015708043,EVTOL_003,boarding,True,BW,F000174,passenger
59869.46884968134,59909.46884968134,EVTOL_004,takeoff,False,,F000172,passenger
59895.08295677979,60256.722016076084,EVTOL_001,waiting_for_departure,True,DOR,F000173,passenger
59909.46884968134,60245.91703768134,EVTOL_004,cruise,False,,F000172,passenger
59969.26666291021,60029.26666291021,EVTOL_002,landing,False,,F000171,passenger
60006.52015708043,60066.52015708043,EVTOL_003,departure_finalization,False,BW,F000174,passenger
60029.26666291021,60089.26666291021,EVTOL_002,disembarking,False,LYBE,F000171,passenger
60066.52015708043,60106.52015708043,EVTOL_003,takeoff,False,,F000174,passenger
60089.26666291021,60155.26666291021,EVTOL_002,disembarking,True,LYBE,F000171,passenger
60106.52015708043,60331.35597908043,EVTOL_003,cruise,False,,F000174,passenger
60155.26666291021,61658.04982723885,EVTOL_002,idle,True,LYBE,,
60245.91703768134,60305.91703768134,EVTOL_004,landing,False,,F000172,passenger
60256.722016076084,60316.722016076084,EVTOL_001,departure_finalization,False,DOR,F000173,passenger
60305.91703768134,60365.91703768134,EVTOL_004,disembarking,False,LYBE,F000172,passenger
60316.722016076084,60356.722016076084,EVTOL_001,takeoff,False,,F000173,passenger
60331.35597908043,60391.35597908043,EVTOL_003,landing,False,,F000174,passenger
60356.722016076084,60684.52223007609,EVTOL_001,cruise,False,,F000173,passenger
60365.91703768134,60497.91703768134,EVTOL_004,disembarking,True,LYBE,F000172,passenger
60391.35597908043,60451.35597908043,EVTOL_003,disembarking,False,LYBE,F000174,passenger
60451.35597908043,60517.35597908043,EVTOL_003,disembarking,True,LYBE,F000174,passenger
60497.91703768134,61968.04982723885,EVTOL_004,idle,True,LYBE,,
60517.35597908043,62472.29123681237,EVTOL_003,idle,True,LYBE,,
60684.52223007609,60744.52223007609,EVTOL_001,landing,False,,F000173,passenger
60744.52223007609,60804.52223007609,EVTOL_001,disembarking,False,LYBE,F000173,passenger
60804.52223007609,60870.52223007609,EVTOL_001,disembarking,True,LYBE,F000173,passenger
60870.52223007609,61164.56153201922,EVTOL_001,idle,True,LYBE,,
61164.56153201922,61584.56153201922,EVTOL_001,boarding,True,LYBE,F000175,passenger
61584.56153201922,61644.56153201922,EVTOL_001,departure_finalization,False,LYBE,F000175,passenger
61644.56153201922,61684.56153201922,EVTOL_001,takeoff,False,,F000175,passenger
61658.04982723885,61928.04982723885,EVTOL_002,boarding,True,LYBE,F000176,passenger
61684.56153201922,61909.397354019224,EVTOL_001,cruise,False,,F000175,passenger
61909.397354019224,61969.397354019224,EVTOL_001,landing,False,,F000175,passenger
61928.04982723885,61988.04982723885,EVTOL_002,departure_finalization,False,LYBE,F000176,passenger
61968.04982723885,62028.04982723885,EVTOL_004,departure_finalization,False,LYBE,F000177,repositioning
61969.397354019224,62029.397354019224,EVTOL_001,disembarking,False,BW,F000175,passenger
61988.04982723885,62028.04982723885,EVTOL_002,takeoff,False,,F000176,passenger
62028.04982723885,62364.49801523885,EVTOL_002,cruise,False,,F000176,passenger
62028.04982723885,62068.04982723885,EVTOL_004,takeoff,False,,F000177,repositioning
62029.397354019224,62293.397354019224,EVTOL_001,disembarking,True,BW,F000175,passenger
62068.04982723885,62395.85004123885,EVTOL_004,cruise,False,,F000177,repositioning
62293.397354019224,62893.397354019224,EVTOL_001,cleaning,True,BW,F000175,passenger
62364.49801523885,62424.49801523885,EVTOL_002,landing,False,,F000176,passenger
62395.85004123885,62455.85004123885,EVTOL_004,landing,False,,F000177,repositioning
62424.49801523885,62484.49801523885,EVTOL_002,disembarking,False,LYBV,F000176,passenger
62455.85004123885,62515.85004123885,EVTOL_004,idle,False,DOR,,
62472.29123681237,62667.29123681237,EVTOL_003,boarding,True,LYBE,F000178,passenger
62484.49801523885,62616.49801523885,EVTOL_002,disembarking,True,LYBV,F000176,passenger
62515.85004123885,62804.050724332155,EVTOL_004,idle,True,DOR,,
62616.49801523885,62676.49801523885,EVTOL_002,departure_finalization,False,LYBV,F000179,repositioning
62667.29123681237,62727.29123681237,EVTOL_003,departure_finalization,False,LYBE,F000178,passenger
62676.49801523885,62716.49801523885,EVTOL_002,takeoff,False,,F000179,repositioning
62716.49801523885,63052.946203238855,EVTOL_002,cruise,False,,F000179,repositioning
62727.29123681237,62767.29123681237,EVTOL_003,takeoff,False,,F000178,passenger
62767.29123681237,62992.12705881237,EVTOL_003,cruise,False,,F000178,passenger
62804.050724332155,62999.050724332155,EVTOL_004,boarding,True,DOR,F000180,passenger
62893.397354019224,62992.12705881237,EVTOL_001,idle,True,BW,,
62992.12705881237,63052.12705881237,EVTOL_001,departure_finalization,False,BW,F000181,repositioning
62992.12705881237,63052.12705881237,EVTOL_003,landing,False,,F000178,passenger
62999.050724332155,63059.050724332155,EVTOL_004,departure_finalization,False,DOR,F000180,passenger
63052.12705881237,63092.12705881237,EVTOL_001,takeoff,False,,F000181,repositioning
63052.12705881237,63112.12705881237,EVTOL_003,disembarking,False,BW,F000178,passenger
63052.946203238855,63112.946203238855,EVTOL_002,landing,False,,F000179,repositioning
63059.050724332155,63099.050724332155,EVTOL_004,takeoff,False,,F000180,passenger
63092.12705881237,63185.739424812375,EVTOL_001,cruise,False,,F000181,repositioning
63099.050724332155,63426.85093833216,EVTOL_004,cruise,False,,F000180,passenger
63112.12705881237,63178.12705881237,EVTOL_003,disembarking,True,BW,F000178,passenger
63112.946203238855,63172.946203238855,EVTOL_002,idle,False,LYBE,,
63172.946203238855,63273.87100156278,EVTOL_002,idle,True,LYBE,,
63178.12705881237,66722.42371652849,EVTOL_003,idle,True,BW,,
63185.739424812375,63245.739424812375,EVTOL_001,landing,False,,F000181,repositioning
63245.739424812375,63281.63091570119,EVTOL_001,idle,False,LYBV,,
63273.87100156278,63468.87100156278,EVTOL_002,boarding,True,LYBE,F000182,passenger
63281.63091570119,63305.739424812375,EVTOL_001,boarding,False,LYBV,F000183,passenger
63305.739424812375,63476.63091570119,EVTOL_001,boarding,True,LYBV,F000183,passenger
63426.85093833216,63486.85093833216,EVTOL_004,landing,False,,F000180,passenger
63468.87100156278,63528.87100156278,EVTOL_002,departure_finalization,False,LYBE,F000182,passenger
63476.63091570119,63536.63091570119,EVTOL_001,departure_finalization,False,LYBV,F000183,passenger
63486.85093833216,63546.85093833216,EVTOL_004,disembarking,False,LYBE,F000180,passenger
63528.87100156278,63568.87100156278,EVTOL_002,takeoff,False,,F000182,passenger
63536.63091570119,63576.63091570119,EVTOL_001,takeoff,False,,F000183,passenger
63546.85093833216,63612.85093833216,EVTOL_004,disembarking,True,LYBE,F000180,passenger
63568.87100156278,63905.31918956278,EVTOL_002,cruise,False,,F000182,passenger
63576.63091570119,63913.079103701195,EVTOL_001,cruise,False,,F000183,passenger
63612.85093833216,65238.99767623288,EVTOL_004,idle,True,LYBE,,
63905.31918956278,63965.31918956278,EVTOL_002,landing,False,,F000182,passenger
63913.079103701195,63973.079103701195,EVTOL_001,landing,False,,F000183,passenger
63965.31918956278,64025.31918956278,EVTOL_002,disembarking,False,LYBV,F000182,passenger
63973.079103701195,64033.079103701195,EVTOL_001,disembarking,False,LYBE,F000183,passenger
64025.31918956278,64091.31918956278,EVTOL_002,disembarking,True,LYBV,F000182,passenger
64033.079103701195,64099.079103701195,EVTOL_001,disembarking,True,LYBE,F000183,passenger
64091.31918956278,66135.75229621665,EVTOL_002,idle,True,LYBV,,
64099.079103701195,64463.04186739216,EVTOL_001,idle,True,LYBE,,
64463.04186739216,64733.04186739216,EVTOL_001,boarding,True,LYBE,F000184,passenger
64733.04186739216,64793.04186739216,EVTOL_001,departure_finalization,False,LYBE,F000184,passenger
64793.04186739216,64833.04186739216,EVTOL_001,takeoff,False,,F000184,passenger
64833.04186739216,65150.84417939216,EVTOL_001,cruise,False,,F000184,passenger
65150.84417939216,65210.84417939216,EVTOL_001,landing,False,,F000184,passenger
65210.84417939216,65270.84417939216,EVTOL_001,disembarking,False,JUG,F000184,passenger
65238.99767623288,65433.99767623288,EVTOL_004,boarding,True,LYBE,F000185,passenger
65270.84417939216,65402.84417939216,EVTOL_001,disembarking,True,JUG,F000184,passenger
65402.84417939216,66608.12651290331,EVTOL_001,idle,True,JUG,,
65433.99767623288,65493.99767623288,EVTOL_004,departure_finalization,False,LYBE,F000185,passenger
65493.99767623288,65533.99767623288,EVTOL_004,takeoff,False,,F000185,passenger
65533.99767623288,65870.44586423288,EVTOL_004,cruise,False,,F000185,passenger
65870.44586423288,65930.44586423288,EVTOL_004,landing,False,,F000185,passenger
65930.44586423288,65990.44586423288,EVTOL_004,disembarking,False,LYBV,F000185,passenger
65990.44586423288,66056.44586423288,EVTOL_004,disembarking,True,LYBV,F000185,passenger
66056.44586423288,67195.75801265058,EVTOL_004,idle,True,LYBV,,
66135.75229621665,66195.75229621665,EVTOL_002,departure_finalization,False,LYBV,F000186,repositioning
66195.75229621665,66235.75229621665,EVTOL_002,takeoff,False,,F000186,repositioning
66235.75229621665,66572.20048421665,EVTOL_002,cruise,False,,F000186,repositioning
66572.20048421665,66632.20048421665,EVTOL_002,landing,False,,F000186,repositioning
66608.12651290331,66803.12651290331,EVTOL_001,boarding,True,JUG,F000187,passenger
66632.20048421665,66692.20048421665,EVTOL_002,idle,False,LYBE,,
66692.20048421665,67035.75229621665,EVTOL_002,idle,True,LYBE,,
66722.42371652849,66948.90092915406,EVTOL_003,boarding,True,BW,F000188,passenger
66803.12651290331,66863.12651290331,EVTOL_001,departure_finalization,False,JUG,F000187,passenger
66863.12651290331,66903.12651290331,EVTOL_001,takeoff,False,,F000187,passenger
66903.12651290331,67220.92882490331,EVTOL_001,cruise,False,,F000187,passenger
66948.90092915406,67067.42371652849,EVTOL_003,boarding,False,BW,F000188,passenger
67035.75229621665,67305.75229621665,EVTOL_002,boarding,True,LYBE,F000189,passenger
67067.42371652849,67127.42371652849,EVTOL_003,departure_finalization,False,BW,F000188,passenger
67127.42371652849,67167.42371652849,EVTOL_003,takeoff,False,,F000188,passenger
67167.42371652849,67392.25953852848,EVTOL_003,cruise,False,,F000188,passenger
67195.75801265058,67255.75801265058,EVTOL_004,departure_finalization,False,LYBV,F000190,repositioning
67220.92882490331,67280.92882490331,EVTOL_001,landing,False,,F000187,passenger
67255.75801265058,67295.75801265058,EVTOL_004,takeoff,False,,F000190,repositioning
67280.92882490331,67340.92882490331,EVTOL_001,disembarking,False,LYBE,F000187,passenger
67295.75801265058,67632.20620065057,EVTOL_004,cruise,False,,F000190,repositioning
67305.75229621665,67392.25953852848,EVTOL_002,waiting_for_departure,True,LYBE,F000189,passenger
67340.92882490331,67406.92882490331,EVTOL_001,disembarking,True,LYBE,F000187,passenger
67392.25953852848,67452.25953852848,EVTOL_002,departure_finalization,False,LYBE,F000189,passenger
67392.25953852848,67452.25953852848,EVTOL_003,landing,False,,F000188,passenger
67406.92882490331,67650.22199746499,EVTOL_001,idle,True,LYBE,,
67452.25953852848,67492.25953852848,EVTOL_002,takeoff,False,,F000189,passenger
67452.25953852848,67512.25953852848,EVTOL_003,disembarking,False,LYBE,F000188,passenger
67492.25953852848,67828.70772652848,EVTOL_002,cruise,False,,F000189,passenger
67512.25953852848,67710.25953852848,EVTOL_003,disembarking,True,LYBE,F000188,passenger
67632.20620065057,67692.20620065057,EVTOL_004,landing,False,,F000190,repositioning
67650.22199746499,68070.22199746499,EVTOL_001,boarding,True,LYBE,F000191,passenger
67692.20620065057,67752.20620065057,EVTOL_004,idle,False,LYBE,,
67710.25953852848,68310.25953852848,EVTOL_003,cleaning,True,LYBE,F000188,passenger
67752.20620065057,68095.75801265058,EVTOL_004,idle,True,LYBE,,
67828.70772652848,67888.70772652848,EVTOL_002,landing,False,,F000189,passenger
67888.70772652848,67948.70772652848,EVTOL_002,disembarking,False,LYBV,F000189,passenger
67948.70772652848,68080.70772652848,EVTOL_002,disembarking,True,LYBV,F000189,passenger
68070.22199746499,68130.22199746499,EVTOL_001,departure_finalization,False,LYBE,F000191,passenger
68080.70772652848,68115.756986869,EVTOL_002,idle,True,LYBV,,
68095.75801265058,68290.75801265058,EVTOL_004,boarding,True,LYBE,F000192,passenger
68115.756986869,68175.756986869,EVTOL_002,departure_finalization,False,LYBV,F000193,repositioning
68130.22199746499,68170.22199746499,EVTOL_001,takeoff,False,,F000191,passenger
68170.22199746499,68488.02430946499,EVTOL_001,cruise,False,,F000191,passenger
68175.756986869,68215.756986869,EVTOL_002,takeoff,False,,F000193,repositioning
68215.756986869,68552.205174869,EVTOL_002,cruise,False,,F000193,repositioning
68290.75801265058,68350.75801265058,EVTOL_004,departure_finalization,False,LYBE,F000192,passenger
68310.25953852848,68505.25953852848,EVTOL_003,boarding,True,LYBE,F000194,passenger
68350.75801265058,68390.75801265058,EVTOL_004,takeoff,False,,F000192,passenger
68390.75801265058,68718.55822665058,EVTOL_004,cruise,False,,F000192,passenger
68488.02430946499,68548.02430946499,EVTOL_001,landing,False,,F000191,passenger
68505.25953852848,68552.205174869,EVTOL_003,waiting_for_departure,True,LYBE,F000194,passenger
68548.02430946499,68608.02430946499,EVTOL_001,disembarking,False,JUG,F000191,passenger
68552.205174869,68612.205174869,EVTOL_002,landing,False,,F000193,repositioning
68552.205174869,68612.205174869,EVTOL_003,departure_finalization,False,LYBE,F000194,passenger
68608.02430946499,68872.02430946499,EVTOL_001,disembarking,True,JUG,F000191,passenger
68612.205174869,68672.205174869,EVTOL_002,idle,False,LYBE,,
68612.205174869,68652.205174869,EVTOL_003,takeoff,False,,F000194,passenger
68652.205174869,68877.040996869,EVTOL_003,cruise,False,,F000194,passenger
68672.205174869,69015.756986869,EVTOL_002,idle,True,LYBE,,
68718.55822665058,68778.55822665058,EVTOL_004,landing,False,,F000192,passenger
68778.55822665058,68838.55822665058,EVTOL_004,disembarking,False,DOR,F000192,passenger
68838.55822665058,68904.55822665058,EVTOL_004,disembarking,True,DOR,F000192,passenger
68872.02430946499,72822.3132147912,EVTOL_001,idle,True,JUG,,
68877.040996869,68937.040996869,EVTOL_003,landing,False,,F000194,passenger
68904.55822665058,69504.55822665058,EVTOL_004,cleaning,True,DOR,F000192,passenger
68937.040996869,68997.040996869,EVTOL_003,disembarking,False,BW,F000194,passenger
68997.040996869,69063.040996869,EVTOL_003,disembarking,True,BW,F000194,passenger
69015.756986869,69210.756986869,EVTOL_002,boarding,True,LYBE,F000195,passenger
69063.040996869,69123.040996869,EVTOL_003,departure_finalization,False,BW,F000196,repositioning
69123.040996869,69163.040996869,EVTOL_003,takeoff,False,,F000196,repositioning
69163.040996869,69387.87681886899,EVTOL_003,cruise,False,,F000196,repositioning
69210.756986869,69270.756986869,EVTOL_002,departure_finalization,False,LYBE,F000195,passenger
69270.756986869,69310.756986869,EVTOL_002,takeoff,False,,F000195,passenger
69310.756986869,69628.559298869,EVTOL_002,cruise,False,,F000195,passenger
69387.87681886899,69447.87681886899,EVTOL_003,landing,False,,F000196,repositioning
69447.87681886899,69507.87681886899,EVTOL_003,idle,False,LYBE,,
69504.55822665058,73167.6920201456,EVTOL_004,idle,True,DOR,,
69507.87681886899,69575.02932403152,EVTOL_003,idle,True,LYBE,,
69575.02932403152,69770.02932403152,EVTOL_003,boarding,True,LYBE,F000197,passenger
69628.559298869,69688.559298869,EVTOL_002,landing,False,,F000195,passenger
69688.559298869,69748.559298869,EVTOL_002,disembarking,False,JUG,F000195,passenger
69748.559298869,69814.559298869,EVTOL_002,disembarking,True,JUG,F000195,passenger
69770.02932403152,69830.02932403152,EVTOL_003,departure_finalization,False,LYBE,F000197,passenger
69814.559298869,74378.3339628921,EVTOL_002,idle,True,JUG,,
69830.02932403152,69870.02932403152,EVTOL_003,takeoff,False,,F000197,passenger
69870.02932403152,70206.47751203152,EVTOL_003,cruise,False,,F000197,passenger
70206.47751203152,70266.47751203152,EVTOL_003,landing,False,,F000197,passenger
70266.47751203152,70326.47751203152,EVTOL_003,disembarking,False,LYBV,F000197,passenger
70326.47751203152,70392.47751203152,EVTOL_003,disembarking,True,LYBV,F000197,passenger
70392.47751203152,71212.19144560437,EVTOL_003,idle,True,LYBV,,
71212.19144560437,71407.19144560437,EVTOL_003,boarding,True,LYBV,F000198,passenger
71407.19144560437,71467.19144560437,EVTOL_003,departure_finalization,False,LYBV,F000198,passenger
71467.19144560437,71507.19144560437,EVTOL_003,takeoff,False,,F000198,passenger
71507.19144560437,71843.63963360437,EVTOL_003,cruise,False,,F000198,passenger
71843.63963360437,71903.63963360437,EVTOL_003,landing,False,,F000198,passenger
71903.63963360437,71963.63963360437,EVTOL_003,disembarking,False,LYBE,F000198,passenger
71963.63963360437,72029.63963360437,EVTOL_003,disembarking,True,LYBE,F000198,passenger
72029.63963360437,73974.79042692418,EVTOL_003,idle,True,LYBE,,
72822.3132147912,72882.3132147912,EVTOL_001,departure_finalization,False,JUG,F000199,repositioning
72882.3132147912,72922.3132147912,EVTOL_001,takeoff,False,,F000199,repositioning
72922.3132147912,73108.89207079119,EVTOL_001,cruise,False,,F000199,repositioning
73108.89207079119,73168.89207079119,EVTOL_001,landing,False,,F000199,repositioning
73167.6920201456,73227.6920201456,EVTOL_004,departure_finalization,False,DOR,F000200,repositioning
73168.89207079119,73228.89207079119,EVTOL_001,idle,False,LYBV,,
73227.6920201456,73267.6920201456,EVTOL_004,takeoff,False,,F000200,repositioning
73228.89207079119,73722.3132147912,EVTOL_001,idle,True,LYBV,,
73267.6920201456,73595.4922341456,EVTOL_004,cruise,False,,F000200,repositioning
73595.4922341456,73655.4922341456,EVTOL_004,landing,False,,F000200,repositioning
73655.4922341456,73715.4922341456,EVTOL_004,idle,False,LYBE,,
73715.4922341456,74067.6920201456,EVTOL_004,idle,True,LYBE,,
73722.3132147912,73917.3132147912,EVTOL_001,boarding,True,LYBV,F000201,passenger
73917.3132147912,73977.3132147912,EVTOL_001,departure_finalization,False,LYBV,F000201,passenger
73974.79042692418,74169.79042692418,EVTOL_003,boarding,True,LYBE,F000202,passenger
73977.3132147912,74017.3132147912,EVTOL_001,takeoff,False,,F000201,passenger
74017.3132147912,74353.76140279119,EVTOL_001,cruise,False,,F000201,passenger
74067.6920201456,74262.6920201456,EVTOL_004,boarding,True,LYBE,F000203,passenger
74169.79042692418,74229.79042692418,EVTOL_003,departure_finalization,False,LYBE,F000202,passenger
74229.79042692418,74269.79042692418,EVTOL_003,takeoff,False,,F000202,passenger
74262.6920201456,74353.76140279119,EVTOL_004,waiting_for_departure,True,LYBE,F000203,passenger
74269.79042692418,74494.62624892418,EVTOL_003,cruise,False,,F000202,passenger
74353.76140279119,74413.76140279119,EVTOL_001,landing,False,,F000201,passenger
74353.76140279119,74413.76140279119,EVTOL_004,departure_finalization,False,LYBE,F000203,passenger
74378.3339628921,77597.35677652789,EVTOL_002,idle,False,JUG,,
74413.76140279119,74473.76140279119,EVTOL_001,disembarking,False,LYBE,F000201,passenger
74413.76140279119,74453.76140279119,EVTOL_004,takeoff,False,,F000203,passenger
74453.76140279119,74771.56371479119,EVTOL_004,cruise,False,,F000203,passenger
74473.76140279119,74539.76140279119,EVTOL_001,disembarking,True,LYBE,F000201,passenger
74494.62624892418,74554.62624892418,EVTOL_003,landing,False,,F000202,passenger
74539.76140279119,77349.33931912016,EVTOL_001,idle,True,LYBE,,
74554.62624892418,74614.62624892418,EVTOL_003,disembarking,False,BW,F000202,passenger
74614.62624892418,74680.62624892418,EVTOL_003,disembarking,True,BW,F000202,passenger
74680.62624892418,77557.35677652789,EVTOL_003,idle,True,BW,,
74771.56371479119,74831.56371479119,EVTOL_004,landing,False,,F000203,passenger
74831.56371479119,74891.56371479119,EVTOL_004,disembarking,False,JUG,F000203,passenger
74891.56371479119,74957.56371479119,EVTOL_004,disembarking,True,JUG,F000203,passenger
74957.56371479119,77557.35677652789,EVTOL_004,idle,True,JUG,,
77349.33931912016,77619.33931912016,EVTOL_001,boarding,True,LYBE,F000204,passenger
77557.35677652789,77617.35677652789,EVTOL_003,departure_finalization,False,BW,F000205,repositioning
77557.35677652789,77617.35677652789,EVTOL_004,departure_finalization,False,JUG,F000206,repositioning
77597.35677652789,77657.35677652789,EVTOL_002,departure_finalization,False,JUG,F000207,repositioning
77617.35677652789,77657.35677652789,EVTOL_003,takeoff,False,,F000205,repositioning
77617.35677652789,77657.35677652789,EVTOL_004,takeoff,False,,F000206,repositioning
77619.33931912016,77679.33931912016,EVTOL_001,departure_finalization,False,LYBE,F000204,passenger
77657.35677652789,77697.35677652789,EVTOL_002,takeoff,False,,F000207,repositioning
77657.35677652789,77882.19259852788,EVTOL_003,cruise,False,,F000205,repositioning
77657.35677652789,77732.32326652789,EVTOL_004,cruise,False,,F000206,repositioning
77679.33931912016,77719.33931912016,EVTOL_001,takeoff,False,,F000204,passenger
77697.35677652789,78015.15908852789,EVTOL_002,cruise,False,,F000207,repositioning
77719.33931912016,78047.13953312016,EVTOL_001,cruise,False,,F000204,passenger
77732.32326652789,77792.32326652789,EVTOL_004,landing,False,,F000206,repositioning
77792.32326652789,77852.32326652789,EVTOL_004,idle,False,BW,,
77852.32326652789,78135.63257846772,EVTOL_004,idle,True,BW,,
77882.19259852788,77942.19259852788,EVTOL_003,landing,False,,F000205,repositioning
77942.19259852788,78002.19259852788,EVTOL_003,idle,False,LYBE,,
78002.19259852788,78457.35677652789,EVTOL_003,idle,True,LYBE,,
78015.15908852789,78075.15908852789,EVTOL_002,landing,False,,F000207,repositioning
78047.13953312016,78107.13953312016,EVTOL_001,landing,False,,F000204,passenger
78075.15908852789,78135.15908852789,EVTOL_002,cleaning,False,LYBE,F000207,repositioning
78107.13953312016,78167.13953312016,EVTOL_001,disembarking,False,DOR,F000204,passenger
78135.15908852789,78675.15908852789,EVTOL_002,cleaning,True,LYBE,F000207,repositioning
78135.63257846772,78330.63257846772,EVTOL_004,boarding,True,BW,F000208,passenger
78167.13953312016,78299.13953312016,EVTOL_001,disembarking,True,DOR,F000204,passenger
78299.13953312016,78359.13953312016,EVTOL_001,departure_finalization,False,DOR,F000209,repositioning
78330.63257846772,78390.63257846772,EVTOL_004,departure_finalization,False,BW,F000208,passenger
78359.13953312016,78399.13953312016,EVTOL_001,takeoff,False,,F000209,repositioning
78390.63257846772,78430.63257846772,EVTOL_004,takeoff,False,,F000208,passenger
78399.13953312016,78449.61651912016,EVTOL_001,cruise,False,,F000209,repositioning
78430.63257846772,78655.46840046771,EVTOL_004,cruise,False,,F000208,passenger
78449.61651912016,78509.61651912016,EVTOL_001,landing,False,,F000209,repositioning
78457.35677652789,78652.35677652789,EVTOL_003,boarding,True,LYBE,F000210,passenger
78509.61651912016,78569.61651912016,EVTOL_001,idle,False,JUG,,
78569.61651912016,78827.86833325229,EVTOL_001,idle,True,JUG,,
78652.35677652789,78655.46840046771,EVTOL_003,waiting_for_departure,True,LYBE,F000210,passenger
78655.46840046771,78715.46840046771,EVTOL_003,departure_finalization,False,LYBE,F000210,passenger
78655.46840046771,78715.46840046771,EVTOL_004,landing,False,,F000208,passenger
78675.15908852789,78870.15908852789,EVTOL_002,boarding,True,LYBE,F000211,passenger
78715.46840046771,78755.46840046771,EVTOL_003,takeoff,False,,F000210,passenger
78715.46840046771,78775.46840046771,EVTOL_004,disembarking,False,LYBE,F000208,passenger
78755.46840046771,78980.3042224677,EVTOL_003,cruise,False,,F000210,passenger
78775.46840046771,78841.46840046771,EVTOL_004,disembarking,True,LYBE,F000208,passenger
78827.86833325229,79022.86833325229,EVTOL_001,boarding,True,JUG,F000212,passenger
78841.46840046771,79753.83148174085,EVTOL_004,idle,True,LYBE,,
78870.15908852789,78930.15908852789,EVTOL_002,departure_finalization,False,LYBE,F000211,passenger
78930.15908852789,78970.15908852789,EVTOL_002,takeoff,False,,F000211,passenger
78970.15908852789,79287.96140052789,EVTOL_002,cruise,False,,F000211,passenger
78980.3042224677,79040.3042224677,EVTOL_003,landing,False,,F000210,passenger
79022.86833325229,79082.86833325229,EVTOL_001,departure_finalization,False,JUG,F000212,passenger
79040.3042224677,79100.3042224677,EVTOL_003,disembarking,False,BW,F000210,passenger
79082.86833325229,79122.86833325229,EVTOL_001,takeoff,False,,F000212,passenger
79100.3042224677,79166.3042224677,EVTOL_003,disembarking,True,BW,F000210,passenger
79122.86833325229,79440.67064525229,EVTOL_001,cruise,False,,F000212,passenger
79166.3042224677,79226.3042224677,EVTOL_003,departure_finalization,False,BW,F000213,repositioning
79226.3042224677,79266.3042224677,EVTOL_003,takeoff,False,,F000213,repositioning
79266.3042224677,79485.3278624677,EVTOL_003,cruise,False,,F000213,repositioning
79287.96140052789,79347.96140052789,EVTOL_002,landing,False,,F000211,passenger
79347.96140052789,79407.96140052789,EVTOL_002,disembarking,False,JUG,F000211,passenger
79407.96140052789,79473.96140052789,EVTOL_002,disembarking,True,JUG,F000211,passenger
79440.67064525229,79500.67064525229,EVTOL_001,landing,False,,F000212,passenger
79473.96140052789,81971.0833791639,EVTOL_002,idle,True,JUG,,
79485.3278624677,79545.3278624677,EVTOL_003,landing,False,,F000213,repositioning
79500.67064525229,79560.67064525229,EVTOL_001,disembarking,False,LYBE,F000212,passenger
79545.3278624677,79605.3278624677,EVTOL_003,boarding,False,EXPO,F000214,passenger
79560.67064525229,79626.67064525229,EVTOL_001,disembarking,True,LYBE,F000212,passenger
79605.3278624677,79740.3278624677,EVTOL_003,boarding,True,EXPO,F000214,passenger
79626.67064525229,80226.67064525229,EVTOL_001,cleaning,True,LYBE,F000212,passenger
79740.3278624677,79800.3278624677,EVTOL_003,departure_finalization,False,EXPO,F000214,passenger
79753.83148174085,79948.83148174085,EVTOL_004,boarding,True,LYBE,F000215,passenger
79800.3278624677,79840.3278624677,EVTOL_003,takeoff,False,,F000214,passenger
79840.3278624677,79941.09026046771,EVTOL_003,cruise,False,,F000214,passenger
79941.09026046771,80001.09026046771,EVTOL_003,landing,False,,F000214,passenger
79948.83148174085,80008.83148174085,EVTOL_004,departure_finalization,False,LYBE,F000215,passenger
80001.09026046771,80061.09026046771,EVTOL_003,disembarking,False,LYBE,F000214,passenger
80008.83148174085,80048.83148174085,EVTOL_004,takeoff,False,,F000215,passenger
80048.83148174085,80376.63169574086,EVTOL_004,cruise,False,,F000215,passenger
80061.09026046771,80127.09026046771,EVTOL_003,disembarking,True,LYBE,F000214,passenger
80127.09026046771,82054.41744318343,EVTOL_003,idle,True,LYBE,,
80226.67064525229,82014.77450926461,EVTOL_001,idle,True,LYBE,,
80376.63169574086,80436.63169574086,EVTOL_004,landing,False,,F000215,passenger
80436.63169574086,80496.63169574086,EVTOL_004,disembarking,False,DOR,F000215,passenger
80496.63169574086,80562.63169574086,EVTOL_004,disembarking,True,DOR,F000215,passenger
80562.63169574086,82021.0854771639,EVTOL_004,idle,True,DOR,,
81971.0833791639,82031.0833791639,EVTOL_002,departure_finalization,False,JUG,F000216,repositioning
82014.77450926461,82209.77450926461,EVTOL_001,boarding,True,LYBE,F000217,passenger
82021.0854771639,82081.0854771639,EVTOL_004,departure_finalization,False,DOR,F000218,repositioning
82031.0833791639,82071.0833791639,EVTOL_002,takeoff,False,,F000216,repositioning
82054.41744318343,82324.41744318343,EVTOL_003,boarding,True,LYBE,F000219,passenger
82071.0833791639,82388.8856911639,EVTOL_002,cruise,False,,F000216,repositioning
82081.0854771639,82121.0854771639,EVTOL_004,takeoff,False,,F000218,repositioning
82121.0854771639,82448.8856911639,EVTOL_004,cruise,False,,F000218,repositioning
82209.77450926461,82269.77450926461,EVTOL_001,departure_finalization,False,LYBE,F000217,passenger
82269.77450926461,82309.77450926461,EVTOL_001,takeoff,False,,F000217,passenger
82309.77450926461,82627.5768212646,EVTOL_001,cruise,False,,F000217,passenger
82324.41744318343,82448.8856911639,EVTOL_003,waiting_for_departure,True,LYBE,F000219,passenger
82388.8856911639,82448.8856911639,EVTOL_002,landing,False,,F000216,repositioning
82448.8856911639,82508.8856911639,EVTOL_002,idle,False,LYBE,,
82448.8856911639,82508.8856911639,EVTOL_003,departure_finalization,False,LYBE,F000219,passenger
82448.8856911639,82508.8856911639,EVTOL_004,landing,False,,F000218,repositioning
82508.8856911639,82871.0833791639,EVTOL_002,idle,True,LYBE,,
82508.8856911639,82548.8856911639,EVTOL_003,takeoff,False,,F000219,passenger
82508.8856911639,82568.8856911639,EVTOL_004,idle,False,LYBE,,
82548.8856911639,82773.7215131639,EVTOL_003,cruise,False,,F000219,passenger
82568.8856911639,82890.48439841223,EVTOL_004,idle,True,LYBE,,
82627.5768212646,82687.5768212646,EVTOL_001,landing,False,,F000217,passenger
82687.5768212646,82747.5768212646,EVTOL_001,disembarking,False,JUG,F000217,passenger
82747.5768212646,82813.5768212646,EVTOL_001,disembarking,True,JUG,F000217,passenger
82773.7215131639,82833.7215131639,EVTOL_003,landing,False,,F000219,passenger
82813.5768212646,82873.5768212646,EVTOL_001,departure_finalization,False,JUG,F000220,repositioning
82833.7215131639,82893.7215131639,EVTOL_003,disembarking,False,BW,F000219,passenger
82871.0833791639,83066.0833791639,EVTOL_002,boarding,True,LYBE,F000221,passenger
82873.5768212646,82913.5768212646,EVTOL_001,takeoff,False,,F000220,repositioning
82890.48439841223,83085.48439841223,EVTOL_004,boarding,True,LYBE,F000222,passenger
82893.7215131639,83025.7215131639,EVTOL_003,disembarking,True,BW,F000219,passenger
82913.5768212646,83231.3791332646,EVTOL_001,cruise,False,,F000220,repositioning
83025.7215131639,83625.7215131639,EVTOL_003,cleaning,True,BW,F000219,passenger
83066.0833791639,83126.0833791639,EVTOL_002,departure_finalization,False,LYBE,F000221,passenger
83085.48439841223,83106.0833791639,EVTOL_004,waiting_for_departure,True,LYBE,F000222,passenger
83106.0833791639,83166.0833791639,EVTOL_004,departure_finalization,False,LYBE,F000222,passenger
83126.0833791639,83166.0833791639,EVTOL_002,takeoff,False,,F000221,passenger
83166.0833791639,83266.84577716391,EVTOL_002,cruise,False,,F000221,passenger
83166.0833791639,83206.0833791639,EVTOL_004,takeoff,False,,F000222,passenger
83206.0833791639,83533.8835931639,EVTOL_004,cruise,False,,F000222,passenger
83231.3791332646,83291.3791332646,EVTOL_001,landing,False,,F000220,repositioning
83266.84577716391,83326.84577716391,EVTOL_002,landing,False,,F000221,passenger
83291.3791332646,83351.3791332646,EVTOL_001,boarding,False,LYBE,F000223,passenger
83326.84577716391,83386.84577716391,EVTOL_002,disembarking,False,EXPO,F000221,passenger
83351.3791332646,83561.3791332646,EVTOL_001,boarding,True,LYBE,F000223,passenger
83386.84577716391,83452.84577716391,EVTOL_002,disembarking,True,EXPO,F000221,passenger
83452.84577716391,83460.6167352646,EVTOL_002,idle,True,EXPO,,
83460.6167352646,83520.6167352646,EVTOL_002,departure_finalization,False,EXPO,F000224,repositioning
83520.6167352646,83560.6167352646,EVTOL_002,takeoff,False,,F000224,repositioning
83533.8835931639,83593.8835931639,EVTOL_004,landing,False,,F000222,passenger
83560.6167352646,83661.3791332646,EVTOL_002,cruise,False,,F000224,repositioning
83561.3791332646,83621.3791332646,EVTOL_001,departure_finalization,False,LYBE,F000223,passenger
83593.8835931639,83653.8835931639,EVTOL_004,disembarking,False,DOR,F000222,passenger
83621.3791332646,83661.3791332646,EVTOL_001,takeoff,False,,F000223,passenger
83625.7215131639,83685.7215131639,EVTOL_003,departure_finalization,False,BW,F000225,repositioning
83653.8835931639,83719.8835931639,EVTOL_004,disembarking,True,DOR,F000222,passenger
83661.3791332646,83979.1814452646,EVTOL_001,cruise,False,,F000223,passenger
83661.3791332646,83721.3791332646,EVTOL_002,landing,False,,F000224,repositioning
83685.7215131639,83725.7215131639,EVTOL_003,takeoff,False,,F000225,repositioning
83719.8835931639,83779.8835931639,EVTOL_004,departure_finalization,False,DOR,F000226,repositioning
83721.3791332646,83781.3791332646,EVTOL_002,boarding,False,LYBE,F000227,passenger
83725.7215131639,83950.55733516389,EVTOL_003,cruise,False,,F000225,repositioning
83779.8835931639,83819.8835931639,EVTOL_004,takeoff,False,,F000226,repositioning
83781.3791332646,83991.3791332646,EVTOL_002,boarding,True,LYBE,F000227,passenger
83819.8835931639,84147.6838071639,EVTOL_004,cruise,False,,F000226,repositioning
83950.55733516389,84010.55733516389,EVTOL_003,landing,False,,F000225,repositioning
83979.1814452646,84039.1814452646,EVTOL_001,landing,False,,F000223,passenger
83991.3791332646,84051.3791332646,EVTOL_002,departure_finalization,False,LYBE,F000227,passenger
84010.55733516389,84070.55733516389,EVTOL_003,boarding,False,LYBE,F000228,passenger
84039.1814452646,84099.1814452646,EVTOL_001,disembarking,False,JUG,F000223,passenger
84051.3791332646,84091.3791332646,EVTOL_002,takeoff,False,,F000227,passenger
84070.55733516389,84430.55733516389,EVTOL_003,boarding,True,LYBE,F000228,passenger
84091.3791332646,84316.2149552646,EVTOL_002,cruise,False,,F000227,passenger
84099.1814452646,84231.1814452646,EVTOL_001,disembarking,True,JUG,F000223,passenger
84147.6838071639,84207.6838071639,EVTOL_004,landing,False,,F000226,repositioning
84207.6838071639,84267.6838071639,EVTOL_004,boarding,False,LYBE,F000229,passenger
84231.1814452646,84531.04790816268,EVTOL_001,idle,True,JUG,,
84267.6838071639,84552.6838071639,EVTOL_004,boarding,True,LYBE,F000229,passenger
84316.2149552646,84376.2149552646,EVTOL_002,landing,False,,F000227,passenger
84376.2149552646,84436.2149552646,EVTOL_002,disembarking,False,BW,F000227,passenger
84430.55733516389,84490.55733516389,EVTOL_003,departure_finalization,False,LYBE,F000228,passenger
84436.2149552646,84568.2149552646,EVTOL_002,disembarking,True,BW,F000227,passenger
84490.55733516389,84530.55733516389,EVTOL_003,takeoff,False,,F000228,passenger
84530.55733516389,84867.00552316388,EVTOL_003,cruise,False,,F000228,passenger
84531.04790816268,84591.04790816268,EVTOL_001,departure_finalization,False,JUG,F000230,repositioning
84552.6838071639,84749.55095059778,EVTOL_004,waiting_for_departure,True,LYBE,F000229,passenger
84568.2149552646,84684.01439816269,EVTOL_002,idle,True,BW,,
84591.04790816268,84631.04790816268,EVTOL_001,takeoff,False,,F000230,repositioning
84631.04790816268,84948.85022016268,EVTOL_001,cruise,False,,F000230,repositioning
84684.01439816269,84744.01439816269,EVTOL_002,departure_finalization,False,BW,F000231,repositioning
84744.01439816269,84784.01439816269,EVTOL_002,takeoff,False,,F000231,repositioning
84749.55095059778,84809.55095059778,EVTOL_004,departure_finalization,False,LYBE,F000229,passenger
84784.01439816269,85008.85022016268,EVTOL_002,cruise,False,,F000231,repositioning
84809.55095059778,84849.55095059778,EVTOL_004,takeoff,False,,F000229,passenger
84849.55095059778,85177.35116459779,EVTOL_004,cruise,False,,F000229,passenger
84867.00552316388,84927.00552316388,EVTOL_003,landing,False,,F000228,passenger
84927.00552316388,84987.00552316388,EVTOL_003,disembarking,False,LYBV,F000228,passenger
84948.85022016268,85008.85022016268,EVTOL_001,landing,False,,F000230,repositioning
84987.00552316388,85251.00552316388,EVTOL_003,disembarking,True,LYBV,F000228,passenger
85008.85022016268,85068.85022016268,EVTOL_001,boarding,False,LYBE,F000232,passenger
85008.85022016268,85068.85022016268,EVTOL_002,landing,False,,F000231,repositioning
85068.85022016268,85203.85022016268,EVTOL_001,boarding,True,LYBE,F000232,passenger
85068.85022016268,85128.85022016268,EVTOL_002,boarding,False,LYBE,F000233,passenger
85128.85022016268,85488.85022016268,EVTOL_002,boarding,True,LYBE,F000233,passenger
85177.35116459779,85237.35116459779,EVTOL_004,landing,False,,F000229,passenger
85203.85022016268,85557.52798712565,EVTOL_001,waiting_for_departure,True,LYBE,F000232,passenger
85237.35116459779,85297.35116459779,EVTOL_004,disembarking,False,DOR,F000229,passenger
85251.00552316388,85311.00552316388,EVTOL_003,departure_finalization,False,LYBV,F000234,repositioning
85297.35116459779,85495.35116459779,EVTOL_004,disembarking,True,DOR,F000229,passenger
85311.00552316388,85351.00552316388,EVTOL_003,takeoff,False,,F000234,repositioning
85351.00552316388,85687.45371116388,EVTOL_003,cruise,False,,F000234,repositioning
85488.85022016268,85548.85022016268,EVTOL_002,departure_finalization,False,LYBE,F000233,passenger
85495.35116459779,85875.19675388916,EVTOL_004,idle,True,DOR,,
85548.85022016268,85588.85022016268,EVTOL_002,takeoff,False,,F000233,passenger
85557.52798712565,85617.52798712565,EVTOL_001,departure_finalization,False,LYBE,F000232,passenger
85588.85022016268,85813.68604216268,EVTOL_002,cruise,False,,F000233,passenger
85617.52798712565,85657.52798712565,EVTOL_001,takeoff,False,,F000232,passenger
85657.52798712565,85975.33029912565,EVTOL_001,cruise,False,,F000232,passenger
85687.45371116388,85747.45371116388,EVTOL_003,landing,False,,F000234,repositioning
85747.45371116388,85807.45371116388,EVTOL_003,boarding,False,LYBE,F000235,passenger
85807.45371116388,86017.45371116388,EVTOL_003,boarding,True,LYBE,F000235,passenger
85813.68604216268,85873.68604216268,EVTOL_002,landing,False,,F000233,passenger
85873.68604216268,85933.68604216268,EVTOL_002,disembarking,False,BW,F000233,passenger
85875.19675388916,85935.19675388916,EVTOL_004,departure_finalization,False,DOR,F000236,repositioning
85933.68604216268,86197.68604216268,EVTOL_002,disembarking,True,BW,F000233,passenger
85935.19675388916,85975.19675388916,EVTOL_004,takeoff,False,,F000236,repositioning
85975.19675388916,86302.99696788916,EVTOL_004,cruise,False,,F000236,repositioning
85975.33029912565,86035.33029912565,EVTOL_001,landing,False,,F000232,passenger
86017.45371116388,86202.99696788916,EVTOL_003,waiting_for_departure,True,LYBE,F000235,passenger
86035.33029912565,86095.33029912565,EVTOL_001,disembarking,False,JUG,F000232,passenger
86095.33029912565,86161.33029912565,EVTOL_001,disembarking,True,JUG,F000232,passenger
86161.33029912565,86886.13827716693,EVTOL_001,idle,True,JUG,,
86197.68604216268,86344.45587187064,EVTOL_002,idle,True,BW,,
86202.99696788916,86262.99696788916,EVTOL_003,departure_finalization,False,LYBE,F000235,passenger
86262.99696788916,86302.99696788916,EVTOL_003,takeoff,False,,F000235,passenger
86302.99696788916,86639.44515588916,EVTOL_003,cruise,False,,F000235,passenger
86302.99696788916,86362.99696788916,EVTOL_004,landing,False,,F000236,repositioning
86344.45587187064,86404.45587187064,EVTOL_002,departure_finalization,False,BW,F000237,repositioning
86362.99696788916,86422.99696788916,EVTOL_004,cleaning,False,LYBE,F000236,repositioning
86404.45587187064,86444.45587187064,EVTOL_002,takeoff,False,,F000237,repositioning
86422.99696788916,86962.99696788916,EVTOL_004,cleaning,True,LYBE,F000236,repositioning
86444.45587187064,86669.29169387063,EVTOL_002,cruise,False,,F000237,repositioning
86639.44515588916,86699.44515588916,EVTOL_003,landing,False,,F000235,passenger
86669.29169387063,86729.29169387063,EVTOL_002,landing,False,,F000237,repositioning
86699.44515588916,86759.44515588916,EVTOL_003,disembarking,False,LYBV,F000235,passenger
86729.29169387063,86789.29169387063,EVTOL_002,boarding,False,LYBE,F000238,passenger
86759.44515588916,86891.44515588916,EVTOL_003,disembarking,True,LYBV,F000235,passenger
86789.29169387063,86999.29169387063,EVTOL_002,boarding,True,LYBE,F000238,passenger
86886.13827716693,86946.13827716693,EVTOL_001,departure_finalization,False,JUG,F000239,repositioning
86891.44515588916,87342.83308048033,EVTOL_003,idle,True,LYBV,,
86946.13827716693,86986.13827716693,EVTOL_001,takeoff,False,,F000239,repositioning
86962.99696788916,87157.99696788916,EVTOL_004,boarding,True,LYBE,F000240,passenger
86986.13827716693,87303.94058916693,EVTOL_001,cruise,False,,F000239,repositioning
86999.29169387063,87203.94058916693,EVTOL_002,waiting_for_departure,True,LYBE,F000238,passenger
87157.99696788916,87217.99696788916,EVTOL_004,departure_finalization,False,LYBE,F000240,passenger
87203.94058916693,87263.94058916693,EVTOL_002,departure_finalization,False,LYBE,F000238,passenger
87217.99696788916,87257.99696788916,EVTOL_004,takeoff,False,,F000240,passenger
87257.99696788916,87575.79927988916,EVTOL_004,cruise,False,,F000240,passenger
87263.94058916693,87303.94058916693,EVTOL_002,takeoff,False,,F000238,passenger
87303.94058916693,87363.94058916693,EVTOL_001,landing,False,,F000239,repositioning
87303.94058916693,87528.77641116692,EVTOL_002,cruise,False,,F000238,passenger
87342.83308048033,87402.83308048033,EVTOL_003,departure_finalization,False,LYBV,F000241,repositioning
87363.94058916693,87423.94058916693,EVTOL_001,idle,False,LYBE,,
87402.83308048033,87442.83308048033,EVTOL_003,takeoff,False,,F000241,repositioning
87423.94058916693,87751.02884909864,EVTOL_001,idle,True,LYBE,,
87442.83308048033,87779.28126848032,EVTOL_003,cruise,False,,F000241,repositioning
87528.77641116692,87588.77641116692,EVTOL_002,landing,False,,F000238,passenger
87575.79927988916,87635.79927988916,EVTOL_004,landing,False,,F000240,passenger
87588.77641116692,87648.77641116692,EVTOL_002,disembarking,False,BW,F000238,passenger
87635.79927988916,87695.79927988916,EVTOL_004,disembarking,False,JUG,F000240,passenger
87648.77641116692,87780.77641116692,EVTOL_002,disembarking,True,BW,F000238,passenger
87695.79927988916,87761.79927988916,EVTOL_004,disembarking,True,JUG,F000240,passenger
87751.02884909864,88096.02884909864,EVTOL_001,boarding,True,LYBE,F000242,passenger
87761.79927988916,89041.63539248033,EVTOL_004,idle,True,JUG,,
87779.28126848032,87839.28126848032,EVTOL_003,landing,False,,F000241,repositioning
87780.77641116692,89041.63539248033,EVTOL_002,idle,True,BW,,
87839.28126848032,87899.28126848032,EVTOL_003,idle,False,LYBE,,
87899.28126848032,88242.83308048033,EVTOL_003,idle,True,LYBE,,
88096.02884909864,88156.02884909864,EVTOL_001,departure_finalization,False,LYBE,F000242,passenger
88156.02884909864,88196.02884909864,EVTOL_001,takeoff,False,,F000242,passenger
88196.02884909864,88420.86467109864,EVTOL_001,cruise,False,,F000242,passenger
88242.83308048033,88437.83308048033,EVTOL_003,boarding,True,LYBE,F000243,passenger
88420.86467109864,88480.86467109864,EVTOL_001,landing,False,,F000242,passenger
88437.83308048033,88497.83308048033,EVTOL_003,departure_finalization,False,LYBE,F000243,passenger
88480.86467109864,88540.86467109864,EVTOL_001,disembarking,False,BW,F000242,passenger
88497.83308048033,88537.83308048033,EVTOL_003,takeoff,False,,F000243,passenger
88537.83308048033,88855.63539248033,EVTOL_003,cruise,False,,F000243,passenger
88540.86467109864,88738.86467109864,EVTOL_001,disembarking,True,BW,F000242,passenger
88738.86467109864,89041.63539248033,EVTOL_001,idle,True,BW,,
88855.63539248033,88915.63539248033,EVTOL_003,landing,False,,F000243,passenger
88915.63539248033,88975.63539248033,EVTOL_003,disembarking,False,JUG,F000243,passenger
88975.63539248033,89041.63539248033,EVTOL_003,disembarking,True,JUG,F000243,passenger
