start_s,end_s,passenger_id,group_id,aircraft_id,origin,destination,stage,scope,causes,constraint_locations,aircraft_activity,duration_min,overdue_min,extra_after_boarding_min,start_local,end_local
-8589.685791410968,-7689.685791410968,SYN2-193-D:P0001,G:BW:LYBE:SYN2-193-D:P0001,EVTOL_004,BW,LYBE,before_boarding,selected_plan,group_formation,group_formation@BW,idle,15.0,0.0,0.0,2026-07-30T21:36:50.314209+02:00,2026-07-30T21:51:50.314209+02:00
-7494.685791410968,-7434.685791410968,SYN2-193-D:P0001,G:BW:LYBE:SYN2-193-D:P0001,EVTOL_004,BW,LYBE,departure_preparation,committed_flight,departure_preparation,departure_preparation@BW,departure_finalization,1.0,0.0,0.0,2026-07-30T21:55:05.314209+02:00,2026-07-30T21:56:05.314209+02:00
-7310.093753386209,-7250.093753386209,SYN2-197-D:P0002,G:LYBV:LYBE:SYN2-197-D:P0002,EVTOL_001,LYBV,LYBE,before_boarding,selected_plan,departure_preparation|group_formation,departure_preparation@LYBE|group_formation@LYBV,departure_finalization,1.0,0.0,0.0,2026-07-30T21:58:09.906247+02:00,2026-07-30T21:59:09.906247+02:00
-7250.093753386209,-7210.093753386209,SYN2-197-D:P0002,G:LYBV:LYBE:SYN2-197-D:P0002,EVTOL_001,LYBV,LYBE,before_boarding,selected_plan,group_formation|repositioning_flight,group_formation@LYBV|repositioning_flight@LYBV,takeoff,0.6666666666666666,0.0,0.0,2026-07-30T21:59:09.906247+02:00,2026-07-30T21:59:49.906247+02:00
-7210.093753386209,-6873.645565386209,SYN2-197-D:P0002,G:LYBV:LYBE:SYN2-197-D:P0002,EVTOL_001,LYBV,LYBE,before_boarding,selected_plan,group_formation|repositioning_flight,group_formation@LYBV|repositioning_flight@LYBV,cruise,5.607469800000005,0.0,0.0,2026-07-30T21:59:49.906247+02:00,2026-07-30T22:05:26.354435+02:00
-6873.645565386209,-6813.645565386209,SYN2-197-D:P0002,G:LYBV:LYBE:SYN2-197-D:P0002,EVTOL_001,LYBV,LYBE,before_boarding,selected_plan,group_formation|repositioning_flight,group_formation@LYBV|repositioning_flight@LYBV,landing,1.0,0.0,0.0,2026-07-30T22:05:26.354435+02:00,2026-07-30T22:06:26.354435+02:00
-6813.645565386209,-6410.093753386209,SYN2-197-D:P0002,G:LYBV:LYBE:SYN2-197-D:P0002,EVTOL_001,LYBV,LYBE,before_boarding,selected_plan,group_formation,group_formation@LYBV,idle,6.725863533333328,0.0,0.0,2026-07-30T22:06:26.354435+02:00,2026-07-30T22:13:09.906247+02:00
-6215.093753386209,-6155.093753386209,SYN2-197-D:P0002,G:LYBV:LYBE:SYN2-197-D:P0002,EVTOL_001,LYBV,LYBE,departure_preparation,committed_flight,departure_preparation,departure_preparation@LYBV,departure_finalization,1.0,0.0,0.0,2026-07-30T22:16:24.906247+02:00,2026-07-30T22:17:24.906247+02:00
-4129.214763538449,-4069.214763538449,SYN2-197-D:P0001,G:JUG:LYBE:SYN2-197-D:P0001,EVTOL_001,JUG,LYBE,before_boarding,selected_plan,departure_preparation|group_formation,departure_preparation@LYBE|group_formation@JUG,departure_finalization,1.0,0.0,0.0,2026-07-30T22:51:10.785236+02:00,2026-07-30T22:52:10.785236+02:00
-4069.214763538449,-4029.214763538449,SYN2-197-D:P0001,G:JUG:LYBE:SYN2-197-D:P0001,EVTOL_001,JUG,LYBE,before_boarding,selected_plan,group_formation|repositioning_flight,group_formation@JUG|repositioning_flight@JUG,takeoff,0.6666666666666666,0.0,0.0,2026-07-30T22:52:10.785236+02:00,2026-07-30T22:52:50.785236+02:00
-4029.214763538449,-3711.412451538449,SYN2-197-D:P0001,G:JUG:LYBE:SYN2-197-D:P0001,EVTOL_001,JUG,LYBE,before_boarding,selected_plan,group_formation|repositioning_flight,group_formation@JUG|repositioning_flight@JUG,cruise,5.296705199999996,0.0,0.0,2026-07-30T22:52:50.785236+02:00,2026-07-30T22:58:08.587548+02:00
-3711.412451538449,-3651.412451538449,SYN2-197-D:P0001,G:JUG:LYBE:SYN2-197-D:P0001,EVTOL_001,JUG,LYBE,before_boarding,selected_plan,group_formation|repositioning_flight,group_formation@JUG|repositioning_flight@JUG,landing,1.0,0.0,0.0,2026-07-30T22:58:08.587548+02:00,2026-07-30T22:59:08.587548+02:00
-3651.412451538449,-3229.214763538449,SYN2-197-D:P0001,G:JUG:LYBE:SYN2-197-D:P0001,EVTOL_001,JUG,LYBE,before_boarding,selected_plan,group_formation,group_formation@JUG,idle,7.036628133333337,0.0,0.0,2026-07-30T22:59:08.587548+02:00,2026-07-30T23:06:10.785236+02:00
-3034.214763538449,-2974.214763538449,SYN2-197-D:P0001,G:JUG:LYBE:SYN2-197-D:P0001,EVTOL_001,JUG,LYBE,departure_preparation,committed_flight,departure_preparation,departure_preparation@JUG,departure_finalization,1.0,0.0,0.0,2026-07-30T23:09:25.785236+02:00,2026-07-30T23:10:25.785236+02:00
2943.008824710608,3843.008824710608,SYN2-001-A:P0002,G:LYBE:BW:SYN2-001-A:P0002,EVTOL_001,LYBE,BW,before_boarding,selected_plan,group_formation,group_formation@LYBE,idle,15.0,0.0,0.0,2026-07-31T00:49:03.008825+02:00,2026-07-31T01:04:03.008825+02:00
4038.0088247106087,4098.008824710609,SYN2-001-A:P0002,G:LYBE:BW:SYN2-001-A:P0002,EVTOL_001,LYBE,BW,departure_preparation,committed_flight,departure_preparation,departure_preparation@LYBE,departure_finalization,1.0,0.0,0.0,2026-07-31T01:07:18.008825+02:00,2026-07-31T01:08:18.008825+02:00
4074.571455082855,4974.571455082855,SYN2-001-A:P0001,G:LYBE:DOR:SYN2-001-A:P0001,EVTOL_002,LYBE,DOR,before_boarding,selected_plan,group_formation,group_formation@LYBE,idle,15.0,0.0,0.0,2026-07-31T01:07:54.571455+02:00,2026-07-31T01:22:54.571455+02:00
5169.571455082855,5229.571455082855,SYN2-001-A:P0001,G:LYBE:DOR:SYN2-001-A:P0001,EVTOL_002,LYBE,DOR,departure_preparation,committed_flight,departure_preparation,departure_preparation@LYBE,departure_finalization,1.0,0.0,0.0,2026-07-31T01:26:09.571455+02:00,2026-07-31T01:27:09.571455+02:00
5755.868405199968,6655.868405199968,SYN2-002-A:P0001,G:LYBE:BW:SYN2-002-A:P0001,EVTOL_003,LYBE,BW,before_boarding,selected_plan,group_formation,group_formation@LYBE,idle,15.0,0.0,0.0,2026-07-31T01:35:55.868405+02:00,2026-07-31T01:50:55.868405+02:00
6170.032260558674,7070.032260558674,SYN2-003-A:P0001,G:LYBE:LYBV:SYN2-003-A:P0001,EVTOL_004,LYBE,LYBV,before_boarding,selected_plan,group_formation,group_formation@LYBE,idle,15.0,0.0,0.0,2026-07-31T01:42:50.032261+02:00,2026-07-31T01:57:50.032261+02:00
6693.337270162404,6912.3373125306525,SYN2-345-D:P0002,G:BW:LYBE:SYN2-345-D:P0002,EVTOL_001,BW,LYBE,before_boarding,selected_plan,group_formation,group_formation@BW,idle,3.650000706137477,0.0,0.0,2026-07-31T01:51:33.337270+02:00,2026-07-31T01:55:12.337313+02:00
6850.868405199968,6910.868405199968,SYN2-002-A:P0001,G:LYBE:BW:SYN2-002-A:P0001,EVTOL_003,LYBE,BW,departure_preparation,committed_flight,departure_preparation,departure_preparation@LYBE,departure_finalization,1.0,0.0,0.0,2026-07-31T01:54:10.868405+02:00,2026-07-31T01:55:10.868405+02:00
6912.3373125306525,6972.3373125306525,SYN2-003-A:P0002,G:LYBE:DOR:SYN2-003-A:P0002,EVTOL_001,LYBE,DOR,before_boarding,selected_plan,departure_preparation|group_formation,departure_preparation@BW|group_formation@LYBE,departure_finalization,1.0,0.0,0.0,2026-07-31T01:55:12.337313+02:00,2026-07-31T01:56:12.337313+02:00
6912.3373125306525,6950.868405199968,SYN2-345-D:P0002,G:BW:LYBE:SYN2-345-D:P0002,EVTOL_003,BW,LYBE,before_boarding,selected_plan,aircraft_busy|group_formation,aircraft_busy@F000008|group_formation@BW,takeoff,0.6421848778219252,0.0,0.0,2026-07-31T01:55:12.337313+02:00,2026-07-31T01:55:50.868405+02:00
6950.868405199968,7175.704227199968,SYN2-345-D:P0002,G:BW:LYBE:SYN2-345-D:P0002,EVTOL_003,BW,LYBE,before_boarding,selected_plan,aircraft_busy|group_formation,aircraft_busy@F000008|group_formation@BW,cruise,3.7472637,0.0,0.0,2026-07-31T01:55:50.868405+02:00,2026-07-31T01:59:35.704227+02:00
6972.3373125306525,7012.3373125306525,SYN2-003-A:P0002,G:LYBE:DOR:SYN2-003-A:P0002,EVTOL_001,LYBE,DOR,before_boarding,selected_plan,group_formation|repositioning_flight,group_formation@LYBE|repositioning_flight@LYBE,takeoff,0.6666666666666666,0.0,0.0,2026-07-31T01:56:12.337313+02:00,2026-07-31T01:56:52.337313+02:00
7012.3373125306525,7237.1731345306525,SYN2-003-A:P0002,G:LYBE:DOR:SYN2-003-A:P0002,EVTOL_001,LYBE,DOR,before_boarding,selected_plan,group_formation|repositioning_flight,group_formation@LYBE|repositioning_flight@LYBE,cruise,3.7472637,0.0,0.0,2026-07-31T01:56:52.337313+02:00,2026-07-31T02:00:37.173135+02:00
7175.704227199968,7235.704227199968,SYN2-345-D:P0002,G:BW:LYBE:SYN2-345-D:P0002,EVTOL_003,BW,LYBE,before_boarding,selected_plan,aircraft_busy|group_formation,aircraft_busy@F000008|group_formation@BW,landing,1.0,0.0,0.0,2026-07-31T01:59:35.704227+02:00,2026-07-31T02:00:35.704227+02:00
7235.704227199968,7361.704227199968,SYN2-345-D:P0002,G:BW:LYBE:SYN2-345-D:P0002,EVTOL_003,BW,LYBE,before_boarding,selected_plan,aircraft_busy|group_formation,aircraft_busy@F000008|group_formation@BW,disembarking,2.1,0.0,0.0,2026-07-31T02:00:35.704227+02:00,2026-07-31T02:02:41.704227+02:00
7237.1731345306525,7297.1731345306525,SYN2-003-A:P0002,G:LYBE:DOR:SYN2-003-A:P0002,EVTOL_001,LYBE,DOR,before_boarding,selected_plan,group_formation|repositioning_flight,group_formation@LYBE|repositioning_flight@LYBE,landing,1.0,0.0,0.0,2026-07-31T02:00:37.173135+02:00,2026-07-31T02:01:37.173135+02:00
7265.032260558674,7325.032260558674,SYN2-003-A:P0001,G:LYBE:LYBV:SYN2-003-A:P0001,EVTOL_004,LYBE,LYBV,departure_preparation,committed_flight,departure_preparation,departure_preparation@LYBE,departure_finalization,1.0,0.0,0.0,2026-07-31T02:01:05.032261+02:00,2026-07-31T02:02:05.032261+02:00
7297.1731345306525,7812.3373125306525,SYN2-003-A:P0002,G:LYBE:DOR:SYN2-003-A:P0002,EVTOL_001,LYBE,DOR,before_boarding,selected_plan,group_formation,group_formation@LYBE,idle,8.586069633333333,0.0,0.0,2026-07-31T02:01:37.173135+02:00,2026-07-31T02:10:12.337313+02:00
7344.532563914503,8244.532563914503,SYN2-199-D:P0001,G:DOR:LYBE:SYN2-199-D:P0001,EVTOL_002,DOR,LYBE,before_boarding,selected_plan,group_formation,group_formation@DOR,idle,15.0,0.0,0.0,2026-07-31T02:02:24.532564+02:00,2026-07-31T02:17:24.532564+02:00
7361.704227199968,7593.337270162404,SYN2-345-D:P0002,G:BW:LYBE:SYN2-345-D:P0002,EVTOL_003,BW,LYBE,before_boarding,selected_plan,group_formation,group_formation@BW,idle,3.860550716040598,0.0,0.0,2026-07-31T02:02:41.704227+02:00,2026-07-31T02:06:33.337270+02:00
7657.8445003874795,7788.337270162404,SYN2-005-A:P0001,G:LYBE:JUG:SYN2-005-A:P0001,EVTOL_003,LYBE,JUG,before_boarding,selected_plan,aircraft_busy|group_formation,aircraft_busy@F000011|group_formation@LYBE,boarding,2.174879496248741,0.0,0.0,2026-07-31T02:07:37.844500+02:00,2026-07-31T02:09:48.337270+02:00
7788.337270162404,7848.337270162404,SYN2-005-A:P0001,G:LYBE:JUG:SYN2-005-A:P0001,EVTOL_003,LYBE,JUG,before_boarding,selected_plan,aircraft_busy|group_formation,aircraft_busy@F000011|group_formation@LYBE,departure_finalization,1.0,0.0,0.0,2026-07-31T02:09:48.337270+02:00,2026-07-31T02:10:48.337270+02:00
7788.337270162404,7848.337270162404,SYN2-345-D:P0002,G:BW:LYBE:SYN2-345-D:P0002,EVTOL_003,BW,LYBE,departure_preparation,committed_flight,departure_preparation,departure_preparation@BW,departure_finalization,1.0,0.0,0.0,2026-07-31T02:09:48.337270+02:00,2026-07-31T02:10:48.337270+02:00
7848.337270162404,7888.337270162404,SYN2-005-A:P0001,G:LYBE:JUG:SYN2-005-A:P0001,EVTOL_003,LYBE,JUG,before_boarding,selected_plan,aircraft_busy|group_formation,aircraft_busy@F000011|group_formation@LYBE,takeoff,0.6666666666666666,0.0,0.0,2026-07-31T02:10:48.337270+02:00,2026-07-31T02:11:28.337270+02:00
7888.337270162404,8113.173092162404,SYN2-005-A:P0001,G:LYBE:JUG:SYN2-005-A:P0001,EVTOL_003,LYBE,JUG,before_boarding,selected_plan,aircraft_busy|group_formation,aircraft_busy@F000011|group_formation@LYBE,cruise,3.7472637,0.0,0.0,2026-07-31T02:11:28.337270+02:00,2026-07-31T02:15:13.173092+02:00
8007.3373125306525,8067.3373125306525,SYN2-003-A:P0002,G:LYBE:DOR:SYN2-003-A:P0002,EVTOL_001,LYBE,DOR,departure_preparation,committed_flight,departure_preparation,departure_preparation@LYBE,departure_finalization,1.0,0.0,0.0,2026-07-31T02:13:27.337313+02:00,2026-07-31T02:14:27.337313+02:00
8113.173092162404,8173.173092162404,SYN2-005-A:P0001,G:LYBE:JUG:SYN2-005-A:P0001,EVTOL_003,LYBE,JUG,before_boarding,selected_plan,aircraft_busy|group_formation,aircraft_busy@F000011|group_formation@LYBE,landing,1.0,0.0,0.0,2026-07-31T02:15:13.173092+02:00,2026-07-31T02:16:13.173092+02:00
8142.551607459009,8244.532563914503,SYN2-344-D:P0001,G:DOR:LYBE:SYN2-199-D:P0001,EVTOL_002,DOR,LYBE,before_boarding,selected_plan,group_formation,group_formation@DOR,idle,1.699682607591573,0.0,0.0,2026-07-31T02:15:42.551607+02:00,2026-07-31T02:17:24.532564+02:00
8154.768293796771,8244.532563914503,SYN2-345-D:P0001,G:DOR:LYBE:SYN2-199-D:P0001,EVTOL_002,DOR,LYBE,before_boarding,selected_plan,group_formation,group_formation@DOR,idle,1.4960711686288657,0.0,0.0,2026-07-31T02:15:54.768294+02:00,2026-07-31T02:17:24.532564+02:00
8173.173092162404,8299.173092162404,SYN2-005-A:P0001,G:LYBE:JUG:SYN2-005-A:P0001,EVTOL_003,LYBE,JUG,before_boarding,selected_plan,aircraft_busy|group_formation,aircraft_busy@F000011|group_formation@LYBE,disembarking,2.1,0.0,0.0,2026-07-31T02:16:13.173092+02:00,2026-07-31T02:18:19.173092+02:00
8264.387477197839,8435.137526530652,SYN2-198-D:P0001,G:JUG:LYBE:SYN2-198-D:P0001,EVTOL_001,JUG,LYBE,before_boarding,selected_plan,aircraft_busy|group_formation,aircraft_busy@F000012|group_formation@JUG,cruise,2.8458341555468905,0.0,0.0,2026-07-31T02:17:44.387477+02:00,2026-07-31T02:20:35.137527+02:00
8299.173092162404,8557.84450038748,SYN2-005-A:P0001,G:LYBE:JUG:SYN2-005-A:P0001,EVTOL_003,LYBE,JUG,before_boarding,selected_plan,group_formation,group_formation@LYBE,idle,4.3111901370846075,0.0,0.0,2026-07-31T02:18:19.173092+02:00,2026-07-31T02:22:37.844500+02:00
8435.137526530652,8495.137526530652,SYN2-198-D:P0001,G:JUG:LYBE:SYN2-198-D:P0001,EVTOL_001,JUG,LYBE,before_boarding,selected_plan,aircraft_busy|group_formation,aircraft_busy@F000012|group_formation@JUG,landing,1.0,0.0,0.0,2026-07-31T02:20:35.137527+02:00,2026-07-31T02:21:35.137527+02:00
8495.137526530652,8621.137526530652,SYN2-198-D:P0001,G:JUG:LYBE:SYN2-198-D:P0001,EVTOL_001,JUG,LYBE,before_boarding,selected_plan,aircraft_busy|group_formation,aircraft_busy@F000012|group_formation@JUG,disembarking,2.1,0.0,0.0,2026-07-31T02:21:35.137527+02:00,2026-07-31T02:23:41.137527+02:00
8522.0806069149,8589.532563914503,SYN2-006-A:P0001,G:LYBE:BW:SYN2-006-A:P0001,EVTOL_002,LYBE,BW,before_boarding,selected_plan,aircraft_busy|group_formation,aircraft_busy@F000013|group_formation@LYBE,boarding,1.124199283326713,0.0,0.0,2026-07-31T02:22:02.080607+02:00,2026-07-31T02:23:09.532564+02:00
8589.532563914503,8649.532563914503,SYN2-006-A:P0001,G:LYBE:BW:SYN2-006-A:P0001,EVTOL_002,LYBE,BW,before_boarding,selected_plan,aircraft_busy|group_formation,aircraft_busy@F000013|group_formation@LYBE,departure_finalization,1.0,0.0,0.0,2026-07-31T02:23:09.532564+02:00,2026-07-31T02:24:09.532564+02:00
8589.532563914503,8649.532563914503,SYN2-199-D:P0001,G:DOR:LYBE:SYN2-199-D:P0001,EVTOL_002,DOR,LYBE,departure_preparation,committed_flight,departure_preparation,departure_preparation@DOR,departure_finalization,1.0,0.0,0.0,2026-07-31T02:23:09.532564+02:00,2026-07-31T02:24:09.532564+02:00
8589.532563914503,8649.532563914503,SYN2-344-D:P0001,G:DOR:LYBE:SYN2-199-D:P0001,EVTOL_002,DOR,LYBE,departure_preparation,committed_flight,departure_preparation,departure_preparation@DOR,departure_finalization,1.0,0.0,0.0,2026-07-31T02:23:09.532564+02:00,2026-07-31T02:24:09.532564+02:00
8589.532563914503,8649.532563914503,SYN2-345-D:P0001,G:DOR:LYBE:SYN2-199-D:P0001,EVTOL_002,DOR,LYBE,departure_preparation,committed_flight,departure_preparation,departure_preparation@DOR,departure_finalization,1.0,0.0,0.0,2026-07-31T02:23:09.532564+02:00,2026-07-31T02:24:09.532564+02:00
8621.137526530652,8629.532563914503,SYN2-198-D:P0001,G:JUG:LYBE:SYN2-198-D:P0001,EVTOL_001,JUG,LYBE,before_boarding,selected_plan,group_formation|origin_tlof,group_formation@JUG|origin_tlof@DOR,idle,0.13991728973084416,0.0,0.0,2026-07-31T02:23:41.137527+02:00,2026-07-31T02:23:49.532564+02:00
8629.532563914503,8689.532563914503,SYN2-198-D:P0001,G:JUG:LYBE:SYN2-198-D:P0001,EVTOL_001,JUG,LYBE,before_boarding,selected_plan,departure_preparation|group_formation,departure_preparation@DOR|group_formation@JUG,departure_finalization,1.0,0.0,0.0,2026-07-31T02:23:49.532564+02:00,2026-07-31T02:24:49.532564+02:00
8649.532563914503,8689.532563914503,SYN2-006-A:P0001,G:LYBE:BW:SYN2-006-A:P0001,EVTOL_002,LYBE,BW,before_boarding,selected_plan,aircraft_busy|group_formation,aircraft_busy@F000013|group_formation@LYBE,takeoff,0.6666666666666666,0.0,0.0,2026-07-31T02:24:09.532564+02:00,2026-07-31T02:24:49.532564+02:00
8689.532563914503,9017.332777914504,SYN2-006-A:P0001,G:LYBE:BW:SYN2-006-A:P0001,EVTOL_002,LYBE,BW,before_boarding,selected_plan,aircraft_busy|group_formation,aircraft_busy@F000013|group_formation@LYBE,cruise,5.463336900000013,0.0,0.0,2026-07-31T02:24:49.532564+02:00,2026-07-31T02:30:17.332778+02:00
8689.532563914503,8729.532563914503,SYN2-198-D:P0001,G:JUG:LYBE:SYN2-198-D:P0001,EVTOL_001,JUG,LYBE,before_boarding,selected_plan,group_formation|repositioning_flight,group_formation@JUG|repositioning_flight@JUG,takeoff,0.6666666666666666,0.0,0.0,2026-07-31T02:24:49.532564+02:00,2026-07-31T02:25:29.532564+02:00
8729.532563914503,8780.009549914503,SYN2-198-D:P0001,G:JUG:LYBE:SYN2-198-D:P0001,EVTOL_001,JUG,LYBE,before_boarding,selected_plan,group_formation|repositioning_flight,group_formation@JUG|repositioning_flight@JUG,cruise,0.8412830999999945,0.0,0.0,2026-07-31T02:25:29.532564+02:00,2026-07-31T02:26:20.009550+02:00
8752.84450038748,8812.84450038748,SYN2-005-A:P0001,G:LYBE:JUG:SYN2-005-A:P0001,EVTOL_003,LYBE,JUG,departure_preparation,committed_flight,departure_preparation,departure_preparation@LYBE,departure_finalization,1.0,0.0,0.0,2026-07-31T02:25:52.844500+02:00,2026-07-31T02:26:52.844500+02:00
8780.009549914503,8840.009549914503,SYN2-198-D:P0001,G:JUG:LYBE:SYN2-198-D:P0001,EVTOL_001,JUG,LYBE,before_boarding,selected_plan,group_formation|repositioning_flight,group_formation@JUG|repositioning_flight@JUG,landing,1.0,0.0,0.0,2026-07-31T02:26:20.009550+02:00,2026-07-31T02:27:20.009550+02:00
8840.009549914503,9164.387477197839,SYN2-198-D:P0001,G:JUG:LYBE:SYN2-198-D:P0001,EVTOL_001,JUG,LYBE,before_boarding,selected_plan,group_formation,group_formation@JUG,idle,5.406298788055604,0.0,0.0,2026-07-31T02:27:20.009550+02:00,2026-07-31T02:32:44.387477+02:00
9017.332777914504,9077.332777914504,SYN2-006-A:P0001,G:LYBE:BW:SYN2-006-A:P0001,EVTOL_002,LYBE,BW,before_boarding,selected_plan,aircraft_busy|group_formation,aircraft_busy@F000013|group_formation@LYBE,landing,1.0,0.0,0.0,2026-07-31T02:30:17.332778+02:00,2026-07-31T02:31:17.332778+02:00
9038.022309284668,9938.022309284668,SYN2-198-D:P0002,G:LYBV:LYBE:SYN2-198-D:P0002,EVTOL_004,LYBV,LYBE,before_boarding,selected_plan,group_formation,group_formation@LYBV,idle,15.0,0.0,0.0,2026-07-31T02:30:38.022309+02:00,2026-07-31T02:45:38.022309+02:00
9065.005922843404,9077.332777914504,SYN2-005-A:P0002,G:LYBE:BW:SYN2-006-A:P0001,EVTOL_002,LYBE,BW,before_boarding,selected_plan,aircraft_busy|group_formation,aircraft_busy@F000013|group_formation@LYBE,landing,0.2054475845183333,0.0,0.0,2026-07-31T02:31:05.005923+02:00,2026-07-31T02:31:17.332778+02:00
9077.332777914504,9335.332777914504,SYN2-006-A:P0001,G:LYBE:BW:SYN2-006-A:P0001,EVTOL_002,LYBE,BW,before_boarding,selected_plan,aircraft_busy|group_formation,aircraft_busy@F000013|group_formation@LYBE,disembarking,4.3,0.0,0.0,2026-07-31T02:31:17.332778+02:00,2026-07-31T02:35:35.332778+02:00
9077.332777914504,9335.332777914504,SYN2-005-A:P0002,G:LYBE:BW:SYN2-006-A:P0001,EVTOL_002,LYBE,BW,before_boarding,selected_plan,aircraft_busy|group_formation,aircraft_busy@F000013|group_formation@LYBE,disembarking,4.3,0.0,0.0,2026-07-31T02:31:17.332778+02:00,2026-07-31T02:35:35.332778+02:00
9335.332777914504,9422.0806069149,SYN2-006-A:P0001,G:LYBE:BW:SYN2-006-A:P0001,EVTOL_002,LYBE,BW,before_boarding,selected_plan,group_formation,group_formation@LYBE,idle,1.4457971500066076,0.0,0.0,2026-07-31T02:35:35.332778+02:00,2026-07-31T02:37:02.080607+02:00
9335.332777914504,9422.0806069149,SYN2-005-A:P0002,G:LYBE:BW:SYN2-006-A:P0001,EVTOL_002,LYBE,BW,before_boarding,selected_plan,group_formation,group_formation@LYBE,idle,1.4457971500066076,0.0,0.0,2026-07-31T02:35:35.332778+02:00,2026-07-31T02:37:02.080607+02:00
9359.387477197839,9419.387477197839,SYN2-198-D:P0001,G:JUG:LYBE:SYN2-198-D:P0001,EVTOL_001,JUG,LYBE,departure_preparation,committed_flight,departure_preparation,departure_preparation@JUG,departure_finalization,1.0,0.0,0.0,2026-07-31T02:35:59.387477+02:00,2026-07-31T02:36:59.387477+02:00
9582.420207753525,9938.022309284668,SYN2-207-D:P0002,G:LYBV:LYBE:SYN2-198-D:P0002,EVTOL_004,LYBV,LYBE,before_boarding,selected_plan,group_formation,group_formation@LYBV,idle,5.926701692185725,0.0,0.0,2026-07-31T02:39:42.420208+02:00,2026-07-31T02:45:38.022309+02:00
9692.0806069149,9777.189789197839,SYN2-006-A:P0001,G:LYBE:BW:SYN2-006-A:P0001,EVTOL_002,LYBE,BW,after_boarding,committed_flight,origin_tlof,origin_tlof@LYBE,waiting_for_departure,1.4184863713823082,0.0,1.4184863713823082,2026-07-31T02:41:32.080607+02:00,2026-07-31T02:42:57.189789+02:00
9692.0806069149,9777.189789197839,SYN2-005-A:P0002,G:LYBE:BW:SYN2-006-A:P0001,EVTOL_002,LYBE,BW,after_boarding,committed_flight,origin_tlof,origin_tlof@LYBE,waiting_for_departure,1.4184863713823082,0.0,1.4184863713823082,2026-07-31T02:41:32.080607+02:00,2026-07-31T02:42:57.189789+02:00
9777.189789197839,9837.189789197839,SYN2-006-A:P0001,G:LYBE:BW:SYN2-006-A:P0001,EVTOL_002,LYBE,BW,departure_preparation,committed_flight,departure_preparation,departure_preparation@LYBE,departure_finalization,1.0,0.0,0.0,2026-07-31T02:42:57.189789+02:00,2026-07-31T02:43:57.189789+02:00
9777.189789197839,9837.189789197839,SYN2-005-A:P0002,G:LYBE:BW:SYN2-006-A:P0001,EVTOL_002,LYBE,BW,departure_preparation,committed_flight,departure_preparation,departure_preparation@LYBE,departure_finalization,1.0,0.0,0.0,2026-07-31T02:42:57.189789+02:00,2026-07-31T02:43:57.189789+02:00
10166.833371314906,10226.833371314906,SYN2-348-D:P0001,G:DOR:LYBE:SYN2-348-D:P0001,EVTOL_003,DOR,LYBE,before_boarding,selected_plan,departure_preparation|group_formation,departure_preparation@JUG|group_formation@DOR,departure_finalization,1.0,0.0,0.0,2026-07-31T02:49:26.833371+02:00,2026-07-31T02:50:26.833371+02:00
10208.022309284668,10268.022309284668,SYN2-198-D:P0002,G:LYBV:LYBE:SYN2-198-D:P0002,EVTOL_004,LYBV,LYBE,departure_preparation,committed_flight,departure_preparation,departure_preparation@LYBV,departure_finalization,1.0,0.0,0.0,2026-07-31T02:50:08.022309+02:00,2026-07-31T02:51:08.022309+02:00
10208.022309284668,10268.022309284668,SYN2-207-D:P0002,G:LYBV:LYBE:SYN2-198-D:P0002,EVTOL_004,LYBV,LYBE,departure_preparation,committed_flight,departure_preparation,departure_preparation@LYBV,departure_finalization,1.0,0.0,0.0,2026-07-31T02:50:08.022309+02:00,2026-07-31T02:51:08.022309+02:00
10226.833371314906,10266.833371314906,SYN2-348-D:P0001,G:DOR:LYBE:SYN2-348-D:P0001,EVTOL_003,DOR,LYBE,before_boarding,selected_plan,group_formation|repositioning_flight,group_formation@DOR|repositioning_flight@DOR,takeoff,0.6666666666666666,0.0,0.0,2026-07-31T02:50:26.833371+02:00,2026-07-31T02:51:06.833371+02:00
10266.833371314906,10317.310357314906,SYN2-348-D:P0001,G:DOR:LYBE:SYN2-348-D:P0001,EVTOL_003,DOR,LYBE,before_boarding,selected_plan,group_formation|repositioning_flight,group_formation@DOR|repositioning_flight@DOR,cruise,0.8412830999999945,0.0,0.0,2026-07-31T02:51:06.833371+02:00,2026-07-31T02:51:57.310357+02:00
10317.310357314906,10377.310357314906,SYN2-348-D:P0001,G:DOR:LYBE:SYN2-348-D:P0001,EVTOL_003,DOR,LYBE,before_boarding,selected_plan,group_formation|repositioning_flight,group_formation@DOR|repositioning_flight@DOR,landing,1.0,0.0,0.0,2026-07-31T02:51:57.310357+02:00,2026-07-31T02:52:57.310357+02:00
10340.59644394764,10377.310357314906,SYN2-200-D:P0001,G:DOR:LYBE:SYN2-348-D:P0001,EVTOL_003,DOR,LYBE,before_boarding,selected_plan,group_formation|repositioning_flight,group_formation@DOR|repositioning_flight@DOR,landing,0.6118985561211048,0.0,0.0,2026-07-31T02:52:20.596444+02:00,2026-07-31T02:52:57.310357+02:00
10377.310357314906,11066.833371314906,SYN2-348-D:P0001,G:DOR:LYBE:SYN2-348-D:P0001,EVTOL_003,DOR,LYBE,before_boarding,selected_plan,group_formation,group_formation@DOR,idle,11.49205023333334,0.0,0.0,2026-07-31T02:52:57.310357+02:00,2026-07-31T03:04:26.833371+02:00
10377.310357314906,11066.833371314906,SYN2-200-D:P0001,G:DOR:LYBE:SYN2-348-D:P0001,EVTOL_003,DOR,LYBE,before_boarding,selected_plan,group_formation,group_formation@DOR,idle,11.49205023333334,0.0,0.0,2026-07-31T02:52:57.310357+02:00,2026-07-31T03:04:26.833371+02:00
10428.243821746415,11328.243821746415,SYN2-210-D:P0001,G:BW:LYBE:SYN2-210-D:P0001,EVTOL_002,BW,LYBE,before_boarding,selected_plan,group_formation,group_formation@BW,idle,15.0,0.0,0.0,2026-07-31T02:53:48.243822+02:00,2026-07-31T03:08:48.243822+02:00
10714.555242255907,10774.555242255907,SYN2-202-D:P0002,G:EXPO:LYBE:SYN2-202-D:P0002,EVTOL_001,EXPO,LYBE,before_boarding,selected_plan,departure_preparation|group_formation,departure_preparation@LYBE|group_formation@EXPO,departure_finalization,1.0,0.0,0.0,2026-07-31T02:58:34.555242+02:00,2026-07-31T02:59:34.555242+02:00
10774.555242255907,10814.555242255907,SYN2-202-D:P0002,G:EXPO:LYBE:SYN2-202-D:P0002,EVTOL_001,EXPO,LYBE,before_boarding,selected_plan,group_formation|repositioning_flight,group_formation@EXPO|repositioning_flight@EXPO,takeoff,0.6666666666666666,0.0,0.0,2026-07-31T02:59:34.555242+02:00,2026-07-31T03:00:14.555242+02:00
10814.555242255907,10915.317640255907,SYN2-202-D:P0002,G:EXPO:LYBE:SYN2-202-D:P0002,EVTOL_001,EXPO,LYBE,before_boarding,selected_plan,group_formation|repositioning_flight,group_formation@EXPO|repositioning_flight@EXPO,cruise,1.6793733000000126,0.0,0.0,2026-07-31T03:00:14.555242+02:00,2026-07-31T03:01:55.317640+02:00
10915.317640255907,10975.317640255907,SYN2-202-D:P0002,G:EXPO:LYBE:SYN2-202-D:P0002,EVTOL_001,EXPO,LYBE,before_boarding,selected_plan,group_formation|repositioning_flight,group_formation@EXPO|repositioning_flight@EXPO,landing,1.0,0.0,0.0,2026-07-31T03:01:55.317640+02:00,2026-07-31T03:02:55.317640+02:00
10960.21688734553,11066.833371314906,SYN2-199-D:P0002,G:DOR:LYBE:SYN2-348-D:P0001,EVTOL_003,DOR,LYBE,before_boarding,selected_plan,group_formation,group_formation@DOR,idle,1.7769413994895937,0.0,0.0,2026-07-31T03:02:40.216887+02:00,2026-07-31T03:04:26.833371+02:00
10975.317640255907,11575.317640255907,SYN2-202-D:P0002,G:EXPO:LYBE:SYN2-202-D:P0002,EVTOL_001,EXPO,LYBE,before_boarding,selected_plan,cleaning|group_formation,cleaning@EXPO:cleaner:1|group_formation@EXPO,cleaning,10.0,0.0,0.0,2026-07-31T03:02:55.317640+02:00,2026-07-31T03:12:55.317640+02:00
11372.362580784695,11432.362580784695,SYN2-218-D:P0001,G:JUG:LYBE:SYN2-218-D:P0001,EVTOL_004,JUG,LYBE,before_boarding,selected_plan,departure_preparation|group_formation,departure_preparation@LYBE|group_formation@JUG,departure_finalization,1.0,0.0,0.0,2026-07-31T03:09:32.362581+02:00,2026-07-31T03:10:32.362581+02:00
11411.833371314906,11471.833371314906,SYN2-348-D:P0001,G:DOR:LYBE:SYN2-348-D:P0001,EVTOL_003,DOR,LYBE,departure_preparation,committed_flight,departure_preparation,departure_preparation@DOR,departure_finalization,1.0,0.0,0.0,2026-07-31T03:10:11.833371+02:00,2026-07-31T03:11:11.833371+02:00
11411.833371314906,11471.833371314906,SYN2-200-D:P0001,G:DOR:LYBE:SYN2-348-D:P0001,EVTOL_003,DOR,LYBE,departure_preparation,committed_flight,departure_preparation,departure_preparation@DOR,departure_finalization,1.0,0.0,0.0,2026-07-31T03:10:11.833371+02:00,2026-07-31T03:11:11.833371+02:00
11411.833371314906,11471.833371314906,SYN2-199-D:P0002,G:DOR:LYBE:SYN2-348-D:P0001,EVTOL_003,DOR,LYBE,departure_preparation,committed_flight,departure_preparation,departure_preparation@DOR,departure_finalization,1.0,0.0,0.0,2026-07-31T03:10:11.833371+02:00,2026-07-31T03:11:11.833371+02:00
11432.362580784695,11472.362580784695,SYN2-218-D:P0001,G:JUG:LYBE:SYN2-218-D:P0001,EVTOL_004,JUG,LYBE,before_boarding,selected_plan,group_formation|repositioning_flight,group_formation@JUG|repositioning_flight@JUG,takeoff,0.6666666666666666,0.0,0.0,2026-07-31T03:10:32.362581+02:00,2026-07-31T03:11:12.362581+02:00
11472.362580784695,11790.164892784695,SYN2-218-D:P0001,G:JUG:LYBE:SYN2-218-D:P0001,EVTOL_004,JUG,LYBE,before_boarding,selected_plan,group_formation|repositioning_flight,group_formation@JUG|repositioning_flight@JUG,cruise,5.296705199999996,0.0,0.0,2026-07-31T03:11:12.362581+02:00,2026-07-31T03:16:30.164893+02:00
11523.243821746415,11574.797763314906,SYN2-210-D:P0001,G:BW:LYBE:SYN2-210-D:P0001,EVTOL_002,BW,LYBE,after_boarding,committed_flight,destination_tlof,destination_tlof@LYBE,waiting_for_departure,0.859232359474845,0.0,0.859232359474845,2026-07-31T03:12:03.243822+02:00,2026-07-31T03:12:54.797763+02:00
11574.797763314906,11634.797763314906,SYN2-210-D:P0001,G:BW:LYBE:SYN2-210-D:P0001,EVTOL_002,BW,LYBE,departure_preparation,committed_flight,departure_preparation,departure_preparation@BW,departure_finalization,1.0,0.0,0.0,2026-07-31T03:12:54.797763+02:00,2026-07-31T03:13:54.797763+02:00
11575.317640255907,11614.555242255907,SYN2-202-D:P0002,G:EXPO:LYBE:SYN2-202-D:P0002,EVTOL_001,EXPO,LYBE,before_boarding,selected_plan,group_formation,group_formation@EXPO,idle,0.6539600333333208,0.0,0.0,2026-07-31T03:12:55.317640+02:00,2026-07-31T03:13:34.555242+02:00
11614.437021647565,11634.797763314906,SYN2-204-D:P0001,G:DOR:LYBE:SYN2-204-D:P0001,EVTOL_002,DOR,LYBE,before_boarding,selected_plan,aircraft_busy|group_formation,aircraft_busy@F000022|group_formation@DOR,departure_finalization,0.33934569445567225,0.0,0.0,2026-07-31T03:13:34.437022+02:00,2026-07-31T03:13:54.797763+02:00
11620.437447901018,11839.633585314907,SYN2-210-D:P0002,G:LYBV:LYBE:SYN2-210-D:P0002,EVTOL_003,LYBV,LYBE,before_boarding,selected_plan,aircraft_busy|group_formation,aircraft_busy@F000021|group_formation@LYBV,cruise,3.653268956898137,0.0,0.0,2026-07-31T03:13:40.437448+02:00,2026-07-31T03:17:19.633585+02:00
11634.797763314906,11674.797763314906,SYN2-204-D:P0001,G:DOR:LYBE:SYN2-204-D:P0001,EVTOL_002,DOR,LYBE,before_boarding,selected_plan,aircraft_busy|group_formation,aircraft_busy@F000022|group_formation@DOR,takeoff,0.6666666666666666,0.0,0.0,2026-07-31T03:13:54.797763+02:00,2026-07-31T03:14:34.797763+02:00
11674.797763314906,11899.633585314907,SYN2-204-D:P0001,G:DOR:LYBE:SYN2-204-D:P0001,EVTOL_002,DOR,LYBE,before_boarding,selected_plan,aircraft_busy|group_formation,aircraft_busy@F000022|group_formation@DOR,cruise,3.747263700000015,0.0,0.0,2026-07-31T03:14:34.797763+02:00,2026-07-31T03:18:19.633585+02:00
11790.164892784695,11850.164892784695,SYN2-218-D:P0001,G:JUG:LYBE:SYN2-218-D:P0001,EVTOL_004,JUG,LYBE,before_boarding,selected_plan,group_formation|repositioning_flight,group_formation@JUG|repositioning_flight@JUG,landing,1.0,0.0,0.0,2026-07-31T03:16:30.164893+02:00,2026-07-31T03:17:30.164893+02:00
11809.555242255907,11869.555242255907,SYN2-202-D:P0002,G:EXPO:LYBE:SYN2-202-D:P0002,EVTOL_001,EXPO,LYBE,departure_preparation,committed_flight,departure_preparation,departure_preparation@EXPO,departure_finalization,1.0,0.0,0.0,2026-07-31T03:16:49.555242+02:00,2026-07-31T03:17:49.555242+02:00
11839.633585314907,11899.633585314907,SYN2-210-D:P0002,G:LYBV:LYBE:SYN2-210-D:P0002,EVTOL_003,LYBV,LYBE,before_boarding,selected_plan,aircraft_busy|group_formation,aircraft_busy@F000021|group_formation@LYBV,landing,1.0,0.0,0.0,2026-07-31T03:17:19.633585+02:00,2026-07-31T03:18:19.633585+02:00
11850.164892784695,12272.362580784695,SYN2-218-D:P0001,G:JUG:LYBE:SYN2-218-D:P0001,EVTOL_004,JUG,LYBE,before_boarding,selected_plan,group_formation,group_formation@JUG,idle,7.036628133333337,0.0,0.0,2026-07-31T03:17:30.164893+02:00,2026-07-31T03:24:32.362581+02:00
11899.633585314907,11959.633585314907,SYN2-204-D:P0001,G:DOR:LYBE:SYN2-204-D:P0001,EVTOL_002,DOR,LYBE,before_boarding,selected_plan,aircraft_busy|group_formation,aircraft_busy@F000022|group_formation@DOR,landing,1.0,0.0,0.0,2026-07-31T03:18:19.633585+02:00,2026-07-31T03:19:19.633585+02:00
11899.633585314907,12157.633585314907,SYN2-210-D:P0002,G:LYBV:LYBE:SYN2-210-D:P0002,EVTOL_003,LYBV,LYBE,before_boarding,selected_plan,aircraft_busy|group_formation,aircraft_busy@F000021|group_formation@LYBV,disembarking,4.3,0.0,0.0,2026-07-31T03:18:19.633585+02:00,2026-07-31T03:22:37.633585+02:00
11950.390967231511,12272.362580784695,SYN2-202-D:P0003,G:JUG:LYBE:SYN2-218-D:P0001,EVTOL_004,JUG,LYBE,before_boarding,selected_plan,group_formation,group_formation@JUG,idle,5.366193559219725,0.0,0.0,2026-07-31T03:19:10.390967+02:00,2026-07-31T03:24:32.362581+02:00
11959.633585314907,12085.633585314907,SYN2-204-D:P0001,G:DOR:LYBE:SYN2-204-D:P0001,EVTOL_002,DOR,LYBE,before_boarding,selected_plan,aircraft_busy|group_formation,aircraft_busy@F000022|group_formation@DOR,disembarking,2.1,0.0,0.0,2026-07-31T03:19:19.633585+02:00,2026-07-31T03:21:25.633585+02:00
12021.914256800188,12070.317640255907,SYN2-202-D:P0001,G:BW:LYBE:SYN2-202-D:P0001,EVTOL_001,BW,LYBE,before_boarding,selected_plan,aircraft_busy|group_formation,aircraft_busy@F000024|group_formation@BW,landing,0.8067230575953241,0.0,0.0,2026-07-31T03:20:21.914257+02:00,2026-07-31T03:21:10.317640+02:00
12070.317640255907,12196.317640255907,SYN2-202-D:P0001,G:BW:LYBE:SYN2-202-D:P0001,EVTOL_001,BW,LYBE,before_boarding,selected_plan,aircraft_busy|group_formation,aircraft_busy@F000024|group_formation@BW,disembarking,2.1,0.0,0.0,2026-07-31T03:21:10.317640+02:00,2026-07-31T03:23:16.317640+02:00
12085.633585314907,12145.633585314907,SYN2-204-D:P0001,G:DOR:LYBE:SYN2-204-D:P0001,EVTOL_002,DOR,LYBE,before_boarding,selected_plan,departure_preparation|group_formation,departure_preparation@LYBE|group_formation@DOR,departure_finalization,1.0,0.0,0.0,2026-07-31T03:21:25.633585+02:00,2026-07-31T03:22:25.633585+02:00
12137.121267183806,12157.633585314907,SYN2-207-D:P0001,G:LYBV:LYBE:SYN2-210-D:P0002,EVTOL_003,LYBV,LYBE,before_boarding,selected_plan,aircraft_busy|group_formation,aircraft_busy@F000021|group_formation@LYBV,disembarking,0.34187196885168303,0.0,0.0,2026-07-31T03:22:17.121267+02:00,2026-07-31T03:22:37.633585+02:00
12145.633585314907,12185.633585314907,SYN2-204-D:P0001,G:DOR:LYBE:SYN2-204-D:P0001,EVTOL_002,DOR,LYBE,before_boarding,selected_plan,group_formation|repositioning_flight,group_formation@DOR|repositioning_flight@DOR,takeoff,0.6666666666666666,0.0,0.0,2026-07-31T03:22:25.633585+02:00,2026-07-31T03:23:05.633585+02:00
12157.633585314907,12217.633585314907,SYN2-210-D:P0002,G:LYBV:LYBE:SYN2-210-D:P0002,EVTOL_003,LYBV,LYBE,before_boarding,selected_plan,departure_preparation|group_formation,departure_preparation@LYBE|group_formation@LYBV,departure_finalization,1.0,0.0,0.0,2026-07-31T03:22:37.633585+02:00,2026-07-31T03:23:37.633585+02:00
12157.633585314907,12217.633585314907,SYN2-207-D:P0001,G:LYBV:LYBE:SYN2-210-D:P0002,EVTOL_003,LYBV,LYBE,before_boarding,selected_plan,departure_preparation|group_formation,departure_preparation@LYBE|group_formation@LYBV,departure_finalization,1.0,0.0,0.0,2026-07-31T03:22:37.633585+02:00,2026-07-31T03:23:37.633585+02:00
12185.633585314907,12513.433799314907,SYN2-204-D:P0001,G:DOR:LYBE:SYN2-204-D:P0001,EVTOL_002,DOR,LYBE,before_boarding,selected_plan,group_formation|repositioning_flight,group_formation@DOR|repositioning_flight@DOR,cruise,5.463336900000013,0.0,0.0,2026-07-31T03:23:05.633585+02:00,2026-07-31T03:28:33.433799+02:00
12196.317640255907,12197.633585314907,SYN2-202-D:P0001,G:BW:LYBE:SYN2-202-D:P0001,EVTOL_001,BW,LYBE,before_boarding,selected_plan,group_formation|origin_tlof,group_formation@BW|origin_tlof@LYBE,idle,0.021932417649986748,0.0,0.0,2026-07-31T03:23:16.317640+02:00,2026-07-31T03:23:17.633585+02:00
12197.633585314907,12257.633585314907,SYN2-202-D:P0001,G:BW:LYBE:SYN2-202-D:P0001,EVTOL_001,BW,LYBE,before_boarding,selected_plan,departure_preparation|group_formation,departure_preparation@LYBE|group_formation@BW,departure_finalization,1.0,0.0,0.0,2026-07-31T03:23:17.633585+02:00,2026-07-31T03:24:17.633585+02:00
12217.633585314907,12257.633585314907,SYN2-210-D:P0002,G:LYBV:LYBE:SYN2-210-D:P0002,EVTOL_003,LYBV,LYBE,before_boarding,selected_plan,group_formation|repositioning_flight,group_formation@LYBV|repositioning_flight@LYBV,takeoff,0.6666666666666666,0.0,0.0,2026-07-31T03:23:37.633585+02:00,2026-07-31T03:24:17.633585+02:00
12217.633585314907,12257.633585314907,SYN2-207-D:P0001,G:LYBV:LYBE:SYN2-210-D:P0002,EVTOL_003,LYBV,LYBE,before_boarding,selected_plan,group_formation|repositioning_flight,group_formation@LYBV|repositioning_flight@LYBV,takeoff,0.6666666666666666,0.0,0.0,2026-07-31T03:23:37.633585+02:00,2026-07-31T03:24:17.633585+02:00
12257.633585314907,12297.633585314907,SYN2-202-D:P0001,G:BW:LYBE:SYN2-202-D:P0001,EVTOL_001,BW,LYBE,before_boarding,selected_plan,group_formation|repositioning_flight,group_formation@BW|repositioning_flight@BW,takeoff,0.6666666666666666,0.0,0.0,2026-07-31T03:24:17.633585+02:00,2026-07-31T03:24:57.633585+02:00
12257.633585314907,12520.437447901018,SYN2-210-D:P0002,G:LYBV:LYBE:SYN2-210-D:P0002,EVTOL_003,LYBV,LYBE,before_boarding,selected_plan,group_formation|repositioning_flight,group_formation@LYBV|repositioning_flight@LYBV,cruise,4.380064376435197,0.0,0.0,2026-07-31T03:24:17.633585+02:00,2026-07-31T03:28:40.437448+02:00
12257.633585314907,12520.437447901018,SYN2-207-D:P0001,G:LYBV:LYBE:SYN2-210-D:P0002,EVTOL_003,LYBV,LYBE,before_boarding,selected_plan,group_formation|repositioning_flight,group_formation@LYBV|repositioning_flight@LYBV,cruise,4.380064376435197,0.0,0.0,2026-07-31T03:24:17.633585+02:00,2026-07-31T03:28:40.437448+02:00
12268.289390718215,12272.362580784695,SYN2-203-D:P0001,G:JUG:LYBE:SYN2-218-D:P0001,EVTOL_004,JUG,LYBE,before_boarding,selected_plan,group_formation,group_formation@JUG,idle,0.06788650110799305,0.0,0.0,2026-07-31T03:24:28.289391+02:00,2026-07-31T03:24:32.362581+02:00
12297.633585314907,12522.469407314908,SYN2-202-D:P0001,G:BW:LYBE:SYN2-202-D:P0001,EVTOL_001,BW,LYBE,before_boarding,selected_plan,group_formation|repositioning_flight,group_formation@BW|repositioning_flight@BW,cruise,3.747263700000015,0.0,0.0,2026-07-31T03:24:57.633585+02:00,2026-07-31T03:28:42.469407+02:00
12305.544666783264,12513.433799314907,SYN2-220-D:P0001,G:DOR:LYBE:SYN2-204-D:P0001,EVTOL_002,DOR,LYBE,before_boarding,selected_plan,group_formation|repositioning_flight,group_formation@DOR|repositioning_flight@DOR,cruise,3.4648188755273925,0.0,0.0,2026-07-31T03:25:05.544667+02:00,2026-07-31T03:28:33.433799+02:00
12507.223340565497,12520.437447901018,SYN2-221-D:P0002,G:LYBV:LYBE:SYN2-210-D:P0002,EVTOL_003,LYBV,LYBE,before_boarding,selected_plan,group_formation|repositioning_flight,group_formation@LYBV|repositioning_flight@LYBV,cruise,0.22023512225869127,0.0,0.0,2026-07-31T03:28:27.223341+02:00,2026-07-31T03:28:40.437448+02:00
12513.433799314907,12514.437021647565,SYN2-204-D:P0001,G:DOR:LYBE:SYN2-204-D:P0001,EVTOL_002,DOR,LYBE,before_boarding,selected_plan,group_formation|repositioning_flight,group_formation@DOR|repositioning_flight@DOR,landing,0.016720372210966162,0.0,0.0,2026-07-31T03:28:33.433799+02:00,2026-07-31T03:28:34.437022+02:00
12513.433799314907,12514.437021647565,SYN2-220-D:P0001,G:DOR:LYBE:SYN2-204-D:P0001,EVTOL_002,DOR,LYBE,before_boarding,selected_plan,group_formation|repositioning_flight,group_formation@DOR|repositioning_flight@DOR,landing,0.016720372210966162,0.0,0.0,2026-07-31T03:28:33.433799+02:00,2026-07-31T03:28:34.437022+02:00
12514.437021647565,12573.433799314907,SYN2-204-D:P0001,G:DOR:LYBE:SYN2-204-D:P0001,EVTOL_002,DOR,LYBE,before_boarding,selected_plan,repositioning_flight,repositioning_flight@DOR,landing,0.9832796277890339,0.9832796277890339,0.0,2026-07-31T03:28:34.437022+02:00,2026-07-31T03:29:33.433799+02:00
12514.437021647565,12573.433799314907,SYN2-220-D:P0001,G:DOR:LYBE:SYN2-204-D:P0001,EVTOL_002,DOR,LYBE,before_boarding,selected_plan,repositioning_flight,repositioning_flight@DOR,landing,0.9832796277890339,0.0,0.0,2026-07-31T03:28:34.437022+02:00,2026-07-31T03:29:33.433799+02:00
12520.437447901018,12594.081773314907,SYN2-210-D:P0002,G:LYBV:LYBE:SYN2-210-D:P0002,EVTOL_003,LYBV,LYBE,before_boarding,selected_plan,repositioning_flight,repositioning_flight@LYBV,cruise,1.2274054235648084,1.2274054235648084,0.0,2026-07-31T03:28:40.437448+02:00,2026-07-31T03:29:54.081773+02:00
12520.437447901018,12594.081773314907,SYN2-207-D:P0001,G:LYBV:LYBE:SYN2-210-D:P0002,EVTOL_003,LYBV,LYBE,before_boarding,selected_plan,repositioning_flight,repositioning_flight@LYBV,cruise,1.2274054235648084,0.0,0.0,2026-07-31T03:28:40.437448+02:00,2026-07-31T03:29:54.081773+02:00
12520.437447901018,12594.081773314907,SYN2-221-D:P0002,G:LYBV:LYBE:SYN2-210-D:P0002,EVTOL_003,LYBV,LYBE,before_boarding,selected_plan,repositioning_flight,repositioning_flight@LYBV,cruise,1.2274054235648084,0.0,0.0,2026-07-31T03:28:40.437448+02:00,2026-07-31T03:29:54.081773+02:00
12522.469407314908,12582.469407314908,SYN2-202-D:P0001,G:BW:LYBE:SYN2-202-D:P0001,EVTOL_001,BW,LYBE,before_boarding,selected_plan,group_formation|repositioning_flight,group_formation@BW|repositioning_flight@BW,landing,1.0,0.0,0.0,2026-07-31T03:28:42.469407+02:00,2026-07-31T03:29:42.469407+02:00
12582.469407314908,12921.914256800188,SYN2-202-D:P0001,G:BW:LYBE:SYN2-202-D:P0001,EVTOL_001,BW,LYBE,before_boarding,selected_plan,group_formation,group_formation@BW,idle,5.657414158088007,0.0,0.0,2026-07-31T03:29:42.469407+02:00,2026-07-31T03:35:21.914257+02:00
12594.081773314907,12654.081773314907,SYN2-210-D:P0002,G:LYBV:LYBE:SYN2-210-D:P0002,EVTOL_003,LYBV,LYBE,before_boarding,selected_plan,repositioning_flight,repositioning_flight@LYBV,landing,1.0,1.0,0.0,2026-07-31T03:29:54.081773+02:00,2026-07-31T03:30:54.081773+02:00
12594.081773314907,12654.081773314907,SYN2-207-D:P0001,G:LYBV:LYBE:SYN2-210-D:P0002,EVTOL_003,LYBV,LYBE,before_boarding,selected_plan,repositioning_flight,repositioning_flight@LYBV,landing,1.0,0.0,0.0,2026-07-31T03:29:54.081773+02:00,2026-07-31T03:30:54.081773+02:00
12594.081773314907,12654.081773314907,SYN2-221-D:P0002,G:LYBV:LYBE:SYN2-210-D:P0002,EVTOL_003,LYBV,LYBE,before_boarding,selected_plan,repositioning_flight,repositioning_flight@LYBV,landing,1.0,0.0,0.0,2026-07-31T03:29:54.081773+02:00,2026-07-31T03:30:54.081773+02:00
12617.362580784695,12677.362580784695,SYN2-218-D:P0001,G:JUG:LYBE:SYN2-218-D:P0001,EVTOL_004,JUG,LYBE,departure_preparation,committed_flight,departure_preparation,departure_preparation@JUG,departure_finalization,1.0,0.0,0.0,2026-07-31T03:30:17.362581+02:00,2026-07-31T03:31:17.362581+02:00
12617.362580784695,12677.362580784695,SYN2-202-D:P0003,G:JUG:LYBE:SYN2-218-D:P0001,EVTOL_004,JUG,LYBE,departure_preparation,committed_flight,departure_preparation,departure_preparation@JUG,departure_finalization,1.0,0.0,0.0,2026-07-31T03:30:17.362581+02:00,2026-07-31T03:31:17.362581+02:00
12617.362580784695,12677.362580784695,SYN2-203-D:P0001,G:JUG:LYBE:SYN2-218-D:P0001,EVTOL_004,JUG,LYBE,departure_preparation,committed_flight,departure_preparation,departure_preparation@JUG,departure_finalization,1.0,0.0,0.0,2026-07-31T03:30:17.362581+02:00,2026-07-31T03:31:17.362581+02:00
12843.433799314907,12869.678137757444,SYN2-204-D:P0001,G:DOR:LYBE:SYN2-204-D:P0001,EVTOL_002,DOR,LYBE,after_boarding,committed_flight,battery_after_repositioning,battery_after_repositioning@DOR,waiting_for_departure,0.43740564070894833,0.0,0.43740564070894833,2026-07-31T03:34:03.433799+02:00,2026-07-31T03:34:29.678138+02:00
12843.433799314907,12869.678137757444,SYN2-220-D:P0001,G:DOR:LYBE:SYN2-204-D:P0001,EVTOL_002,DOR,LYBE,after_boarding,committed_flight,battery_after_repositioning,battery_after_repositioning@DOR,waiting_for_departure,0.43740564070894833,0.0,0.43740564070894833,2026-07-31T03:34:03.433799+02:00,2026-07-31T03:34:29.678138+02:00
12857.994484698012,13035.164892784695,SYN2-221-D:P0001,G:JUG:LYBE:SYN2-221-D:P0001,EVTOL_004,JUG,LYBE,before_boarding,selected_plan,aircraft_busy|group_formation,aircraft_busy@F000028|group_formation@JUG,cruise,2.9528401347780346,0.0,0.0,2026-07-31T03:34:17.994485+02:00,2026-07-31T03:37:15.164893+02:00
12869.678137757444,12929.678137757444,SYN2-204-D:P0001,G:DOR:LYBE:SYN2-204-D:P0001,EVTOL_002,DOR,LYBE,departure_preparation,committed_flight,departure_preparation,departure_preparation@DOR,departure_finalization,1.0,0.0,0.0,2026-07-31T03:34:29.678138+02:00,2026-07-31T03:35:29.678138+02:00
12869.678137757444,12929.678137757444,SYN2-220-D:P0001,G:DOR:LYBE:SYN2-204-D:P0001,EVTOL_002,DOR,LYBE,departure_preparation,committed_flight,departure_preparation,departure_preparation@DOR,departure_finalization,1.0,0.0,0.0,2026-07-31T03:34:29.678138+02:00,2026-07-31T03:35:29.678138+02:00
12999.081773314907,13059.081773314907,SYN2-210-D:P0002,G:LYBV:LYBE:SYN2-210-D:P0002,EVTOL_003,LYBV,LYBE,departure_preparation,committed_flight,departure_preparation,departure_preparation@LYBV,departure_finalization,1.0,0.0,0.0,2026-07-31T03:36:39.081773+02:00,2026-07-31T03:37:39.081773+02:00
12999.081773314907,13059.081773314907,SYN2-207-D:P0001,G:LYBV:LYBE:SYN2-210-D:P0002,EVTOL_003,LYBV,LYBE,departure_preparation,committed_flight,departure_preparation,departure_preparation@LYBV,departure_finalization,1.0,0.0,0.0,2026-07-31T03:36:39.081773+02:00,2026-07-31T03:37:39.081773+02:00
12999.081773314907,13059.081773314907,SYN2-221-D:P0002,G:LYBV:LYBE:SYN2-210-D:P0002,EVTOL_003,LYBV,LYBE,departure_preparation,committed_flight,departure_preparation,departure_preparation@LYBV,departure_finalization,1.0,0.0,0.0,2026-07-31T03:36:39.081773+02:00,2026-07-31T03:37:39.081773+02:00
13035.164892784695,13095.164892784695,SYN2-221-D:P0001,G:JUG:LYBE:SYN2-221-D:P0001,EVTOL_004,JUG,LYBE,before_boarding,selected_plan,aircraft_busy|group_formation,aircraft_busy@F000028|group_formation@JUG,landing,1.0,0.0,0.0,2026-07-31T03:37:15.164893+02:00,2026-07-31T03:38:15.164893+02:00
13095.164892784695,13353.164892784695,SYN2-221-D:P0001,G:JUG:LYBE:SYN2-221-D:P0001,EVTOL_004,JUG,LYBE,before_boarding,selected_plan,aircraft_busy|group_formation,aircraft_busy@F000028|group_formation@JUG,disembarking,4.3,0.0,0.0,2026-07-31T03:38:15.164893+02:00,2026-07-31T03:42:33.164893+02:00
13116.914256800188,13170.694139314906,SYN2-202-D:P0001,G:BW:LYBE:SYN2-202-D:P0001,EVTOL_001,BW,LYBE,after_boarding,committed_flight,destination_tlof,destination_tlof@LYBE,waiting_for_departure,0.8963313752453056,0.0,0.8963313752453056,2026-07-31T03:38:36.914257+02:00,2026-07-31T03:39:30.694139+02:00
13170.694139314906,13230.694139314906,SYN2-202-D:P0001,G:BW:LYBE:SYN2-202-D:P0001,EVTOL_001,BW,LYBE,departure_preparation,committed_flight,departure_preparation,departure_preparation@BW,departure_finalization,1.0,0.0,0.0,2026-07-31T03:39:30.694139+02:00,2026-07-31T03:40:30.694139+02:00
13238.36235604608,13270.694139314906,SYN2-226-D:P0001,G:BW:LYBE:SYN2-226-D:P0001,EVTOL_001,BW,LYBE,before_boarding,selected_plan,aircraft_busy|group_formation,aircraft_busy@F000031|group_formation@BW,takeoff,0.5388630544804376,0.0,0.0,2026-07-31T03:40:38.362356+02:00,2026-07-31T03:41:10.694139+02:00
13270.694139314906,13495.529961314907,SYN2-226-D:P0001,G:BW:LYBE:SYN2-226-D:P0001,EVTOL_001,BW,LYBE,before_boarding,selected_plan,aircraft_busy|group_formation,aircraft_busy@F000031|group_formation@BW,cruise,3.747263700000015,0.0,0.0,2026-07-31T03:41:10.694139+02:00,2026-07-31T03:44:55.529961+02:00
13353.164892784695,13495.529961314907,SYN2-221-D:P0001,G:JUG:LYBE:SYN2-221-D:P0001,EVTOL_004,JUG,LYBE,before_boarding,selected_plan,group_formation|origin_tlof,group_formation@JUG|origin_tlof@LYBE,idle,2.372751142170212,0.0,0.0,2026-07-31T03:42:33.164893+02:00,2026-07-31T03:44:55.529961+02:00
13474.605790190613,13549.478351757445,SYN2-220-D:P0002,G:LYBV:LYBE:SYN2-220-D:P0002,EVTOL_002,LYBV,LYBE,before_boarding,selected_plan,aircraft_busy|group_formation,aircraft_busy@F000029|group_formation@LYBV,disembarking,1.2478760261138633,0.0,0.0,2026-07-31T03:44:34.605790+02:00,2026-07-31T03:45:49.478352+02:00
13495.529961314907,13555.529961314907,SYN2-226-D:P0001,G:BW:LYBE:SYN2-226-D:P0001,EVTOL_001,BW,LYBE,before_boarding,selected_plan,aircraft_busy|group_formation,aircraft_busy@F000031|group_formation@BW,landing,1.0,0.0,0.0,2026-07-31T03:44:55.529961+02:00,2026-07-31T03:45:55.529961+02:00
13495.529961314907,13555.529961314907,SYN2-221-D:P0001,G:JUG:LYBE:SYN2-221-D:P0001,EVTOL_004,JUG,LYBE,before_boarding,selected_plan,departure_preparation|group_formation,departure_preparation@LYBE|group_formation@JUG,departure_finalization,1.0,0.0,0.0,2026-07-31T03:44:55.529961+02:00,2026-07-31T03:45:55.529961+02:00
13549.478351757445,13921.729954668925,SYN2-220-D:P0002,G:LYBV:LYBE:SYN2-220-D:P0002,EVTOL_002,LYBV,LYBE,before_boarding,selected_plan,battery_before_repositioning|group_formation,battery_before_repositioning@LYBE|group_formation@LYBV,idle,6.2041933818579915,0.0,0.0,2026-07-31T03:45:49.478352+02:00,2026-07-31T03:52:01.729955+02:00
13555.529961314907,13681.529961314907,SYN2-226-D:P0001,G:BW:LYBE:SYN2-226-D:P0001,EVTOL_001,BW,LYBE,before_boarding,selected_plan,aircraft_busy|group_formation,aircraft_busy@F000031|group_formation@BW,disembarking,2.1,0.0,0.0,2026-07-31T03:45:55.529961+02:00,2026-07-31T03:48:01.529961+02:00
13555.529961314907,13595.529961314907,SYN2-221-D:P0001,G:JUG:LYBE:SYN2-221-D:P0001,EVTOL_004,JUG,LYBE,before_boarding,selected_plan,group_formation|repositioning_flight,group_formation@JUG|repositioning_flight@JUG,takeoff,0.6666666666666666,0.0,0.0,2026-07-31T03:45:55.529961+02:00,2026-07-31T03:46:35.529961+02:00
13595.529961314907,13757.994484698012,SYN2-221-D:P0001,G:JUG:LYBE:SYN2-221-D:P0001,EVTOL_004,JUG,LYBE,before_boarding,selected_plan,group_formation|repositioning_flight,group_formation@JUG|repositioning_flight@JUG,cruise,2.7077420563850865,0.0,0.0,2026-07-31T03:46:35.529961+02:00,2026-07-31T03:49:17.994485+02:00
13626.884152173992,13681.529961314907,SYN2-228-D:P0001,G:BW:LYBE:SYN2-226-D:P0001,EVTOL_001,BW,LYBE,before_boarding,selected_plan,aircraft_busy|group_formation,aircraft_busy@F000031|group_formation@BW,disembarking,0.9107634856819156,0.0,0.0,2026-07-31T03:47:06.884152+02:00,2026-07-31T03:48:01.529961+02:00
13681.529961314907,13741.529961314907,SYN2-226-D:P0001,G:BW:LYBE:SYN2-226-D:P0001,EVTOL_001,BW,LYBE,before_boarding,selected_plan,departure_preparation|group_formation,departure_preparation@LYBE|group_formation@BW,departure_finalization,1.0,0.0,0.0,2026-07-31T03:48:01.529961+02:00,2026-07-31T03:49:01.529961+02:00
13681.529961314907,13741.529961314907,SYN2-228-D:P0001,G:BW:LYBE:SYN2-226-D:P0001,EVTOL_001,BW,LYBE,before_boarding,selected_plan,departure_preparation|group_formation,departure_preparation@LYBE|group_formation@BW,departure_finalization,1.0,0.0,0.0,2026-07-31T03:48:01.529961+02:00,2026-07-31T03:49:01.529961+02:00
13741.529961314907,13781.529961314907,SYN2-226-D:P0001,G:BW:LYBE:SYN2-226-D:P0001,EVTOL_001,BW,LYBE,before_boarding,selected_plan,group_formation|repositioning_flight,group_formation@BW|repositioning_flight@BW,takeoff,0.6666666666666666,0.0,0.0,2026-07-31T03:49:01.529961+02:00,2026-07-31T03:49:41.529961+02:00
13741.529961314907,13781.529961314907,SYN2-228-D:P0001,G:BW:LYBE:SYN2-226-D:P0001,EVTOL_001,BW,LYBE,before_boarding,selected_plan,group_formation|repositioning_flight,group_formation@BW|repositioning_flight@BW,takeoff,0.6666666666666666,0.0,0.0,2026-07-31T03:49:01.529961+02:00,2026-07-31T03:49:41.529961+02:00
13757.994484698012,13913.332273314907,SYN2-221-D:P0001,G:JUG:LYBE:SYN2-221-D:P0001,EVTOL_004,JUG,LYBE,before_boarding,selected_plan,repositioning_flight,repositioning_flight@JUG,cruise,2.5889631436149103,2.5889631436149103,0.0,2026-07-31T03:49:17.994485+02:00,2026-07-31T03:51:53.332273+02:00
13781.529961314907,13921.729954668925,SYN2-226-D:P0001,G:BW:LYBE:SYN2-226-D:P0001,EVTOL_001,BW,LYBE,before_boarding,selected_plan,group_formation|repositioning_flight,group_formation@BW|repositioning_flight@BW,cruise,2.336666555900289,0.0,0.0,2026-07-31T03:49:41.529961+02:00,2026-07-31T03:52:01.729955+02:00
13781.529961314907,13921.729954668925,SYN2-228-D:P0001,G:BW:LYBE:SYN2-226-D:P0001,EVTOL_001,BW,LYBE,before_boarding,selected_plan,group_formation|repositioning_flight,group_formation@BW|repositioning_flight@BW,cruise,2.336666555900289,0.0,0.0,2026-07-31T03:49:41.529961+02:00,2026-07-31T03:52:01.729955+02:00
13913.332273314907,13921.729954668925,SYN2-221-D:P0001,G:JUG:LYBE:SYN2-221-D:P0001,EVTOL_004,JUG,LYBE,before_boarding,selected_plan,repositioning_flight,repositioning_flight@JUG,landing,0.1399613559002925,0.1399613559002925,0.0,2026-07-31T03:51:53.332273+02:00,2026-07-31T03:52:01.729955+02:00
13919.981922747751,13921.729954668925,SYN2-225-D:P0001,G:LYBV:LYBE:SYN2-220-D:P0002,EVTOL_002,LYBV,LYBE,before_boarding,selected_plan,battery_before_repositioning|group_formation,battery_before_repositioning@LYBE|group_formation@LYBV,idle,0.02913386535289343,0.0,0.0,2026-07-31T03:51:59.981923+02:00,2026-07-31T03:52:01.729955+02:00
13921.729954668926,14006.365783314908,SYN2-226-D:P0001,G:BW:LYBE:SYN2-226-D:P0001,EVTOL_001,BW,LYBE,before_boarding,selected_plan,group_formation|repositioning_flight,group_formation@BW|repositioning_flight@BW,cruise,1.4105971440996958,0.0,0.0,2026-07-31T03:52:01.729955+02:00,2026-07-31T03:53:26.365783+02:00
13921.729954668926,14006.365783314908,SYN2-228-D:P0001,G:BW:LYBE:SYN2-226-D:P0001,EVTOL_001,BW,LYBE,before_boarding,selected_plan,group_formation|repositioning_flight,group_formation@BW|repositioning_flight@BW,cruise,1.4105971440996958,0.0,0.0,2026-07-31T03:52:01.729955+02:00,2026-07-31T03:53:26.365783+02:00
13921.729954668926,13973.332273314907,SYN2-221-D:P0001,G:JUG:LYBE:SYN2-221-D:P0001,EVTOL_004,JUG,LYBE,before_boarding,selected_plan,repositioning_flight,repositioning_flight@JUG,landing,0.8600386440996772,0.8600386440996772,0.0,2026-07-31T03:52:01.729955+02:00,2026-07-31T03:52:53.332273+02:00
13921.729954668926,13981.729954668925,SYN2-220-D:P0002,G:LYBV:LYBE:SYN2-220-D:P0002,EVTOL_002,LYBV,LYBE,before_boarding,selected_plan,departure_preparation|group_formation,departure_preparation@LYBE|group_formation@LYBV,departure_finalization,0.9999999999999697,0.0,0.0,2026-07-31T03:52:01.729955+02:00,2026-07-31T03:53:01.729955+02:00
13921.729954668926,13981.729954668925,SYN2-225-D:P0001,G:LYBV:LYBE:SYN2-220-D:P0002,EVTOL_002,LYBV,LYBE,before_boarding,selected_plan,departure_preparation|group_formation,departure_preparation@LYBE|group_formation@LYBV,departure_finalization,0.9999999999999697,0.0,0.0,2026-07-31T03:52:01.729955+02:00,2026-07-31T03:53:01.729955+02:00
13981.729954668925,14021.729954668925,SYN2-220-D:P0002,G:LYBV:LYBE:SYN2-220-D:P0002,EVTOL_002,LYBV,LYBE,before_boarding,selected_plan,group_formation|repositioning_flight,group_formation@LYBV|repositioning_flight@LYBV,takeoff,0.6666666666666666,0.0,0.0,2026-07-31T03:53:01.729955+02:00,2026-07-31T03:53:41.729955+02:00
13981.729954668925,14021.729954668925,SYN2-225-D:P0001,G:LYBV:LYBE:SYN2-220-D:P0002,EVTOL_002,LYBV,LYBE,before_boarding,selected_plan,group_formation|repositioning_flight,group_formation@LYBV|repositioning_flight@LYBV,takeoff,0.6666666666666666,0.0,0.0,2026-07-31T03:53:01.729955+02:00,2026-07-31T03:53:41.729955+02:00
14006.365783314908,14066.365783314908,SYN2-226-D:P0001,G:BW:LYBE:SYN2-226-D:P0001,EVTOL_001,BW,LYBE,before_boarding,selected_plan,group_formation|repositioning_flight,group_formation@BW|repositioning_flight@BW,landing,1.0,0.0,0.0,2026-07-31T03:53:26.365783+02:00,2026-07-31T03:54:26.365783+02:00
14006.365783314908,14066.365783314908,SYN2-228-D:P0001,G:BW:LYBE:SYN2-226-D:P0001,EVTOL_001,BW,LYBE,before_boarding,selected_plan,group_formation|repositioning_flight,group_formation@BW|repositioning_flight@BW,landing,1.0,0.0,0.0,2026-07-31T03:53:26.365783+02:00,2026-07-31T03:54:26.365783+02:00
14021.729954668925,14358.178142668925,SYN2-220-D:P0002,G:LYBV:LYBE:SYN2-220-D:P0002,EVTOL_002,LYBV,LYBE,before_boarding,selected_plan,group_formation|repositioning_flight,group_formation@LYBV|repositioning_flight@LYBV,cruise,5.607469800000005,0.0,0.0,2026-07-31T03:53:41.729955+02:00,2026-07-31T03:59:18.178143+02:00
14021.729954668925,14358.178142668925,SYN2-225-D:P0001,G:LYBV:LYBE:SYN2-220-D:P0002,EVTOL_002,LYBV,LYBE,before_boarding,selected_plan,group_formation|repositioning_flight,group_formation@LYBV|repositioning_flight@LYBV,cruise,5.607469800000005,0.0,0.0,2026-07-31T03:53:41.729955+02:00,2026-07-31T03:59:18.178143+02:00
14024.337826389452,14066.365783314908,SYN2-209-D:P0001,G:BW:LYBE:SYN2-226-D:P0001,EVTOL_001,BW,LYBE,before_boarding,selected_plan,group_formation|repositioning_flight,group_formation@BW|repositioning_flight@BW,landing,0.7004659487576039,0.0,0.0,2026-07-31T03:53:44.337826+02:00,2026-07-31T03:54:26.365783+02:00
14066.365783314908,14138.36235604608,SYN2-226-D:P0001,G:BW:LYBE:SYN2-226-D:P0001,EVTOL_001,BW,LYBE,before_boarding,selected_plan,group_formation,group_formation@BW,idle,1.1999428788528652,0.0,0.0,2026-07-31T03:54:26.365783+02:00,2026-07-31T03:55:38.362356+02:00
14066.365783314908,14138.36235604608,SYN2-228-D:P0001,G:BW:LYBE:SYN2-226-D:P0001,EVTOL_001,BW,LYBE,before_boarding,selected_plan,group_formation,group_formation@BW,idle,1.1999428788528652,0.0,0.0,2026-07-31T03:54:26.365783+02:00,2026-07-31T03:55:38.362356+02:00
14066.365783314908,14138.36235604608,SYN2-209-D:P0001,G:BW:LYBE:SYN2-226-D:P0001,EVTOL_001,BW,LYBE,before_boarding,selected_plan,group_formation,group_formation@BW,idle,1.1999428788528652,0.0,0.0,2026-07-31T03:54:26.365783+02:00,2026-07-31T03:55:38.362356+02:00
14168.332273314907,14258.294576570526,SYN2-221-D:P0001,G:JUG:LYBE:SYN2-221-D:P0001,EVTOL_004,JUG,LYBE,after_boarding,committed_flight,battery_after_repositioning,battery_after_repositioning@JUG,waiting_for_departure,1.4993717209269866,0.0,1.4993717209269866,2026-07-31T03:56:08.332273+02:00,2026-07-31T03:57:38.294577+02:00
14258.294576570526,14318.294576570526,SYN2-221-D:P0001,G:JUG:LYBE:SYN2-221-D:P0001,EVTOL_004,JUG,LYBE,departure_preparation,committed_flight,departure_preparation,departure_preparation@JUG,departure_finalization,1.0,0.0,0.0,2026-07-31T03:57:38.294577+02:00,2026-07-31T03:58:38.294577+02:00
14358.178142668925,14374.605790190613,SYN2-220-D:P0002,G:LYBV:LYBE:SYN2-220-D:P0002,EVTOL_002,LYBV,LYBE,before_boarding,selected_plan,group_formation|repositioning_flight,group_formation@LYBV|repositioning_flight@LYBV,landing,0.2737941253614736,0.0,0.0,2026-07-31T03:59:18.178143+02:00,2026-07-31T03:59:34.605790+02:00
14358.178142668925,14374.605790190613,SYN2-225-D:P0001,G:LYBV:LYBE:SYN2-220-D:P0002,EVTOL_002,LYBV,LYBE,before_boarding,selected_plan,group_formation|repositioning_flight,group_formation@LYBV|repositioning_flight@LYBV,landing,0.2737941253614736,0.0,0.0,2026-07-31T03:59:18.178143+02:00,2026-07-31T03:59:34.605790+02:00
14374.605790190613,14418.178142668925,SYN2-220-D:P0002,G:LYBV:LYBE:SYN2-220-D:P0002,EVTOL_002,LYBV,LYBE,before_boarding,selected_plan,repositioning_flight,repositioning_flight@LYBV,landing,0.7262058746385265,0.7262058746385265,0.0,2026-07-31T03:59:34.605790+02:00,2026-07-31T04:00:18.178143+02:00
14374.605790190613,14418.178142668925,SYN2-225-D:P0001,G:LYBV:LYBE:SYN2-220-D:P0002,EVTOL_002,LYBV,LYBE,before_boarding,selected_plan,repositioning_flight,repositioning_flight@LYBV,landing,0.7262058746385265,0.0,0.0,2026-07-31T03:59:34.605790+02:00,2026-07-31T04:00:18.178143+02:00
14483.021399658415,14543.021399658415,SYN2-224-D:P0001,G:DOR:LYBE:SYN2-224-D:P0001,EVTOL_003,DOR,LYBE,before_boarding,selected_plan,departure_preparation|group_formation,departure_preparation@LYBE|group_formation@DOR,departure_finalization,1.0,0.0,0.0,2026-07-31T04:01:23.021400+02:00,2026-07-31T04:02:23.021400+02:00
14483.36235604608,14528.744931083666,SYN2-226-D:P0001,G:BW:LYBE:SYN2-226-D:P0001,EVTOL_001,BW,LYBE,after_boarding,committed_flight,battery_after_repositioning,battery_after_repositioning@BW,waiting_for_departure,0.7563762506264236,0.0,0.7563762506264236,2026-07-31T04:01:23.362356+02:00,2026-07-31T04:02:08.744931+02:00
14483.36235604608,14528.744931083666,SYN2-228-D:P0001,G:BW:LYBE:SYN2-226-D:P0001,EVTOL_001,BW,LYBE,after_boarding,committed_flight,battery_after_repositioning,battery_after_repositioning@BW,waiting_for_departure,0.7563762506264236,0.0,0.7563762506264236,2026-07-31T04:01:23.362356+02:00,2026-07-31T04:02:08.744931+02:00
14483.36235604608,14528.744931083666,SYN2-209-D:P0001,G:BW:LYBE:SYN2-226-D:P0001,EVTOL_001,BW,LYBE,after_boarding,committed_flight,battery_after_repositioning,battery_after_repositioning@BW,waiting_for_departure,0.7563762506264236,0.0,0.7563762506264236,2026-07-31T04:01:23.362356+02:00,2026-07-31T04:02:08.744931+02:00
14528.744931083666,14588.744931083666,SYN2-226-D:P0001,G:BW:LYBE:SYN2-226-D:P0001,EVTOL_001,BW,LYBE,departure_preparation,committed_flight,departure_preparation,departure_preparation@BW,departure_finalization,1.0,0.0,0.0,2026-07-31T04:02:08.744931+02:00,2026-07-31T04:03:08.744931+02:00
14528.744931083666,14588.744931083666,SYN2-228-D:P0001,G:BW:LYBE:SYN2-226-D:P0001,EVTOL_001,BW,LYBE,departure_preparation,committed_flight,departure_preparation,departure_preparation@BW,departure_finalization,1.0,0.0,0.0,2026-07-31T04:02:08.744931+02:00,2026-07-31T04:03:08.744931+02:00
14528.744931083666,14588.744931083666,SYN2-209-D:P0001,G:BW:LYBE:SYN2-226-D:P0001,EVTOL_001,BW,LYBE,departure_preparation,committed_flight,departure_preparation,departure_preparation@BW,departure_finalization,1.0,0.0,0.0,2026-07-31T04:02:08.744931+02:00,2026-07-31T04:03:08.744931+02:00
14543.021399658415,14583.021399658415,SYN2-224-D:P0001,G:DOR:LYBE:SYN2-224-D:P0001,EVTOL_003,DOR,LYBE,before_boarding,selected_plan,group_formation|repositioning_flight,group_formation@DOR|repositioning_flight@DOR,takeoff,0.6666666666666666,0.0,0.0,2026-07-31T04:02:23.021400+02:00,2026-07-31T04:03:03.021400+02:00
14583.021399658415,14910.821613658416,SYN2-224-D:P0001,G:DOR:LYBE:SYN2-224-D:P0001,EVTOL_003,DOR,LYBE,before_boarding,selected_plan,group_formation|repositioning_flight,group_formation@DOR|repositioning_flight@DOR,cruise,5.463336900000013,0.0,0.0,2026-07-31T04:03:03.021400+02:00,2026-07-31T04:08:30.821614+02:00
14688.178142668925,14981.741110613739,SYN2-220-D:P0002,G:LYBV:LYBE:SYN2-220-D:P0002,EVTOL_002,LYBV,LYBE,after_boarding,committed_flight,battery_after_repositioning,battery_after_repositioning@LYBV,waiting_for_departure,4.892716132413565,0.0,4.892716132413565,2026-07-31T04:04:48.178143+02:00,2026-07-31T04:09:41.741111+02:00
14688.178142668925,14981.741110613739,SYN2-225-D:P0001,G:LYBV:LYBE:SYN2-220-D:P0002,EVTOL_002,LYBV,LYBE,after_boarding,committed_flight,battery_after_repositioning,battery_after_repositioning@LYBV,waiting_for_departure,4.892716132413565,0.0,4.892716132413565,2026-07-31T04:04:48.178143+02:00,2026-07-31T04:09:41.741111+02:00
14910.821613658416,14970.821613658416,SYN2-224-D:P0001,G:DOR:LYBE:SYN2-224-D:P0001,EVTOL_003,DOR,LYBE,before_boarding,selected_plan,group_formation|repositioning_flight,group_formation@DOR|repositioning_flight@DOR,landing,1.0,0.0,0.0,2026-07-31T04:08:30.821614+02:00,2026-07-31T04:09:30.821614+02:00
14961.405699926736,15301.14462071534,SYN2-206-D:P0001,G:LYBV:LYBE:SYN2-206-D:P0001,EVTOL_004,LYBV,LYBE,before_boarding,selected_plan,battery_before_repositioning|group_formation,battery_before_repositioning@LYBE|group_formation@LYBV,idle,5.662315346476741,0.0,0.0,2026-07-31T04:09:21.405700+02:00,2026-07-31T04:15:01.144621+02:00
14970.821613658416,15383.021399658415,SYN2-224-D:P0001,G:DOR:LYBE:SYN2-224-D:P0001,EVTOL_003,DOR,LYBE,before_boarding,selected_plan,group_formation,group_formation@DOR,idle,6.869996433333321,0.0,0.0,2026-07-31T04:09:30.821614+02:00,2026-07-31T04:16:23.021400+02:00
14981.741110613739,15041.741110613739,SYN2-220-D:P0002,G:LYBV:LYBE:SYN2-220-D:P0002,EVTOL_002,LYBV,LYBE,departure_preparation,committed_flight,departure_preparation,departure_preparation@LYBV,departure_finalization,1.0,0.0,0.0,2026-07-31T04:09:41.741111+02:00,2026-07-31T04:10:41.741111+02:00
14981.741110613739,15041.741110613739,SYN2-225-D:P0001,G:LYBV:LYBE:SYN2-220-D:P0002,EVTOL_002,LYBV,LYBE,departure_preparation,committed_flight,departure_preparation,departure_preparation@LYBV,departure_finalization,1.0,0.0,0.0,2026-07-31T04:09:41.741111+02:00,2026-07-31T04:10:41.741111+02:00
15094.870004625744,15301.14462071534,SYN2-224-D:P0002,G:LYBV:LYBE:SYN2-206-D:P0001,EVTOL_004,LYBV,LYBE,before_boarding,selected_plan,battery_before_repositioning|group_formation,battery_before_repositioning@LYBE|group_formation@LYBV,idle,3.437910268159946,0.0,0.0,2026-07-31T04:11:34.870005+02:00,2026-07-31T04:15:01.144621+02:00
15269.98775525183,15301.14462071534,SYN2-212-D:P0001,G:LYBV:LYBE:SYN2-206-D:P0001,EVTOL_004,LYBV,LYBE,before_boarding,selected_plan,battery_before_repositioning|group_formation,battery_before_repositioning@LYBE|group_formation@LYBV,idle,0.5192810910585043,0.0,0.0,2026-07-31T04:14:29.987755+02:00,2026-07-31T04:15:01.144621+02:00
15301.14462071534,15361.14462071534,SYN2-206-D:P0001,G:LYBV:LYBE:SYN2-206-D:P0001,EVTOL_004,LYBV,LYBE,before_boarding,selected_plan,departure_preparation|group_formation,departure_preparation@LYBE|group_formation@LYBV,departure_finalization,1.0,0.0,0.0,2026-07-31T04:15:01.144621+02:00,2026-07-31T04:16:01.144621+02:00
15301.14462071534,15361.14462071534,SYN2-224-D:P0002,G:LYBV:LYBE:SYN2-206-D:P0001,EVTOL_004,LYBV,LYBE,before_boarding,selected_plan,departure_preparation|group_formation,departure_preparation@LYBE|group_formation@LYBV,departure_finalization,1.0,0.0,0.0,2026-07-31T04:15:01.144621+02:00,2026-07-31T04:16:01.144621+02:00
15301.14462071534,15361.14462071534,SYN2-212-D:P0001,G:LYBV:LYBE:SYN2-206-D:P0001,EVTOL_004,LYBV,LYBE,before_boarding,selected_plan,departure_preparation|group_formation,departure_preparation@LYBE|group_formation@LYBV,departure_finalization,1.0,0.0,0.0,2026-07-31T04:15:01.144621+02:00,2026-07-31T04:16:01.144621+02:00
15350.759903847029,15450.931122238002,SYN2-219-D:P0001,G:JUG:LYBE:SYN2-219-D:P0001,EVTOL_001,JUG,LYBE,before_boarding,selected_plan,battery_before_repositioning|group_formation,battery_before_repositioning@LYBE|group_formation@JUG,idle,1.669520306516218,0.0,0.0,2026-07-31T04:15:50.759904+02:00,2026-07-31T04:17:30.931122+02:00
15361.14462071534,15401.14462071534,SYN2-206-D:P0001,G:LYBV:LYBE:SYN2-206-D:P0001,EVTOL_004,LYBV,LYBE,before_boarding,selected_plan,group_formation|repositioning_flight,group_formation@LYBV|repositioning_flight@LYBV,takeoff,0.6666666666666666,0.0,0.0,2026-07-31T04:16:01.144621+02:00,2026-07-31T04:16:41.144621+02:00
15361.14462071534,15401.14462071534,SYN2-224-D:P0002,G:LYBV:LYBE:SYN2-206-D:P0001,EVTOL_004,LYBV,LYBE,before_boarding,selected_plan,group_formation|repositioning_flight,group_formation@LYBV|repositioning_flight@LYBV,takeoff,0.6666666666666666,0.0,0.0,2026-07-31T04:16:01.144621+02:00,2026-07-31T04:16:41.144621+02:00
15361.14462071534,15401.14462071534,SYN2-212-D:P0001,G:LYBV:LYBE:SYN2-206-D:P0001,EVTOL_004,LYBV,LYBE,before_boarding,selected_plan,group_formation|repositioning_flight,group_formation@LYBV|repositioning_flight@LYBV,takeoff,0.6666666666666666,0.0,0.0,2026-07-31T04:16:01.144621+02:00,2026-07-31T04:16:41.144621+02:00
15401.14462071534,15737.59280871534,SYN2-206-D:P0001,G:LYBV:LYBE:SYN2-206-D:P0001,EVTOL_004,LYBV,LYBE,before_boarding,selected_plan,group_formation|repositioning_flight,group_formation@LYBV|repositioning_flight@LYBV,cruise,5.607469800000005,0.0,0.0,2026-07-31T04:16:41.144621+02:00,2026-07-31T04:22:17.592809+02:00
15401.14462071534,15737.59280871534,SYN2-224-D:P0002,G:LYBV:LYBE:SYN2-206-D:P0001,EVTOL_004,LYBV,LYBE,before_boarding,selected_plan,group_formation|repositioning_flight,group_formation@LYBV|repositioning_flight@LYBV,cruise,5.607469800000005,0.0,0.0,2026-07-31T04:16:41.144621+02:00,2026-07-31T04:22:17.592809+02:00
15401.14462071534,15737.59280871534,SYN2-212-D:P0001,G:LYBV:LYBE:SYN2-206-D:P0001,EVTOL_004,LYBV,LYBE,before_boarding,selected_plan,group_formation|repositioning_flight,group_formation@LYBV|repositioning_flight@LYBV,cruise,5.607469800000005,0.0,0.0,2026-07-31T04:16:41.144621+02:00,2026-07-31T04:22:17.592809+02:00
15450.931122238002,15510.931122238002,SYN2-232-D:P0001,G:BW:LYBE:SYN2-232-D:P0001,EVTOL_001,BW,LYBE,before_boarding,selected_plan,departure_preparation|group_formation,departure_preparation@LYBE|group_formation@BW,departure_finalization,1.0,0.0,0.0,2026-07-31T04:17:30.931122+02:00,2026-07-31T04:18:30.931122+02:00
15450.931122238002,15478.189298613739,SYN2-219-D:P0001,G:JUG:LYBE:SYN2-219-D:P0001,EVTOL_002,JUG,LYBE,before_boarding,selected_plan,aircraft_busy|group_formation,aircraft_busy@F000037|group_formation@JUG,landing,0.45430293959561824,0.0,0.0,2026-07-31T04:17:30.931122+02:00,2026-07-31T04:17:58.189299+02:00
15478.189298613739,15670.189298613739,SYN2-219-D:P0001,G:JUG:LYBE:SYN2-219-D:P0001,EVTOL_002,JUG,LYBE,before_boarding,selected_plan,aircraft_busy|group_formation,aircraft_busy@F000037|group_formation@JUG,disembarking,3.2,0.0,0.0,2026-07-31T04:17:58.189299+02:00,2026-07-31T04:21:10.189299+02:00
15510.931122238002,15550.931122238002,SYN2-232-D:P0001,G:BW:LYBE:SYN2-232-D:P0001,EVTOL_001,BW,LYBE,before_boarding,selected_plan,group_formation|repositioning_flight,group_formation@BW|repositioning_flight@BW,takeoff,0.6666666666666666,0.0,0.0,2026-07-31T04:18:30.931122+02:00,2026-07-31T04:19:10.931122+02:00
15550.931122238002,15775.766944238003,SYN2-232-D:P0001,G:BW:LYBE:SYN2-232-D:P0001,EVTOL_001,BW,LYBE,before_boarding,selected_plan,group_formation|repositioning_flight,group_formation@BW|repositioning_flight@BW,cruise,3.747263700000015,0.0,0.0,2026-07-31T04:19:10.931122+02:00,2026-07-31T04:22:55.766944+02:00
15578.021399658415,15638.021399658415,SYN2-224-D:P0001,G:DOR:LYBE:SYN2-224-D:P0001,EVTOL_003,DOR,LYBE,departure_preparation,committed_flight,departure_preparation,departure_preparation@DOR,departure_finalization,1.0,0.0,0.0,2026-07-31T04:19:38.021400+02:00,2026-07-31T04:20:38.021400+02:00
15670.189298613739,16025.382301376703,SYN2-219-D:P0001,G:JUG:LYBE:SYN2-219-D:P0001,EVTOL_002,JUG,LYBE,before_boarding,selected_plan,battery_before_repositioning|group_formation,battery_before_repositioning@LYBE|group_formation@JUG,idle,5.919883379382736,0.0,0.0,2026-07-31T04:21:10.189299+02:00,2026-07-31T04:27:05.382301+02:00
15737.59280871534,15797.59280871534,SYN2-206-D:P0001,G:LYBV:LYBE:SYN2-206-D:P0001,EVTOL_004,LYBV,LYBE,before_boarding,selected_plan,group_formation|repositioning_flight,group_formation@LYBV|repositioning_flight@LYBV,landing,1.0,0.0,0.0,2026-07-31T04:22:17.592809+02:00,2026-07-31T04:23:17.592809+02:00
15737.59280871534,15797.59280871534,SYN2-224-D:P0002,G:LYBV:LYBE:SYN2-206-D:P0001,EVTOL_004,LYBV,LYBE,before_boarding,selected_plan,group_formation|repositioning_flight,group_formation@LYBV|repositioning_flight@LYBV,landing,1.0,0.0,0.0,2026-07-31T04:22:17.592809+02:00,2026-07-31T04:23:17.592809+02:00
15737.59280871534,15797.59280871534,SYN2-212-D:P0001,G:LYBV:LYBE:SYN2-206-D:P0001,EVTOL_004,LYBV,LYBE,before_boarding,selected_plan,group_formation|repositioning_flight,group_formation@LYBV|repositioning_flight@LYBV,landing,1.0,0.0,0.0,2026-07-31T04:22:17.592809+02:00,2026-07-31T04:23:17.592809+02:00
15775.766944238003,15835.766944238003,SYN2-232-D:P0001,G:BW:LYBE:SYN2-232-D:P0001,EVTOL_001,BW,LYBE,before_boarding,selected_plan,group_formation|repositioning_flight,group_formation@BW|repositioning_flight@BW,landing,1.0,0.0,0.0,2026-07-31T04:22:55.766944+02:00,2026-07-31T04:23:55.766944+02:00
15797.59280871534,15861.405699926736,SYN2-206-D:P0001,G:LYBV:LYBE:SYN2-206-D:P0001,EVTOL_004,LYBV,LYBE,before_boarding,selected_plan,group_formation,group_formation@LYBV,idle,1.0635481868565875,0.0,0.0,2026-07-31T04:23:17.592809+02:00,2026-07-31T04:24:21.405700+02:00
15797.59280871534,15861.405699926736,SYN2-224-D:P0002,G:LYBV:LYBE:SYN2-206-D:P0001,EVTOL_004,LYBV,LYBE,before_boarding,selected_plan,group_formation,group_formation@LYBV,idle,1.0635481868565875,0.0,0.0,2026-07-31T04:23:17.592809+02:00,2026-07-31T04:24:21.405700+02:00
15797.59280871534,15861.405699926736,SYN2-212-D:P0001,G:LYBV:LYBE:SYN2-206-D:P0001,EVTOL_004,LYBV,LYBE,before_boarding,selected_plan,group_formation,group_formation@LYBV,idle,1.0635481868565875,0.0,0.0,2026-07-31T04:23:17.592809+02:00,2026-07-31T04:24:21.405700+02:00
15826.654859741007,15835.766944238003,SYN2-349-D:P0001,G:BW:LYBE:SYN2-232-D:P0001,EVTOL_001,BW,LYBE,before_boarding,selected_plan,group_formation|repositioning_flight,group_formation@BW|repositioning_flight@BW,landing,0.15186807494992535,0.0,0.0,2026-07-31T04:23:46.654860+02:00,2026-07-31T04:23:55.766944+02:00
15835.766944238003,15972.345690605773,SYN2-232-D:P0001,G:BW:LYBE:SYN2-232-D:P0001,EVTOL_001,BW,LYBE,before_boarding,selected_plan,group_formation,group_formation@BW,idle,2.2763124394628296,0.0,0.0,2026-07-31T04:23:55.766944+02:00,2026-07-31T04:26:12.345691+02:00
15835.766944238003,15972.345690605773,SYN2-349-D:P0001,G:BW:LYBE:SYN2-232-D:P0001,EVTOL_001,BW,LYBE,before_boarding,selected_plan,group_formation,group_formation@BW,idle,2.2763124394628296,0.0,0.0,2026-07-31T04:23:55.766944+02:00,2026-07-31T04:26:12.345691+02:00
15951.502006898609,15972.345690605773,SYN2-232-D:P0002,G:BW:LYBE:SYN2-232-D:P0001,EVTOL_001,BW,LYBE,before_boarding,selected_plan,group_formation,group_formation@BW,idle,0.3473947284527336,0.0,0.0,2026-07-31T04:25:51.502007+02:00,2026-07-31T04:26:12.345691+02:00
16025.382301376703,16085.382301376703,SYN2-219-D:P0001,G:JUG:LYBE:SYN2-219-D:P0001,EVTOL_002,JUG,LYBE,before_boarding,selected_plan,departure_preparation|group_formation,departure_preparation@LYBE|group_formation@JUG,departure_finalization,1.0,0.0,0.0,2026-07-31T04:27:05.382301+02:00,2026-07-31T04:28:05.382301+02:00
16085.382301376703,16125.382301376703,SYN2-219-D:P0001,G:JUG:LYBE:SYN2-219-D:P0001,EVTOL_002,JUG,LYBE,before_boarding,selected_plan,group_formation|repositioning_flight,group_formation@JUG|repositioning_flight@JUG,takeoff,0.6666666666666666,0.0,0.0,2026-07-31T04:28:05.382301+02:00,2026-07-31T04:28:45.382301+02:00
16125.382301376703,16250.759903847029,SYN2-219-D:P0001,G:JUG:LYBE:SYN2-219-D:P0001,EVTOL_002,JUG,LYBE,before_boarding,selected_plan,group_formation|repositioning_flight,group_formation@JUG|repositioning_flight@JUG,cruise,2.089626707838761,0.0,0.0,2026-07-31T04:28:45.382301+02:00,2026-07-31T04:30:50.759904+02:00
16206.405699926736,16361.155776660155,SYN2-206-D:P0001,G:LYBV:LYBE:SYN2-206-D:P0001,EVTOL_004,LYBV,LYBE,after_boarding,committed_flight,battery_after_repositioning,battery_after_repositioning@LYBV,waiting_for_departure,2.5791679455569767,0.0,2.5791679455569767,2026-07-31T04:30:06.405700+02:00,2026-07-31T04:32:41.155777+02:00
16206.405699926736,16361.155776660155,SYN2-224-D:P0002,G:LYBV:LYBE:SYN2-206-D:P0001,EVTOL_004,LYBV,LYBE,after_boarding,committed_flight,battery_after_repositioning,battery_after_repositioning@LYBV,waiting_for_departure,2.5791679455569767,0.0,2.5791679455569767,2026-07-31T04:30:06.405700+02:00,2026-07-31T04:32:41.155777+02:00
16206.405699926736,16361.155776660155,SYN2-212-D:P0001,G:LYBV:LYBE:SYN2-206-D:P0001,EVTOL_004,LYBV,LYBE,after_boarding,committed_flight,battery_after_repositioning,battery_after_repositioning@LYBV,waiting_for_departure,2.5791679455569767,0.0,2.5791679455569767,2026-07-31T04:30:06.405700+02:00,2026-07-31T04:32:41.155777+02:00
16250.759903847029,16443.184613376703,SYN2-219-D:P0001,G:JUG:LYBE:SYN2-219-D:P0001,EVTOL_002,JUG,LYBE,before_boarding,selected_plan,repositioning_flight,repositioning_flight@JUG,cruise,3.207078492161236,3.207078492161236,0.0,2026-07-31T04:30:50.759904+02:00,2026-07-31T04:34:03.184613+02:00
16361.155776660155,16421.155776660155,SYN2-206-D:P0001,G:LYBV:LYBE:SYN2-206-D:P0001,EVTOL_004,LYBV,LYBE,departure_preparation,committed_flight,departure_preparation,departure_preparation@LYBV,departure_finalization,1.0,0.0,0.0,2026-07-31T04:32:41.155777+02:00,2026-07-31T04:33:41.155777+02:00
16361.155776660155,16421.155776660155,SYN2-224-D:P0002,G:LYBV:LYBE:SYN2-206-D:P0001,EVTOL_004,LYBV,LYBE,departure_preparation,committed_flight,departure_preparation,departure_preparation@LYBV,departure_finalization,1.0,0.0,0.0,2026-07-31T04:32:41.155777+02:00,2026-07-31T04:33:41.155777+02:00
16361.155776660155,16421.155776660155,SYN2-212-D:P0001,G:LYBV:LYBE:SYN2-206-D:P0001,EVTOL_004,LYBV,LYBE,departure_preparation,committed_flight,departure_preparation,departure_preparation@LYBV,departure_finalization,1.0,0.0,0.0,2026-07-31T04:32:41.155777+02:00,2026-07-31T04:33:41.155777+02:00
16392.345690605773,16452.345690605773,SYN2-232-D:P0001,G:BW:LYBE:SYN2-232-D:P0001,EVTOL_001,BW,LYBE,departure_preparation,committed_flight,departure_preparation,departure_preparation@BW,departure_finalization,1.0,0.0,0.0,2026-07-31T04:33:12.345691+02:00,2026-07-31T04:34:12.345691+02:00
16392.345690605773,16452.345690605773,SYN2-349-D:P0001,G:BW:LYBE:SYN2-232-D:P0001,EVTOL_001,BW,LYBE,departure_preparation,committed_flight,departure_preparation,departure_preparation@BW,departure_finalization,1.0,0.0,0.0,2026-07-31T04:33:12.345691+02:00,2026-07-31T04:34:12.345691+02:00
16392.345690605773,16452.345690605773,SYN2-232-D:P0002,G:BW:LYBE:SYN2-232-D:P0001,EVTOL_001,BW,LYBE,departure_preparation,committed_flight,departure_preparation,departure_preparation@BW,departure_finalization,1.0,0.0,0.0,2026-07-31T04:33:12.345691+02:00,2026-07-31T04:34:12.345691+02:00
16392.345690605773,16452.345690605773,SYN2-229-D:P0001,G:BW:LYBE:SYN2-232-D:P0001,EVTOL_001,BW,LYBE,departure_preparation,committed_flight,departure_preparation,departure_preparation@BW,departure_finalization,1.0,0.0,0.0,2026-07-31T04:33:12.345691+02:00,2026-07-31T04:34:12.345691+02:00
16443.184613376703,16503.184613376703,SYN2-219-D:P0001,G:JUG:LYBE:SYN2-219-D:P0001,EVTOL_002,JUG,LYBE,before_boarding,selected_plan,repositioning_flight,repositioning_flight@JUG,landing,1.0,1.0,0.0,2026-07-31T04:34:03.184613+02:00,2026-07-31T04:35:03.184613+02:00
16698.184613376703,17051.862380339666,SYN2-219-D:P0001,G:JUG:LYBE:SYN2-219-D:P0001,EVTOL_002,JUG,LYBE,after_boarding,committed_flight,battery_after_repositioning,battery_after_repositioning@JUG,waiting_for_departure,5.894629449382713,0.0,5.894629449382713,2026-07-31T04:38:18.184613+02:00,2026-07-31T04:44:11.862380+02:00
17051.862380339666,17111.862380339666,SYN2-219-D:P0001,G:JUG:LYBE:SYN2-219-D:P0001,EVTOL_002,JUG,LYBE,departure_preparation,committed_flight,departure_preparation,departure_preparation@JUG,departure_finalization,1.0,0.0,0.0,2026-07-31T04:44:11.862380+02:00,2026-07-31T04:45:11.862380+02:00
18370.99333536592,18430.99333536592,SYN2-231-D:P0001,G:BW:LYBE:SYN2-231-D:P0001,EVTOL_001,BW,LYBE,before_boarding,selected_plan,departure_preparation|group_formation,departure_preparation@LYBE|group_formation@BW,departure_finalization,1.0,0.0,0.0,2026-07-31T05:06:10.993335+02:00,2026-07-31T05:07:10.993335+02:00
18430.99333536592,18470.99333536592,SYN2-231-D:P0001,G:BW:LYBE:SYN2-231-D:P0001,EVTOL_001,BW,LYBE,before_boarding,selected_plan,group_formation|repositioning_flight,group_formation@BW|repositioning_flight@BW,takeoff,0.6666666666666666,0.0,0.0,2026-07-31T05:07:10.993335+02:00,2026-07-31T05:07:50.993335+02:00
18470.99333536592,18695.829157365923,SYN2-231-D:P0001,G:BW:LYBE:SYN2-231-D:P0001,EVTOL_001,BW,LYBE,before_boarding,selected_plan,group_formation|repositioning_flight,group_formation@BW|repositioning_flight@BW,cruise,3.747263700000015,0.0,0.0,2026-07-31T05:07:50.993335+02:00,2026-07-31T05:11:35.829157+02:00
18695.829157365923,18755.829157365923,SYN2-231-D:P0001,G:BW:LYBE:SYN2-231-D:P0001,EVTOL_001,BW,LYBE,before_boarding,selected_plan,group_formation|repositioning_flight,group_formation@BW|repositioning_flight@BW,landing,1.0,0.0,0.0,2026-07-31T05:11:35.829157+02:00,2026-07-31T05:12:35.829157+02:00
18755.829157365923,19270.99333536592,SYN2-231-D:P0001,G:BW:LYBE:SYN2-231-D:P0001,EVTOL_001,BW,LYBE,before_boarding,selected_plan,group_formation,group_formation@BW,idle,8.586069633333318,0.0,0.0,2026-07-31T05:12:35.829157+02:00,2026-07-31T05:21:10.993335+02:00
19431.54454650155,19465.99333536592,SYN2-008-A:P0001,G:LYBE:LYBV:SYN2-008-A:P0001,EVTOL_001,LYBE,LYBV,before_boarding,selected_plan,aircraft_busy|group_formation,aircraft_busy@F000047|group_formation@LYBE,boarding,0.5741464810728455,0.0,0.0,2026-07-31T05:23:51.544547+02:00,2026-07-31T05:24:25.993335+02:00
19465.99333536592,19525.99333536592,SYN2-008-A:P0001,G:LYBE:LYBV:SYN2-008-A:P0001,EVTOL_001,LYBE,LYBV,before_boarding,selected_plan,aircraft_busy|group_formation,aircraft_busy@F000047|group_formation@LYBE,departure_finalization,1.0,0.0,0.0,2026-07-31T05:24:25.993335+02:00,2026-07-31T05:25:25.993335+02:00
19465.99333536592,19525.99333536592,SYN2-231-D:P0001,G:BW:LYBE:SYN2-231-D:P0001,EVTOL_001,BW,LYBE,departure_preparation,committed_flight,departure_preparation,departure_preparation@BW,departure_finalization,1.0,0.0,0.0,2026-07-31T05:24:25.993335+02:00,2026-07-31T05:25:25.993335+02:00
19525.99333536592,19565.99333536592,SYN2-008-A:P0001,G:LYBE:LYBV:SYN2-008-A:P0001,EVTOL_001,LYBE,LYBV,before_boarding,selected_plan,aircraft_busy|group_formation,aircraft_busy@F000047|group_formation@LYBE,takeoff,0.6666666666666666,0.0,0.0,2026-07-31T05:25:25.993335+02:00,2026-07-31T05:26:05.993335+02:00
19565.99333536592,19790.829157365923,SYN2-008-A:P0001,G:LYBE:LYBV:SYN2-008-A:P0001,EVTOL_001,LYBE,LYBV,before_boarding,selected_plan,aircraft_busy|group_formation,aircraft_busy@F000047|group_formation@LYBE,cruise,3.747263700000015,0.0,0.0,2026-07-31T05:26:05.993335+02:00,2026-07-31T05:29:50.829157+02:00
19782.79911142926,19790.829157365923,SYN2-236-D:P0002,G:BW:LYBE:SYN2-236-D:P0002,EVTOL_002,BW,LYBE,before_boarding,selected_plan,group_formation|origin_tlof,group_formation@BW|origin_tlof@LYBE,idle,0.13383409894437742,0.0,0.0,2026-07-31T05:29:42.799111+02:00,2026-07-31T05:29:50.829157+02:00
19790.829157365923,19850.829157365923,SYN2-008-A:P0001,G:LYBE:LYBV:SYN2-008-A:P0001,EVTOL_001,LYBE,LYBV,before_boarding,selected_plan,aircraft_busy|group_formation,aircraft_busy@F000047|group_formation@LYBE,landing,1.0,0.0,0.0,2026-07-31T05:29:50.829157+02:00,2026-07-31T05:30:50.829157+02:00
19790.829157365923,19850.829157365923,SYN2-236-D:P0002,G:BW:LYBE:SYN2-236-D:P0002,EVTOL_002,BW,LYBE,before_boarding,selected_plan,departure_preparation|group_formation,departure_preparation@LYBE|group_formation@BW,departure_finalization,1.0,0.0,0.0,2026-07-31T05:29:50.829157+02:00,2026-07-31T05:30:50.829157+02:00
19850.829157365923,19976.829157365923,SYN2-008-A:P0001,G:LYBE:LYBV:SYN2-008-A:P0001,EVTOL_001,LYBE,LYBV,before_boarding,selected_plan,aircraft_busy|group_formation,aircraft_busy@F000047|group_formation@LYBE,disembarking,2.1,0.0,0.0,2026-07-31T05:30:50.829157+02:00,2026-07-31T05:32:56.829157+02:00
19850.829157365923,19890.829157365923,SYN2-236-D:P0002,G:BW:LYBE:SYN2-236-D:P0002,EVTOL_002,BW,LYBE,before_boarding,selected_plan,group_formation|repositioning_flight,group_formation@BW|repositioning_flight@BW,takeoff,0.6666666666666666,0.0,0.0,2026-07-31T05:30:50.829157+02:00,2026-07-31T05:31:30.829157+02:00
19890.829157365923,20115.664979365924,SYN2-236-D:P0002,G:BW:LYBE:SYN2-236-D:P0002,EVTOL_002,BW,LYBE,before_boarding,selected_plan,group_formation|repositioning_flight,group_formation@BW|repositioning_flight@BW,cruise,3.747263700000015,0.0,0.0,2026-07-31T05:31:30.829157+02:00,2026-07-31T05:35:15.664979+02:00
19976.829157365923,20331.54454650155,SYN2-008-A:P0001,G:LYBE:LYBV:SYN2-008-A:P0001,EVTOL_001,LYBE,LYBV,before_boarding,selected_plan,group_formation,group_formation@LYBE,idle,5.9119231522604725,0.0,0.0,2026-07-31T05:32:56.829157+02:00,2026-07-31T05:38:51.544547+02:00
20115.664979365924,20175.664979365924,SYN2-236-D:P0002,G:BW:LYBE:SYN2-236-D:P0002,EVTOL_002,BW,LYBE,before_boarding,selected_plan,group_formation|repositioning_flight,group_formation@BW|repositioning_flight@BW,landing,1.0,0.0,0.0,2026-07-31T05:35:15.664979+02:00,2026-07-31T05:36:15.664979+02:00
20175.664979365924,20682.79911142926,SYN2-236-D:P0002,G:BW:LYBE:SYN2-236-D:P0002,EVTOL_002,BW,LYBE,before_boarding,selected_plan,group_formation,group_formation@BW,idle,8.45223553438894,0.0,0.0,2026-07-31T05:36:15.664979+02:00,2026-07-31T05:44:42.799111+02:00
20417.213126561765,21317.213126561765,SYN2-156-A:P0001,G:LYBE:LYBV:SYN2-156-A:P0001,EVTOL_003,LYBE,LYBV,before_boarding,selected_plan,group_formation,group_formation@LYBE,idle,15.0,0.0,0.0,2026-07-31T05:40:17.213127+02:00,2026-07-31T05:55:17.213127+02:00
20526.54454650155,20586.54454650155,SYN2-008-A:P0001,G:LYBE:LYBV:SYN2-008-A:P0001,EVTOL_001,LYBE,LYBV,departure_preparation,committed_flight,departure_preparation,departure_preparation@LYBE,departure_finalization,1.0,0.0,0.0,2026-07-31T05:42:06.544547+02:00,2026-07-31T05:43:06.544547+02:00
20877.79911142926,20937.79911142926,SYN2-236-D:P0002,G:BW:LYBE:SYN2-236-D:P0002,EVTOL_002,BW,LYBE,departure_preparation,committed_flight,departure_preparation,departure_preparation@BW,departure_finalization,1.0,0.0,0.0,2026-07-31T05:47:57.799111+02:00,2026-07-31T05:48:57.799111+02:00
20902.072848999345,20937.79911142926,SYN2-012-A:P0001,G:LYBE:BW:SYN2-012-A:P0001,EVTOL_002,LYBE,BW,before_boarding,selected_plan,aircraft_busy|group_formation,aircraft_busy@F000050|group_formation@LYBE,departure_finalization,0.595437707165244,0.0,0.0,2026-07-31T05:48:22.072849+02:00,2026-07-31T05:48:57.799111+02:00
20937.79911142926,20977.79911142926,SYN2-012-A:P0001,G:LYBE:BW:SYN2-012-A:P0001,EVTOL_002,LYBE,BW,before_boarding,selected_plan,aircraft_busy|group_formation,aircraft_busy@F000050|group_formation@LYBE,takeoff,0.6666666666666666,0.0,0.0,2026-07-31T05:48:57.799111+02:00,2026-07-31T05:49:37.799111+02:00
20977.79911142926,21202.63493342926,SYN2-012-A:P0001,G:LYBE:BW:SYN2-012-A:P0001,EVTOL_002,LYBE,BW,before_boarding,selected_plan,aircraft_busy|group_formation,aircraft_busy@F000050|group_formation@LYBE,cruise,3.747263700000015,0.0,0.0,2026-07-31T05:49:37.799111+02:00,2026-07-31T05:53:22.634933+02:00
21002.348912225567,21202.63493342926,SYN2-010-A:P0001,G:LYBE:BW:SYN2-012-A:P0001,EVTOL_002,LYBE,BW,before_boarding,selected_plan,aircraft_busy|group_formation,aircraft_busy@F000050|group_formation@LYBE,cruise,3.3381003533948994,0.0,0.0,2026-07-31T05:50:02.348912+02:00,2026-07-31T05:53:22.634933+02:00
21136.741452542094,22036.741452542094,SYN2-012-A:P0002,G:LYBE:DOR:SYN2-012-A:P0002,EVTOL_004,LYBE,DOR,before_boarding,selected_plan,group_formation,group_formation@LYBE,idle,15.0,0.0,0.0,2026-07-31T05:52:16.741453+02:00,2026-07-31T06:07:16.741453+02:00
21202.63493342926,21262.63493342926,SYN2-012-A:P0001,G:LYBE:BW:SYN2-012-A:P0001,EVTOL_002,LYBE,BW,before_boarding,selected_plan,aircraft_busy|group_formation,aircraft_busy@F000050|group_formation@LYBE,landing,1.0,0.0,0.0,2026-07-31T05:53:22.634933+02:00,2026-07-31T05:54:22.634933+02:00
21202.63493342926,21262.63493342926,SYN2-010-A:P0001,G:LYBE:BW:SYN2-012-A:P0001,EVTOL_002,LYBE,BW,before_boarding,selected_plan,aircraft_busy|group_formation,aircraft_busy@F000050|group_formation@LYBE,landing,1.0,0.0,0.0,2026-07-31T05:53:22.634933+02:00,2026-07-31T05:54:22.634933+02:00
21262.63493342926,21388.63493342926,SYN2-012-A:P0001,G:LYBE:BW:SYN2-012-A:P0001,EVTOL_002,LYBE,BW,before_boarding,selected_plan,aircraft_busy|group_formation,aircraft_busy@F000050|group_formation@LYBE,disembarking,2.1,0.0,0.0,2026-07-31T05:54:22.634933+02:00,2026-07-31T05:56:28.634933+02:00
21262.63493342926,21388.63493342926,SYN2-010-A:P0001,G:LYBE:BW:SYN2-012-A:P0001,EVTOL_002,LYBE,BW,before_boarding,selected_plan,aircraft_busy|group_formation,aircraft_busy@F000050|group_formation@LYBE,disembarking,2.1,0.0,0.0,2026-07-31T05:54:22.634933+02:00,2026-07-31T05:56:28.634933+02:00
21320.631268992245,21748.99273450155,SYN2-241-D:P0001,G:JUG:LYBE:SYN2-241-D:P0001,EVTOL_001,JUG,LYBE,before_boarding,selected_plan,cleaning|group_formation,cleaning@LYBV:cleaner:1|group_formation@JUG,cleaning,7.139357758488404,0.0,0.0,2026-07-31T05:55:20.631269+02:00,2026-07-31T06:02:28.992735+02:00
21388.63493342926,21802.072848999345,SYN2-012-A:P0001,G:LYBE:BW:SYN2-012-A:P0001,EVTOL_002,LYBE,BW,before_boarding,selected_plan,group_formation,group_formation@LYBE,idle,6.890631926168074,0.0,0.0,2026-07-31T05:56:28.634933+02:00,2026-07-31T06:03:22.072849+02:00
21388.63493342926,21802.072848999345,SYN2-010-A:P0001,G:LYBE:BW:SYN2-012-A:P0001,EVTOL_002,LYBE,BW,before_boarding,selected_plan,group_formation,group_formation@LYBE,idle,6.890631926168074,0.0,0.0,2026-07-31T05:56:28.634933+02:00,2026-07-31T06:03:22.072849+02:00
21512.213126561765,21572.213126561765,SYN2-156-A:P0001,G:LYBE:LYBV:SYN2-156-A:P0001,EVTOL_003,LYBE,LYBV,departure_preparation,committed_flight,departure_preparation,departure_preparation@LYBE,departure_finalization,1.0,0.0,0.0,2026-07-31T05:58:32.213127+02:00,2026-07-31T05:59:32.213127+02:00
21710.590117559954,21748.99273450155,SYN2-236-D:P0001,G:JUG:LYBE:SYN2-241-D:P0001,EVTOL_001,JUG,LYBE,before_boarding,selected_plan,cleaning|group_formation,cleaning@LYBV:cleaner:1|group_formation@JUG,cleaning,0.6400436156932604,0.0,0.0,2026-07-31T06:01:50.590118+02:00,2026-07-31T06:02:28.992735+02:00
21748.99273450155,21808.99273450155,SYN2-241-D:P0001,G:JUG:LYBE:SYN2-241-D:P0001,EVTOL_001,JUG,LYBE,before_boarding,selected_plan,departure_preparation|group_formation,departure_preparation@LYBV|group_formation@JUG,departure_finalization,1.0,0.0,0.0,2026-07-31T06:02:28.992735+02:00,2026-07-31T06:03:28.992735+02:00
21748.99273450155,21808.99273450155,SYN2-236-D:P0001,G:JUG:LYBE:SYN2-241-D:P0001,EVTOL_001,JUG,LYBE,before_boarding,selected_plan,departure_preparation|group_formation,departure_preparation@LYBV|group_formation@JUG,departure_finalization,1.0,0.0,0.0,2026-07-31T06:02:28.992735+02:00,2026-07-31T06:03:28.992735+02:00
21808.99273450155,21848.99273450155,SYN2-241-D:P0001,G:JUG:LYBE:SYN2-241-D:P0001,EVTOL_001,JUG,LYBE,before_boarding,selected_plan,group_formation|repositioning_flight,group_formation@JUG|repositioning_flight@JUG,takeoff,0.6666666666666666,0.0,0.0,2026-07-31T06:03:28.992735+02:00,2026-07-31T06:04:08.992735+02:00
21808.99273450155,21848.99273450155,SYN2-236-D:P0001,G:JUG:LYBE:SYN2-241-D:P0001,EVTOL_001,JUG,LYBE,before_boarding,selected_plan,group_formation|repositioning_flight,group_formation@JUG|repositioning_flight@JUG,takeoff,0.6666666666666666,0.0,0.0,2026-07-31T06:03:28.992735+02:00,2026-07-31T06:04:08.992735+02:00
21848.99273450155,22035.57159050155,SYN2-241-D:P0001,G:JUG:LYBE:SYN2-241-D:P0001,EVTOL_001,JUG,LYBE,before_boarding,selected_plan,group_formation|repositioning_flight,group_formation@JUG|repositioning_flight@JUG,cruise,3.1096476000000015,0.0,0.0,2026-07-31T06:04:08.992735+02:00,2026-07-31T06:07:15.571591+02:00
21848.99273450155,22035.57159050155,SYN2-236-D:P0001,G:JUG:LYBE:SYN2-241-D:P0001,EVTOL_001,JUG,LYBE,before_boarding,selected_plan,group_formation|repositioning_flight,group_formation@JUG|repositioning_flight@JUG,cruise,3.1096476000000015,0.0,0.0,2026-07-31T06:04:08.992735+02:00,2026-07-31T06:07:15.571591+02:00
22035.57159050155,22095.57159050155,SYN2-241-D:P0001,G:JUG:LYBE:SYN2-241-D:P0001,EVTOL_001,JUG,LYBE,before_boarding,selected_plan,group_formation|repositioning_flight,group_formation@JUG|repositioning_flight@JUG,landing,1.0,0.0,0.0,2026-07-31T06:07:15.571591+02:00,2026-07-31T06:08:15.571591+02:00
22035.57159050155,22095.57159050155,SYN2-236-D:P0001,G:JUG:LYBE:SYN2-241-D:P0001,EVTOL_001,JUG,LYBE,before_boarding,selected_plan,group_formation|repositioning_flight,group_formation@JUG|repositioning_flight@JUG,landing,1.0,0.0,0.0,2026-07-31T06:07:15.571591+02:00,2026-07-31T06:08:15.571591+02:00
22072.072848999345,22132.072848999345,SYN2-012-A:P0001,G:LYBE:BW:SYN2-012-A:P0001,EVTOL_002,LYBE,BW,departure_preparation,committed_flight,departure_preparation,departure_preparation@LYBE,departure_finalization,1.0,0.0,0.0,2026-07-31T06:07:52.072849+02:00,2026-07-31T06:08:52.072849+02:00
22072.072848999345,22132.072848999345,SYN2-010-A:P0001,G:LYBE:BW:SYN2-012-A:P0001,EVTOL_002,LYBE,BW,departure_preparation,committed_flight,departure_preparation,departure_preparation@LYBE,departure_finalization,1.0,0.0,0.0,2026-07-31T06:07:52.072849+02:00,2026-07-31T06:08:52.072849+02:00
22095.57159050155,22220.631268992245,SYN2-241-D:P0001,G:JUG:LYBE:SYN2-241-D:P0001,EVTOL_001,JUG,LYBE,before_boarding,selected_plan,group_formation,group_formation@JUG,idle,2.0843279748449275,0.0,0.0,2026-07-31T06:08:15.571591+02:00,2026-07-31T06:10:20.631269+02:00
22095.57159050155,22220.631268992245,SYN2-236-D:P0001,G:JUG:LYBE:SYN2-241-D:P0001,EVTOL_001,JUG,LYBE,before_boarding,selected_plan,group_formation,group_formation@JUG,idle,2.0843279748449275,0.0,0.0,2026-07-31T06:08:15.571591+02:00,2026-07-31T06:10:20.631269+02:00
22231.741452542094,22291.741452542094,SYN2-012-A:P0002,G:LYBE:DOR:SYN2-012-A:P0002,EVTOL_004,LYBE,DOR,departure_preparation,committed_flight,departure_preparation,departure_preparation@LYBE,departure_finalization,1.0,0.0,0.0,2026-07-31T06:10:31.741453+02:00,2026-07-31T06:11:31.741453+02:00
22490.631268992245,22550.631268992245,SYN2-241-D:P0001,G:JUG:LYBE:SYN2-241-D:P0001,EVTOL_001,JUG,LYBE,departure_preparation,committed_flight,departure_preparation,departure_preparation@JUG,departure_finalization,1.0,0.0,0.0,2026-07-31T06:14:50.631269+02:00,2026-07-31T06:15:50.631269+02:00
22490.631268992245,22550.631268992245,SYN2-236-D:P0001,G:JUG:LYBE:SYN2-241-D:P0001,EVTOL_001,JUG,LYBE,departure_preparation,committed_flight,departure_preparation,departure_preparation@JUG,departure_finalization,1.0,0.0,0.0,2026-07-31T06:14:50.631269+02:00,2026-07-31T06:15:50.631269+02:00
23594.117520299464,24494.117520299464,SYN2-353-D:P0001,G:BW:LYBE:SYN2-353-D:P0001,EVTOL_002,BW,LYBE,before_boarding,selected_plan,group_formation,group_formation@BW,idle,15.0,0.0,0.0,2026-07-31T06:33:14.117520+02:00,2026-07-31T06:48:14.117520+02:00
23604.151459232893,24494.117520299464,SYN2-238-D:P0001,G:BW:LYBE:SYN2-353-D:P0001,EVTOL_002,BW,LYBE,before_boarding,selected_plan,group_formation,group_formation@BW,idle,14.832767684442842,0.0,0.0,2026-07-31T06:33:24.151459+02:00,2026-07-31T06:48:14.117520+02:00
23628.75505051638,24528.75505051638,SYN2-020-A:P0001,G:LYBE:BW:SYN2-020-A:P0001,EVTOL_001,LYBE,BW,before_boarding,selected_plan,group_formation,group_formation@LYBE,idle,15.0,0.0,0.0,2026-07-31T06:33:48.755051+02:00,2026-07-31T06:48:48.755051+02:00
24723.75505051638,24783.75505051638,SYN2-020-A:P0001,G:LYBE:BW:SYN2-020-A:P0001,EVTOL_001,LYBE,BW,departure_preparation,committed_flight,departure_preparation,departure_preparation@LYBE,departure_finalization,1.0,0.0,0.0,2026-07-31T06:52:03.755051+02:00,2026-07-31T06:53:03.755051+02:00
24764.117520299464,24824.117520299464,SYN2-353-D:P0001,G:BW:LYBE:SYN2-353-D:P0001,EVTOL_002,BW,LYBE,departure_preparation,committed_flight,departure_preparation,departure_preparation@BW,departure_finalization,1.0,0.0,0.0,2026-07-31T06:52:44.117520+02:00,2026-07-31T06:53:44.117520+02:00
24764.117520299464,24824.117520299464,SYN2-238-D:P0001,G:BW:LYBE:SYN2-353-D:P0001,EVTOL_002,BW,LYBE,departure_preparation,committed_flight,departure_preparation,departure_preparation@BW,departure_finalization,1.0,0.0,0.0,2026-07-31T06:52:44.117520+02:00,2026-07-31T06:53:44.117520+02:00
25633.206098884217,26533.206098884217,SYN2-245-D:P0002,G:BW:LYBE:SYN2-245-D:P0002,EVTOL_001,BW,LYBE,before_boarding,selected_plan,group_formation,group_formation@BW,idle,15.0,0.0,0.0,2026-07-31T07:07:13.206099+02:00,2026-07-31T07:22:13.206099+02:00
26428.639534150047,27328.639534150047,SYN2-244-D:P0001,G:LYBV:LYBE:SYN2-244-D:P0001,EVTOL_003,LYBV,LYBE,before_boarding,selected_plan,group_formation,group_formation@LYBV,idle,15.0,0.0,0.0,2026-07-31T07:20:28.639534+02:00,2026-07-31T07:35:28.639534+02:00
26557.110206249403,27324.995221116224,SYN2-245-D:P0001,G:DOR:LYBE:SYN2-245-D:P0001,EVTOL_004,DOR,LYBE,before_boarding,selected_plan,group_formation,group_formation@DOR,idle,12.798083581113678,0.0,0.0,2026-07-31T07:22:37.110206+02:00,2026-07-31T07:35:24.995221+02:00
26728.206098884217,26788.206098884217,SYN2-245-D:P0002,G:BW:LYBE:SYN2-245-D:P0002,EVTOL_001,BW,LYBE,departure_preparation,committed_flight,departure_preparation,departure_preparation@BW,departure_finalization,1.0,0.0,0.0,2026-07-31T07:25:28.206099+02:00,2026-07-31T07:26:28.206099+02:00
27324.995221116224,27384.995221116224,SYN2-244-D:P0002,G:BW:LYBE:SYN2-244-D:P0002,EVTOL_004,BW,LYBE,before_boarding,selected_plan,departure_preparation|group_formation,departure_preparation@DOR|group_formation@BW,departure_finalization,1.0,0.0,0.0,2026-07-31T07:35:24.995221+02:00,2026-07-31T07:36:24.995221+02:00
27324.995221116224,27384.995221116224,SYN2-245-D:P0001,G:DOR:LYBE:SYN2-245-D:P0001,EVTOL_001,DOR,LYBE,before_boarding,selected_plan,departure_preparation|group_formation,departure_preparation@LYBE|group_formation@DOR,departure_finalization,1.0,0.0,0.0,2026-07-31T07:35:24.995221+02:00,2026-07-31T07:36:24.995221+02:00
27384.995221116224,27424.995221116224,SYN2-244-D:P0002,G:BW:LYBE:SYN2-244-D:P0002,EVTOL_004,BW,LYBE,before_boarding,selected_plan,group_formation|repositioning_flight,group_formation@BW|repositioning_flight@BW,takeoff,0.6666666666666666,0.0,0.0,2026-07-31T07:36:24.995221+02:00,2026-07-31T07:37:04.995221+02:00
27384.995221116224,27424.995221116224,SYN2-245-D:P0001,G:DOR:LYBE:SYN2-245-D:P0001,EVTOL_001,DOR,LYBE,before_boarding,selected_plan,group_formation|repositioning_flight,group_formation@DOR|repositioning_flight@DOR,takeoff,0.6666666666666666,0.0,0.0,2026-07-31T07:36:24.995221+02:00,2026-07-31T07:37:04.995221+02:00
27424.995221116224,27509.959613116225,SYN2-244-D:P0002,G:BW:LYBE:SYN2-244-D:P0002,EVTOL_004,BW,LYBE,before_boarding,selected_plan,group_formation|repositioning_flight,group_formation@BW|repositioning_flight@BW,cruise,1.416073200000028,0.0,0.0,2026-07-31T07:37:04.995221+02:00,2026-07-31T07:38:29.959613+02:00
27424.995221116224,27457.110206249403,SYN2-245-D:P0001,G:DOR:LYBE:SYN2-245-D:P0001,EVTOL_001,DOR,LYBE,before_boarding,selected_plan,group_formation|repositioning_flight,group_formation@DOR|repositioning_flight@DOR,cruise,0.5352497522196548,0.0,0.0,2026-07-31T07:37:04.995221+02:00,2026-07-31T07:37:37.110206+02:00
27457.110206249403,27752.795435116223,SYN2-245-D:P0001,G:DOR:LYBE:SYN2-245-D:P0001,EVTOL_001,DOR,LYBE,before_boarding,selected_plan,repositioning_flight,repositioning_flight@DOR,cruise,4.928087147780328,4.928087147780328,0.0,2026-07-31T07:37:37.110206+02:00,2026-07-31T07:42:32.795435+02:00
27468.985653772204,27509.959613116225,SYN2-243-D:P0001,G:BW:LYBE:SYN2-244-D:P0002,EVTOL_004,BW,LYBE,before_boarding,selected_plan,group_formation|repositioning_flight,group_formation@BW|repositioning_flight@BW,cruise,0.6828993224003473,0.0,0.0,2026-07-31T07:37:48.985654+02:00,2026-07-31T07:38:29.959613+02:00
27509.959613116225,27569.959613116225,SYN2-244-D:P0002,G:BW:LYBE:SYN2-244-D:P0002,EVTOL_004,BW,LYBE,before_boarding,selected_plan,group_formation|repositioning_flight,group_formation@BW|repositioning_flight@BW,landing,1.0,0.0,0.0,2026-07-31T07:38:29.959613+02:00,2026-07-31T07:39:29.959613+02:00
27509.959613116225,27569.959613116225,SYN2-243-D:P0001,G:BW:LYBE:SYN2-244-D:P0002,EVTOL_004,BW,LYBE,before_boarding,selected_plan,group_formation|repositioning_flight,group_formation@BW|repositioning_flight@BW,landing,1.0,0.0,0.0,2026-07-31T07:38:29.959613+02:00,2026-07-31T07:39:29.959613+02:00
27523.639534150047,27583.639534150047,SYN2-244-D:P0001,G:LYBV:LYBE:SYN2-244-D:P0001,EVTOL_003,LYBV,LYBE,departure_preparation,committed_flight,departure_preparation,departure_preparation@LYBV,departure_finalization,1.0,0.0,0.0,2026-07-31T07:38:43.639534+02:00,2026-07-31T07:39:43.639534+02:00
27569.959613116225,28224.995221116224,SYN2-244-D:P0002,G:BW:LYBE:SYN2-244-D:P0002,EVTOL_004,BW,LYBE,before_boarding,selected_plan,group_formation,group_formation@BW,idle,10.917260133333306,0.0,0.0,2026-07-31T07:39:29.959613+02:00,2026-07-31T07:50:24.995221+02:00
27569.959613116225,28224.995221116224,SYN2-243-D:P0001,G:BW:LYBE:SYN2-244-D:P0002,EVTOL_004,BW,LYBE,before_boarding,selected_plan,group_formation,group_formation@BW,idle,10.917260133333306,0.0,0.0,2026-07-31T07:39:29.959613+02:00,2026-07-31T07:50:24.995221+02:00
27752.795435116223,27812.795435116223,SYN2-245-D:P0001,G:DOR:LYBE:SYN2-245-D:P0001,EVTOL_001,DOR,LYBE,before_boarding,selected_plan,repositioning_flight,repositioning_flight@DOR,landing,1.0,1.0,0.0,2026-07-31T07:42:32.795435+02:00,2026-07-31T07:43:32.795435+02:00
28007.795435116223,28023.449386932112,SYN2-245-D:P0001,G:DOR:LYBE:SYN2-245-D:P0001,EVTOL_001,DOR,LYBE,after_boarding,committed_flight,battery_after_repositioning,battery_after_repositioning@DOR,waiting_for_departure,0.26089919693149566,0.0,0.26089919693149566,2026-07-31T07:46:47.795435+02:00,2026-07-31T07:47:03.449387+02:00
28023.449386932112,28083.449386932112,SYN2-245-D:P0001,G:DOR:LYBE:SYN2-245-D:P0001,EVTOL_001,DOR,LYBE,departure_preparation,committed_flight,departure_preparation,departure_preparation@DOR,departure_finalization,1.0,0.0,0.0,2026-07-31T07:47:03.449387+02:00,2026-07-31T07:48:03.449387+02:00
28494.995221116224,28554.995221116224,SYN2-244-D:P0002,G:BW:LYBE:SYN2-244-D:P0002,EVTOL_004,BW,LYBE,departure_preparation,committed_flight,departure_preparation,departure_preparation@BW,departure_finalization,1.0,0.0,0.0,2026-07-31T07:54:54.995221+02:00,2026-07-31T07:55:54.995221+02:00
28494.995221116224,28554.995221116224,SYN2-243-D:P0001,G:BW:LYBE:SYN2-244-D:P0002,EVTOL_004,BW,LYBE,departure_preparation,committed_flight,departure_preparation,departure_preparation@BW,departure_finalization,1.0,0.0,0.0,2026-07-31T07:54:54.995221+02:00,2026-07-31T07:55:54.995221+02:00
29506.335018842095,29566.335018842095,SYN2-247-D:P0001,G:JUG:LYBE:SYN2-247-D:P0001,EVTOL_001,JUG,LYBE,before_boarding,selected_plan,departure_preparation|group_formation,departure_preparation@LYBE|group_formation@JUG,departure_finalization,1.0,0.0,0.0,2026-07-31T08:11:46.335019+02:00,2026-07-31T08:12:46.335019+02:00
29566.335018842095,29606.335018842095,SYN2-247-D:P0001,G:JUG:LYBE:SYN2-247-D:P0001,EVTOL_001,JUG,LYBE,before_boarding,selected_plan,group_formation|repositioning_flight,group_formation@JUG|repositioning_flight@JUG,takeoff,0.6666666666666666,0.0,0.0,2026-07-31T08:12:46.335019+02:00,2026-07-31T08:13:26.335019+02:00
29606.335018842095,29924.137330842095,SYN2-247-D:P0001,G:JUG:LYBE:SYN2-247-D:P0001,EVTOL_001,JUG,LYBE,before_boarding,selected_plan,group_formation|repositioning_flight,group_formation@JUG|repositioning_flight@JUG,cruise,5.296705199999996,0.0,0.0,2026-07-31T08:13:26.335019+02:00,2026-07-31T08:18:44.137331+02:00
29924.137330842095,29984.137330842095,SYN2-247-D:P0001,G:JUG:LYBE:SYN2-247-D:P0001,EVTOL_001,JUG,LYBE,before_boarding,selected_plan,group_formation|repositioning_flight,group_formation@JUG|repositioning_flight@JUG,landing,1.0,0.0,0.0,2026-07-31T08:18:44.137331+02:00,2026-07-31T08:19:44.137331+02:00
29984.137330842095,30406.335018842095,SYN2-247-D:P0001,G:JUG:LYBE:SYN2-247-D:P0001,EVTOL_001,JUG,LYBE,before_boarding,selected_plan,group_formation,group_formation@JUG,idle,7.036628133333337,0.0,0.0,2026-07-31T08:19:44.137331+02:00,2026-07-31T08:26:46.335019+02:00
30522.154594672364,30582.154594672364,SYN2-255-D:P0001,G:DOR:LYBE:SYN2-255-D:P0001,EVTOL_002,DOR,LYBE,before_boarding,selected_plan,departure_preparation|group_formation,departure_preparation@LYBE|group_formation@DOR,departure_finalization,1.0,0.0,0.0,2026-07-31T08:28:42.154595+02:00,2026-07-31T08:29:42.154595+02:00
30582.154594672364,30622.154594672364,SYN2-255-D:P0001,G:DOR:LYBE:SYN2-255-D:P0001,EVTOL_002,DOR,LYBE,before_boarding,selected_plan,group_formation|repositioning_flight,group_formation@DOR|repositioning_flight@DOR,takeoff,0.6666666666666666,0.0,0.0,2026-07-31T08:29:42.154595+02:00,2026-07-31T08:30:22.154595+02:00
30601.335018842095,30661.335018842095,SYN2-247-D:P0001,G:JUG:LYBE:SYN2-247-D:P0001,EVTOL_001,JUG,LYBE,departure_preparation,committed_flight,departure_preparation,departure_preparation@JUG,departure_finalization,1.0,0.0,0.0,2026-07-31T08:30:01.335019+02:00,2026-07-31T08:31:01.335019+02:00
30622.154594672364,30949.954808672363,SYN2-255-D:P0001,G:DOR:LYBE:SYN2-255-D:P0001,EVTOL_002,DOR,LYBE,before_boarding,selected_plan,group_formation|repositioning_flight,group_formation@DOR|repositioning_flight@DOR,cruise,5.463336899999983,0.0,0.0,2026-07-31T08:30:22.154595+02:00,2026-07-31T08:35:49.954809+02:00
30949.954808672363,31009.954808672363,SYN2-255-D:P0001,G:DOR:LYBE:SYN2-255-D:P0001,EVTOL_002,DOR,LYBE,before_boarding,selected_plan,group_formation|repositioning_flight,group_formation@DOR|repositioning_flight@DOR,landing,1.0,0.0,0.0,2026-07-31T08:35:49.954809+02:00,2026-07-31T08:36:49.954809+02:00
31009.954808672363,31422.154594672364,SYN2-255-D:P0001,G:DOR:LYBE:SYN2-255-D:P0001,EVTOL_002,DOR,LYBE,before_boarding,selected_plan,group_formation,group_formation@DOR,idle,6.869996433333351,0.0,0.0,2026-07-31T08:36:49.954809+02:00,2026-07-31T08:43:42.154595+02:00
31617.154594672364,31677.154594672364,SYN2-255-D:P0001,G:DOR:LYBE:SYN2-255-D:P0001,EVTOL_002,DOR,LYBE,departure_preparation,committed_flight,departure_preparation,departure_preparation@DOR,departure_finalization,1.0,0.0,0.0,2026-07-31T08:46:57.154595+02:00,2026-07-31T08:47:57.154595+02:00
31972.000505572963,32872.00050557296,SYN2-157-A:P0003,G:LYBE:LYBV:SYN2-157-A:P0003,EVTOL_001,LYBE,LYBV,before_boarding,selected_plan,group_formation,group_formation@LYBE,idle,15.0,0.0,0.0,2026-07-31T08:52:52.000506+02:00,2026-07-31T09:07:52.000506+02:00
32031.03106731104,32872.00050557296,SYN2-023-A:P0001,G:LYBE:LYBV:SYN2-157-A:P0003,EVTOL_001,LYBE,LYBV,before_boarding,selected_plan,group_formation,group_formation@LYBE,idle,14.016157304365395,0.0,0.0,2026-07-31T08:53:51.031067+02:00,2026-07-31T09:07:52.000506+02:00
32210.148297975,32216.90298943206,SYN2-255-D:P0003,G:EXPO:LYBE:SYN2-255-D:P0003,EVTOL_002,EXPO,LYBE,before_boarding,selected_plan,aircraft_busy|group_formation,aircraft_busy@F000067|group_formation@EXPO,disembarking,0.11257819095098967,0.0,0.0,2026-07-31T08:56:50.148298+02:00,2026-07-31T08:56:56.902989+02:00
32216.90298943206,32230.954808672363,SYN2-024-A:P0001,G:LYBE:BW:SYN2-024-A:P0001,EVTOL_002,LYBE,BW,before_boarding,selected_plan,aircraft_busy|group_formation,aircraft_busy@F000067|group_formation@LYBE,disembarking,0.23419698733838837,0.0,0.0,2026-07-31T08:56:56.902989+02:00,2026-07-31T08:57:10.954809+02:00
32216.90298943206,32276.90298943206,SYN2-255-D:P0003,G:EXPO:LYBE:SYN2-255-D:P0003,EVTOL_003,EXPO,LYBE,before_boarding,selected_plan,departure_preparation|group_formation,departure_preparation@LYBE|group_formation@EXPO,departure_finalization,1.0,0.0,0.0,2026-07-31T08:56:56.902989+02:00,2026-07-31T08:57:56.902989+02:00
32230.954808672363,33116.902989432056,SYN2-024-A:P0001,G:LYBE:BW:SYN2-024-A:P0001,EVTOL_002,LYBE,BW,before_boarding,selected_plan,group_formation,group_formation@LYBE,idle,14.765803012661552,0.0,0.0,2026-07-31T08:57:10.954809+02:00,2026-07-31T09:11:56.902989+02:00
32276.90298943206,32316.90298943206,SYN2-255-D:P0003,G:EXPO:LYBE:SYN2-255-D:P0003,EVTOL_003,EXPO,LYBE,before_boarding,selected_plan,group_formation|repositioning_flight,group_formation@EXPO|repositioning_flight@EXPO,takeoff,0.6666666666666666,0.0,0.0,2026-07-31T08:57:56.902989+02:00,2026-07-31T08:58:36.902989+02:00
32316.90298943206,32417.66538743206,SYN2-255-D:P0003,G:EXPO:LYBE:SYN2-255-D:P0003,EVTOL_003,EXPO,LYBE,before_boarding,selected_plan,group_formation|repositioning_flight,group_formation@EXPO|repositioning_flight@EXPO,cruise,1.6793732999999824,0.0,0.0,2026-07-31T08:58:36.902989+02:00,2026-07-31T09:00:17.665387+02:00
32374.98282377517,33274.98282377517,SYN2-025-A:P0001,G:LYBE:JUG:SYN2-025-A:P0001,EVTOL_004,LYBE,JUG,before_boarding,selected_plan,group_formation,group_formation@LYBE,idle,15.0,0.0,0.0,2026-07-31T08:59:34.982824+02:00,2026-07-31T09:14:34.982824+02:00
32417.66538743206,32477.66538743206,SYN2-255-D:P0003,G:EXPO:LYBE:SYN2-255-D:P0003,EVTOL_003,EXPO,LYBE,before_boarding,selected_plan,group_formation|repositioning_flight,group_formation@EXPO|repositioning_flight@EXPO,landing,1.0,0.0,0.0,2026-07-31T09:00:17.665387+02:00,2026-07-31T09:01:17.665387+02:00
32477.66538743206,33110.148297975,SYN2-255-D:P0003,G:EXPO:LYBE:SYN2-255-D:P0003,EVTOL_003,EXPO,LYBE,before_boarding,selected_plan,group_formation,group_formation@EXPO,idle,10.54138184238236,0.0,0.0,2026-07-31T09:01:17.665387+02:00,2026-07-31T09:11:50.148298+02:00
32546.581703424687,33116.902989432056,SYN2-157-A:P0002,G:LYBE:BW:SYN2-024-A:P0001,EVTOL_002,LYBE,BW,before_boarding,selected_plan,group_formation,group_formation@LYBE,idle,9.505354766789484,0.0,0.0,2026-07-31T09:02:26.581703+02:00,2026-07-31T09:11:56.902989+02:00
33088.777022947965,33116.902989432056,SYN2-267-D:P0001,G:DOR:LYBE:SYN2-267-D:P0001,EVTOL_001,DOR,LYBE,before_boarding,selected_plan,aircraft_busy|group_formation,aircraft_busy@F000069|group_formation@DOR,boarding,0.4687661080681816,0.0,0.0,2026-07-31T09:11:28.777023+02:00,2026-07-31T09:11:56.902989+02:00
33116.902989432056,33305.148297975,SYN2-267-D:P0001,G:DOR:LYBE:SYN2-267-D:P0001,EVTOL_003,DOR,LYBE,before_boarding,selected_plan,aircraft_busy|group_formation,aircraft_busy@F000070|group_formation@DOR,boarding,3.137421809049071,0.0,0.0,2026-07-31T09:11:56.902989+02:00,2026-07-31T09:15:05.148298+02:00
33142.00050557296,33202.00050557296,SYN2-157-A:P0003,G:LYBE:LYBV:SYN2-157-A:P0003,EVTOL_001,LYBE,LYBV,departure_preparation,committed_flight,departure_preparation,departure_preparation@LYBE,departure_finalization,1.0,0.0,0.0,2026-07-31T09:12:22.000506+02:00,2026-07-31T09:13:22.000506+02:00
33142.00050557296,33202.00050557296,SYN2-023-A:P0001,G:LYBE:LYBV:SYN2-157-A:P0003,EVTOL_001,LYBE,LYBV,departure_preparation,committed_flight,departure_preparation,departure_preparation@LYBE,departure_finalization,1.0,0.0,0.0,2026-07-31T09:12:22.000506+02:00,2026-07-31T09:13:22.000506+02:00
33305.148297975,33354.50623716579,SYN2-267-D:P0001,G:DOR:LYBE:SYN2-267-D:P0001,EVTOL_003,DOR,LYBE,before_boarding,selected_plan,aircraft_busy|group_formation,aircraft_busy@F000070|group_formation@DOR,departure_finalization,0.8226323198465252,0.0,0.0,2026-07-31T09:15:05.148298+02:00,2026-07-31T09:15:54.506237+02:00
33305.148297975,33365.148297975,SYN2-255-D:P0003,G:EXPO:LYBE:SYN2-255-D:P0003,EVTOL_003,EXPO,LYBE,departure_preparation,committed_flight,departure_preparation,departure_preparation@EXPO,departure_finalization,1.0,0.0,0.0,2026-07-31T09:15:05.148298+02:00,2026-07-31T09:16:05.148298+02:00
33310.11919589054,33354.50623716579,SYN2-265-D:P0001,G:DOR:LYBE:SYN2-267-D:P0001,EVTOL_003,DOR,LYBE,before_boarding,selected_plan,aircraft_busy|group_formation,aircraft_busy@F000070|group_formation@DOR,departure_finalization,0.7397840212541875,0.0,0.0,2026-07-31T09:15:10.119196+02:00,2026-07-31T09:15:54.506237+02:00
33354.50623716579,33365.148297975,SYN2-157-A:P0001,G:LYBE:BW:SYN2-157-A:P0001,EVTOL_003,LYBE,BW,before_boarding,selected_plan,aircraft_busy|group_formation,aircraft_busy@F000070|group_formation@LYBE,departure_finalization,0.1773676801534748,0.0,0.0,2026-07-31T09:15:54.506237+02:00,2026-07-31T09:16:05.148298+02:00
33354.50623716579,33386.902989432056,SYN2-267-D:P0001,G:DOR:LYBE:SYN2-267-D:P0001,EVTOL_002,DOR,LYBE,before_boarding,selected_plan,aircraft_busy|group_formation,aircraft_busy@F000071|group_formation@DOR,boarding,0.5399458711044038,0.0,0.0,2026-07-31T09:15:54.506237+02:00,2026-07-31T09:16:26.902989+02:00
33354.50623716579,33386.902989432056,SYN2-265-D:P0001,G:DOR:LYBE:SYN2-267-D:P0001,EVTOL_002,DOR,LYBE,before_boarding,selected_plan,aircraft_busy|group_formation,aircraft_busy@F000071|group_formation@DOR,boarding,0.5399458711044038,0.0,0.0,2026-07-31T09:15:54.506237+02:00,2026-07-31T09:16:26.902989+02:00
33365.148297975,33405.148297975,SYN2-157-A:P0001,G:LYBE:BW:SYN2-157-A:P0001,EVTOL_003,LYBE,BW,before_boarding,selected_plan,aircraft_busy|group_formation,aircraft_busy@F000070|group_formation@LYBE,takeoff,0.6666666666666666,0.0,0.0,2026-07-31T09:16:05.148298+02:00,2026-07-31T09:16:45.148298+02:00
33386.902989432056,33441.21319267613,SYN2-267-D:P0001,G:DOR:LYBE:SYN2-267-D:P0001,EVTOL_002,DOR,LYBE,before_boarding,selected_plan,aircraft_busy|group_formation,aircraft_busy@F000071|group_formation@DOR,departure_finalization,0.9051700540678819,0.0,0.0,2026-07-31T09:16:26.902989+02:00,2026-07-31T09:17:21.213193+02:00
33386.902989432056,33441.21319267613,SYN2-265-D:P0001,G:DOR:LYBE:SYN2-267-D:P0001,EVTOL_002,DOR,LYBE,before_boarding,selected_plan,aircraft_busy|group_formation,aircraft_busy@F000071|group_formation@DOR,departure_finalization,0.9051700540678819,0.0,0.0,2026-07-31T09:16:26.902989+02:00,2026-07-31T09:17:21.213193+02:00
33386.902989432056,33446.902989432056,SYN2-024-A:P0001,G:LYBE:BW:SYN2-024-A:P0001,EVTOL_002,LYBE,BW,departure_preparation,committed_flight,departure_preparation,departure_preparation@LYBE,departure_finalization,1.0,0.0,0.0,2026-07-31T09:16:26.902989+02:00,2026-07-31T09:17:26.902989+02:00
33386.902989432056,33446.902989432056,SYN2-157-A:P0002,G:LYBE:BW:SYN2-024-A:P0001,EVTOL_002,LYBE,BW,departure_preparation,committed_flight,departure_preparation,departure_preparation@LYBE,departure_finalization,1.0,0.0,0.0,2026-07-31T09:16:26.902989+02:00,2026-07-31T09:17:26.902989+02:00
33405.148297975,33505.910695975,SYN2-157-A:P0001,G:LYBE:BW:SYN2-157-A:P0001,EVTOL_003,LYBE,BW,before_boarding,selected_plan,aircraft_busy|group_formation,aircraft_busy@F000070|group_formation@LYBE,cruise,1.6793732999999824,0.0,0.0,2026-07-31T09:16:45.148298+02:00,2026-07-31T09:18:25.910696+02:00
33441.21319267613,33446.902989432056,SYN2-264-D:P0001,G:BW:LYBE:SYN2-264-D:P0001,EVTOL_002,BW,LYBE,before_boarding,selected_plan,aircraft_busy|group_formation,aircraft_busy@F000071|group_formation@BW,departure_finalization,0.09482994593211819,0.0,0.0,2026-07-31T09:17:21.213193+02:00,2026-07-31T09:17:26.902989+02:00
33441.21319267613,33462.15207426216,SYN2-267-D:P0001,G:DOR:LYBE:SYN2-267-D:P0001,EVTOL_004,DOR,LYBE,before_boarding,selected_plan,aircraft_busy|group_formation,aircraft_busy@F000072|group_formation@DOR,boarding,0.34898135976715516,0.0,0.0,2026-07-31T09:17:21.213193+02:00,2026-07-31T09:17:42.152074+02:00
33441.21319267613,33462.15207426216,SYN2-265-D:P0001,G:DOR:LYBE:SYN2-267-D:P0001,EVTOL_004,DOR,LYBE,before_boarding,selected_plan,aircraft_busy|group_formation,aircraft_busy@F000072|group_formation@DOR,boarding,0.34898135976715516,0.0,0.0,2026-07-31T09:17:21.213193+02:00,2026-07-31T09:17:42.152074+02:00
33446.902989432056,33462.15207426216,SYN2-264-D:P0001,G:BW:LYBE:SYN2-264-D:P0001,EVTOL_002,BW,LYBE,before_boarding,selected_plan,aircraft_busy|group_formation,aircraft_busy@F000071|group_formation@BW,takeoff,0.254151413835037,0.0,0.0,2026-07-31T09:17:26.902989+02:00,2026-07-31T09:17:42.152074+02:00
33462.15207426216,33486.902989432056,SYN2-026-A:P0001,G:LYBE:DOR:SYN2-026-A:P0001,EVTOL_002,LYBE,DOR,before_boarding,selected_plan,aircraft_busy|group_formation,aircraft_busy@F000071|group_formation@LYBE,takeoff,0.41251525283162965,0.0,0.0,2026-07-31T09:17:42.152074+02:00,2026-07-31T09:18:06.902989+02:00
33462.15207426216,33469.98282377517,SYN2-264-D:P0001,G:BW:LYBE:SYN2-264-D:P0001,EVTOL_004,BW,LYBE,before_boarding,selected_plan,aircraft_busy|group_formation,aircraft_busy@F000072|group_formation@BW,boarding,0.1305124918835645,0.0,0.0,2026-07-31T09:17:42.152074+02:00,2026-07-31T09:17:49.982824+02:00
33462.15207426216,33578.448693572966,SYN2-267-D:P0001,G:DOR:LYBE:SYN2-267-D:P0001,EVTOL_001,DOR,LYBE,before_boarding,selected_plan,aircraft_busy|group_formation,aircraft_busy@F000069|group_formation@DOR,cruise,1.938276988513462,0.0,0.0,2026-07-31T09:17:42.152074+02:00,2026-07-31T09:19:38.448694+02:00
33462.15207426216,33578.448693572966,SYN2-265-D:P0001,G:DOR:LYBE:SYN2-267-D:P0001,EVTOL_001,DOR,LYBE,before_boarding,selected_plan,aircraft_busy|group_formation,aircraft_busy@F000069|group_formation@DOR,cruise,1.938276988513462,0.0,0.0,2026-07-31T09:17:42.152074+02:00,2026-07-31T09:19:38.448694+02:00
33469.98282377517,33505.910695975,SYN2-264-D:P0001,G:BW:LYBE:SYN2-264-D:P0001,EVTOL_004,BW,LYBE,before_boarding,selected_plan,aircraft_busy|group_formation,aircraft_busy@F000072|group_formation@BW,waiting_for_tlof,0.5987978699971185,0.0,0.0,2026-07-31T09:17:49.982824+02:00,2026-07-31T09:18:25.910696+02:00
33469.98282377517,33505.910695975,SYN2-025-A:P0001,G:LYBE:JUG:SYN2-025-A:P0001,EVTOL_004,LYBE,JUG,after_boarding,committed_flight,origin_tlof,origin_tlof@LYBE,waiting_for_departure,0.5987978699971185,0.0,0.5987978699971185,2026-07-31T09:17:49.982824+02:00,2026-07-31T09:18:25.910696+02:00
33486.902989432056,33711.73881143206,SYN2-026-A:P0001,G:LYBE:DOR:SYN2-026-A:P0001,EVTOL_002,LYBE,DOR,before_boarding,selected_plan,aircraft_busy|group_formation,aircraft_busy@F000071|group_formation@LYBE,cruise,3.747263700000015,0.0,0.0,2026-07-31T09:18:06.902989+02:00,2026-07-31T09:21:51.738811+02:00
33505.910695975,33565.910695975,SYN2-157-A:P0001,G:LYBE:BW:SYN2-157-A:P0001,EVTOL_003,LYBE,BW,before_boarding,selected_plan,aircraft_busy|group_formation,aircraft_busy@F000070|group_formation@LYBE,landing,1.0,0.0,0.0,2026-07-31T09:18:25.910696+02:00,2026-07-31T09:19:25.910696+02:00
33505.910695975,33565.910695975,SYN2-264-D:P0001,G:BW:LYBE:SYN2-264-D:P0001,EVTOL_004,BW,LYBE,before_boarding,selected_plan,aircraft_busy|group_formation,aircraft_busy@F000072|group_formation@BW,departure_finalization,1.0,0.0,0.0,2026-07-31T09:18:25.910696+02:00,2026-07-31T09:19:25.910696+02:00
33505.910695975,33565.910695975,SYN2-025-A:P0001,G:LYBE:JUG:SYN2-025-A:P0001,EVTOL_004,LYBE,JUG,departure_preparation,committed_flight,departure_preparation,departure_preparation@LYBE,departure_finalization,1.0,0.0,0.0,2026-07-31T09:18:25.910696+02:00,2026-07-31T09:19:25.910696+02:00
33565.910695975,33691.910695975,SYN2-157-A:P0001,G:LYBE:BW:SYN2-157-A:P0001,EVTOL_003,LYBE,BW,before_boarding,selected_plan,aircraft_busy|group_formation,aircraft_busy@F000070|group_formation@LYBE,disembarking,2.1,0.0,0.0,2026-07-31T09:19:25.910696+02:00,2026-07-31T09:21:31.910696+02:00
33565.910695975,33605.910695975,SYN2-264-D:P0001,G:BW:LYBE:SYN2-264-D:P0001,EVTOL_004,BW,LYBE,before_boarding,selected_plan,aircraft_busy|group_formation,aircraft_busy@F000072|group_formation@BW,takeoff,0.6666666666666666,0.0,0.0,2026-07-31T09:19:25.910696+02:00,2026-07-31T09:20:05.910696+02:00
33578.448693572966,33638.448693572966,SYN2-267-D:P0001,G:DOR:LYBE:SYN2-267-D:P0001,EVTOL_001,DOR,LYBE,before_boarding,selected_plan,aircraft_busy|group_formation,aircraft_busy@F000069|group_formation@DOR,landing,1.0,0.0,0.0,2026-07-31T09:19:38.448694+02:00,2026-07-31T09:20:38.448694+02:00
33578.448693572966,33638.448693572966,SYN2-265-D:P0001,G:DOR:LYBE:SYN2-267-D:P0001,EVTOL_001,DOR,LYBE,before_boarding,selected_plan,aircraft_busy|group_formation,aircraft_busy@F000069|group_formation@DOR,landing,1.0,0.0,0.0,2026-07-31T09:19:38.448694+02:00,2026-07-31T09:20:38.448694+02:00
33605.910695975,33923.713007975,SYN2-264-D:P0001,G:BW:LYBE:SYN2-264-D:P0001,EVTOL_004,BW,LYBE,before_boarding,selected_plan,aircraft_busy|group_formation,aircraft_busy@F000072|group_formation@BW,cruise,5.296705199999996,0.0,0.0,2026-07-31T09:20:05.910696+02:00,2026-07-31T09:25:23.713008+02:00
33638.448693572966,33830.448693572966,SYN2-267-D:P0001,G:DOR:LYBE:SYN2-267-D:P0001,EVTOL_001,DOR,LYBE,before_boarding,selected_plan,aircraft_busy|group_formation,aircraft_busy@F000069|group_formation@DOR,disembarking,3.2,0.0,0.0,2026-07-31T09:20:38.448694+02:00,2026-07-31T09:23:50.448694+02:00
33638.448693572966,33830.448693572966,SYN2-265-D:P0001,G:DOR:LYBE:SYN2-267-D:P0001,EVTOL_001,DOR,LYBE,before_boarding,selected_plan,aircraft_busy|group_formation,aircraft_busy@F000069|group_formation@DOR,disembarking,3.2,0.0,0.0,2026-07-31T09:20:38.448694+02:00,2026-07-31T09:23:50.448694+02:00
33691.910695975,34254.50623716579,SYN2-157-A:P0001,G:LYBE:BW:SYN2-157-A:P0001,EVTOL_003,LYBE,BW,before_boarding,selected_plan,group_formation,group_formation@LYBE,idle,9.376592353179877,0.0,0.0,2026-07-31T09:21:31.910696+02:00,2026-07-31T09:30:54.506237+02:00
33711.73881143206,33771.73881143206,SYN2-026-A:P0001,G:LYBE:DOR:SYN2-026-A:P0001,EVTOL_002,LYBE,DOR,before_boarding,selected_plan,aircraft_busy|group_formation,aircraft_busy@F000071|group_formation@LYBE,landing,1.0,0.0,0.0,2026-07-31T09:21:51.738811+02:00,2026-07-31T09:22:51.738811+02:00
33771.73881143206,33963.73881143206,SYN2-026-A:P0001,G:LYBE:DOR:SYN2-026-A:P0001,EVTOL_002,LYBE,DOR,before_boarding,selected_plan,aircraft_busy|group_formation,aircraft_busy@F000071|group_formation@LYBE,disembarking,3.2,0.0,0.0,2026-07-31T09:22:51.738811+02:00,2026-07-31T09:26:03.738811+02:00
33830.448693572966,33890.448693572966,SYN2-267-D:P0001,G:DOR:LYBE:SYN2-267-D:P0001,EVTOL_001,DOR,LYBE,before_boarding,selected_plan,departure_preparation|group_formation,departure_preparation@LYBV|group_formation@DOR,departure_finalization,1.0,0.0,0.0,2026-07-31T09:23:50.448694+02:00,2026-07-31T09:24:50.448694+02:00
33830.448693572966,33890.448693572966,SYN2-265-D:P0001,G:DOR:LYBE:SYN2-267-D:P0001,EVTOL_001,DOR,LYBE,before_boarding,selected_plan,departure_preparation|group_formation,departure_preparation@LYBV|group_formation@DOR,departure_finalization,1.0,0.0,0.0,2026-07-31T09:23:50.448694+02:00,2026-07-31T09:24:50.448694+02:00
33890.448693572966,33930.448693572966,SYN2-267-D:P0001,G:DOR:LYBE:SYN2-267-D:P0001,EVTOL_001,DOR,LYBE,before_boarding,selected_plan,group_formation|repositioning_flight,group_formation@DOR|repositioning_flight@DOR,takeoff,0.6666666666666666,0.0,0.0,2026-07-31T09:24:50.448694+02:00,2026-07-31T09:25:30.448694+02:00
33890.448693572966,33930.448693572966,SYN2-265-D:P0001,G:DOR:LYBE:SYN2-267-D:P0001,EVTOL_001,DOR,LYBE,before_boarding,selected_plan,group_formation|repositioning_flight,group_formation@DOR|repositioning_flight@DOR,takeoff,0.6666666666666666,0.0,0.0,2026-07-31T09:24:50.448694+02:00,2026-07-31T09:25:30.448694+02:00
33923.713007975,33983.713007975,SYN2-264-D:P0001,G:BW:LYBE:SYN2-264-D:P0001,EVTOL_004,BW,LYBE,before_boarding,selected_plan,aircraft_busy|group_formation,aircraft_busy@F000072|group_formation@BW,landing,1.0,0.0,0.0,2026-07-31T09:25:23.713008+02:00,2026-07-31T09:26:23.713008+02:00
33930.448693572966,33988.777022947965,SYN2-267-D:P0001,G:DOR:LYBE:SYN2-267-D:P0001,EVTOL_001,DOR,LYBE,before_boarding,selected_plan,group_formation|repositioning_flight,group_formation@DOR|repositioning_flight@DOR,cruise,0.9721388229166527,0.0,0.0,2026-07-31T09:25:30.448694+02:00,2026-07-31T09:26:28.777023+02:00
33930.448693572966,33988.777022947965,SYN2-265-D:P0001,G:DOR:LYBE:SYN2-267-D:P0001,EVTOL_001,DOR,LYBE,before_boarding,selected_plan,group_formation|repositioning_flight,group_formation@DOR|repositioning_flight@DOR,cruise,0.9721388229166527,0.0,0.0,2026-07-31T09:25:30.448694+02:00,2026-07-31T09:26:28.777023+02:00
33963.73881143206,34023.73881143206,SYN2-026-A:P0001,G:LYBE:DOR:SYN2-026-A:P0001,EVTOL_002,LYBE,DOR,before_boarding,selected_plan,departure_preparation|group_formation,departure_preparation@BW|group_formation@LYBE,departure_finalization,1.0,0.0,0.0,2026-07-31T09:26:03.738811+02:00,2026-07-31T09:27:03.738811+02:00
33983.713007975,34089.15594322345,SYN2-264-D:P0001,G:BW:LYBE:SYN2-264-D:P0001,EVTOL_004,BW,LYBE,before_boarding,selected_plan,aircraft_busy|group_formation,aircraft_busy@F000072|group_formation@BW,disembarking,1.7573822541408541,0.0,0.0,2026-07-31T09:26:23.713008+02:00,2026-07-31T09:28:09.155943+02:00
33988.777022947965,34127.02545157297,SYN2-267-D:P0001,G:DOR:LYBE:SYN2-267-D:P0001,EVTOL_001,DOR,LYBE,before_boarding,selected_plan,repositioning_flight,repositioning_flight@DOR,cruise,2.3041404770833953,2.3041404770833953,0.0,2026-07-31T09:26:28.777023+02:00,2026-07-31T09:28:47.025452+02:00
33988.777022947965,34127.02545157297,SYN2-265-D:P0001,G:DOR:LYBE:SYN2-267-D:P0001,EVTOL_001,DOR,LYBE,before_boarding,selected_plan,repositioning_flight,repositioning_flight@DOR,cruise,2.3041404770833953,0.0,0.0,2026-07-31T09:26:28.777023+02:00,2026-07-31T09:28:47.025452+02:00
34023.73881143206,34063.73881143206,SYN2-026-A:P0001,G:LYBE:DOR:SYN2-026-A:P0001,EVTOL_002,LYBE,DOR,before_boarding,selected_plan,group_formation|repositioning_flight,group_formation@LYBE|repositioning_flight@LYBE,takeoff,0.6666666666666666,0.0,0.0,2026-07-31T09:27:03.738811+02:00,2026-07-31T09:27:43.738811+02:00
34063.73881143206,34288.57463343206,SYN2-026-A:P0001,G:LYBE:DOR:SYN2-026-A:P0001,EVTOL_002,LYBE,DOR,before_boarding,selected_plan,group_formation|repositioning_flight,group_formation@LYBE|repositioning_flight@LYBE,cruise,3.747263700000015,0.0,0.0,2026-07-31T09:27:43.738811+02:00,2026-07-31T09:31:28.574633+02:00
34089.15594322345,34109.713007975,SYN2-027-A:P0002,G:LYBE:LYBV:SYN2-027-A:P0002,EVTOL_004,LYBE,LYBV,before_boarding,selected_plan,aircraft_busy|group_formation,aircraft_busy@F000072|group_formation@LYBE,disembarking,0.34261774585914584,0.0,0.0,2026-07-31T09:28:09.155943+02:00,2026-07-31T09:28:29.713008+02:00
34089.15594322345,34288.57463343206,SYN2-264-D:P0001,G:BW:LYBE:SYN2-264-D:P0001,,BW,LYBE,before_boarding,candidate_set,group_formation|priority_other_group,group_formation@BW,,3.3236448368101263,0.0,0.0,2026-07-31T09:28:09.155943+02:00,2026-07-31T09:31:28.574633+02:00
34100.70696096062,34288.57463343206,SYN2-265-D:P0002,G:BW:LYBE:SYN2-264-D:P0001,,BW,LYBE,before_boarding,candidate_set,group_formation|priority_other_group,group_formation@BW,,3.1311278745239783,0.0,0.0,2026-07-31T09:28:20.706961+02:00,2026-07-31T09:31:28.574633+02:00
34109.713007975,34169.713007975,SYN2-027-A:P0002,G:LYBE:LYBV:SYN2-027-A:P0002,EVTOL_004,LYBE,LYBV,before_boarding,selected_plan,departure_preparation|group_formation,departure_preparation@JUG|group_formation@LYBE,departure_finalization,1.0,0.0,0.0,2026-07-31T09:28:29.713008+02:00,2026-07-31T09:29:29.713008+02:00
34127.02545157297,34187.02545157297,SYN2-267-D:P0001,G:DOR:LYBE:SYN2-267-D:P0001,EVTOL_001,DOR,LYBE,before_boarding,selected_plan,repositioning_flight,repositioning_flight@DOR,landing,1.0,1.0,0.0,2026-07-31T09:28:47.025452+02:00,2026-07-31T09:29:47.025452+02:00
34127.02545157297,34187.02545157297,SYN2-265-D:P0001,G:DOR:LYBE:SYN2-267-D:P0001,EVTOL_001,DOR,LYBE,before_boarding,selected_plan,repositioning_flight,repositioning_flight@DOR,landing,1.0,0.0,0.0,2026-07-31T09:28:47.025452+02:00,2026-07-31T09:29:47.025452+02:00
34169.713007975,34209.713007975,SYN2-027-A:P0002,G:LYBE:LYBV:SYN2-027-A:P0002,EVTOL_004,LYBE,LYBV,before_boarding,selected_plan,group_formation|repositioning_flight,group_formation@LYBE|repositioning_flight@LYBE,takeoff,0.6666666666666666,0.0,0.0,2026-07-31T09:29:29.713008+02:00,2026-07-31T09:30:09.713008+02:00
34187.02545157297,34787.02545157297,SYN2-267-D:P0001,G:DOR:LYBE:SYN2-267-D:P0001,EVTOL_001,DOR,LYBE,before_boarding,selected_plan,cleaning,cleaning@DOR:cleaner:1,cleaning,10.0,10.0,0.0,2026-07-31T09:29:47.025452+02:00,2026-07-31T09:39:47.025452+02:00
34187.02545157297,34787.02545157297,SYN2-265-D:P0001,G:DOR:LYBE:SYN2-267-D:P0001,EVTOL_001,DOR,LYBE,before_boarding,selected_plan,cleaning,cleaning@DOR:cleaner:1,cleaning,10.0,9.615104261373805,0.0,2026-07-31T09:29:47.025452+02:00,2026-07-31T09:39:47.025452+02:00
34209.713007975,34527.515319975,SYN2-027-A:P0002,G:LYBE:LYBV:SYN2-027-A:P0002,EVTOL_004,LYBE,LYBV,before_boarding,selected_plan,group_formation|repositioning_flight,group_formation@LYBE|repositioning_flight@LYBE,cruise,5.296705199999996,0.0,0.0,2026-07-31T09:30:09.713008+02:00,2026-07-31T09:35:27.515320+02:00
34288.57463343206,34348.57463343206,SYN2-026-A:P0001,G:LYBE:DOR:SYN2-026-A:P0001,EVTOL_002,LYBE,DOR,before_boarding,selected_plan,group_formation|repositioning_flight,group_formation@LYBE|repositioning_flight@LYBE,landing,1.0,0.0,0.0,2026-07-31T09:31:28.574633+02:00,2026-07-31T09:32:28.574633+02:00
34288.57463343206,34341.21319267613,SYN2-264-D:P0001,G:BW:LYBE:SYN2-264-D:P0001,EVTOL_003,BW,LYBE,before_boarding,selected_plan,aircraft_busy|group_formation,aircraft_busy@F000076|group_formation@BW,boarding,0.877309320734518,0.0,0.0,2026-07-31T09:31:28.574633+02:00,2026-07-31T09:32:21.213193+02:00
34288.57463343206,34341.21319267613,SYN2-265-D:P0002,G:BW:LYBE:SYN2-264-D:P0001,EVTOL_003,BW,LYBE,before_boarding,selected_plan,aircraft_busy|group_formation,aircraft_busy@F000076|group_formation@BW,boarding,0.877309320734518,0.0,0.0,2026-07-31T09:31:28.574633+02:00,2026-07-31T09:32:21.213193+02:00
34341.21319267613,34449.50623716579,SYN2-264-D:P0001,G:BW:LYBE:SYN2-264-D:P0001,EVTOL_003,BW,LYBE,before_boarding,selected_plan,aircraft_busy,aircraft_busy@F000076,boarding,1.8048840748277144,1.8048840748277144,0.0,2026-07-31T09:32:21.213193+02:00,2026-07-31T09:34:09.506237+02:00
34341.21319267613,34449.50623716579,SYN2-265-D:P0002,G:BW:LYBE:SYN2-264-D:P0001,EVTOL_003,BW,LYBE,before_boarding,selected_plan,aircraft_busy,aircraft_busy@F000076,boarding,1.8048840748277144,0.0,0.0,2026-07-31T09:32:21.213193+02:00,2026-07-31T09:34:09.506237+02:00
34348.57463343206,34362.15207426216,SYN2-026-A:P0001,G:LYBE:DOR:SYN2-026-A:P0001,EVTOL_002,LYBE,DOR,before_boarding,selected_plan,group_formation,group_formation@LYBE,idle,0.22629068050167309,0.0,0.0,2026-07-31T09:32:28.574633+02:00,2026-07-31T09:32:42.152074+02:00
34449.50623716579,34527.515319975,SYN2-264-D:P0001,G:BW:LYBE:SYN2-264-D:P0001,EVTOL_003,BW,LYBE,before_boarding,selected_plan,aircraft_busy,aircraft_busy@F000076,waiting_for_tlof,1.3001513801534506,1.3001513801534506,0.0,2026-07-31T09:34:09.506237+02:00,2026-07-31T09:35:27.515320+02:00
34449.50623716579,34527.515319975,SYN2-265-D:P0002,G:BW:LYBE:SYN2-264-D:P0001,EVTOL_003,BW,LYBE,before_boarding,selected_plan,aircraft_busy,aircraft_busy@F000076,waiting_for_tlof,1.3001513801534506,0.0,0.0,2026-07-31T09:34:09.506237+02:00,2026-07-31T09:35:27.515320+02:00
34449.50623716579,34527.515319975,SYN2-157-A:P0001,G:LYBE:BW:SYN2-157-A:P0001,EVTOL_003,LYBE,BW,after_boarding,committed_flight,origin_tlof,origin_tlof@LYBE,waiting_for_departure,1.3001513801534506,0.0,1.3001513801534506,2026-07-31T09:34:09.506237+02:00,2026-07-31T09:35:27.515320+02:00
34527.515319975,34587.515319975,SYN2-027-A:P0002,G:LYBE:LYBV:SYN2-027-A:P0002,EVTOL_004,LYBE,LYBV,before_boarding,selected_plan,group_formation|repositioning_flight,group_formation@LYBE|repositioning_flight@LYBE,landing,1.0,0.0,0.0,2026-07-31T09:35:27.515320+02:00,2026-07-31T09:36:27.515320+02:00
34527.515319975,34587.515319975,SYN2-264-D:P0001,G:BW:LYBE:SYN2-264-D:P0001,EVTOL_003,BW,LYBE,before_boarding,selected_plan,aircraft_busy,aircraft_busy@F000076,departure_finalization,1.0,1.0,0.0,2026-07-31T09:35:27.515320+02:00,2026-07-31T09:36:27.515320+02:00
34527.515319975,34587.515319975,SYN2-265-D:P0002,G:BW:LYBE:SYN2-264-D:P0001,EVTOL_003,BW,LYBE,before_boarding,selected_plan,aircraft_busy,aircraft_busy@F000076,departure_finalization,1.0,0.0,0.0,2026-07-31T09:35:27.515320+02:00,2026-07-31T09:36:27.515320+02:00
34527.515319975,34587.515319975,SYN2-157-A:P0001,G:LYBE:BW:SYN2-157-A:P0001,EVTOL_003,LYBE,BW,departure_preparation,committed_flight,departure_preparation,departure_preparation@LYBE,departure_finalization,1.0,0.0,0.0,2026-07-31T09:35:27.515320+02:00,2026-07-31T09:36:27.515320+02:00
34557.15207426216,34567.515319975,SYN2-026-A:P0001,G:LYBE:DOR:SYN2-026-A:P0001,EVTOL_002,LYBE,DOR,after_boarding,committed_flight,origin_tlof,origin_tlof@LYBE,waiting_for_departure,0.17272076188067634,0.0,0.17272076188067634,2026-07-31T09:35:57.152074+02:00,2026-07-31T09:36:07.515320+02:00
34567.515319975,34627.515319975,SYN2-026-A:P0001,G:LYBE:DOR:SYN2-026-A:P0001,EVTOL_002,LYBE,DOR,departure_preparation,committed_flight,departure_preparation,departure_preparation@LYBE,departure_finalization,1.0,0.0,0.0,2026-07-31T09:36:07.515320+02:00,2026-07-31T09:37:07.515320+02:00
34587.515319975,34989.15594322345,SYN2-027-A:P0002,G:LYBE:LYBV:SYN2-027-A:P0002,EVTOL_004,LYBE,LYBV,before_boarding,selected_plan,group_formation,group_formation@LYBE,idle,6.694010387474191,0.0,0.0,2026-07-31T09:36:27.515320+02:00,2026-07-31T09:43:09.155943+02:00
34587.515319975,34627.515319975,SYN2-264-D:P0001,G:BW:LYBE:SYN2-264-D:P0001,EVTOL_003,BW,LYBE,before_boarding,selected_plan,aircraft_busy,aircraft_busy@F000076,takeoff,0.6666666666666666,0.6666666666666666,0.0,2026-07-31T09:36:27.515320+02:00,2026-07-31T09:37:07.515320+02:00
34587.515319975,34627.515319975,SYN2-265-D:P0002,G:BW:LYBE:SYN2-264-D:P0001,EVTOL_003,BW,LYBE,before_boarding,selected_plan,aircraft_busy,aircraft_busy@F000076,takeoff,0.6666666666666666,0.0,0.0,2026-07-31T09:36:27.515320+02:00,2026-07-31T09:37:07.515320+02:00
34627.515319975,34852.351141975,SYN2-264-D:P0001,G:BW:LYBE:SYN2-264-D:P0001,EVTOL_003,BW,LYBE,before_boarding,selected_plan,aircraft_busy,aircraft_busy@F000076,cruise,3.747263700000015,3.747263700000015,0.0,2026-07-31T09:37:07.515320+02:00,2026-07-31T09:40:52.351142+02:00
34627.515319975,34852.351141975,SYN2-265-D:P0002,G:BW:LYBE:SYN2-264-D:P0001,EVTOL_003,BW,LYBE,before_boarding,selected_plan,aircraft_busy,aircraft_busy@F000076,cruise,3.747263700000015,0.0,0.0,2026-07-31T09:37:07.515320+02:00,2026-07-31T09:40:52.351142+02:00
34832.022751683435,34852.351141975,SYN2-262-D:P0001,G:BW:LYBE:SYN2-264-D:P0001,EVTOL_003,BW,LYBE,before_boarding,selected_plan,aircraft_busy,aircraft_busy@F000076,cruise,0.33880650485940955,0.0,0.0,2026-07-31T09:40:32.022752+02:00,2026-07-31T09:40:52.351142+02:00
34852.351141975,34912.351141975,SYN2-264-D:P0001,G:BW:LYBE:SYN2-264-D:P0001,EVTOL_003,BW,LYBE,before_boarding,selected_plan,aircraft_busy,aircraft_busy@F000076,landing,1.0,1.0,0.0,2026-07-31T09:40:52.351142+02:00,2026-07-31T09:41:52.351142+02:00
34852.351141975,34912.351141975,SYN2-265-D:P0002,G:BW:LYBE:SYN2-264-D:P0001,EVTOL_003,BW,LYBE,before_boarding,selected_plan,aircraft_busy,aircraft_busy@F000076,landing,1.0,0.0,0.0,2026-07-31T09:40:52.351142+02:00,2026-07-31T09:41:52.351142+02:00
34852.351141975,34912.351141975,SYN2-262-D:P0001,G:BW:LYBE:SYN2-264-D:P0001,EVTOL_003,BW,LYBE,before_boarding,selected_plan,aircraft_busy,aircraft_busy@F000076,landing,1.0,0.0,0.0,2026-07-31T09:40:52.351142+02:00,2026-07-31T09:41:52.351142+02:00
34912.351141975,35038.351141975,SYN2-264-D:P0001,G:BW:LYBE:SYN2-264-D:P0001,EVTOL_003,BW,LYBE,before_boarding,selected_plan,aircraft_busy,aircraft_busy@F000076,disembarking,2.1,2.1,0.0,2026-07-31T09:41:52.351142+02:00,2026-07-31T09:43:58.351142+02:00
34912.351141975,35038.351141975,SYN2-265-D:P0002,G:BW:LYBE:SYN2-264-D:P0001,EVTOL_003,BW,LYBE,before_boarding,selected_plan,aircraft_busy,aircraft_busy@F000076,disembarking,2.1,0.6274030169063433,0.0,2026-07-31T09:41:52.351142+02:00,2026-07-31T09:43:58.351142+02:00
34912.351141975,35038.351141975,SYN2-262-D:P0001,G:BW:LYBE:SYN2-264-D:P0001,EVTOL_003,BW,LYBE,before_boarding,selected_plan,aircraft_busy,aircraft_busy@F000076,disembarking,2.1,0.0,0.0,2026-07-31T09:41:52.351142+02:00,2026-07-31T09:43:58.351142+02:00
35057.02545157297,35117.02545157297,SYN2-267-D:P0001,G:DOR:LYBE:SYN2-267-D:P0001,EVTOL_001,DOR,LYBE,departure_preparation,committed_flight,departure_preparation,departure_preparation@DOR,departure_finalization,1.0,0.0,0.0,2026-07-31T09:44:17.025452+02:00,2026-07-31T09:45:17.025452+02:00
35057.02545157297,35117.02545157297,SYN2-265-D:P0001,G:DOR:LYBE:SYN2-267-D:P0001,EVTOL_001,DOR,LYBE,departure_preparation,committed_flight,departure_preparation,departure_preparation@DOR,departure_finalization,1.0,0.0,0.0,2026-07-31T09:44:17.025452+02:00,2026-07-31T09:45:17.025452+02:00
35085.19806199504,35117.02545157297,SYN2-027-A:P0001,G:LYBE:DOR:SYN2-027-A:P0001,EVTOL_001,LYBE,DOR,before_boarding,selected_plan,aircraft_busy|group_formation,aircraft_busy@F000078|group_formation@LYBE,departure_finalization,0.5304564929654589,0.0,0.0,2026-07-31T09:44:45.198062+02:00,2026-07-31T09:45:17.025452+02:00
35117.02545157297,35157.02545157297,SYN2-027-A:P0001,G:LYBE:DOR:SYN2-027-A:P0001,EVTOL_001,LYBE,DOR,before_boarding,selected_plan,aircraft_busy|group_formation,aircraft_busy@F000078|group_formation@LYBE,takeoff,0.6666666666666666,0.0,0.0,2026-07-31T09:45:17.025452+02:00,2026-07-31T09:45:57.025452+02:00
35157.02545157297,35484.82566557297,SYN2-027-A:P0001,G:LYBE:DOR:SYN2-027-A:P0001,EVTOL_001,LYBE,DOR,before_boarding,selected_plan,aircraft_busy|group_formation,aircraft_busy@F000078|group_formation@LYBE,cruise,5.463336900000043,0.0,0.0,2026-07-31T09:45:57.025452+02:00,2026-07-31T09:51:24.825666+02:00
35184.15594322345,35244.15594322345,SYN2-027-A:P0002,G:LYBE:LYBV:SYN2-027-A:P0002,EVTOL_004,LYBE,LYBV,departure_preparation,committed_flight,departure_preparation,departure_preparation@LYBE,departure_finalization,1.0,0.0,0.0,2026-07-31T09:46:24.155943+02:00,2026-07-31T09:47:24.155943+02:00
35383.351141975,35443.351141975,SYN2-264-D:P0001,G:BW:LYBE:SYN2-264-D:P0001,EVTOL_003,BW,LYBE,departure_preparation,committed_flight,departure_preparation,departure_preparation@BW,departure_finalization,1.0,0.0,0.0,2026-07-31T09:49:43.351142+02:00,2026-07-31T09:50:43.351142+02:00
35383.351141975,35443.351141975,SYN2-265-D:P0002,G:BW:LYBE:SYN2-264-D:P0001,EVTOL_003,BW,LYBE,departure_preparation,committed_flight,departure_preparation,departure_preparation@BW,departure_finalization,1.0,0.0,0.0,2026-07-31T09:49:43.351142+02:00,2026-07-31T09:50:43.351142+02:00
35383.351141975,35443.351141975,SYN2-262-D:P0001,G:BW:LYBE:SYN2-264-D:P0001,EVTOL_003,BW,LYBE,departure_preparation,committed_flight,departure_preparation,departure_preparation@BW,departure_finalization,1.0,0.0,0.0,2026-07-31T09:49:43.351142+02:00,2026-07-31T09:50:43.351142+02:00
35484.82566557297,35544.82566557297,SYN2-027-A:P0001,G:LYBE:DOR:SYN2-027-A:P0001,EVTOL_001,LYBE,DOR,before_boarding,selected_plan,aircraft_busy|group_formation,aircraft_busy@F000078|group_formation@LYBE,landing,1.0,0.0,0.0,2026-07-31T09:51:24.825666+02:00,2026-07-31T09:52:24.825666+02:00
35523.817762518636,36423.817762518636,SYN2-258-D:P0001,G:DOR:LYBE:SYN2-258-D:P0001,EVTOL_002,DOR,LYBE,before_boarding,selected_plan,group_formation,group_formation@DOR,idle,15.0,0.0,0.0,2026-07-31T09:52:03.817763+02:00,2026-07-31T10:07:03.817763+02:00
35544.82566557297,35736.82566557297,SYN2-027-A:P0001,G:LYBE:DOR:SYN2-027-A:P0001,EVTOL_001,LYBE,DOR,before_boarding,selected_plan,aircraft_busy|group_formation,aircraft_busy@F000078|group_formation@LYBE,disembarking,3.2,0.0,0.0,2026-07-31T09:52:24.825666+02:00,2026-07-31T09:55:36.825666+02:00
35736.82566557297,35985.19806199504,SYN2-027-A:P0001,G:LYBE:DOR:SYN2-027-A:P0001,EVTOL_001,LYBE,DOR,before_boarding,selected_plan,group_formation,group_formation@LYBE,idle,4.139539940367831,0.0,0.0,2026-07-31T09:55:36.825666+02:00,2026-07-31T09:59:45.198062+02:00
36005.6503103007,36423.817762518636,SYN2-262-D:P0002,G:DOR:LYBE:SYN2-258-D:P0001,EVTOL_002,DOR,LYBE,before_boarding,selected_plan,group_formation,group_formation@DOR,idle,6.9694575369656375,0.0,0.0,2026-07-31T10:00:05.650310+02:00,2026-07-31T10:07:03.817763+02:00
36180.19806199504,36240.19806199504,SYN2-027-A:P0001,G:LYBE:DOR:SYN2-027-A:P0001,EVTOL_001,LYBE,DOR,departure_preparation,committed_flight,departure_preparation,departure_preparation@LYBE,departure_finalization,1.0,0.0,0.0,2026-07-31T10:03:00.198062+02:00,2026-07-31T10:04:00.198062+02:00
36693.817762518636,36753.817762518636,SYN2-258-D:P0001,G:DOR:LYBE:SYN2-258-D:P0001,EVTOL_002,DOR,LYBE,departure_preparation,committed_flight,departure_preparation,departure_preparation@DOR,departure_finalization,1.0,0.0,0.0,2026-07-31T10:11:33.817763+02:00,2026-07-31T10:12:33.817763+02:00
36693.817762518636,36753.817762518636,SYN2-262-D:P0002,G:DOR:LYBE:SYN2-258-D:P0001,EVTOL_002,DOR,LYBE,departure_preparation,committed_flight,departure_preparation,departure_preparation@DOR,departure_finalization,1.0,0.0,0.0,2026-07-31T10:11:33.817763+02:00,2026-07-31T10:12:33.817763+02:00
36795.9140135983,36855.9140135983,SYN2-255-D:P0002,G:JUG:LYBE:SYN2-255-D:P0002,EVTOL_001,JUG,LYBE,before_boarding,selected_plan,departure_preparation|group_formation,departure_preparation@DOR|group_formation@JUG,departure_finalization,1.0,0.0,0.0,2026-07-31T10:13:15.914014+02:00,2026-07-31T10:14:15.914014+02:00
36855.9140135983,36895.9140135983,SYN2-255-D:P0002,G:JUG:LYBE:SYN2-255-D:P0002,EVTOL_001,JUG,LYBE,before_boarding,selected_plan,group_formation|repositioning_flight,group_formation@JUG|repositioning_flight@JUG,takeoff,0.6666666666666666,0.0,0.0,2026-07-31T10:14:15.914014+02:00,2026-07-31T10:14:55.914014+02:00
36895.9140135983,36946.390999598305,SYN2-255-D:P0002,G:JUG:LYBE:SYN2-255-D:P0002,EVTOL_001,JUG,LYBE,before_boarding,selected_plan,group_formation|repositioning_flight,group_formation@JUG|repositioning_flight@JUG,cruise,0.8412831000000248,0.0,0.0,2026-07-31T10:14:55.914014+02:00,2026-07-31T10:15:46.391000+02:00
36946.390999598305,37006.390999598305,SYN2-255-D:P0002,G:JUG:LYBE:SYN2-255-D:P0002,EVTOL_001,JUG,LYBE,before_boarding,selected_plan,group_formation|repositioning_flight,group_formation@JUG|repositioning_flight@JUG,landing,1.0,0.0,0.0,2026-07-31T10:15:46.391000+02:00,2026-07-31T10:16:46.391000+02:00
37006.390999598305,37695.9140135983,SYN2-255-D:P0002,G:JUG:LYBE:SYN2-255-D:P0002,EVTOL_001,JUG,LYBE,before_boarding,selected_plan,group_formation,group_formation@JUG,idle,11.492050233333309,0.0,0.0,2026-07-31T10:16:46.391000+02:00,2026-07-31T10:28:15.914014+02:00
37207.24809753941,37617.27118187957,SYN2-275-D:P0001,G:LYBV:LYBE:SYN2-275-D:P0001,EVTOL_004,LYBV,LYBE,before_boarding,selected_plan,group_formation,group_formation@LYBV,idle,6.833718072336099,0.0,0.0,2026-07-31T10:20:07.248098+02:00,2026-07-31T10:26:57.271182+02:00
37210.3353883367,37270.3353883367,SYN2-274-D:P0001,G:DOR:LYBE:SYN2-274-D:P0001,EVTOL_003,DOR,LYBE,before_boarding,selected_plan,departure_preparation|group_formation,departure_preparation@LYBE|group_formation@DOR,departure_finalization,1.0,0.0,0.0,2026-07-31T10:20:10.335388+02:00,2026-07-31T10:21:10.335388+02:00
37270.3353883367,37310.3353883367,SYN2-274-D:P0001,G:DOR:LYBE:SYN2-274-D:P0001,EVTOL_003,DOR,LYBE,before_boarding,selected_plan,group_formation|repositioning_flight,group_formation@DOR|repositioning_flight@DOR,takeoff,0.6666666666666666,0.0,0.0,2026-07-31T10:21:10.335388+02:00,2026-07-31T10:21:50.335388+02:00
37310.3353883367,37638.135602336704,SYN2-274-D:P0001,G:DOR:LYBE:SYN2-274-D:P0001,EVTOL_003,DOR,LYBE,before_boarding,selected_plan,group_formation|repositioning_flight,group_formation@DOR|repositioning_flight@DOR,cruise,5.463336900000043,0.0,0.0,2026-07-31T10:21:50.335388+02:00,2026-07-31T10:27:18.135602+02:00
37617.27118187957,37677.27118187957,SYN2-285-D:P0001,G:BW:LYBE:SYN2-285-D:P0001,EVTOL_004,BW,LYBE,before_boarding,selected_plan,departure_preparation|group_formation,departure_preparation@LYBV|group_formation@BW,departure_finalization,1.0,0.0,0.0,2026-07-31T10:26:57.271182+02:00,2026-07-31T10:27:57.271182+02:00
37617.27118187957,37973.61797651864,SYN2-275-D:P0001,G:LYBV:LYBE:SYN2-275-D:P0001,EVTOL_002,LYBV,LYBE,before_boarding,selected_plan,cleaning|group_formation,cleaning@LYBE:cleaner:1|group_formation@LYBV,cleaning,5.939113243984441,0.0,0.0,2026-07-31T10:26:57.271182+02:00,2026-07-31T10:32:53.617977+02:00
37638.135602336704,37698.135602336704,SYN2-274-D:P0001,G:DOR:LYBE:SYN2-274-D:P0001,EVTOL_003,DOR,LYBE,before_boarding,selected_plan,group_formation|repositioning_flight,group_formation@DOR|repositioning_flight@DOR,landing,1.0,0.0,0.0,2026-07-31T10:27:18.135602+02:00,2026-07-31T10:28:18.135602+02:00
37677.27118187957,37717.27118187957,SYN2-285-D:P0001,G:BW:LYBE:SYN2-285-D:P0001,EVTOL_004,BW,LYBE,before_boarding,selected_plan,group_formation|repositioning_flight,group_formation@BW|repositioning_flight@BW,takeoff,0.6666666666666666,0.0,0.0,2026-07-31T10:27:57.271182+02:00,2026-07-31T10:28:37.271182+02:00
37698.135602336704,38110.3353883367,SYN2-274-D:P0001,G:DOR:LYBE:SYN2-274-D:P0001,EVTOL_003,DOR,LYBE,before_boarding,selected_plan,group_formation,group_formation@DOR,idle,6.86999643333329,0.0,0.0,2026-07-31T10:28:18.135602+02:00,2026-07-31T10:35:10.335388+02:00
37717.27118187957,37810.88354787957,SYN2-285-D:P0001,G:BW:LYBE:SYN2-285-D:P0001,EVTOL_004,BW,LYBE,before_boarding,selected_plan,group_formation|repositioning_flight,group_formation@BW|repositioning_flight@BW,cruise,1.56020610000002,0.0,0.0,2026-07-31T10:28:37.271182+02:00,2026-07-31T10:30:10.883548+02:00
37810.88354787957,37870.88354787957,SYN2-285-D:P0001,G:BW:LYBE:SYN2-285-D:P0001,EVTOL_004,BW,LYBE,before_boarding,selected_plan,group_formation|repositioning_flight,group_formation@BW|repositioning_flight@BW,landing,1.0,0.0,0.0,2026-07-31T10:30:10.883548+02:00,2026-07-31T10:31:10.883548+02:00
37870.88354787957,38517.27118187957,SYN2-285-D:P0001,G:BW:LYBE:SYN2-285-D:P0001,EVTOL_004,BW,LYBE,before_boarding,selected_plan,group_formation,group_formation@BW,idle,10.773127233333314,0.0,0.0,2026-07-31T10:31:10.883548+02:00,2026-07-31T10:41:57.271182+02:00
37890.9140135983,37950.9140135983,SYN2-255-D:P0002,G:JUG:LYBE:SYN2-255-D:P0002,EVTOL_001,JUG,LYBE,departure_preparation,committed_flight,departure_preparation,departure_preparation@JUG,departure_finalization,1.0,0.0,0.0,2026-07-31T10:31:30.914014+02:00,2026-07-31T10:32:30.914014+02:00
37973.61797651864,38033.61797651864,SYN2-275-D:P0001,G:LYBV:LYBE:SYN2-275-D:P0001,EVTOL_002,LYBV,LYBE,before_boarding,selected_plan,departure_preparation|group_formation,departure_preparation@LYBE|group_formation@LYBV,departure_finalization,1.0,0.0,0.0,2026-07-31T10:32:53.617977+02:00,2026-07-31T10:33:53.617977+02:00
38033.61797651864,38073.61797651864,SYN2-275-D:P0001,G:LYBV:LYBE:SYN2-275-D:P0001,EVTOL_002,LYBV,LYBE,before_boarding,selected_plan,group_formation|repositioning_flight,group_formation@LYBV|repositioning_flight@LYBV,takeoff,0.6666666666666666,0.0,0.0,2026-07-31T10:33:53.617977+02:00,2026-07-31T10:34:33.617977+02:00
38073.61797651864,38107.24809753941,SYN2-275-D:P0001,G:LYBV:LYBE:SYN2-275-D:P0001,EVTOL_002,LYBV,LYBE,before_boarding,selected_plan,group_formation|repositioning_flight,group_formation@LYBV|repositioning_flight@LYBV,cruise,0.5605020170127925,0.0,0.0,2026-07-31T10:34:33.617977+02:00,2026-07-31T10:35:07.248098+02:00
38107.24809753941,38410.06616451864,SYN2-275-D:P0001,G:LYBV:LYBE:SYN2-275-D:P0001,EVTOL_002,LYBV,LYBE,before_boarding,selected_plan,repositioning_flight,repositioning_flight@LYBV,cruise,5.046967782987243,5.046967782987243,0.0,2026-07-31T10:35:07.248098+02:00,2026-07-31T10:40:10.066165+02:00
38190.25215530609,38410.06616451864,SYN2-270-D:P0001,G:LYBV:LYBE:SYN2-275-D:P0001,EVTOL_002,LYBV,LYBE,before_boarding,selected_plan,repositioning_flight,repositioning_flight@LYBV,cruise,3.6635668202092346,0.0,0.0,2026-07-31T10:36:30.252155+02:00,2026-07-31T10:40:10.066165+02:00
38305.3353883367,38365.3353883367,SYN2-274-D:P0001,G:DOR:LYBE:SYN2-274-D:P0001,EVTOL_003,DOR,LYBE,departure_preparation,committed_flight,departure_preparation,departure_preparation@DOR,departure_finalization,1.0,0.0,0.0,2026-07-31T10:38:25.335388+02:00,2026-07-31T10:39:25.335388+02:00
38410.06616451864,38470.06616451864,SYN2-275-D:P0001,G:LYBV:LYBE:SYN2-275-D:P0001,EVTOL_002,LYBV,LYBE,before_boarding,selected_plan,repositioning_flight,repositioning_flight@LYBV,landing,1.0,1.0,0.0,2026-07-31T10:40:10.066165+02:00,2026-07-31T10:41:10.066165+02:00
38410.06616451864,38470.06616451864,SYN2-270-D:P0001,G:LYBV:LYBE:SYN2-275-D:P0001,EVTOL_002,LYBV,LYBE,before_boarding,selected_plan,repositioning_flight,repositioning_flight@LYBV,landing,1.0,0.0,0.0,2026-07-31T10:40:10.066165+02:00,2026-07-31T10:41:10.066165+02:00
38712.27118187957,38772.27118187957,SYN2-285-D:P0001,G:BW:LYBE:SYN2-285-D:P0001,EVTOL_004,BW,LYBE,departure_preparation,committed_flight,departure_preparation,departure_preparation@BW,departure_finalization,1.0,0.0,0.0,2026-07-31T10:45:12.271182+02:00,2026-07-31T10:46:12.271182+02:00
38740.06616451864,38800.06616451864,SYN2-275-D:P0001,G:LYBV:LYBE:SYN2-275-D:P0001,EVTOL_002,LYBV,LYBE,departure_preparation,committed_flight,departure_preparation,departure_preparation@LYBV,departure_finalization,1.0,0.0,0.0,2026-07-31T10:45:40.066165+02:00,2026-07-31T10:46:40.066165+02:00
38740.06616451864,38800.06616451864,SYN2-270-D:P0001,G:LYBV:LYBE:SYN2-275-D:P0001,EVTOL_002,LYBV,LYBE,departure_preparation,committed_flight,departure_preparation,departure_preparation@LYBV,departure_finalization,1.0,0.0,0.0,2026-07-31T10:45:40.066165+02:00,2026-07-31T10:46:40.066165+02:00
38969.37502864837,39037.10700387957,SYN2-276-D:P0001,G:LYBV:LYBE:SYN2-276-D:P0001,EVTOL_001,LYBV,LYBE,before_boarding,selected_plan,group_formation|origin_tlof,group_formation@LYBV|origin_tlof@LYBE,idle,1.1288662538533876,0.0,0.0,2026-07-31T10:49:29.375029+02:00,2026-07-31T10:50:37.107004+02:00
39037.10700387957,39097.10700387957,SYN2-276-D:P0001,G:LYBV:LYBE:SYN2-276-D:P0001,EVTOL_001,LYBV,LYBE,before_boarding,selected_plan,departure_preparation|group_formation,departure_preparation@LYBE|group_formation@LYBV,departure_finalization,1.0,0.0,0.0,2026-07-31T10:50:37.107004+02:00,2026-07-31T10:51:37.107004+02:00
39097.10700387957,39137.10700387957,SYN2-276-D:P0001,G:LYBV:LYBE:SYN2-276-D:P0001,EVTOL_001,LYBV,LYBE,before_boarding,selected_plan,group_formation|repositioning_flight,group_formation@LYBV|repositioning_flight@LYBV,takeoff,0.6666666666666666,0.0,0.0,2026-07-31T10:51:37.107004+02:00,2026-07-31T10:52:17.107004+02:00
39113.20831860505,39176.51435251864,SYN2-159-A:P0001,G:LYBE:BW:SYN2-159-A:P0001,EVTOL_002,LYBE,BW,before_boarding,selected_plan,aircraft_busy|group_formation,aircraft_busy@F000089|group_formation@LYBE,cruise,1.0551005652265304,0.0,0.0,2026-07-31T10:51:53.208319+02:00,2026-07-31T10:52:56.514353+02:00
39137.10700387957,39473.555191879575,SYN2-276-D:P0001,G:LYBV:LYBE:SYN2-276-D:P0001,EVTOL_001,LYBV,LYBE,before_boarding,selected_plan,group_formation|repositioning_flight,group_formation@LYBV|repositioning_flight@LYBV,cruise,5.607469800000035,0.0,0.0,2026-07-31T10:52:17.107004+02:00,2026-07-31T10:57:53.555192+02:00
39176.51435251864,39236.51435251864,SYN2-159-A:P0001,G:LYBE:BW:SYN2-159-A:P0001,EVTOL_002,LYBE,BW,before_boarding,selected_plan,aircraft_busy|group_formation,aircraft_busy@F000089|group_formation@LYBE,landing,1.0,0.0,0.0,2026-07-31T10:52:56.514353+02:00,2026-07-31T10:53:56.514353+02:00
39216.59859156666,39276.59859156666,SYN2-272-D:P0001,G:EXPO:LYBE:SYN2-272-D:P0001,EVTOL_003,EXPO,LYBE,before_boarding,selected_plan,departure_preparation|group_formation,departure_preparation@LYBE|group_formation@EXPO,departure_finalization,1.0,0.0,0.0,2026-07-31T10:53:36.598592+02:00,2026-07-31T10:54:36.598592+02:00
39236.51435251864,39428.51435251864,SYN2-159-A:P0001,G:LYBE:BW:SYN2-159-A:P0001,EVTOL_002,LYBE,BW,before_boarding,selected_plan,aircraft_busy|group_formation,aircraft_busy@F000089|group_formation@LYBE,disembarking,3.2,0.0,0.0,2026-07-31T10:53:56.514353+02:00,2026-07-31T10:57:08.514353+02:00
39276.59859156666,39316.59859156666,SYN2-272-D:P0001,G:EXPO:LYBE:SYN2-272-D:P0001,EVTOL_003,EXPO,LYBE,before_boarding,selected_plan,group_formation|repositioning_flight,group_formation@EXPO|repositioning_flight@EXPO,takeoff,0.6666666666666666,0.0,0.0,2026-07-31T10:54:36.598592+02:00,2026-07-31T10:55:16.598592+02:00
39304.4148873833,39428.51435251864,SYN2-031-A:P0005,G:LYBE:BW:SYN2-159-A:P0001,EVTOL_002,LYBE,BW,before_boarding,selected_plan,aircraft_busy|group_formation,aircraft_busy@F000089|group_formation@LYBE,disembarking,2.068324418922445,0.0,0.0,2026-07-31T10:55:04.414887+02:00,2026-07-31T10:57:08.514353+02:00
39308.35180913415,40208.35180913415,SYN2-031-A:P0004,G:LYBE:JUG:SYN2-031-A:P0004,EVTOL_004,LYBE,JUG,before_boarding,selected_plan,group_formation,group_formation@LYBE,idle,15.0,0.0,0.0,2026-07-31T10:55:08.351809+02:00,2026-07-31T11:10:08.351809+02:00
39316.59859156666,39417.36098956666,SYN2-272-D:P0001,G:EXPO:LYBE:SYN2-272-D:P0001,EVTOL_003,EXPO,LYBE,before_boarding,selected_plan,group_formation|repositioning_flight,group_formation@EXPO|repositioning_flight@EXPO,cruise,1.6793732999999824,0.0,0.0,2026-07-31T10:55:16.598592+02:00,2026-07-31T10:56:57.360990+02:00
39417.36098956666,39477.36098956666,SYN2-272-D:P0001,G:EXPO:LYBE:SYN2-272-D:P0001,EVTOL_003,EXPO,LYBE,before_boarding,selected_plan,group_formation|repositioning_flight,group_formation@EXPO|repositioning_flight@EXPO,landing,1.0,0.0,0.0,2026-07-31T10:56:57.360990+02:00,2026-07-31T10:57:57.360990+02:00
39428.51435251864,39860.3869302283,SYN2-159-A:P0001,G:LYBE:BW:SYN2-159-A:P0001,EVTOL_002,LYBE,BW,before_boarding,selected_plan,group_formation,group_formation@LYBE,idle,7.19787629516092,0.0,0.0,2026-07-31T10:57:08.514353+02:00,2026-07-31T11:04:20.386930+02:00
39428.51435251864,39860.3869302283,SYN2-031-A:P0005,G:LYBE:BW:SYN2-159-A:P0001,EVTOL_002,LYBE,BW,before_boarding,selected_plan,group_formation,group_formation@LYBE,idle,7.19787629516092,0.0,0.0,2026-07-31T10:57:08.514353+02:00,2026-07-31T11:04:20.386930+02:00
39452.639627774035,39869.37502864837,SYN2-031-A:P0001,G:LYBE:EXPO:SYN2-031-A:P0001,,LYBE,EXPO,before_boarding,candidate_set,group_formation|priority_other_group,group_formation@LYBE,,6.94559001457225,0.0,0.0,2026-07-31T10:57:32.639628+02:00,2026-07-31T11:04:29.375029+02:00
39473.555191879575,39533.555191879575,SYN2-276-D:P0001,G:LYBV:LYBE:SYN2-276-D:P0001,EVTOL_001,LYBV,LYBE,before_boarding,selected_plan,group_formation|repositioning_flight,group_formation@LYBV|repositioning_flight@LYBV,landing,1.0,0.0,0.0,2026-07-31T10:57:53.555192+02:00,2026-07-31T10:58:53.555192+02:00
39477.36098956666,40116.59859156666,SYN2-272-D:P0001,G:EXPO:LYBE:SYN2-272-D:P0001,EVTOL_003,EXPO,LYBE,before_boarding,selected_plan,group_formation,group_formation@EXPO,idle,10.653960033333352,0.0,0.0,2026-07-31T10:57:57.360990+02:00,2026-07-31T11:08:36.598592+02:00
39533.555191879575,39869.37502864837,SYN2-276-D:P0001,G:LYBV:LYBE:SYN2-276-D:P0001,EVTOL_001,LYBV,LYBE,before_boarding,selected_plan,group_formation,group_formation@LYBV,idle,5.59699727947991,0.0,0.0,2026-07-31T10:58:53.555192+02:00,2026-07-31T11:04:29.375029+02:00
39585.549908335284,40002.63298292485,SYN2-276-D:P0002,G:BW:LYBE:SYN2-276-D:P0002,,BW,LYBE,before_boarding,candidate_set,group_formation|priority_other_group,group_formation@BW,,6.951384576492758,0.0,0.0,2026-07-31T10:59:45.549908+02:00,2026-07-31T11:06:42.632983+02:00
39599.073122443195,40208.35180913415,SYN2-031-A:P0002,G:LYBE:JUG:SYN2-031-A:P0004,EVTOL_004,LYBE,JUG,before_boarding,selected_plan,group_formation,group_formation@LYBE,idle,10.154644778182531,0.0,0.0,2026-07-31T10:59:59.073122+02:00,2026-07-31T11:10:08.351809+02:00
39776.35407061154,39860.3869302283,SYN2-031-A:P0003,G:LYBE:BW:SYN2-159-A:P0001,EVTOL_002,LYBE,BW,before_boarding,selected_plan,group_formation,group_formation@LYBE,idle,1.4005476602793352,0.0,0.0,2026-07-31T11:02:56.354071+02:00,2026-07-31T11:04:20.386930+02:00
39784.121934181836,39869.37502864837,SYN2-286-D:P0001,G:LYBV:LYBE:SYN2-276-D:P0001,EVTOL_001,LYBV,LYBE,before_boarding,selected_plan,group_formation,group_formation@LYBV,idle,1.4208849077755683,0.0,0.0,2026-07-31T11:03:04.121934+02:00,2026-07-31T11:04:29.375029+02:00
39818.29759372917,40116.59859156666,SYN2-268-D:P0001,G:EXPO:LYBE:SYN2-272-D:P0001,EVTOL_003,EXPO,LYBE,before_boarding,selected_plan,group_formation,group_formation@EXPO,idle,4.971683297291505,0.0,0.0,2026-07-31T11:03:38.297594+02:00,2026-07-31T11:08:36.598592+02:00
39869.37502864837,40002.63298292485,SYN2-031-A:P0001,G:LYBE:EXPO:SYN2-031-A:P0001,EVTOL_002,LYBE,EXPO,before_boarding,selected_plan,aircraft_busy|group_formation,aircraft_busy@F000093|group_formation@LYBE,boarding,2.2209659046079953,0.0,0.0,2026-07-31T11:04:29.375029+02:00,2026-07-31T11:06:42.632983+02:00
40002.63298292485,40139.37502864837,SYN2-031-A:P0001,G:LYBE:EXPO:SYN2-031-A:P0001,EVTOL_001,LYBE,EXPO,before_boarding,selected_plan,aircraft_busy|group_formation,aircraft_busy@F000094|group_formation@LYBE,boarding,2.2790340953920047,0.0,0.0,2026-07-31T11:06:42.632983+02:00,2026-07-31T11:08:59.375029+02:00
40002.63298292485,40279.41254870017,SYN2-276-D:P0002,G:BW:LYBE:SYN2-276-D:P0002,EVTOL_002,BW,LYBE,before_boarding,selected_plan,aircraft_busy|group_formation,aircraft_busy@F000093|group_formation@BW,boarding,4.612992762922052,0.0,0.0,2026-07-31T11:06:42.632983+02:00,2026-07-31T11:11:19.412549+02:00
40119.2559614849,40139.37502864837,SYN2-033-A:P0002,G:LYBE:EXPO:SYN2-031-A:P0001,EVTOL_001,LYBE,EXPO,before_boarding,selected_plan,aircraft_busy|group_formation,aircraft_busy@F000094|group_formation@LYBE,boarding,0.33531778605780954,0.0,0.0,2026-07-31T11:08:39.255961+02:00,2026-07-31T11:08:59.375029+02:00
40139.37502864837,40199.37502864837,SYN2-031-A:P0001,G:LYBE:EXPO:SYN2-031-A:P0001,EVTOL_001,LYBE,EXPO,before_boarding,selected_plan,aircraft_busy|group_formation,aircraft_busy@F000094|group_formation@LYBE,departure_finalization,1.0,0.0,0.0,2026-07-31T11:08:59.375029+02:00,2026-07-31T11:09:59.375029+02:00
40139.37502864837,40199.37502864837,SYN2-033-A:P0002,G:LYBE:EXPO:SYN2-031-A:P0001,EVTOL_001,LYBE,EXPO,before_boarding,selected_plan,aircraft_busy|group_formation,aircraft_busy@F000094|group_formation@LYBE,departure_finalization,1.0,0.0,0.0,2026-07-31T11:08:59.375029+02:00,2026-07-31T11:09:59.375029+02:00
40139.37502864837,40199.37502864837,SYN2-276-D:P0001,G:LYBV:LYBE:SYN2-276-D:P0001,EVTOL_001,LYBV,LYBE,departure_preparation,committed_flight,departure_preparation,departure_preparation@LYBV,departure_finalization,1.0,0.0,0.0,2026-07-31T11:08:59.375029+02:00,2026-07-31T11:09:59.375029+02:00
40139.37502864837,40199.37502864837,SYN2-286-D:P0001,G:LYBV:LYBE:SYN2-276-D:P0001,EVTOL_001,LYBV,LYBE,departure_preparation,committed_flight,departure_preparation,departure_preparation@LYBV,departure_finalization,1.0,0.0,0.0,2026-07-31T11:08:59.375029+02:00,2026-07-31T11:09:59.375029+02:00
40199.37502864837,40239.37502864837,SYN2-031-A:P0001,G:LYBE:EXPO:SYN2-031-A:P0001,EVTOL_001,LYBE,EXPO,before_boarding,selected_plan,aircraft_busy|group_formation,aircraft_busy@F000094|group_formation@LYBE,takeoff,0.6666666666666666,0.0,0.0,2026-07-31T11:09:59.375029+02:00,2026-07-31T11:10:39.375029+02:00
40199.37502864837,40239.37502864837,SYN2-033-A:P0002,G:LYBE:EXPO:SYN2-031-A:P0001,EVTOL_001,LYBE,EXPO,before_boarding,selected_plan,aircraft_busy|group_formation,aircraft_busy@F000094|group_formation@LYBE,takeoff,0.6666666666666666,0.0,0.0,2026-07-31T11:09:59.375029+02:00,2026-07-31T11:10:39.375029+02:00
40236.99661748845,40386.59859156666,SYN2-160-A:P0001,G:LYBE:BW:SYN2-160-A:P0001,EVTOL_003,LYBE,BW,before_boarding,selected_plan,aircraft_busy|group_formation,aircraft_busy@F000095|group_formation@LYBE,boarding,2.4933662346368997,0.0,0.0,2026-07-31T11:10:36.996617+02:00,2026-07-31T11:13:06.598592+02:00
40239.37502864837,40352.639627774035,SYN2-031-A:P0001,G:LYBE:EXPO:SYN2-031-A:P0001,EVTOL_001,LYBE,EXPO,before_boarding,selected_plan,aircraft_busy|group_formation,aircraft_busy@F000094|group_formation@LYBE,cruise,1.8877433187610828,0.0,0.0,2026-07-31T11:10:39.375029+02:00,2026-07-31T11:12:32.639628+02:00
40239.37502864837,40352.639627774035,SYN2-033-A:P0002,G:LYBE:EXPO:SYN2-031-A:P0001,EVTOL_001,LYBE,EXPO,before_boarding,selected_plan,aircraft_busy|group_formation,aircraft_busy@F000094|group_formation@LYBE,cruise,1.8877433187610828,0.0,0.0,2026-07-31T11:10:39.375029+02:00,2026-07-31T11:12:32.639628+02:00
40279.41254870017,40280.3869302283,SYN2-034-A:P0001,G:LYBE:LYBV:SYN2-034-A:P0001,EVTOL_002,LYBE,LYBV,before_boarding,selected_plan,aircraft_busy|group_formation,aircraft_busy@F000093|group_formation@LYBE,boarding,0.016239692135422958,0.0,0.0,2026-07-31T11:11:19.412549+02:00,2026-07-31T11:11:20.386930+02:00
40279.41254870017,40478.35180913415,SYN2-276-D:P0002,G:BW:LYBE:SYN2-276-D:P0002,EVTOL_004,BW,LYBE,before_boarding,selected_plan,aircraft_busy|group_formation,aircraft_busy@F000096|group_formation@BW,boarding,3.315654340566228,0.0,0.0,2026-07-31T11:11:19.412549+02:00,2026-07-31T11:14:38.351809+02:00
40280.3869302283,40340.3869302283,SYN2-034-A:P0001,G:LYBE:LYBV:SYN2-034-A:P0001,EVTOL_002,LYBE,LYBV,before_boarding,selected_plan,aircraft_busy|group_formation,aircraft_busy@F000093|group_formation@LYBE,departure_finalization,1.0,0.0,0.0,2026-07-31T11:11:20.386930+02:00,2026-07-31T11:12:20.386930+02:00
40280.3869302283,40340.3869302283,SYN2-159-A:P0001,G:LYBE:BW:SYN2-159-A:P0001,EVTOL_002,LYBE,BW,departure_preparation,committed_flight,departure_preparation,departure_preparation@LYBE,departure_finalization,1.0,0.0,0.0,2026-07-31T11:11:20.386930+02:00,2026-07-31T11:12:20.386930+02:00
40280.3869302283,40340.3869302283,SYN2-031-A:P0005,G:LYBE:BW:SYN2-159-A:P0001,EVTOL_002,LYBE,BW,departure_preparation,committed_flight,departure_preparation,departure_preparation@LYBE,departure_finalization,1.0,0.0,0.0,2026-07-31T11:11:20.386930+02:00,2026-07-31T11:12:20.386930+02:00
40280.3869302283,40340.3869302283,SYN2-031-A:P0003,G:LYBE:BW:SYN2-159-A:P0001,EVTOL_002,LYBE,BW,departure_preparation,committed_flight,departure_preparation,departure_preparation@LYBE,departure_finalization,1.0,0.0,0.0,2026-07-31T11:11:20.386930+02:00,2026-07-31T11:12:20.386930+02:00
40280.3869302283,40340.3869302283,SYN2-033-A:P0001,G:LYBE:BW:SYN2-159-A:P0001,EVTOL_002,LYBE,BW,departure_preparation,committed_flight,departure_preparation,departure_preparation@LYBE,departure_finalization,1.0,0.0,0.0,2026-07-31T11:11:20.386930+02:00,2026-07-31T11:12:20.386930+02:00
40340.3869302283,40380.3869302283,SYN2-034-A:P0001,G:LYBE:LYBV:SYN2-034-A:P0001,EVTOL_002,LYBE,LYBV,before_boarding,selected_plan,aircraft_busy|group_formation,aircraft_busy@F000093|group_formation@LYBE,takeoff,0.6666666666666666,0.0,0.0,2026-07-31T11:12:20.386930+02:00,2026-07-31T11:13:00.386930+02:00
40352.639627774035,40575.82321664837,SYN2-031-A:P0001,G:LYBE:EXPO:SYN2-031-A:P0001,EVTOL_001,LYBE,EXPO,before_boarding,selected_plan,aircraft_busy,aircraft_busy@F000094,cruise,3.7197264812389523,3.7197264812389523,0.0,2026-07-31T11:12:32.639628+02:00,2026-07-31T11:16:15.823217+02:00
40352.639627774035,40575.82321664837,SYN2-033-A:P0002,G:LYBE:EXPO:SYN2-031-A:P0001,EVTOL_001,LYBE,EXPO,before_boarding,selected_plan,aircraft_busy,aircraft_busy@F000094,cruise,3.7197264812389523,0.0,0.0,2026-07-31T11:12:32.639628+02:00,2026-07-31T11:16:15.823217+02:00
40380.3869302283,40605.2227522283,SYN2-034-A:P0001,G:LYBE:LYBV:SYN2-034-A:P0001,EVTOL_002,LYBE,LYBV,before_boarding,selected_plan,aircraft_busy|group_formation,aircraft_busy@F000093|group_formation@LYBE,cruise,3.747263700000015,0.0,0.0,2026-07-31T11:13:00.386930+02:00,2026-07-31T11:16:45.222752+02:00
40386.59859156666,40435.06081864837,SYN2-160-A:P0001,G:LYBE:BW:SYN2-160-A:P0001,EVTOL_003,LYBE,BW,before_boarding,selected_plan,aircraft_busy|group_formation,aircraft_busy@F000095|group_formation@LYBE,waiting_for_tlof,0.8077037846952104,0.0,0.0,2026-07-31T11:13:06.598592+02:00,2026-07-31T11:13:55.060819+02:00
40386.59859156666,40435.06081864837,SYN2-272-D:P0001,G:EXPO:LYBE:SYN2-272-D:P0001,EVTOL_003,EXPO,LYBE,after_boarding,committed_flight,destination_tlof,destination_tlof@LYBE,waiting_for_departure,0.8077037846952104,0.0,0.8077037846952104,2026-07-31T11:13:06.598592+02:00,2026-07-31T11:13:55.060819+02:00
40386.59859156666,40435.06081864837,SYN2-268-D:P0001,G:EXPO:LYBE:SYN2-272-D:P0001,EVTOL_003,EXPO,LYBE,after_boarding,committed_flight,destination_tlof,destination_tlof@LYBE,waiting_for_departure,0.8077037846952104,0.0,0.8077037846952104,2026-07-31T11:13:06.598592+02:00,2026-07-31T11:13:55.060819+02:00
40435.06081864837,40495.06081864837,SYN2-160-A:P0001,G:LYBE:BW:SYN2-160-A:P0001,EVTOL_003,LYBE,BW,before_boarding,selected_plan,aircraft_busy|group_formation,aircraft_busy@F000095|group_formation@LYBE,departure_finalization,1.0,0.0,0.0,2026-07-31T11:13:55.060819+02:00,2026-07-31T11:14:55.060819+02:00
40435.06081864837,40495.06081864837,SYN2-272-D:P0001,G:EXPO:LYBE:SYN2-272-D:P0001,EVTOL_003,EXPO,LYBE,departure_preparation,committed_flight,departure_preparation,departure_preparation@EXPO,departure_finalization,1.0,0.0,0.0,2026-07-31T11:13:55.060819+02:00,2026-07-31T11:14:55.060819+02:00
40435.06081864837,40495.06081864837,SYN2-268-D:P0001,G:EXPO:LYBE:SYN2-272-D:P0001,EVTOL_003,EXPO,LYBE,departure_preparation,committed_flight,departure_preparation,departure_preparation@EXPO,departure_finalization,1.0,0.0,0.0,2026-07-31T11:13:55.060819+02:00,2026-07-31T11:14:55.060819+02:00
40478.35180913415,40485.549908335284,SYN2-276-D:P0002,G:BW:LYBE:SYN2-276-D:P0002,EVTOL_004,BW,LYBE,before_boarding,selected_plan,aircraft_busy|group_formation,aircraft_busy@F000096|group_formation@BW,waiting_for_tlof,0.1199683200189611,0.0,0.0,2026-07-31T11:14:38.351809+02:00,2026-07-31T11:14:45.549908+02:00
40478.35180913415,40635.82321664837,SYN2-031-A:P0004,G:LYBE:JUG:SYN2-031-A:P0004,EVTOL_004,LYBE,JUG,after_boarding,committed_flight,origin_tlof,origin_tlof@LYBE,waiting_for_departure,2.6245234585704265,0.0,2.6245234585704265,2026-07-31T11:14:38.351809+02:00,2026-07-31T11:17:15.823217+02:00
40478.35180913415,40635.82321664837,SYN2-031-A:P0002,G:LYBE:JUG:SYN2-031-A:P0004,EVTOL_004,LYBE,JUG,after_boarding,committed_flight,origin_tlof,origin_tlof@LYBE,waiting_for_departure,2.6245234585704265,0.0,2.6245234585704265,2026-07-31T11:14:38.351809+02:00,2026-07-31T11:17:15.823217+02:00
40485.549908335284,40635.82321664837,SYN2-276-D:P0002,G:BW:LYBE:SYN2-276-D:P0002,EVTOL_004,BW,LYBE,before_boarding,selected_plan,aircraft_busy,aircraft_busy@F000096,waiting_for_tlof,2.5045551385514653,2.5045551385514653,0.0,2026-07-31T11:14:45.549908+02:00,2026-07-31T11:17:15.823217+02:00
40495.06081864837,40535.06081864837,SYN2-160-A:P0001,G:LYBE:BW:SYN2-160-A:P0001,EVTOL_003,LYBE,BW,before_boarding,selected_plan,aircraft_busy|group_formation,aircraft_busy@F000095|group_formation@LYBE,takeoff,0.6666666666666666,0.0,0.0,2026-07-31T11:14:55.060819+02:00,2026-07-31T11:15:35.060819+02:00
40535.06081864837,40635.82321664837,SYN2-160-A:P0001,G:LYBE:BW:SYN2-160-A:P0001,EVTOL_003,LYBE,BW,before_boarding,selected_plan,aircraft_busy|group_formation,aircraft_busy@F000095|group_formation@LYBE,cruise,1.6793732999999824,0.0,0.0,2026-07-31T11:15:35.060819+02:00,2026-07-31T11:17:15.823217+02:00
40575.82321664837,40635.82321664837,SYN2-031-A:P0001,G:LYBE:EXPO:SYN2-031-A:P0001,EVTOL_001,LYBE,EXPO,before_boarding,selected_plan,aircraft_busy,aircraft_busy@F000094,landing,1.0,1.0,0.0,2026-07-31T11:16:15.823217+02:00,2026-07-31T11:17:15.823217+02:00
40575.82321664837,40635.82321664837,SYN2-033-A:P0002,G:LYBE:EXPO:SYN2-031-A:P0001,EVTOL_001,LYBE,EXPO,before_boarding,selected_plan,aircraft_busy,aircraft_busy@F000094,landing,1.0,0.0,0.0,2026-07-31T11:16:15.823217+02:00,2026-07-31T11:17:15.823217+02:00
40605.2227522283,40665.2227522283,SYN2-034-A:P0001,G:LYBE:LYBV:SYN2-034-A:P0001,EVTOL_002,LYBE,LYBV,before_boarding,selected_plan,aircraft_busy|group_formation,aircraft_busy@F000093|group_formation@LYBE,landing,1.0,0.0,0.0,2026-07-31T11:16:45.222752+02:00,2026-07-31T11:17:45.222752+02:00
40635.82321664837,40827.82321664837,SYN2-031-A:P0001,G:LYBE:EXPO:SYN2-031-A:P0001,EVTOL_001,LYBE,EXPO,before_boarding,selected_plan,aircraft_busy,aircraft_busy@F000094,disembarking,3.2,3.2,0.0,2026-07-31T11:17:15.823217+02:00,2026-07-31T11:20:27.823217+02:00
40635.82321664837,40827.82321664837,SYN2-033-A:P0002,G:LYBE:EXPO:SYN2-031-A:P0001,EVTOL_001,LYBE,EXPO,before_boarding,selected_plan,aircraft_busy,aircraft_busy@F000094,disembarking,3.2,0.0,0.0,2026-07-31T11:17:15.823217+02:00,2026-07-31T11:20:27.823217+02:00
40635.82321664837,40695.82321664837,SYN2-160-A:P0001,G:LYBE:BW:SYN2-160-A:P0001,EVTOL_003,LYBE,BW,before_boarding,selected_plan,aircraft_busy|group_formation,aircraft_busy@F000095|group_formation@LYBE,landing,1.0,0.0,0.0,2026-07-31T11:17:15.823217+02:00,2026-07-31T11:18:15.823217+02:00
40635.82321664837,40695.0944729708,SYN2-276-D:P0002,G:BW:LYBE:SYN2-276-D:P0002,EVTOL_004,BW,LYBE,before_boarding,selected_plan,aircraft_busy,aircraft_busy@F000096,departure_finalization,0.9878542720404463,0.9878542720404463,0.0,2026-07-31T11:17:15.823217+02:00,2026-07-31T11:18:15.094473+02:00
40635.82321664837,40695.82321664837,SYN2-031-A:P0004,G:LYBE:JUG:SYN2-031-A:P0004,EVTOL_004,LYBE,JUG,departure_preparation,committed_flight,departure_preparation,departure_preparation@LYBE,departure_finalization,1.0,0.0,0.0,2026-07-31T11:17:15.823217+02:00,2026-07-31T11:18:15.823217+02:00
40635.82321664837,40695.82321664837,SYN2-031-A:P0002,G:LYBE:JUG:SYN2-031-A:P0004,EVTOL_004,LYBE,JUG,departure_preparation,committed_flight,departure_preparation,departure_preparation@LYBE,departure_finalization,1.0,0.0,0.0,2026-07-31T11:17:15.823217+02:00,2026-07-31T11:18:15.823217+02:00
40665.2227522283,40989.2227522283,SYN2-034-A:P0001,G:LYBE:LYBV:SYN2-034-A:P0001,EVTOL_002,LYBE,LYBV,before_boarding,selected_plan,aircraft_busy|group_formation,aircraft_busy@F000093|group_formation@LYBE,disembarking,5.4,0.0,0.0,2026-07-31T11:17:45.222752+02:00,2026-07-31T11:23:09.222752+02:00
40695.0944729708,40695.82321664837,SYN2-161-A:P0001,G:LYBE:JUG:SYN2-161-A:P0001,EVTOL_004,LYBE,JUG,before_boarding,selected_plan,aircraft_busy|group_formation,aircraft_busy@F000096|group_formation@LYBE,departure_finalization,0.012145727959553673,0.0,0.0,2026-07-31T11:18:15.094473+02:00,2026-07-31T11:18:15.823217+02:00
40695.0944729708,40887.82321664837,SYN2-276-D:P0002,G:BW:LYBE:SYN2-276-D:P0002,,BW,LYBE,before_boarding,candidate_set,priority_other_group,,,3.2121457279595536,3.2121457279595536,0.0,2026-07-31T11:18:15.094473+02:00,2026-07-31T11:21:27.823217+02:00
40695.82321664837,40887.82321664837,SYN2-160-A:P0001,G:LYBE:BW:SYN2-160-A:P0001,EVTOL_003,LYBE,BW,before_boarding,selected_plan,aircraft_busy|group_formation,aircraft_busy@F000095|group_formation@LYBE,disembarking,3.2,0.0,0.0,2026-07-31T11:18:15.823217+02:00,2026-07-31T11:21:27.823217+02:00
40695.82321664837,40735.82321664837,SYN2-161-A:P0001,G:LYBE:JUG:SYN2-161-A:P0001,EVTOL_004,LYBE,JUG,before_boarding,selected_plan,aircraft_busy|group_formation,aircraft_busy@F000096|group_formation@LYBE,takeoff,0.6666666666666666,0.0,0.0,2026-07-31T11:18:15.823217+02:00,2026-07-31T11:18:55.823217+02:00
40717.74549335208,40827.82321664837,SYN2-160-A:P0002,G:LYBE:EXPO:SYN2-031-A:P0001,EVTOL_001,LYBE,EXPO,before_boarding,selected_plan,aircraft_busy,aircraft_busy@F000094,disembarking,1.8346287216048949,0.0,0.0,2026-07-31T11:18:37.745493+02:00,2026-07-31T11:20:27.823217+02:00
40730.614492476954,40887.82321664837,SYN2-361-D:P0001,G:BW:LYBE:SYN2-276-D:P0002,,BW,LYBE,before_boarding,candidate_set,priority_other_group,,,2.620145402856967,0.0,0.0,2026-07-31T11:18:50.614492+02:00,2026-07-31T11:21:27.823217+02:00
40735.82321664837,41053.62552864837,SYN2-161-A:P0001,G:LYBE:JUG:SYN2-161-A:P0001,EVTOL_004,LYBE,JUG,before_boarding,selected_plan,aircraft_busy|group_formation,aircraft_busy@F000096|group_formation@LYBE,cruise,5.296705199999996,0.0,0.0,2026-07-31T11:18:55.823217+02:00,2026-07-31T11:24:13.625529+02:00
40762.204271290444,41053.62552864837,SYN2-036-A:P0001,G:LYBE:JUG:SYN2-161-A:P0001,EVTOL_004,LYBE,JUG,before_boarding,selected_plan,aircraft_busy|group_formation,aircraft_busy@F000096|group_formation@LYBE,cruise,4.857020955965466,0.0,0.0,2026-07-31T11:19:22.204271+02:00,2026-07-31T11:24:13.625529+02:00
40887.82321664837,41136.99661748845,SYN2-160-A:P0001,G:LYBE:BW:SYN2-160-A:P0001,EVTOL_003,LYBE,BW,before_boarding,selected_plan,group_formation,group_formation@LYBE,idle,4.152890014001241,0.0,0.0,2026-07-31T11:21:27.823217+02:00,2026-07-31T11:25:36.996617+02:00
40887.82321664837,41090.3865796443,SYN2-276-D:P0002,G:BW:LYBE:SYN2-276-D:P0002,EVTOL_001,BW,LYBE,before_boarding,selected_plan,aircraft_busy,aircraft_busy@F000097,boarding,3.3760560499321097,3.3760560499321097,0.0,2026-07-31T11:21:27.823217+02:00,2026-07-31T11:24:50.386580+02:00
40887.82321664837,41090.3865796443,SYN2-361-D:P0001,G:BW:LYBE:SYN2-276-D:P0002,EVTOL_001,BW,LYBE,before_boarding,selected_plan,aircraft_busy,aircraft_busy@F000097,boarding,3.3760560499321097,0.0,0.0,2026-07-31T11:21:27.823217+02:00,2026-07-31T11:24:50.386580+02:00
40989.2227522283,41049.2227522283,SYN2-034-A:P0001,G:LYBE:LYBV:SYN2-034-A:P0001,EVTOL_002,LYBE,LYBV,before_boarding,selected_plan,departure_preparation|group_formation,departure_preparation@BW|group_formation@LYBE,departure_finalization,1.0,0.0,0.0,2026-07-31T11:23:09.222752+02:00,2026-07-31T11:24:09.222752+02:00
41049.2227522283,41089.2227522283,SYN2-034-A:P0001,G:LYBE:LYBV:SYN2-034-A:P0001,EVTOL_002,LYBE,LYBV,before_boarding,selected_plan,group_formation|repositioning_flight,group_formation@LYBE|repositioning_flight@LYBE,takeoff,0.6666666666666666,0.0,0.0,2026-07-31T11:24:09.222752+02:00,2026-07-31T11:24:49.222752+02:00
41053.62552864837,41113.62552864837,SYN2-161-A:P0001,G:LYBE:JUG:SYN2-161-A:P0001,EVTOL_004,LYBE,JUG,before_boarding,selected_plan,aircraft_busy|group_formation,aircraft_busy@F000096|group_formation@LYBE,landing,1.0,0.0,0.0,2026-07-31T11:24:13.625529+02:00,2026-07-31T11:25:13.625529+02:00
41053.62552864837,41113.62552864837,SYN2-036-A:P0001,G:LYBE:JUG:SYN2-161-A:P0001,EVTOL_004,LYBE,JUG,before_boarding,selected_plan,aircraft_busy|group_formation,aircraft_busy@F000096|group_formation@LYBE,landing,1.0,0.0,0.0,2026-07-31T11:24:13.625529+02:00,2026-07-31T11:25:13.625529+02:00
41065.35375988457,41089.2227522283,SYN2-037-A:P0002,G:LYBE:LYBV:SYN2-034-A:P0001,EVTOL_002,LYBE,LYBV,before_boarding,selected_plan,group_formation|repositioning_flight,group_formation@LYBE|repositioning_flight@LYBE,takeoff,0.39781653906211434,0.0,0.0,2026-07-31T11:24:25.353760+02:00,2026-07-31T11:24:49.222752+02:00
41089.2227522283,41179.41254870017,SYN2-034-A:P0001,G:LYBE:LYBV:SYN2-034-A:P0001,EVTOL_002,LYBE,LYBV,before_boarding,selected_plan,group_formation|repositioning_flight,group_formation@LYBE|repositioning_flight@LYBE,cruise,1.5031632745312284,0.0,0.0,2026-07-31T11:24:49.222752+02:00,2026-07-31T11:26:19.412549+02:00
41089.2227522283,41179.41254870017,SYN2-037-A:P0002,G:LYBE:LYBV:SYN2-034-A:P0001,EVTOL_002,LYBE,LYBV,before_boarding,selected_plan,group_formation|repositioning_flight,group_formation@LYBE|repositioning_flight@LYBE,cruise,1.5031632745312284,0.0,0.0,2026-07-31T11:24:49.222752+02:00,2026-07-31T11:26:19.412549+02:00
41090.3865796443,41172.82321664837,SYN2-037-A:P0001,G:LYBE:DOR:SYN2-037-A:P0001,EVTOL_001,LYBE,DOR,before_boarding,selected_plan,aircraft_busy|group_formation,aircraft_busy@F000097|group_formation@LYBE,boarding,1.3739439500678903,0.0,0.0,2026-07-31T11:24:50.386580+02:00,2026-07-31T11:26:12.823217+02:00
41090.3865796443,41172.82321664837,SYN2-276-D:P0002,G:BW:LYBE:SYN2-276-D:P0002,,BW,LYBE,before_boarding,candidate_set,priority_other_group,,,1.3739439500678903,1.3739439500678903,0.0,2026-07-31T11:24:50.386580+02:00,2026-07-31T11:26:12.823217+02:00
41090.3865796443,41172.82321664837,SYN2-361-D:P0001,G:BW:LYBE:SYN2-276-D:P0002,,BW,LYBE,before_boarding,candidate_set,priority_other_group,,,1.3739439500678903,0.0,0.0,2026-07-31T11:24:50.386580+02:00,2026-07-31T11:26:12.823217+02:00
41113.62552864837,41305.62552864837,SYN2-161-A:P0001,G:LYBE:JUG:SYN2-161-A:P0001,EVTOL_004,LYBE,JUG,before_boarding,selected_plan,aircraft_busy|group_formation,aircraft_busy@F000096|group_formation@LYBE,disembarking,3.2,0.0,0.0,2026-07-31T11:25:13.625529+02:00,2026-07-31T11:28:25.625529+02:00
41113.62552864837,41305.62552864837,SYN2-036-A:P0001,G:LYBE:JUG:SYN2-161-A:P0001,EVTOL_004,LYBE,JUG,before_boarding,selected_plan,aircraft_busy|group_formation,aircraft_busy@F000096|group_formation@LYBE,disembarking,3.2,0.0,0.0,2026-07-31T11:25:13.625529+02:00,2026-07-31T11:28:25.625529+02:00
41172.82321664837,41232.82321664837,SYN2-037-A:P0001,G:LYBE:DOR:SYN2-037-A:P0001,EVTOL_001,LYBE,DOR,before_boarding,selected_plan,aircraft_busy|group_formation,aircraft_busy@F000097|group_formation@LYBE,departure_finalization,1.0,0.0,0.0,2026-07-31T11:26:12.823217+02:00,2026-07-31T11:27:12.823217+02:00
41172.82321664837,41331.99661748845,SYN2-276-D:P0002,G:BW:LYBE:SYN2-276-D:P0002,EVTOL_003,BW,LYBE,before_boarding,selected_plan,aircraft_busy,aircraft_busy@F000099,boarding,2.6528900140012412,2.6528900140012412,0.0,2026-07-31T11:26:12.823217+02:00,2026-07-31T11:28:51.996617+02:00
41172.82321664837,41331.99661748845,SYN2-361-D:P0001,G:BW:LYBE:SYN2-276-D:P0002,EVTOL_003,BW,LYBE,before_boarding,selected_plan,aircraft_busy,aircraft_busy@F000099,boarding,2.6528900140012412,0.0,0.0,2026-07-31T11:26:12.823217+02:00,2026-07-31T11:28:51.996617+02:00
41172.82321664837,41232.82321664837,SYN2-031-A:P0001,G:LYBE:EXPO:SYN2-031-A:P0001,EVTOL_001,LYBE,EXPO,departure_preparation,committed_flight,departure_preparation,departure_preparation@LYBE,departure_finalization,1.0,0.0,0.0,2026-07-31T11:26:12.823217+02:00,2026-07-31T11:27:12.823217+02:00
41172.82321664837,41232.82321664837,SYN2-033-A:P0002,G:LYBE:EXPO:SYN2-031-A:P0001,EVTOL_001,LYBE,EXPO,departure_preparation,committed_flight,departure_preparation,departure_preparation@LYBE,departure_finalization,1.0,0.0,0.0,2026-07-31T11:26:12.823217+02:00,2026-07-31T11:27:12.823217+02:00
41172.82321664837,41232.82321664837,SYN2-160-A:P0002,G:LYBE:EXPO:SYN2-031-A:P0001,EVTOL_001,LYBE,EXPO,departure_preparation,committed_flight,departure_preparation,departure_preparation@LYBE,departure_finalization,1.0,0.0,0.0,2026-07-31T11:26:12.823217+02:00,2026-07-31T11:27:12.823217+02:00
41179.41254870017,41314.0585742283,SYN2-034-A:P0001,G:LYBE:LYBV:SYN2-034-A:P0001,EVTOL_002,LYBE,LYBV,before_boarding,selected_plan,repositioning_flight,repositioning_flight@LYBE,cruise,2.244100425468787,2.244100425468787,0.0,2026-07-31T11:26:19.412549+02:00,2026-07-31T11:28:34.058574+02:00
41179.41254870017,41314.0585742283,SYN2-037-A:P0002,G:LYBE:LYBV:SYN2-034-A:P0001,EVTOL_002,LYBE,LYBV,before_boarding,selected_plan,repositioning_flight,repositioning_flight@LYBE,cruise,2.244100425468787,0.0,0.0,2026-07-31T11:26:19.412549+02:00,2026-07-31T11:28:34.058574+02:00
41232.82321664837,41272.82321664837,SYN2-037-A:P0001,G:LYBE:DOR:SYN2-037-A:P0001,EVTOL_001,LYBE,DOR,before_boarding,selected_plan,aircraft_busy|group_formation,aircraft_busy@F000097|group_formation@LYBE,takeoff,0.6666666666666666,0.0,0.0,2026-07-31T11:27:12.823217+02:00,2026-07-31T11:27:52.823217+02:00
41272.82321664837,41373.58561464837,SYN2-037-A:P0001,G:LYBE:DOR:SYN2-037-A:P0001,EVTOL_001,LYBE,DOR,before_boarding,selected_plan,aircraft_busy|group_formation,aircraft_busy@F000097|group_formation@LYBE,cruise,1.6793732999999824,0.0,0.0,2026-07-31T11:27:52.823217+02:00,2026-07-31T11:29:33.585615+02:00
41305.62552864837,41365.62552864837,SYN2-161-A:P0001,G:LYBE:JUG:SYN2-161-A:P0001,EVTOL_004,LYBE,JUG,before_boarding,selected_plan,departure_preparation|group_formation,departure_preparation@JUG|group_formation@LYBE,departure_finalization,1.0,0.0,0.0,2026-07-31T11:28:25.625529+02:00,2026-07-31T11:29:25.625529+02:00
41305.62552864837,41365.62552864837,SYN2-036-A:P0001,G:LYBE:JUG:SYN2-161-A:P0001,EVTOL_004,LYBE,JUG,before_boarding,selected_plan,departure_preparation|group_formation,departure_preparation@JUG|group_formation@LYBE,departure_finalization,1.0,0.0,0.0,2026-07-31T11:28:25.625529+02:00,2026-07-31T11:29:25.625529+02:00
41314.0585742283,41374.0585742283,SYN2-034-A:P0001,G:LYBE:LYBV:SYN2-034-A:P0001,EVTOL_002,LYBE,LYBV,before_boarding,selected_plan,repositioning_flight,repositioning_flight@LYBE,landing,1.0,1.0,0.0,2026-07-31T11:28:34.058574+02:00,2026-07-31T11:29:34.058574+02:00
41314.0585742283,41374.0585742283,SYN2-037-A:P0002,G:LYBE:LYBV:SYN2-034-A:P0001,EVTOL_002,LYBE,LYBV,before_boarding,selected_plan,repositioning_flight,repositioning_flight@LYBE,landing,1.0,0.0,0.0,2026-07-31T11:28:34.058574+02:00,2026-07-31T11:29:34.058574+02:00
41331.99661748845,41391.99661748845,SYN2-276-D:P0002,G:BW:LYBE:SYN2-276-D:P0002,EVTOL_003,BW,LYBE,before_boarding,selected_plan,aircraft_busy,aircraft_busy@F000099,departure_finalization,1.0,1.0,0.0,2026-07-31T11:28:51.996617+02:00,2026-07-31T11:29:51.996617+02:00
41331.99661748845,41391.99661748845,SYN2-361-D:P0001,G:BW:LYBE:SYN2-276-D:P0002,EVTOL_003,BW,LYBE,before_boarding,selected_plan,aircraft_busy,aircraft_busy@F000099,departure_finalization,1.0,0.0,0.0,2026-07-31T11:28:51.996617+02:00,2026-07-31T11:29:51.996617+02:00
41331.99661748845,41391.99661748845,SYN2-160-A:P0001,G:LYBE:BW:SYN2-160-A:P0001,EVTOL_003,LYBE,BW,departure_preparation,committed_flight,departure_preparation,departure_preparation@LYBE,departure_finalization,1.0,0.0,0.0,2026-07-31T11:28:51.996617+02:00,2026-07-31T11:29:51.996617+02:00
41365.62552864837,41405.62552864837,SYN2-161-A:P0001,G:LYBE:JUG:SYN2-161-A:P0001,EVTOL_004,LYBE,JUG,before_boarding,selected_plan,group_formation|repositioning_flight,group_formation@LYBE|repositioning_flight@LYBE,takeoff,0.6666666666666666,0.0,0.0,2026-07-31T11:29:25.625529+02:00,2026-07-31T11:30:05.625529+02:00
41365.62552864837,41405.62552864837,SYN2-036-A:P0001,G:LYBE:JUG:SYN2-161-A:P0001,EVTOL_004,LYBE,JUG,before_boarding,selected_plan,group_formation|repositioning_flight,group_formation@LYBE|repositioning_flight@LYBE,takeoff,0.6666666666666666,0.0,0.0,2026-07-31T11:29:25.625529+02:00,2026-07-31T11:30:05.625529+02:00
41373.58561464837,41433.58561464837,SYN2-037-A:P0001,G:LYBE:DOR:SYN2-037-A:P0001,EVTOL_001,LYBE,DOR,before_boarding,selected_plan,aircraft_busy|group_formation,aircraft_busy@F000097|group_formation@LYBE,landing,1.0,0.0,0.0,2026-07-31T11:29:33.585615+02:00,2026-07-31T11:30:33.585615+02:00
41391.99661748845,41431.99661748845,SYN2-276-D:P0002,G:BW:LYBE:SYN2-276-D:P0002,EVTOL_003,BW,LYBE,before_boarding,selected_plan,aircraft_busy,aircraft_busy@F000099,takeoff,0.6666666666666666,0.6666666666666666,0.0,2026-07-31T11:29:51.996617+02:00,2026-07-31T11:30:31.996617+02:00
41391.99661748845,41431.99661748845,SYN2-361-D:P0001,G:BW:LYBE:SYN2-276-D:P0002,EVTOL_003,BW,LYBE,before_boarding,selected_plan,aircraft_busy,aircraft_busy@F000099,takeoff,0.6666666666666666,0.0,0.0,2026-07-31T11:29:51.996617+02:00,2026-07-31T11:30:31.996617+02:00
41405.62552864837,41595.0944729708,SYN2-161-A:P0001,G:LYBE:JUG:SYN2-161-A:P0001,EVTOL_004,LYBE,JUG,before_boarding,selected_plan,group_formation|repositioning_flight,group_formation@LYBE|repositioning_flight@LYBE,cruise,3.157815738707116,0.0,0.0,2026-07-31T11:30:05.625529+02:00,2026-07-31T11:33:15.094473+02:00
41405.62552864837,41595.0944729708,SYN2-036-A:P0001,G:LYBE:JUG:SYN2-161-A:P0001,EVTOL_004,LYBE,JUG,before_boarding,selected_plan,group_formation|repositioning_flight,group_formation@LYBE|repositioning_flight@LYBE,cruise,3.157815738707116,0.0,0.0,2026-07-31T11:30:05.625529+02:00,2026-07-31T11:33:15.094473+02:00
41431.99661748845,41579.644645672226,SYN2-276-D:P0002,G:BW:LYBE:SYN2-276-D:P0002,EVTOL_003,BW,LYBE,before_boarding,selected_plan,aircraft_busy,aircraft_busy@F000099,cruise,2.4608004697296564,2.4608004697296564,0.0,2026-07-31T11:30:31.996617+02:00,2026-07-31T11:32:59.644646+02:00
41431.99661748845,41579.644645672226,SYN2-361-D:P0001,G:BW:LYBE:SYN2-276-D:P0002,EVTOL_003,BW,LYBE,before_boarding,selected_plan,aircraft_busy,aircraft_busy@F000099,cruise,2.4608004697296564,0.0,0.0,2026-07-31T11:30:31.996617+02:00,2026-07-31T11:32:59.644646+02:00
41433.58561464837,41691.58561464837,SYN2-037-A:P0001,G:LYBE:DOR:SYN2-037-A:P0001,EVTOL_001,LYBE,DOR,before_boarding,selected_plan,aircraft_busy|group_formation,aircraft_busy@F000097|group_formation@LYBE,disembarking,4.3,0.0,0.0,2026-07-31T11:30:33.585615+02:00,2026-07-31T11:34:51.585615+02:00
41579.644645672226,41656.83243948845,SYN2-043-A:P0001,G:LYBE:LYBV:SYN2-043-A:P0001,EVTOL_003,LYBE,LYBV,before_boarding,selected_plan,aircraft_busy|group_formation,aircraft_busy@F000099|group_formation@LYBE,cruise,1.286463230270359,0.0,0.0,2026-07-31T11:32:59.644646+02:00,2026-07-31T11:34:16.832439+02:00
41579.644645672226,41627.874469990966,SYN2-276-D:P0002,G:BW:LYBE:SYN2-276-D:P0002,EVTOL_002,BW,LYBE,before_boarding,selected_plan,aircraft_busy,aircraft_busy@F000101,boarding,0.8038304053123284,0.8038304053123284,0.0,2026-07-31T11:32:59.644646+02:00,2026-07-31T11:33:47.874470+02:00
41579.644645672226,41627.874469990966,SYN2-361-D:P0001,G:BW:LYBE:SYN2-276-D:P0002,EVTOL_002,BW,LYBE,before_boarding,selected_plan,aircraft_busy,aircraft_busy@F000101,boarding,0.8038304053123284,0.0,0.0,2026-07-31T11:32:59.644646+02:00,2026-07-31T11:33:47.874470+02:00
41595.0944729708,41723.42784064837,SYN2-161-A:P0001,G:LYBE:JUG:SYN2-161-A:P0001,EVTOL_004,LYBE,JUG,before_boarding,selected_plan,repositioning_flight,repositioning_flight@LYBE,cruise,2.1388894612928806,2.1388894612928806,0.0,2026-07-31T11:33:15.094473+02:00,2026-07-31T11:35:23.427841+02:00
41595.0944729708,41723.42784064837,SYN2-036-A:P0001,G:LYBE:JUG:SYN2-161-A:P0001,EVTOL_004,LYBE,JUG,before_boarding,selected_plan,repositioning_flight,repositioning_flight@LYBE,cruise,2.1388894612928806,1.0203928226321295,0.0,2026-07-31T11:33:15.094473+02:00,2026-07-31T11:35:23.427841+02:00
41627.874469990966,41644.0585742283,SYN2-162-A:P0001,G:LYBE:BW:SYN2-162-A:P0001,EVTOL_002,LYBE,BW,before_boarding,selected_plan,aircraft_busy|group_formation,aircraft_busy@F000101|group_formation@LYBE,boarding,0.26973507062223995,0.0,0.0,2026-07-31T11:33:47.874470+02:00,2026-07-31T11:34:04.058574+02:00
41627.874469990966,41791.58561464837,SYN2-276-D:P0002,G:BW:LYBE:SYN2-276-D:P0002,,BW,LYBE,before_boarding,candidate_set,priority_other_group,,,2.728519077623423,2.728519077623423,0.0,2026-07-31T11:33:47.874470+02:00,2026-07-31T11:36:31.585615+02:00
41627.874469990966,41791.58561464837,SYN2-361-D:P0001,G:BW:LYBE:SYN2-276-D:P0002,,BW,LYBE,before_boarding,candidate_set,priority_other_group,,,2.728519077623423,2.6828520361902823,0.0,2026-07-31T11:33:47.874470+02:00,2026-07-31T11:36:31.585615+02:00
41644.0585742283,41723.42784064837,SYN2-162-A:P0001,G:LYBE:BW:SYN2-162-A:P0001,EVTOL_002,LYBE,BW,before_boarding,selected_plan,aircraft_busy|group_formation,aircraft_busy@F000101|group_formation@LYBE,waiting_for_tlof,1.3228211070011942,0.0,0.0,2026-07-31T11:34:04.058574+02:00,2026-07-31T11:35:23.427841+02:00
41644.0585742283,41723.42784064837,SYN2-034-A:P0001,G:LYBE:LYBV:SYN2-034-A:P0001,EVTOL_002,LYBE,LYBV,after_boarding,committed_flight,origin_tlof,origin_tlof@LYBE,waiting_for_departure,1.3228211070011942,0.0,1.3228211070011942,2026-07-31T11:34:04.058574+02:00,2026-07-31T11:35:23.427841+02:00
41644.0585742283,41723.42784064837,SYN2-037-A:P0002,G:LYBE:LYBV:SYN2-034-A:P0001,EVTOL_002,LYBE,LYBV,after_boarding,committed_flight,origin_tlof,origin_tlof@LYBE,waiting_for_departure,1.3228211070011942,0.0,1.3228211070011942,2026-07-31T11:34:04.058574+02:00,2026-07-31T11:35:23.427841+02:00
41656.83243948845,41716.83243948845,SYN2-043-A:P0001,G:LYBE:LYBV:SYN2-043-A:P0001,EVTOL_003,LYBE,LYBV,before_boarding,selected_plan,aircraft_busy|group_formation,aircraft_busy@F000099|group_formation@LYBE,landing,1.0,0.0,0.0,2026-07-31T11:34:16.832439+02:00,2026-07-31T11:35:16.832439+02:00
41691.58561464837,41751.58561464837,SYN2-037-A:P0001,G:LYBE:DOR:SYN2-037-A:P0001,EVTOL_001,LYBE,DOR,before_boarding,selected_plan,departure_preparation|group_formation,departure_preparation@EXPO|group_formation@LYBE,departure_finalization,1.0,0.0,0.0,2026-07-31T11:34:51.585615+02:00,2026-07-31T11:35:51.585615+02:00
41716.83243948845,41842.83243948845,SYN2-043-A:P0001,G:LYBE:LYBV:SYN2-043-A:P0001,EVTOL_003,LYBE,LYBV,before_boarding,selected_plan,aircraft_busy|group_formation,aircraft_busy@F000099|group_formation@LYBE,disembarking,2.1,0.0,0.0,2026-07-31T11:35:16.832439+02:00,2026-07-31T11:37:22.832439+02:00
41723.42784064837,41783.42784064837,SYN2-161-A:P0001,G:LYBE:JUG:SYN2-161-A:P0001,EVTOL_004,LYBE,JUG,before_boarding,selected_plan,repositioning_flight,repositioning_flight@LYBE,landing,1.0,1.0,0.0,2026-07-31T11:35:23.427841+02:00,2026-07-31T11:36:23.427841+02:00
41723.42784064837,41783.42784064837,SYN2-036-A:P0001,G:LYBE:JUG:SYN2-161-A:P0001,EVTOL_004,LYBE,JUG,before_boarding,selected_plan,repositioning_flight,repositioning_flight@LYBE,landing,1.0,1.0,0.0,2026-07-31T11:35:23.427841+02:00,2026-07-31T11:36:23.427841+02:00
41723.42784064837,41783.42784064837,SYN2-162-A:P0001,G:LYBE:BW:SYN2-162-A:P0001,EVTOL_002,LYBE,BW,before_boarding,selected_plan,aircraft_busy|group_formation,aircraft_busy@F000101|group_formation@LYBE,departure_finalization,1.0,0.0,0.0,2026-07-31T11:35:23.427841+02:00,2026-07-31T11:36:23.427841+02:00
41723.42784064837,41783.42784064837,SYN2-034-A:P0001,G:LYBE:LYBV:SYN2-034-A:P0001,EVTOL_002,LYBE,LYBV,departure_preparation,committed_flight,departure_preparation,departure_preparation@LYBE,departure_finalization,1.0,0.0,0.0,2026-07-31T11:35:23.427841+02:00,2026-07-31T11:36:23.427841+02:00
41723.42784064837,41783.42784064837,SYN2-037-A:P0002,G:LYBE:LYBV:SYN2-034-A:P0001,EVTOL_002,LYBE,LYBV,departure_preparation,committed_flight,departure_preparation,departure_preparation@LYBE,departure_finalization,1.0,0.0,0.0,2026-07-31T11:35:23.427841+02:00,2026-07-31T11:36:23.427841+02:00
41751.58561464837,41791.58561464837,SYN2-037-A:P0001,G:LYBE:DOR:SYN2-037-A:P0001,EVTOL_001,LYBE,DOR,before_boarding,selected_plan,group_formation|repositioning_flight,group_formation@LYBE|repositioning_flight@LYBE,takeoff,0.6666666666666666,0.0,0.0,2026-07-31T11:35:51.585615+02:00,2026-07-31T11:36:31.585615+02:00
41783.42784064837,41823.42784064837,SYN2-162-A:P0001,G:LYBE:BW:SYN2-162-A:P0001,EVTOL_002,LYBE,BW,before_boarding,selected_plan,aircraft_busy|group_formation,aircraft_busy@F000101|group_formation@LYBE,takeoff,0.6666666666666666,0.0,0.0,2026-07-31T11:36:23.427841+02:00,2026-07-31T11:37:03.427841+02:00
41791.58561464837,41892.34801264837,SYN2-037-A:P0001,G:LYBE:DOR:SYN2-037-A:P0001,EVTOL_001,LYBE,DOR,before_boarding,selected_plan,group_formation|repositioning_flight,group_formation@LYBE|repositioning_flight@LYBE,cruise,1.6793732999999824,0.0,0.0,2026-07-31T11:36:31.585615+02:00,2026-07-31T11:38:12.348013+02:00
41791.58561464837,42053.42784064837,SYN2-276-D:P0002,G:BW:LYBE:SYN2-276-D:P0002,EVTOL_004,BW,LYBE,before_boarding,selected_plan,aircraft_busy,aircraft_busy@F000103,boarding,4.364037100000011,4.364037100000011,0.0,2026-07-31T11:36:31.585615+02:00,2026-07-31T11:40:53.427841+02:00
41791.58561464837,42053.42784064837,SYN2-361-D:P0001,G:BW:LYBE:SYN2-276-D:P0002,EVTOL_004,BW,LYBE,before_boarding,selected_plan,aircraft_busy,aircraft_busy@F000103,boarding,4.364037100000011,4.364037100000011,0.0,2026-07-31T11:36:31.585615+02:00,2026-07-31T11:40:53.427841+02:00
41823.42784064837,42159.876028648374,SYN2-162-A:P0001,G:LYBE:BW:SYN2-162-A:P0001,EVTOL_002,LYBE,BW,before_boarding,selected_plan,aircraft_busy|group_formation,aircraft_busy@F000101|group_formation@LYBE,cruise,5.607469800000035,0.0,0.0,2026-07-31T11:37:03.427841+02:00,2026-07-31T11:42:39.876029+02:00
41842.83243948845,42442.83243948845,SYN2-043-A:P0001,G:LYBE:LYBV:SYN2-043-A:P0001,EVTOL_003,LYBE,LYBV,before_boarding,selected_plan,cleaning|group_formation,cleaning@BW:cleaner:1|group_formation@LYBE,cleaning,10.0,0.0,0.0,2026-07-31T11:37:22.832439+02:00,2026-07-31T11:47:22.832439+02:00
41892.34801264837,41952.34801264837,SYN2-037-A:P0001,G:LYBE:DOR:SYN2-037-A:P0001,EVTOL_001,LYBE,DOR,before_boarding,selected_plan,group_formation|repositioning_flight,group_formation@LYBE|repositioning_flight@LYBE,landing,1.0,0.0,0.0,2026-07-31T11:38:12.348013+02:00,2026-07-31T11:39:12.348013+02:00
41952.34801264837,41990.3865796443,SYN2-037-A:P0001,G:LYBE:DOR:SYN2-037-A:P0001,EVTOL_001,LYBE,DOR,before_boarding,selected_plan,group_formation,group_formation@LYBE,idle,0.6339761165988117,0.0,0.0,2026-07-31T11:39:12.348013+02:00,2026-07-31T11:39:50.386580+02:00
42053.42784064837,42065.766985603965,SYN2-276-D:P0002,G:BW:LYBE:SYN2-276-D:P0002,EVTOL_004,BW,LYBE,before_boarding,selected_plan,aircraft_busy,aircraft_busy@F000103,waiting_for_tlof,0.20565241592654881,0.20565241592654881,0.0,2026-07-31T11:40:53.427841+02:00,2026-07-31T11:41:05.766986+02:00
42053.42784064837,42065.766985603965,SYN2-361-D:P0001,G:BW:LYBE:SYN2-276-D:P0002,EVTOL_004,BW,LYBE,before_boarding,selected_plan,aircraft_busy,aircraft_busy@F000103,waiting_for_tlof,0.20565241592654881,0.20565241592654881,0.0,2026-07-31T11:40:53.427841+02:00,2026-07-31T11:41:05.766986+02:00
42053.42784064837,42065.766985603965,SYN2-161-A:P0001,G:LYBE:JUG:SYN2-161-A:P0001,EVTOL_004,LYBE,JUG,after_boarding,committed_flight,battery_after_repositioning,battery_after_repositioning@LYBE,waiting_for_departure,0.20565241592654881,0.0,0.20565241592654881,2026-07-31T11:40:53.427841+02:00,2026-07-31T11:41:05.766986+02:00
42053.42784064837,42065.766985603965,SYN2-036-A:P0001,G:LYBE:JUG:SYN2-161-A:P0001,EVTOL_004,LYBE,JUG,after_boarding,committed_flight,battery_after_repositioning,battery_after_repositioning@LYBE,waiting_for_departure,0.20565241592654881,0.0,0.20565241592654881,2026-07-31T11:40:53.427841+02:00,2026-07-31T11:41:05.766986+02:00
42065.766985603965,42125.766985603965,SYN2-276-D:P0002,G:BW:LYBE:SYN2-276-D:P0002,EVTOL_004,BW,LYBE,before_boarding,selected_plan,aircraft_busy,aircraft_busy@F000103,departure_finalization,1.0,1.0,0.0,2026-07-31T11:41:05.766986+02:00,2026-07-31T11:42:05.766986+02:00
42065.766985603965,42125.766985603965,SYN2-361-D:P0001,G:BW:LYBE:SYN2-276-D:P0002,EVTOL_004,BW,LYBE,before_boarding,selected_plan,aircraft_busy,aircraft_busy@F000103,departure_finalization,1.0,1.0,0.0,2026-07-31T11:41:05.766986+02:00,2026-07-31T11:42:05.766986+02:00
42065.766985603965,42125.766985603965,SYN2-161-A:P0001,G:LYBE:JUG:SYN2-161-A:P0001,EVTOL_004,LYBE,JUG,departure_preparation,committed_flight,departure_preparation,departure_preparation@LYBE,departure_finalization,1.0,0.0,0.0,2026-07-31T11:41:05.766986+02:00,2026-07-31T11:42:05.766986+02:00
42065.766985603965,42125.766985603965,SYN2-036-A:P0001,G:LYBE:JUG:SYN2-161-A:P0001,EVTOL_004,LYBE,JUG,departure_preparation,committed_flight,departure_preparation,departure_preparation@LYBE,departure_finalization,1.0,0.0,0.0,2026-07-31T11:41:05.766986+02:00,2026-07-31T11:42:05.766986+02:00
42125.766985603965,42155.04255394638,SYN2-276-D:P0002,G:BW:LYBE:SYN2-276-D:P0002,EVTOL_004,BW,LYBE,before_boarding,selected_plan,aircraft_busy,aircraft_busy@F000103,takeoff,0.48792613904030685,0.48792613904030685,0.0,2026-07-31T11:42:05.766986+02:00,2026-07-31T11:42:35.042554+02:00
42125.766985603965,42155.04255394638,SYN2-361-D:P0001,G:BW:LYBE:SYN2-276-D:P0002,EVTOL_004,BW,LYBE,before_boarding,selected_plan,aircraft_busy,aircraft_busy@F000103,takeoff,0.48792613904030685,0.48792613904030685,0.0,2026-07-31T11:42:05.766986+02:00,2026-07-31T11:42:35.042554+02:00
42155.04255394638,42165.766985603965,SYN2-037-A:P0003,G:LYBE:DOR:SYN2-037-A:P0003,EVTOL_004,LYBE,DOR,before_boarding,selected_plan,aircraft_busy|group_formation,aircraft_busy@F000103|group_formation@LYBE,takeoff,0.17874052762635984,0.0,0.0,2026-07-31T11:42:35.042554+02:00,2026-07-31T11:42:45.766986+02:00
42155.04255394638,42185.3865796443,SYN2-276-D:P0002,G:BW:LYBE:SYN2-276-D:P0002,EVTOL_001,BW,LYBE,before_boarding,selected_plan,aircraft_busy,aircraft_busy@F000104,boarding,0.5057337616319273,0.5057337616319273,0.0,2026-07-31T11:42:35.042554+02:00,2026-07-31T11:43:05.386580+02:00
42155.04255394638,42185.3865796443,SYN2-361-D:P0001,G:BW:LYBE:SYN2-276-D:P0002,EVTOL_001,BW,LYBE,before_boarding,selected_plan,aircraft_busy,aircraft_busy@F000104,boarding,0.5057337616319273,0.5057337616319273,0.0,2026-07-31T11:42:35.042554+02:00,2026-07-31T11:43:05.386580+02:00
42157.87258100324,42159.876028648374,SYN2-163-A:P0001,G:LYBE:BW:SYN2-162-A:P0001,EVTOL_002,LYBE,BW,before_boarding,selected_plan,aircraft_busy|group_formation,aircraft_busy@F000101|group_formation@LYBE,cruise,0.033390794085547286,0.0,0.0,2026-07-31T11:42:37.872581+02:00,2026-07-31T11:42:39.876029+02:00
42159.876028648374,42219.876028648374,SYN2-162-A:P0001,G:LYBE:BW:SYN2-162-A:P0001,EVTOL_002,LYBE,BW,before_boarding,selected_plan,aircraft_busy|group_formation,aircraft_busy@F000101|group_formation@LYBE,landing,1.0,0.0,0.0,2026-07-31T11:42:39.876029+02:00,2026-07-31T11:43:39.876029+02:00
42159.876028648374,42219.876028648374,SYN2-163-A:P0001,G:LYBE:BW:SYN2-162-A:P0001,EVTOL_002,LYBE,BW,before_boarding,selected_plan,aircraft_busy|group_formation,aircraft_busy@F000101|group_formation@LYBE,landing,1.0,0.0,0.0,2026-07-31T11:42:39.876029+02:00,2026-07-31T11:43:39.876029+02:00
42165.766985603965,42483.569297603965,SYN2-037-A:P0003,G:LYBE:DOR:SYN2-037-A:P0003,EVTOL_004,LYBE,DOR,before_boarding,selected_plan,aircraft_busy|group_formation,aircraft_busy@F000103|group_formation@LYBE,cruise,5.296705199999996,0.0,0.0,2026-07-31T11:42:45.766986+02:00,2026-07-31T11:48:03.569298+02:00
42180.6929316628,42219.876028648374,SYN2-045-A:P0001,G:LYBE:BW:SYN2-162-A:P0001,EVTOL_002,LYBE,BW,before_boarding,selected_plan,aircraft_busy|group_formation,aircraft_busy@F000101|group_formation@LYBE,landing,0.6530516164262129,0.0,0.0,2026-07-31T11:43:00.692932+02:00,2026-07-31T11:43:39.876029+02:00
42185.3865796443,42230.46852986355,SYN2-276-D:P0002,G:BW:LYBE:SYN2-276-D:P0002,EVTOL_001,BW,LYBE,before_boarding,selected_plan,aircraft_busy,aircraft_busy@F000104,waiting_for_tlof,0.7513658369875581,0.7513658369875581,0.0,2026-07-31T11:43:05.386580+02:00,2026-07-31T11:43:50.468530+02:00
42185.3865796443,42230.46852986355,SYN2-361-D:P0001,G:BW:LYBE:SYN2-276-D:P0002,EVTOL_001,BW,LYBE,before_boarding,selected_plan,aircraft_busy,aircraft_busy@F000104,waiting_for_tlof,0.7513658369875581,0.7513658369875581,0.0,2026-07-31T11:43:05.386580+02:00,2026-07-31T11:43:50.468530+02:00
42185.3865796443,42230.46852986355,SYN2-037-A:P0001,G:LYBE:DOR:SYN2-037-A:P0001,EVTOL_001,LYBE,DOR,after_boarding,committed_flight,battery_after_repositioning,battery_after_repositioning@LYBE,waiting_for_departure,0.7513658369875581,0.0,0.7513658369875581,2026-07-31T11:43:05.386580+02:00,2026-07-31T11:43:50.468530+02:00
42219.876028648374,42411.876028648374,SYN2-162-A:P0001,G:LYBE:BW:SYN2-162-A:P0001,EVTOL_002,LYBE,BW,before_boarding,selected_plan,aircraft_busy|group_formation,aircraft_busy@F000101|group_formation@LYBE,disembarking,3.2,0.0,0.0,2026-07-31T11:43:39.876029+02:00,2026-07-31T11:46:51.876029+02:00
42219.876028648374,42411.876028648374,SYN2-163-A:P0001,G:LYBE:BW:SYN2-162-A:P0001,EVTOL_002,LYBE,BW,before_boarding,selected_plan,aircraft_busy|group_formation,aircraft_busy@F000101|group_formation@LYBE,disembarking,3.2,0.0,0.0,2026-07-31T11:43:39.876029+02:00,2026-07-31T11:46:51.876029+02:00
42219.876028648374,42411.876028648374,SYN2-045-A:P0001,G:LYBE:BW:SYN2-162-A:P0001,EVTOL_002,LYBE,BW,before_boarding,selected_plan,aircraft_busy|group_formation,aircraft_busy@F000101|group_formation@LYBE,disembarking,3.2,0.0,0.0,2026-07-31T11:43:39.876029+02:00,2026-07-31T11:46:51.876029+02:00
42230.46852986355,42255.118600744354,SYN2-276-D:P0002,G:BW:LYBE:SYN2-276-D:P0002,EVTOL_001,BW,LYBE,before_boarding,selected_plan,aircraft_busy,aircraft_busy@F000104,departure_finalization,0.4108345146800275,0.4108345146800275,0.0,2026-07-31T11:43:50.468530+02:00,2026-07-31T11:44:15.118601+02:00
42230.46852986355,42255.118600744354,SYN2-361-D:P0001,G:BW:LYBE:SYN2-276-D:P0002,EVTOL_001,BW,LYBE,before_boarding,selected_plan,aircraft_busy,aircraft_busy@F000104,departure_finalization,0.4108345146800275,0.4108345146800275,0.0,2026-07-31T11:43:50.468530+02:00,2026-07-31T11:44:15.118601+02:00
42230.46852986355,42290.46852986355,SYN2-037-A:P0001,G:LYBE:DOR:SYN2-037-A:P0001,EVTOL_001,LYBE,DOR,departure_preparation,committed_flight,departure_preparation,departure_preparation@LYBE,departure_finalization,1.0,0.0,0.0,2026-07-31T11:43:50.468530+02:00,2026-07-31T11:44:50.468530+02:00
42255.118600744354,42290.46852986355,SYN2-164-A:P0001,G:LYBE:EXPO:SYN2-164-A:P0001,EVTOL_001,LYBE,EXPO,before_boarding,selected_plan,aircraft_busy|group_formation,aircraft_busy@F000104|group_formation@LYBE,departure_finalization,0.5891654853199725,0.0,0.0,2026-07-31T11:44:15.118601+02:00,2026-07-31T11:44:50.468530+02:00
42255.118600744354,42844.268743863555,SYN2-276-D:P0002,G:BW:LYBE:SYN2-276-D:P0002,,BW,LYBE,before_boarding,candidate_set,priority_other_group,,,9.819169051986682,9.819169051986682,0.0,2026-07-31T11:44:15.118601+02:00,2026-07-31T11:54:04.268744+02:00
42255.118600744354,42844.268743863555,SYN2-361-D:P0001,G:BW:LYBE:SYN2-276-D:P0002,,BW,LYBE,before_boarding,candidate_set,priority_other_group,,,9.819169051986682,9.819169051986682,0.0,2026-07-31T11:44:15.118601+02:00,2026-07-31T11:54:04.268744+02:00
42290.46852986355,42330.46852986355,SYN2-164-A:P0001,G:LYBE:EXPO:SYN2-164-A:P0001,EVTOL_001,LYBE,EXPO,before_boarding,selected_plan,aircraft_busy|group_formation,aircraft_busy@F000104|group_formation@LYBE,takeoff,0.6666666666666666,0.0,0.0,2026-07-31T11:44:50.468530+02:00,2026-07-31T11:45:30.468530+02:00
42330.46852986355,42658.268743863555,SYN2-164-A:P0001,G:LYBE:EXPO:SYN2-164-A:P0001,EVTOL_001,LYBE,EXPO,before_boarding,selected_plan,aircraft_busy|group_formation,aircraft_busy@F000104|group_formation@LYBE,cruise,5.463336900000043,0.0,0.0,2026-07-31T11:45:30.468530+02:00,2026-07-31T11:50:58.268744+02:00
42411.876028648374,42527.874469990966,SYN2-162-A:P0001,G:LYBE:BW:SYN2-162-A:P0001,EVTOL_002,LYBE,BW,before_boarding,selected_plan,battery_before_repositioning|group_formation,battery_before_repositioning@LYBV|group_formation@LYBE,idle,1.933307355709864,0.0,0.0,2026-07-31T11:46:51.876029+02:00,2026-07-31T11:48:47.874470+02:00
42411.876028648374,42527.874469990966,SYN2-163-A:P0001,G:LYBE:BW:SYN2-162-A:P0001,EVTOL_002,LYBE,BW,before_boarding,selected_plan,battery_before_repositioning|group_formation,battery_before_repositioning@LYBV|group_formation@LYBE,idle,1.933307355709864,0.0,0.0,2026-07-31T11:46:51.876029+02:00,2026-07-31T11:48:47.874470+02:00
42411.876028648374,42527.874469990966,SYN2-045-A:P0001,G:LYBE:BW:SYN2-162-A:P0001,EVTOL_002,LYBE,BW,before_boarding,selected_plan,battery_before_repositioning|group_formation,battery_before_repositioning@LYBV|group_formation@LYBE,idle,1.933307355709864,0.0,0.0,2026-07-31T11:46:51.876029+02:00,2026-07-31T11:48:47.874470+02:00
42442.83243948845,42479.644645672226,SYN2-043-A:P0001,G:LYBE:LYBV:SYN2-043-A:P0001,EVTOL_003,LYBE,LYBV,before_boarding,selected_plan,departure_preparation|group_formation,departure_preparation@BW|group_formation@LYBE,departure_finalization,0.6135367697296412,0.0,0.0,2026-07-31T11:47:22.832439+02:00,2026-07-31T11:47:59.644646+02:00
42479.644645672226,42502.83243948845,SYN2-043-A:P0001,G:LYBE:LYBV:SYN2-043-A:P0001,EVTOL_003,LYBE,LYBV,before_boarding,selected_plan,departure_preparation,departure_preparation@BW,departure_finalization,0.38646323027035884,0.38646323027035884,0.0,2026-07-31T11:47:59.644646+02:00,2026-07-31T11:48:22.832439+02:00
42483.569297603965,42543.569297603965,SYN2-037-A:P0003,G:LYBE:DOR:SYN2-037-A:P0003,EVTOL_004,LYBE,DOR,before_boarding,selected_plan,aircraft_busy|group_formation,aircraft_busy@F000103|group_formation@LYBE,landing,1.0,0.0,0.0,2026-07-31T11:48:03.569298+02:00,2026-07-31T11:49:03.569298+02:00
42502.83243948845,42542.83243948845,SYN2-043-A:P0001,G:LYBE:LYBV:SYN2-043-A:P0001,EVTOL_003,LYBE,LYBV,before_boarding,selected_plan,repositioning_flight,repositioning_flight@LYBE,takeoff,0.6666666666666666,0.6666666666666666,0.0,2026-07-31T11:48:22.832439+02:00,2026-07-31T11:49:02.832439+02:00
42527.874469990966,42700.25474071169,SYN2-162-A:P0001,G:LYBE:BW:SYN2-162-A:P0001,EVTOL_002,LYBE,BW,before_boarding,selected_plan,battery_before_repositioning,battery_before_repositioning@LYBV,idle,2.8730045120120242,2.8730045120120242,0.0,2026-07-31T11:48:47.874470+02:00,2026-07-31T11:51:40.254741+02:00
42527.874469990966,42700.25474071169,SYN2-163-A:P0001,G:LYBE:BW:SYN2-162-A:P0001,EVTOL_002,LYBE,BW,before_boarding,selected_plan,battery_before_repositioning,battery_before_repositioning@LYBV,idle,2.8730045120120242,0.0,0.0,2026-07-31T11:48:47.874470+02:00,2026-07-31T11:51:40.254741+02:00
42527.874469990966,42700.25474071169,SYN2-045-A:P0001,G:LYBE:BW:SYN2-162-A:P0001,EVTOL_002,LYBE,BW,before_boarding,selected_plan,battery_before_repositioning,battery_before_repositioning@LYBV,idle,2.8730045120120242,0.0,0.0,2026-07-31T11:48:47.874470+02:00,2026-07-31T11:51:40.254741+02:00
42542.83243948845,42767.66826148845,SYN2-043-A:P0001,G:LYBE:LYBV:SYN2-043-A:P0001,EVTOL_003,LYBE,LYBV,before_boarding,selected_plan,repositioning_flight,repositioning_flight@LYBE,cruise,3.747263700000015,3.747263700000015,0.0,2026-07-31T11:49:02.832439+02:00,2026-07-31T11:52:47.668261+02:00
42543.569297603965,42735.569297603965,SYN2-037-A:P0003,G:LYBE:DOR:SYN2-037-A:P0003,EVTOL_004,LYBE,DOR,before_boarding,selected_plan,aircraft_busy|group_formation,aircraft_busy@F000103|group_formation@LYBE,disembarking,3.2,0.0,0.0,2026-07-31T11:49:03.569298+02:00,2026-07-31T11:52:15.569298+02:00
42658.268743863555,42718.268743863555,SYN2-164-A:P0001,G:LYBE:EXPO:SYN2-164-A:P0001,EVTOL_001,LYBE,EXPO,before_boarding,selected_plan,aircraft_busy|group_formation,aircraft_busy@F000104|group_formation@LYBE,landing,1.0,0.0,0.0,2026-07-31T11:50:58.268744+02:00,2026-07-31T11:51:58.268744+02:00
42694.94395632018,43594.94395632018,SYN2-286-D:P0002,G:LYBV:LYBE:SYN2-286-D:P0002,,LYBV,LYBE,before_boarding,candidate_set,group_formation|priority_other_group,group_formation@LYBV,,15.0,0.0,0.0,2026-07-31T11:51:34.943956+02:00,2026-07-31T12:06:34.943956+02:00
42700.25474071169,42760.25474071169,SYN2-162-A:P0001,G:LYBE:BW:SYN2-162-A:P0001,EVTOL_002,LYBE,BW,before_boarding,selected_plan,departure_preparation,departure_preparation@LYBV,departure_finalization,1.0,1.0,0.0,2026-07-31T11:51:40.254741+02:00,2026-07-31T11:52:40.254741+02:00
42700.25474071169,42760.25474071169,SYN2-163-A:P0001,G:LYBE:BW:SYN2-162-A:P0001,EVTOL_002,LYBE,BW,before_boarding,selected_plan,departure_preparation,departure_preparation@LYBV,departure_finalization,1.0,0.0,0.0,2026-07-31T11:51:40.254741+02:00,2026-07-31T11:52:40.254741+02:00
42700.25474071169,42760.25474071169,SYN2-045-A:P0001,G:LYBE:BW:SYN2-162-A:P0001,EVTOL_002,LYBE,BW,before_boarding,selected_plan,departure_preparation,departure_preparation@LYBV,departure_finalization,1.0,0.0,0.0,2026-07-31T11:51:40.254741+02:00,2026-07-31T11:52:40.254741+02:00
42718.268743863555,42844.268743863555,SYN2-164-A:P0001,G:LYBE:EXPO:SYN2-164-A:P0001,EVTOL_001,LYBE,EXPO,before_boarding,selected_plan,aircraft_busy|group_formation,aircraft_busy@F000104|group_formation@LYBE,disembarking,2.1,0.0,0.0,2026-07-31T11:51:58.268744+02:00,2026-07-31T11:54:04.268744+02:00
42735.569297603965,43053.61335618655,SYN2-037-A:P0003,G:LYBE:DOR:SYN2-037-A:P0003,EVTOL_004,LYBE,DOR,before_boarding,selected_plan,cleaning|group_formation,cleaning@JUG:cleaner:1|group_formation@LYBE,cleaning,5.300734309709757,0.0,0.0,2026-07-31T11:52:15.569298+02:00,2026-07-31T11:57:33.613356+02:00
42738.74354829694,43053.61335618655,SYN2-047-A:P0001,G:LYBE:DOR:SYN2-037-A:P0003,EVTOL_004,LYBE,DOR,before_boarding,selected_plan,cleaning|group_formation,cleaning@JUG:cleaner:1|group_formation@LYBE,cleaning,5.247830131493538,0.0,0.0,2026-07-31T11:52:18.743548+02:00,2026-07-31T11:57:33.613356+02:00
42760.25474071169,42800.25474071169,SYN2-162-A:P0001,G:LYBE:BW:SYN2-162-A:P0001,EVTOL_002,LYBE,BW,before_boarding,selected_plan,repositioning_flight,repositioning_flight@LYBE,takeoff,0.6666666666666666,0.6666666666666666,0.0,2026-07-31T11:52:40.254741+02:00,2026-07-31T11:53:20.254741+02:00
42760.25474071169,42800.25474071169,SYN2-163-A:P0001,G:LYBE:BW:SYN2-162-A:P0001,EVTOL_002,LYBE,BW,before_boarding,selected_plan,repositioning_flight,repositioning_flight@LYBE,takeoff,0.6666666666666666,0.0,0.0,2026-07-31T11:52:40.254741+02:00,2026-07-31T11:53:20.254741+02:00
42760.25474071169,42800.25474071169,SYN2-045-A:P0001,G:LYBE:BW:SYN2-162-A:P0001,EVTOL_002,LYBE,BW,before_boarding,selected_plan,repositioning_flight,repositioning_flight@LYBE,takeoff,0.6666666666666666,0.0,0.0,2026-07-31T11:52:40.254741+02:00,2026-07-31T11:53:20.254741+02:00
42767.66826148845,42827.66826148845,SYN2-043-A:P0001,G:LYBE:LYBV:SYN2-043-A:P0001,EVTOL_003,LYBE,LYBV,before_boarding,selected_plan,repositioning_flight,repositioning_flight@LYBE,landing,1.0,1.0,0.0,2026-07-31T11:52:47.668261+02:00,2026-07-31T11:53:47.668261+02:00
42800.25474071169,43136.70292871169,SYN2-162-A:P0001,G:LYBE:BW:SYN2-162-A:P0001,EVTOL_002,LYBE,BW,before_boarding,selected_plan,repositioning_flight,repositioning_flight@LYBE,cruise,5.607469800000035,5.607469800000035,0.0,2026-07-31T11:53:20.254741+02:00,2026-07-31T11:58:56.702929+02:00
42800.25474071169,43136.70292871169,SYN2-163-A:P0001,G:LYBE:BW:SYN2-162-A:P0001,EVTOL_002,LYBE,BW,before_boarding,selected_plan,repositioning_flight,repositioning_flight@LYBE,cruise,5.607469800000035,1.3138391284741373,0.0,2026-07-31T11:53:20.254741+02:00,2026-07-31T11:58:56.702929+02:00
42800.25474071169,43136.70292871169,SYN2-045-A:P0001,G:LYBE:BW:SYN2-162-A:P0001,EVTOL_002,LYBE,BW,before_boarding,selected_plan,repositioning_flight,repositioning_flight@LYBE,cruise,5.607469800000035,0.933499950814803,0.0,2026-07-31T11:53:20.254741+02:00,2026-07-31T11:58:56.702929+02:00
42844.268743863555,43155.118600744354,SYN2-164-A:P0001,G:LYBE:EXPO:SYN2-164-A:P0001,EVTOL_001,LYBE,EXPO,before_boarding,selected_plan,battery_before_repositioning|group_formation,battery_before_repositioning@DOR|group_formation@LYBE,idle,5.180830948013318,0.0,0.0,2026-07-31T11:54:04.268744+02:00,2026-07-31T11:59:15.118601+02:00
42844.268743863555,42855.02432728561,SYN2-276-D:P0002,G:BW:LYBE:SYN2-276-D:P0002,EVTOL_003,BW,LYBE,before_boarding,selected_plan,aircraft_busy,aircraft_busy@F000107,boarding,0.17925972370091284,0.17925972370091284,0.0,2026-07-31T11:54:04.268744+02:00,2026-07-31T11:54:15.024327+02:00
42844.268743863555,42855.02432728561,SYN2-361-D:P0001,G:BW:LYBE:SYN2-276-D:P0002,EVTOL_003,BW,LYBE,before_boarding,selected_plan,aircraft_busy,aircraft_busy@F000107,boarding,0.17925972370091284,0.17925972370091284,0.0,2026-07-31T11:54:04.268744+02:00,2026-07-31T11:54:15.024327+02:00
42849.705429025074,43136.70292871169,SYN2-041-A:P0001,G:LYBE:BW:SYN2-162-A:P0001,EVTOL_002,LYBE,BW,before_boarding,selected_plan,repositioning_flight,repositioning_flight@LYBE,cruise,4.783291661443582,0.0,0.0,2026-07-31T11:54:09.705429+02:00,2026-07-31T11:58:56.702929+02:00
42855.02432728561,43022.66826148845,SYN2-046-A:P0001,G:LYBE:BW:SYN2-046-A:P0001,EVTOL_003,LYBE,BW,before_boarding,selected_plan,aircraft_busy|group_formation,aircraft_busy@F000107|group_formation@LYBE,boarding,2.7940655700473145,0.0,0.0,2026-07-31T11:54:15.024327+02:00,2026-07-31T11:57:02.668261+02:00
42855.02432728561,43256.70292871169,SYN2-276-D:P0002,G:BW:LYBE:SYN2-276-D:P0002,,BW,LYBE,before_boarding,candidate_set,priority_other_group,,,6.694643357101328,6.694643357101328,0.0,2026-07-31T11:54:15.024327+02:00,2026-07-31T12:00:56.702929+02:00
42855.02432728561,43256.70292871169,SYN2-361-D:P0001,G:BW:LYBE:SYN2-276-D:P0002,,BW,LYBE,before_boarding,candidate_set,priority_other_group,,,6.694643357101328,6.694643357101328,0.0,2026-07-31T11:54:15.024327+02:00,2026-07-31T12:00:56.702929+02:00
43022.66826148845,43082.66826148845,SYN2-046-A:P0001,G:LYBE:BW:SYN2-046-A:P0001,EVTOL_003,LYBE,BW,before_boarding,selected_plan,aircraft_busy|group_formation,aircraft_busy@F000107|group_formation@LYBE,departure_finalization,1.0,0.0,0.0,2026-07-31T11:57:02.668261+02:00,2026-07-31T11:58:02.668261+02:00
43022.66826148845,43082.66826148845,SYN2-043-A:P0001,G:LYBE:LYBV:SYN2-043-A:P0001,EVTOL_003,LYBE,LYBV,departure_preparation,committed_flight,departure_preparation,departure_preparation@LYBE,departure_finalization,1.0,0.0,0.0,2026-07-31T11:57:02.668261+02:00,2026-07-31T11:58:02.668261+02:00
43047.96947061337,43053.61335618655,SYN2-048-A:P0002,G:LYBE:DOR:SYN2-037-A:P0003,EVTOL_004,LYBE,DOR,before_boarding,selected_plan,cleaning|group_formation,cleaning@JUG:cleaner:1|group_formation@LYBE,cleaning,0.09406475955305117,0.0,0.0,2026-07-31T11:57:27.969471+02:00,2026-07-31T11:57:33.613356+02:00
43053.61335618655,43335.569297603965,SYN2-037-A:P0003,G:LYBE:DOR:SYN2-037-A:P0003,EVTOL_004,LYBE,DOR,before_boarding,selected_plan,cleaning,cleaning@JUG:cleaner:1,cleaning,4.699265690290243,4.675445727626356,0.0,2026-07-31T11:57:33.613356+02:00,2026-07-31T12:02:15.569298+02:00
43053.61335618655,43335.569297603965,SYN2-047-A:P0001,G:LYBE:DOR:SYN2-037-A:P0003,EVTOL_004,LYBE,DOR,before_boarding,selected_plan,cleaning,cleaning@JUG:cleaner:1,cleaning,4.699265690290243,0.0,0.0,2026-07-31T11:57:33.613356+02:00,2026-07-31T12:02:15.569298+02:00
43053.61335618655,43335.569297603965,SYN2-048-A:P0002,G:LYBE:DOR:SYN2-037-A:P0003,EVTOL_004,LYBE,DOR,before_boarding,selected_plan,cleaning,cleaning@JUG:cleaner:1,cleaning,4.699265690290243,0.0,0.0,2026-07-31T11:57:33.613356+02:00,2026-07-31T12:02:15.569298+02:00
43053.61335618655,43335.569297603965,SYN2-048-A:P0001,G:LYBE:DOR:SYN2-037-A:P0003,EVTOL_004,LYBE,DOR,before_boarding,selected_plan,cleaning,cleaning@JUG:cleaner:1,cleaning,4.699265690290243,0.0,0.0,2026-07-31T11:57:33.613356+02:00,2026-07-31T12:02:15.569298+02:00
43082.66826148845,43122.66826148845,SYN2-046-A:P0001,G:LYBE:BW:SYN2-046-A:P0001,EVTOL_003,LYBE,BW,before_boarding,selected_plan,aircraft_busy|group_formation,aircraft_busy@F000107|group_formation@LYBE,takeoff,0.6666666666666666,0.0,0.0,2026-07-31T11:58:02.668261+02:00,2026-07-31T11:58:42.668261+02:00
43122.66826148845,43459.11644948845,SYN2-046-A:P0001,G:LYBE:BW:SYN2-046-A:P0001,EVTOL_003,LYBE,BW,before_boarding,selected_plan,aircraft_busy|group_formation,aircraft_busy@F000107|group_formation@LYBE,cruise,5.607469800000035,0.0,0.0,2026-07-31T11:58:42.668261+02:00,2026-07-31T12:04:19.116449+02:00
43136.70292871169,43196.70292871169,SYN2-162-A:P0001,G:LYBE:BW:SYN2-162-A:P0001,EVTOL_002,LYBE,BW,before_boarding,selected_plan,repositioning_flight,repositioning_flight@LYBE,landing,1.0,1.0,0.0,2026-07-31T11:58:56.702929+02:00,2026-07-31T11:59:56.702929+02:00
43136.70292871169,43196.70292871169,SYN2-163-A:P0001,G:LYBE:BW:SYN2-162-A:P0001,EVTOL_002,LYBE,BW,before_boarding,selected_plan,repositioning_flight,repositioning_flight@LYBE,landing,1.0,1.0,0.0,2026-07-31T11:58:56.702929+02:00,2026-07-31T11:59:56.702929+02:00
43136.70292871169,43196.70292871169,SYN2-045-A:P0001,G:LYBE:BW:SYN2-162-A:P0001,EVTOL_002,LYBE,BW,before_boarding,selected_plan,repositioning_flight,repositioning_flight@LYBE,landing,1.0,1.0,0.0,2026-07-31T11:58:56.702929+02:00,2026-07-31T11:59:56.702929+02:00
43136.70292871169,43196.70292871169,SYN2-041-A:P0001,G:LYBE:BW:SYN2-162-A:P0001,EVTOL_002,LYBE,BW,before_boarding,selected_plan,repositioning_flight,repositioning_flight@LYBE,landing,1.0,0.0,0.0,2026-07-31T11:58:56.702929+02:00,2026-07-31T11:59:56.702929+02:00
43155.118600744354,43274.907803159855,SYN2-164-A:P0001,G:LYBE:EXPO:SYN2-164-A:P0001,EVTOL_001,LYBE,EXPO,before_boarding,selected_plan,battery_before_repositioning,battery_before_repositioning@DOR,idle,1.9964867069250127,1.9964867069250127,0.0,2026-07-31T11:59:15.118601+02:00,2026-07-31T12:01:14.907803+02:00
43256.70292871169,43616.70292871169,SYN2-276-D:P0002,G:BW:LYBE:SYN2-276-D:P0002,EVTOL_002,BW,LYBE,before_boarding,selected_plan,aircraft_busy,aircraft_busy@F000108,boarding,6.0,6.0,0.0,2026-07-31T12:00:56.702929+02:00,2026-07-31T12:06:56.702929+02:00
43256.70292871169,43616.70292871169,SYN2-361-D:P0001,G:BW:LYBE:SYN2-276-D:P0002,EVTOL_002,BW,LYBE,before_boarding,selected_plan,aircraft_busy,aircraft_busy@F000108,boarding,6.0,6.0,0.0,2026-07-31T12:00:56.702929+02:00,2026-07-31T12:06:56.702929+02:00
43274.907803159855,43334.663958641315,SYN2-164-A:P0001,G:LYBE:EXPO:SYN2-164-A:P0001,EVTOL_001,LYBE,EXPO,before_boarding,selected_plan,destination_tlof,destination_tlof@LYBE,idle,0.9959359246910026,0.9959359246910026,0.0,2026-07-31T12:01:14.907803+02:00,2026-07-31T12:02:14.663959+02:00
43334.663958641315,43394.663958641315,SYN2-164-A:P0001,G:LYBE:EXPO:SYN2-164-A:P0001,EVTOL_001,LYBE,EXPO,before_boarding,selected_plan,departure_preparation,departure_preparation@DOR,departure_finalization,1.0,1.0,0.0,2026-07-31T12:02:14.663959+02:00,2026-07-31T12:03:14.663959+02:00
43335.569297603965,43404.66186064132,SYN2-037-A:P0003,G:LYBE:DOR:SYN2-037-A:P0003,EVTOL_004,LYBE,DOR,before_boarding,selected_plan,destination_tlof,destination_tlof@LYBE,idle,1.1515427172892183,1.1515427172892183,0.0,2026-07-31T12:02:15.569298+02:00,2026-07-31T12:03:24.661861+02:00
43335.569297603965,43404.66186064132,SYN2-047-A:P0001,G:LYBE:DOR:SYN2-037-A:P0003,EVTOL_004,LYBE,DOR,before_boarding,selected_plan,destination_tlof,destination_tlof@LYBE,idle,1.1515427172892183,0.0,0.0,2026-07-31T12:02:15.569298+02:00,2026-07-31T12:03:24.661861+02:00
43335.569297603965,43404.66186064132,SYN2-048-A:P0002,G:LYBE:DOR:SYN2-037-A:P0003,EVTOL_004,LYBE,DOR,before_boarding,selected_plan,destination_tlof,destination_tlof@LYBE,idle,1.1515427172892183,0.0,0.0,2026-07-31T12:02:15.569298+02:00,2026-07-31T12:03:24.661861+02:00
43335.569297603965,43404.66186064132,SYN2-048-A:P0001,G:LYBE:DOR:SYN2-037-A:P0003,EVTOL_004,LYBE,DOR,before_boarding,selected_plan,destination_tlof,destination_tlof@LYBE,idle,1.1515427172892183,0.0,0.0,2026-07-31T12:02:15.569298+02:00,2026-07-31T12:03:24.661861+02:00
43394.663958641315,43434.663958641315,SYN2-164-A:P0001,G:LYBE:EXPO:SYN2-164-A:P0001,EVTOL_001,LYBE,EXPO,before_boarding,selected_plan,repositioning_flight,repositioning_flight@LYBE,takeoff,0.6666666666666666,0.6666666666666666,0.0,2026-07-31T12:03:14.663959+02:00,2026-07-31T12:03:54.663959+02:00
43404.66186064132,43464.66186064132,SYN2-037-A:P0003,G:LYBE:DOR:SYN2-037-A:P0003,EVTOL_004,LYBE,DOR,before_boarding,selected_plan,departure_preparation,departure_preparation@JUG,departure_finalization,1.0,1.0,0.0,2026-07-31T12:03:24.661861+02:00,2026-07-31T12:04:24.661861+02:00
43404.66186064132,43464.66186064132,SYN2-047-A:P0001,G:LYBE:DOR:SYN2-037-A:P0003,EVTOL_004,LYBE,DOR,before_boarding,selected_plan,departure_preparation,departure_preparation@JUG,departure_finalization,1.0,0.0,0.0,2026-07-31T12:03:24.661861+02:00,2026-07-31T12:04:24.661861+02:00
43404.66186064132,43464.66186064132,SYN2-048-A:P0002,G:LYBE:DOR:SYN2-037-A:P0003,EVTOL_004,LYBE,DOR,before_boarding,selected_plan,departure_preparation,departure_preparation@JUG,departure_finalization,1.0,0.0,0.0,2026-07-31T12:03:24.661861+02:00,2026-07-31T12:04:24.661861+02:00
43404.66186064132,43464.66186064132,SYN2-048-A:P0001,G:LYBE:DOR:SYN2-037-A:P0003,EVTOL_004,LYBE,DOR,before_boarding,selected_plan,departure_preparation,departure_preparation@JUG,departure_finalization,1.0,0.0,0.0,2026-07-31T12:03:24.661861+02:00,2026-07-31T12:04:24.661861+02:00
43434.663958641315,43762.46417264132,SYN2-164-A:P0001,G:LYBE:EXPO:SYN2-164-A:P0001,EVTOL_001,LYBE,EXPO,before_boarding,selected_plan,repositioning_flight,repositioning_flight@LYBE,cruise,5.463336900000043,5.463336900000043,0.0,2026-07-31T12:03:54.663959+02:00,2026-07-31T12:09:22.464173+02:00
43459.11644948845,43519.11644948845,SYN2-046-A:P0001,G:LYBE:BW:SYN2-046-A:P0001,EVTOL_003,LYBE,BW,before_boarding,selected_plan,aircraft_busy|group_formation,aircraft_busy@F000107|group_formation@LYBE,landing,1.0,0.0,0.0,2026-07-31T12:04:19.116449+02:00,2026-07-31T12:05:19.116449+02:00
43464.66186064132,43504.66186064132,SYN2-037-A:P0003,G:LYBE:DOR:SYN2-037-A:P0003,EVTOL_004,LYBE,DOR,before_boarding,selected_plan,repositioning_flight,repositioning_flight@LYBE,takeoff,0.6666666666666666,0.6666666666666666,0.0,2026-07-31T12:04:24.661861+02:00,2026-07-31T12:05:04.661861+02:00
43464.66186064132,43504.66186064132,SYN2-047-A:P0001,G:LYBE:DOR:SYN2-037-A:P0003,EVTOL_004,LYBE,DOR,before_boarding,selected_plan,repositioning_flight,repositioning_flight@LYBE,takeoff,0.6666666666666666,0.0,0.0,2026-07-31T12:04:24.661861+02:00,2026-07-31T12:05:04.661861+02:00
43464.66186064132,43504.66186064132,SYN2-048-A:P0002,G:LYBE:DOR:SYN2-037-A:P0003,EVTOL_004,LYBE,DOR,before_boarding,selected_plan,repositioning_flight,repositioning_flight@LYBE,takeoff,0.6666666666666666,0.0,0.0,2026-07-31T12:04:24.661861+02:00,2026-07-31T12:05:04.661861+02:00
43464.66186064132,43504.66186064132,SYN2-048-A:P0001,G:LYBE:DOR:SYN2-037-A:P0003,EVTOL_004,LYBE,DOR,before_boarding,selected_plan,repositioning_flight,repositioning_flight@LYBE,takeoff,0.6666666666666666,0.0,0.0,2026-07-31T12:04:24.661861+02:00,2026-07-31T12:05:04.661861+02:00
43472.39818858472,43519.11644948845,SYN2-050-A:P0001,G:LYBE:BW:SYN2-046-A:P0001,EVTOL_003,LYBE,BW,before_boarding,selected_plan,aircraft_busy|group_formation,aircraft_busy@F000107|group_formation@LYBE,landing,0.7786376817288935,0.0,0.0,2026-07-31T12:04:32.398189+02:00,2026-07-31T12:05:19.116449+02:00
43504.66186064132,43822.46417264132,SYN2-037-A:P0003,G:LYBE:DOR:SYN2-037-A:P0003,EVTOL_004,LYBE,DOR,before_boarding,selected_plan,repositioning_flight,repositioning_flight@LYBE,cruise,5.296705199999996,5.296705199999996,0.0,2026-07-31T12:05:04.661861+02:00,2026-07-31T12:10:22.464173+02:00
43504.66186064132,43822.46417264132,SYN2-047-A:P0001,G:LYBE:DOR:SYN2-037-A:P0003,EVTOL_004,LYBE,DOR,before_boarding,selected_plan,repositioning_flight,repositioning_flight@LYBE,cruise,5.296705199999996,3.0620104057396627,0.0,2026-07-31T12:05:04.661861+02:00,2026-07-31T12:10:22.464173+02:00
43504.66186064132,43822.46417264132,SYN2-048-A:P0002,G:LYBE:DOR:SYN2-037-A:P0003,EVTOL_004,LYBE,DOR,before_boarding,selected_plan,repositioning_flight,repositioning_flight@LYBE,cruise,5.296705199999996,0.0,0.0,2026-07-31T12:05:04.661861+02:00,2026-07-31T12:10:22.464173+02:00
43504.66186064132,43822.46417264132,SYN2-048-A:P0001,G:LYBE:DOR:SYN2-037-A:P0003,EVTOL_004,LYBE,DOR,before_boarding,selected_plan,repositioning_flight,repositioning_flight@LYBE,cruise,5.296705199999996,0.0,0.0,2026-07-31T12:05:04.661861+02:00,2026-07-31T12:10:22.464173+02:00
43519.11644948845,43645.11644948845,SYN2-046-A:P0001,G:LYBE:BW:SYN2-046-A:P0001,EVTOL_003,LYBE,BW,before_boarding,selected_plan,aircraft_busy|group_formation,aircraft_busy@F000107|group_formation@LYBE,disembarking,2.1,0.0,0.0,2026-07-31T12:05:19.116449+02:00,2026-07-31T12:07:25.116449+02:00
43519.11644948845,43645.11644948845,SYN2-050-A:P0001,G:LYBE:BW:SYN2-046-A:P0001,EVTOL_003,LYBE,BW,before_boarding,selected_plan,aircraft_busy|group_formation,aircraft_busy@F000107|group_formation@LYBE,disembarking,2.1,0.0,0.0,2026-07-31T12:05:19.116449+02:00,2026-07-31T12:07:25.116449+02:00
43594.94395632018,43939.3202661609,SYN2-286-D:P0002,G:LYBV:LYBE:SYN2-286-D:P0002,,LYBV,LYBE,before_boarding,candidate_set,priority_other_group,,,5.739605164012028,5.739605164012028,0.0,2026-07-31T12:06:34.943956+02:00,2026-07-31T12:12:19.320266+02:00
43616.70292871169,43662.46417264132,SYN2-276-D:P0002,G:BW:LYBE:SYN2-276-D:P0002,EVTOL_002,BW,LYBE,before_boarding,selected_plan,aircraft_busy,aircraft_busy@F000108,waiting_for_tlof,0.7626873988271351,0.7626873988271351,0.0,2026-07-31T12:06:56.702929+02:00,2026-07-31T12:07:42.464173+02:00
43616.70292871169,43662.46417264132,SYN2-361-D:P0001,G:BW:LYBE:SYN2-276-D:P0002,EVTOL_002,BW,LYBE,before_boarding,selected_plan,aircraft_busy,aircraft_busy@F000108,waiting_for_tlof,0.7626873988271351,0.7626873988271351,0.0,2026-07-31T12:06:56.702929+02:00,2026-07-31T12:07:42.464173+02:00
43616.70292871169,43662.46417264132,SYN2-162-A:P0001,G:LYBE:BW:SYN2-162-A:P0001,EVTOL_002,LYBE,BW,after_boarding,committed_flight,battery_after_repositioning,battery_after_repositioning@LYBE,waiting_for_departure,0.7626873988271351,0.0,0.7626873988271351,2026-07-31T12:06:56.702929+02:00,2026-07-31T12:07:42.464173+02:00
43616.70292871169,43662.46417264132,SYN2-163-A:P0001,G:LYBE:BW:SYN2-162-A:P0001,EVTOL_002,LYBE,BW,after_boarding,committed_flight,battery_after_repositioning,battery_after_repositioning@LYBE,waiting_for_departure,0.7626873988271351,0.0,0.7626873988271351,2026-07-31T12:06:56.702929+02:00,2026-07-31T12:07:42.464173+02:00
43616.70292871169,43662.46417264132,SYN2-045-A:P0001,G:LYBE:BW:SYN2-162-A:P0001,EVTOL_002,LYBE,BW,after_boarding,committed_flight,battery_after_repositioning,battery_after_repositioning@LYBE,waiting_for_departure,0.7626873988271351,0.0,0.7626873988271351,2026-07-31T12:06:56.702929+02:00,2026-07-31T12:07:42.464173+02:00
43616.70292871169,43662.46417264132,SYN2-041-A:P0001,G:LYBE:BW:SYN2-162-A:P0001,EVTOL_002,LYBE,BW,after_boarding,committed_flight,battery_after_repositioning,battery_after_repositioning@LYBE,waiting_for_departure,0.7626873988271351,0.0,0.7626873988271351,2026-07-31T12:06:56.702929+02:00,2026-07-31T12:07:42.464173+02:00
43645.11644948845,43755.02432728561,SYN2-046-A:P0001,G:LYBE:BW:SYN2-046-A:P0001,EVTOL_003,LYBE,BW,before_boarding,selected_plan,battery_before_repositioning|group_formation,battery_before_repositioning@LYBV|group_formation@LYBE,idle,1.8317979632859835,0.0,0.0,2026-07-31T12:07:25.116449+02:00,2026-07-31T12:09:15.024327+02:00
43645.11644948845,43755.02432728561,SYN2-050-A:P0001,G:LYBE:BW:SYN2-046-A:P0001,EVTOL_003,LYBE,BW,before_boarding,selected_plan,battery_before_repositioning|group_formation,battery_before_repositioning@LYBV|group_formation@LYBE,idle,1.8317979632859835,0.0,0.0,2026-07-31T12:07:25.116449+02:00,2026-07-31T12:09:15.024327+02:00
43662.46417264132,43722.46417264132,SYN2-276-D:P0002,G:BW:LYBE:SYN2-276-D:P0002,EVTOL_002,BW,LYBE,before_boarding,selected_plan,aircraft_busy,aircraft_busy@F000108,departure_finalization,1.0,1.0,0.0,2026-07-31T12:07:42.464173+02:00,2026-07-31T12:08:42.464173+02:00
43662.46417264132,43722.46417264132,SYN2-361-D:P0001,G:BW:LYBE:SYN2-276-D:P0002,EVTOL_002,BW,LYBE,before_boarding,selected_plan,aircraft_busy,aircraft_busy@F000108,departure_finalization,1.0,1.0,0.0,2026-07-31T12:07:42.464173+02:00,2026-07-31T12:08:42.464173+02:00
43662.46417264132,43722.46417264132,SYN2-162-A:P0001,G:LYBE:BW:SYN2-162-A:P0001,EVTOL_002,LYBE,BW,departure_preparation,committed_flight,departure_preparation,departure_preparation@LYBE,departure_finalization,1.0,0.0,0.0,2026-07-31T12:07:42.464173+02:00,2026-07-31T12:08:42.464173+02:00
43662.46417264132,43722.46417264132,SYN2-163-A:P0001,G:LYBE:BW:SYN2-162-A:P0001,EVTOL_002,LYBE,BW,departure_preparation,committed_flight,departure_preparation,departure_preparation@LYBE,departure_finalization,1.0,0.0,0.0,2026-07-31T12:07:42.464173+02:00,2026-07-31T12:08:42.464173+02:00
43662.46417264132,43722.46417264132,SYN2-045-A:P0001,G:LYBE:BW:SYN2-162-A:P0001,EVTOL_002,LYBE,BW,departure_preparation,committed_flight,departure_preparation,departure_preparation@LYBE,departure_finalization,1.0,0.0,0.0,2026-07-31T12:07:42.464173+02:00,2026-07-31T12:08:42.464173+02:00
43662.46417264132,43722.46417264132,SYN2-041-A:P0001,G:LYBE:BW:SYN2-162-A:P0001,EVTOL_002,LYBE,BW,departure_preparation,committed_flight,departure_preparation,departure_preparation@LYBE,departure_finalization,1.0,0.0,0.0,2026-07-31T12:07:42.464173+02:00,2026-07-31T12:08:42.464173+02:00
43722.46417264132,43762.46417264132,SYN2-276-D:P0002,G:BW:LYBE:SYN2-276-D:P0002,EVTOL_002,BW,LYBE,before_boarding,selected_plan,aircraft_busy,aircraft_busy@F000108,takeoff,0.6666666666666666,0.6666666666666666,0.0,2026-07-31T12:08:42.464173+02:00,2026-07-31T12:09:22.464173+02:00
43722.46417264132,43762.46417264132,SYN2-361-D:P0001,G:BW:LYBE:SYN2-276-D:P0002,EVTOL_002,BW,LYBE,before_boarding,selected_plan,aircraft_busy,aircraft_busy@F000108,takeoff,0.6666666666666666,0.6666666666666666,0.0,2026-07-31T12:08:42.464173+02:00,2026-07-31T12:09:22.464173+02:00
43755.02432728561,43939.3202661609,SYN2-046-A:P0001,G:LYBE:BW:SYN2-046-A:P0001,EVTOL_003,LYBE,BW,before_boarding,selected_plan,battery_before_repositioning,battery_before_repositioning@LYBV,idle,3.071598981254889,3.071598981254889,0.0,2026-07-31T12:09:15.024327+02:00,2026-07-31T12:12:19.320266+02:00
43755.02432728561,43939.3202661609,SYN2-050-A:P0001,G:LYBE:BW:SYN2-046-A:P0001,EVTOL_003,LYBE,BW,before_boarding,selected_plan,battery_before_repositioning,battery_before_repositioning@LYBV,idle,3.071598981254889,0.0,0.0,2026-07-31T12:09:15.024327+02:00,2026-07-31T12:12:19.320266+02:00
43762.46417264132,43822.46417264132,SYN2-164-A:P0001,G:LYBE:EXPO:SYN2-164-A:P0001,EVTOL_001,LYBE,EXPO,before_boarding,selected_plan,repositioning_flight,repositioning_flight@LYBE,landing,1.0,1.0,0.0,2026-07-31T12:09:22.464173+02:00,2026-07-31T12:10:22.464173+02:00
43762.46417264132,43987.29999464132,SYN2-276-D:P0002,G:BW:LYBE:SYN2-276-D:P0002,EVTOL_002,BW,LYBE,before_boarding,selected_plan,aircraft_busy,aircraft_busy@F000108,cruise,3.747263700000015,3.747263700000015,0.0,2026-07-31T12:09:22.464173+02:00,2026-07-31T12:13:07.299995+02:00
43762.46417264132,43987.29999464132,SYN2-361-D:P0001,G:BW:LYBE:SYN2-276-D:P0002,EVTOL_002,BW,LYBE,before_boarding,selected_plan,aircraft_busy,aircraft_busy@F000108,cruise,3.747263700000015,3.747263700000015,0.0,2026-07-31T12:09:22.464173+02:00,2026-07-31T12:13:07.299995+02:00
43809.13701839535,44521.948889937616,SYN2-291-D:P0002,G:JUG:LYBE:SYN2-291-D:P0002,,JUG,LYBE,before_boarding,candidate_set,group_formation|priority_other_group,group_formation@JUG,,11.880197859037798,0.0,0.0,2026-07-31T12:10:09.137018+02:00,2026-07-31T12:22:01.948890+02:00
43822.46417264132,43882.46417264132,SYN2-037-A:P0003,G:LYBE:DOR:SYN2-037-A:P0003,EVTOL_004,LYBE,DOR,before_boarding,selected_plan,repositioning_flight,repositioning_flight@LYBE,landing,1.0,1.0,0.0,2026-07-31T12:10:22.464173+02:00,2026-07-31T12:11:22.464173+02:00
43822.46417264132,43882.46417264132,SYN2-047-A:P0001,G:LYBE:DOR:SYN2-037-A:P0003,EVTOL_004,LYBE,DOR,before_boarding,selected_plan,repositioning_flight,repositioning_flight@LYBE,landing,1.0,1.0,0.0,2026-07-31T12:10:22.464173+02:00,2026-07-31T12:11:22.464173+02:00
43822.46417264132,43882.46417264132,SYN2-048-A:P0002,G:LYBE:DOR:SYN2-037-A:P0003,EVTOL_004,LYBE,DOR,before_boarding,selected_plan,repositioning_flight,repositioning_flight@LYBE,landing,1.0,0.0,0.0,2026-07-31T12:10:22.464173+02:00,2026-07-31T12:11:22.464173+02:00
43822.46417264132,43882.46417264132,SYN2-048-A:P0001,G:LYBE:DOR:SYN2-037-A:P0003,EVTOL_004,LYBE,DOR,before_boarding,selected_plan,repositioning_flight,repositioning_flight@LYBE,landing,1.0,0.0,0.0,2026-07-31T12:10:22.464173+02:00,2026-07-31T12:11:22.464173+02:00
43822.46417264132,44422.46417264132,SYN2-164-A:P0001,G:LYBE:EXPO:SYN2-164-A:P0001,EVTOL_001,LYBE,EXPO,before_boarding,selected_plan,cleaning,cleaning@LYBE:cleaner:1,cleaning,10.0,10.0,0.0,2026-07-31T12:10:22.464173+02:00,2026-07-31T12:20:22.464173+02:00
43939.3202661609,43966.015984641315,SYN2-046-A:P0001,G:LYBE:BW:SYN2-046-A:P0001,EVTOL_003,LYBE,BW,before_boarding,selected_plan,destination_tlof,destination_tlof@LYBE,idle,0.44492864134020543,0.44492864134020543,0.0,2026-07-31T12:12:19.320266+02:00,2026-07-31T12:12:46.015985+02:00
43939.3202661609,43966.015984641315,SYN2-050-A:P0001,G:LYBE:BW:SYN2-046-A:P0001,EVTOL_003,LYBE,BW,before_boarding,selected_plan,destination_tlof,destination_tlof@LYBE,idle,0.44492864134020543,0.0,0.0,2026-07-31T12:12:19.320266+02:00,2026-07-31T12:12:46.015985+02:00
43939.3202661609,44036.613246605826,SYN2-286-D:P0002,G:LYBV:LYBE:SYN2-286-D:P0002,EVTOL_004,LYBV,LYBE,before_boarding,selected_plan,aircraft_busy,aircraft_busy@F000111,boarding,1.6215496740820527,1.6215496740820527,0.0,2026-07-31T12:12:19.320266+02:00,2026-07-31T12:13:56.613247+02:00
43966.015984641315,44026.015984641315,SYN2-046-A:P0001,G:LYBE:BW:SYN2-046-A:P0001,EVTOL_003,LYBE,BW,before_boarding,selected_plan,departure_preparation,departure_preparation@LYBV,departure_finalization,1.0,1.0,0.0,2026-07-31T12:12:46.015985+02:00,2026-07-31T12:13:46.015985+02:00
43966.015984641315,44026.015984641315,SYN2-050-A:P0001,G:LYBE:BW:SYN2-046-A:P0001,EVTOL_003,LYBE,BW,before_boarding,selected_plan,departure_preparation,departure_preparation@LYBV,departure_finalization,1.0,0.0,0.0,2026-07-31T12:12:46.015985+02:00,2026-07-31T12:13:46.015985+02:00
43987.29999464132,44036.613246605826,SYN2-276-D:P0002,G:BW:LYBE:SYN2-276-D:P0002,EVTOL_002,BW,LYBE,before_boarding,selected_plan,aircraft_busy,aircraft_busy@F000108,landing,0.8218875327417966,0.8218875327417966,0.0,2026-07-31T12:13:07.299995+02:00,2026-07-31T12:13:56.613247+02:00
43987.29999464132,44036.613246605826,SYN2-361-D:P0001,G:BW:LYBE:SYN2-276-D:P0002,EVTOL_002,BW,LYBE,before_boarding,selected_plan,aircraft_busy,aircraft_busy@F000108,landing,0.8218875327417966,0.8218875327417966,0.0,2026-07-31T12:13:07.299995+02:00,2026-07-31T12:13:56.613247+02:00
44026.015984641315,44066.015984641315,SYN2-046-A:P0001,G:LYBE:BW:SYN2-046-A:P0001,EVTOL_003,LYBE,BW,before_boarding,selected_plan,repositioning_flight,repositioning_flight@LYBE,takeoff,0.6666666666666666,0.6666666666666666,0.0,2026-07-31T12:13:46.015985+02:00,2026-07-31T12:14:26.015985+02:00
44026.015984641315,44066.015984641315,SYN2-050-A:P0001,G:LYBE:BW:SYN2-046-A:P0001,EVTOL_003,LYBE,BW,before_boarding,selected_plan,repositioning_flight,repositioning_flight@LYBE,takeoff,0.6666666666666666,0.0,0.0,2026-07-31T12:13:46.015985+02:00,2026-07-31T12:14:26.015985+02:00
44036.613246605826,44047.29999464132,SYN2-054-A:P0001,G:LYBE:DOR:SYN2-054-A:P0001,EVTOL_002,LYBE,DOR,before_boarding,selected_plan,aircraft_busy|group_formation,aircraft_busy@F000108|group_formation@LYBE,landing,0.17811246725820334,0.0,0.0,2026-07-31T12:13:56.613247+02:00,2026-07-31T12:14:07.299995+02:00
44036.613246605826,44302.46417264132,SYN2-276-D:P0002,G:BW:LYBE:SYN2-276-D:P0002,EVTOL_004,BW,LYBE,before_boarding,selected_plan,aircraft_busy,aircraft_busy@F000111,boarding,4.430848767258188,4.430848767258188,0.0,2026-07-31T12:13:56.613247+02:00,2026-07-31T12:18:22.464173+02:00
44036.613246605826,44302.46417264132,SYN2-361-D:P0001,G:BW:LYBE:SYN2-276-D:P0002,EVTOL_004,BW,LYBE,before_boarding,selected_plan,aircraft_busy,aircraft_busy@F000111,boarding,4.430848767258188,4.430848767258188,0.0,2026-07-31T12:13:56.613247+02:00,2026-07-31T12:18:22.464173+02:00
44036.613246605826,44462.46417264132,SYN2-286-D:P0002,G:LYBV:LYBE:SYN2-286-D:P0002,,LYBV,LYBE,before_boarding,candidate_set,priority_other_group,,,7.097515433924855,7.097515433924855,0.0,2026-07-31T12:13:56.613247+02:00,2026-07-31T12:21:02.464173+02:00
44047.29999464132,44371.29999464132,SYN2-054-A:P0001,G:LYBE:DOR:SYN2-054-A:P0001,EVTOL_002,LYBE,DOR,before_boarding,selected_plan,aircraft_busy|group_formation,aircraft_busy@F000108|group_formation@LYBE,disembarking,5.4,0.0,0.0,2026-07-31T12:14:07.299995+02:00,2026-07-31T12:19:31.299995+02:00
44066.015984641315,44402.46417264132,SYN2-046-A:P0001,G:LYBE:BW:SYN2-046-A:P0001,EVTOL_003,LYBE,BW,before_boarding,selected_plan,repositioning_flight,repositioning_flight@LYBE,cruise,5.607469800000035,5.607469800000035,0.0,2026-07-31T12:14:26.015985+02:00,2026-07-31T12:20:02.464173+02:00
44066.015984641315,44402.46417264132,SYN2-050-A:P0001,G:LYBE:BW:SYN2-046-A:P0001,EVTOL_003,LYBE,BW,before_boarding,selected_plan,repositioning_flight,repositioning_flight@LYBE,cruise,5.607469800000035,0.5010997342766738,0.0,2026-07-31T12:14:26.015985+02:00,2026-07-31T12:20:02.464173+02:00
44302.46417264132,44362.46417264132,SYN2-276-D:P0002,G:BW:LYBE:SYN2-276-D:P0002,EVTOL_004,BW,LYBE,before_boarding,selected_plan,aircraft_busy,aircraft_busy@F000111,departure_finalization,1.0,1.0,0.0,2026-07-31T12:18:22.464173+02:00,2026-07-31T12:19:22.464173+02:00
44302.46417264132,44362.46417264132,SYN2-361-D:P0001,G:BW:LYBE:SYN2-276-D:P0002,EVTOL_004,BW,LYBE,before_boarding,selected_plan,aircraft_busy,aircraft_busy@F000111,departure_finalization,1.0,1.0,0.0,2026-07-31T12:18:22.464173+02:00,2026-07-31T12:19:22.464173+02:00
44302.46417264132,44362.46417264132,SYN2-037-A:P0003,G:LYBE:DOR:SYN2-037-A:P0003,EVTOL_004,LYBE,DOR,departure_preparation,committed_flight,departure_preparation,departure_preparation@LYBE,departure_finalization,1.0,0.0,0.0,2026-07-31T12:18:22.464173+02:00,2026-07-31T12:19:22.464173+02:00
44302.46417264132,44362.46417264132,SYN2-047-A:P0001,G:LYBE:DOR:SYN2-037-A:P0003,EVTOL_004,LYBE,DOR,departure_preparation,committed_flight,departure_preparation,departure_preparation@LYBE,departure_finalization,1.0,0.0,0.0,2026-07-31T12:18:22.464173+02:00,2026-07-31T12:19:22.464173+02:00
44302.46417264132,44362.46417264132,SYN2-048-A:P0002,G:LYBE:DOR:SYN2-037-A:P0003,EVTOL_004,LYBE,DOR,departure_preparation,committed_flight,departure_preparation,departure_preparation@LYBE,departure_finalization,1.0,0.0,0.0,2026-07-31T12:18:22.464173+02:00,2026-07-31T12:19:22.464173+02:00
44302.46417264132,44362.46417264132,SYN2-048-A:P0001,G:LYBE:DOR:SYN2-037-A:P0003,EVTOL_004,LYBE,DOR,departure_preparation,committed_flight,departure_preparation,departure_preparation@LYBE,departure_finalization,1.0,0.0,0.0,2026-07-31T12:18:22.464173+02:00,2026-07-31T12:19:22.464173+02:00
44362.46417264132,44402.46417264132,SYN2-276-D:P0002,G:BW:LYBE:SYN2-276-D:P0002,EVTOL_004,BW,LYBE,before_boarding,selected_plan,aircraft_busy,aircraft_busy@F000111,takeoff,0.6666666666666666,0.6666666666666666,0.0,2026-07-31T12:19:22.464173+02:00,2026-07-31T12:20:02.464173+02:00
44362.46417264132,44402.46417264132,SYN2-361-D:P0001,G:BW:LYBE:SYN2-276-D:P0002,EVTOL_004,BW,LYBE,before_boarding,selected_plan,aircraft_busy,aircraft_busy@F000111,takeoff,0.6666666666666666,0.6666666666666666,0.0,2026-07-31T12:19:22.464173+02:00,2026-07-31T12:20:02.464173+02:00
44371.29999464132,44521.948889937616,SYN2-054-A:P0001,G:LYBE:DOR:SYN2-054-A:P0001,EVTOL_002,LYBE,DOR,before_boarding,selected_plan,battery_before_repositioning|group_formation,battery_before_repositioning@BW|group_formation@LYBE,idle,2.5108149216049545,0.0,0.0,2026-07-31T12:19:31.299995+02:00,2026-07-31T12:22:01.948890+02:00
44402.46417264132,44462.46417264132,SYN2-046-A:P0001,G:LYBE:BW:SYN2-046-A:P0001,EVTOL_003,LYBE,BW,before_boarding,selected_plan,repositioning_flight,repositioning_flight@LYBE,landing,1.0,1.0,0.0,2026-07-31T12:20:02.464173+02:00,2026-07-31T12:21:02.464173+02:00
44402.46417264132,44462.46417264132,SYN2-050-A:P0001,G:LYBE:BW:SYN2-046-A:P0001,EVTOL_003,LYBE,BW,before_boarding,selected_plan,repositioning_flight,repositioning_flight@LYBE,landing,1.0,1.0,0.0,2026-07-31T12:20:02.464173+02:00,2026-07-31T12:21:02.464173+02:00
44402.46417264132,44730.26438664132,SYN2-276-D:P0002,G:BW:LYBE:SYN2-276-D:P0002,EVTOL_004,BW,LYBE,before_boarding,selected_plan,aircraft_busy,aircraft_busy@F000111,cruise,5.463336900000043,5.463336900000043,0.0,2026-07-31T12:20:02.464173+02:00,2026-07-31T12:25:30.264387+02:00
44402.46417264132,44730.26438664132,SYN2-361-D:P0001,G:BW:LYBE:SYN2-276-D:P0002,EVTOL_004,BW,LYBE,before_boarding,selected_plan,aircraft_busy,aircraft_busy@F000111,cruise,5.463336900000043,5.463336900000043,0.0,2026-07-31T12:20:02.464173+02:00,2026-07-31T12:25:30.264387+02:00
44462.46417264132,44605.380266477965,SYN2-286-D:P0002,G:LYBV:LYBE:SYN2-286-D:P0002,EVTOL_001,LYBV,LYBE,before_boarding,selected_plan,aircraft_busy,aircraft_busy@F000113,boarding,2.3819348972774605,2.3819348972774605,0.0,2026-07-31T12:21:02.464173+02:00,2026-07-31T12:23:25.380266+02:00
44521.948889937616,44581.948889937616,SYN2-054-A:P0001,G:LYBE:DOR:SYN2-054-A:P0001,EVTOL_002,LYBE,DOR,before_boarding,selected_plan,departure_preparation|group_formation,departure_preparation@BW|group_formation@LYBE,departure_finalization,1.0,0.0,0.0,2026-07-31T12:22:01.948890+02:00,2026-07-31T12:23:01.948890+02:00
44521.948889937616,44605.380266477965,SYN2-291-D:P0002,G:JUG:LYBE:SYN2-291-D:P0002,EVTOL_003,JUG,LYBE,before_boarding,selected_plan,aircraft_busy|group_formation,aircraft_busy@F000114|group_formation@JUG,boarding,1.3905229423391574,0.0,0.0,2026-07-31T12:22:01.948890+02:00,2026-07-31T12:23:25.380266+02:00
44581.948889937616,44621.948889937616,SYN2-054-A:P0001,G:LYBE:DOR:SYN2-054-A:P0001,EVTOL_002,LYBE,DOR,before_boarding,selected_plan,group_formation|repositioning_flight,group_formation@LYBE|repositioning_flight@LYBE,takeoff,0.6666666666666666,0.0,0.0,2026-07-31T12:23:01.948890+02:00,2026-07-31T12:23:41.948890+02:00
44605.380266477965,44617.46417264132,SYN2-053-A:P0001,G:LYBE:JUG:SYN2-053-A:P0001,EVTOL_001,LYBE,JUG,before_boarding,selected_plan,aircraft_busy|group_formation,aircraft_busy@F000113|group_formation@LYBE,boarding,0.2013984360558728,0.0,0.0,2026-07-31T12:23:25.380266+02:00,2026-07-31T12:23:37.464173+02:00
44605.380266477965,44732.46417264132,SYN2-286-D:P0002,G:LYBV:LYBE:SYN2-286-D:P0002,EVTOL_003,LYBV,LYBE,before_boarding,selected_plan,aircraft_busy,aircraft_busy@F000114,boarding,2.1180651027225395,2.1180651027225395,0.0,2026-07-31T12:23:25.380266+02:00,2026-07-31T12:25:32.464173+02:00
44605.380266477965,44709.13701839535,SYN2-291-D:P0002,G:JUG:LYBE:SYN2-291-D:P0002,,JUG,LYBE,before_boarding,candidate_set,group_formation|priority_other_group,group_formation@JUG,,1.729279198623044,0.0,0.0,2026-07-31T12:23:25.380266+02:00,2026-07-31T12:25:09.137018+02:00
44617.46417264132,44677.46417264132,SYN2-053-A:P0001,G:LYBE:JUG:SYN2-053-A:P0001,EVTOL_001,LYBE,JUG,before_boarding,selected_plan,aircraft_busy|group_formation,aircraft_busy@F000113|group_formation@LYBE,departure_finalization,1.0,0.0,0.0,2026-07-31T12:23:37.464173+02:00,2026-07-31T12:24:37.464173+02:00
44617.46417264132,44677.46417264132,SYN2-164-A:P0001,G:LYBE:EXPO:SYN2-164-A:P0001,EVTOL_001,LYBE,EXPO,departure_preparation,committed_flight,departure_preparation,departure_preparation@LYBE,departure_finalization,1.0,0.0,0.0,2026-07-31T12:23:37.464173+02:00,2026-07-31T12:24:37.464173+02:00
44621.948889937616,44846.78471193762,SYN2-054-A:P0001,G:LYBE:DOR:SYN2-054-A:P0001,EVTOL_002,LYBE,DOR,before_boarding,selected_plan,group_formation|repositioning_flight,group_formation@LYBE|repositioning_flight@LYBE,cruise,3.747263700000015,0.0,0.0,2026-07-31T12:23:41.948890+02:00,2026-07-31T12:27:26.784712+02:00
44669.80393560377,44732.46417264132,SYN2-290-D:P0001,G:LYBV:LYBE:SYN2-286-D:P0002,EVTOL_003,LYBV,LYBE,before_boarding,selected_plan,aircraft_busy,aircraft_busy@F000114,boarding,1.0443372839591272,0.0,0.0,2026-07-31T12:24:29.803936+02:00,2026-07-31T12:25:32.464173+02:00
44677.46417264132,44717.46417264132,SYN2-053-A:P0001,G:LYBE:JUG:SYN2-053-A:P0001,EVTOL_001,LYBE,JUG,before_boarding,selected_plan,aircraft_busy|group_formation,aircraft_busy@F000113|group_formation@LYBE,takeoff,0.6666666666666666,0.0,0.0,2026-07-31T12:24:37.464173+02:00,2026-07-31T12:25:17.464173+02:00
44709.13701839535,44938.226570641316,SYN2-291-D:P0002,G:JUG:LYBE:SYN2-291-D:P0002,,JUG,LYBE,before_boarding,candidate_set,priority_other_group,,,3.818159204099478,3.818159204099478,0.0,2026-07-31T12:25:09.137018+02:00,2026-07-31T12:28:58.226571+02:00
44717.46417264132,44818.226570641316,SYN2-053-A:P0001,G:LYBE:JUG:SYN2-053-A:P0001,EVTOL_001,LYBE,JUG,before_boarding,selected_plan,aircraft_busy|group_formation,aircraft_busy@F000113|group_formation@LYBE,cruise,1.6793732999999824,0.0,0.0,2026-07-31T12:25:17.464173+02:00,2026-07-31T12:26:58.226571+02:00
44730.26438664132,44790.26438664132,SYN2-276-D:P0002,G:BW:LYBE:SYN2-276-D:P0002,EVTOL_004,BW,LYBE,before_boarding,selected_plan,aircraft_busy,aircraft_busy@F000111,landing,1.0,1.0,0.0,2026-07-31T12:25:30.264387+02:00,2026-07-31T12:26:30.264387+02:00
44730.26438664132,44790.26438664132,SYN2-361-D:P0001,G:BW:LYBE:SYN2-276-D:P0002,EVTOL_004,BW,LYBE,before_boarding,selected_plan,aircraft_busy,aircraft_busy@F000111,landing,1.0,1.0,0.0,2026-07-31T12:25:30.264387+02:00,2026-07-31T12:26:30.264387+02:00
44732.46417264132,44902.305344496475,SYN2-286-D:P0002,G:LYBV:LYBE:SYN2-286-D:P0002,EVTOL_003,LYBV,LYBE,before_boarding,selected_plan,aircraft_busy,aircraft_busy@F000114,waiting_for_tlof,2.8306861975859645,2.8306861975859645,0.0,2026-07-31T12:25:32.464173+02:00,2026-07-31T12:28:22.305344+02:00
44732.46417264132,44902.305344496475,SYN2-290-D:P0001,G:LYBV:LYBE:SYN2-286-D:P0002,EVTOL_003,LYBV,LYBE,before_boarding,selected_plan,aircraft_busy,aircraft_busy@F000114,waiting_for_tlof,2.8306861975859645,0.0,0.0,2026-07-31T12:25:32.464173+02:00,2026-07-31T12:28:22.305344+02:00
44732.46417264132,44902.305344496475,SYN2-046-A:P0001,G:LYBE:BW:SYN2-046-A:P0001,EVTOL_003,LYBE,BW,after_boarding,committed_flight,battery_after_repositioning,battery_after_repositioning@LYBE,waiting_for_departure,2.8306861975859645,0.0,2.8306861975859645,2026-07-31T12:25:32.464173+02:00,2026-07-31T12:28:22.305344+02:00
44732.46417264132,44902.305344496475,SYN2-050-A:P0001,G:LYBE:BW:SYN2-046-A:P0001,EVTOL_003,LYBE,BW,after_boarding,committed_flight,battery_after_repositioning,battery_after_repositioning@LYBE,waiting_for_departure,2.8306861975859645,0.0,2.8306861975859645,2026-07-31T12:25:32.464173+02:00,2026-07-31T12:28:22.305344+02:00
44790.26438664132,45114.26438664132,SYN2-276-D:P0002,G:BW:LYBE:SYN2-276-D:P0002,EVTOL_004,BW,LYBE,before_boarding,selected_plan,aircraft_busy,aircraft_busy@F000111,disembarking,5.4,5.4,0.0,2026-07-31T12:26:30.264387+02:00,2026-07-31T12:31:54.264387+02:00
44790.26438664132,45114.26438664132,SYN2-361-D:P0001,G:BW:LYBE:SYN2-276-D:P0002,EVTOL_004,BW,LYBE,before_boarding,selected_plan,aircraft_busy,aircraft_busy@F000111,disembarking,5.4,5.4,0.0,2026-07-31T12:26:30.264387+02:00,2026-07-31T12:31:54.264387+02:00
44818.226570641316,44878.226570641316,SYN2-053-A:P0001,G:LYBE:JUG:SYN2-053-A:P0001,EVTOL_001,LYBE,JUG,before_boarding,selected_plan,aircraft_busy|group_formation,aircraft_busy@F000113|group_formation@LYBE,landing,1.0,0.0,0.0,2026-07-31T12:26:58.226571+02:00,2026-07-31T12:27:58.226571+02:00
44846.78471193762,44906.78471193762,SYN2-054-A:P0001,G:LYBE:DOR:SYN2-054-A:P0001,EVTOL_002,LYBE,DOR,before_boarding,selected_plan,group_formation|repositioning_flight,group_formation@LYBE|repositioning_flight@LYBE,landing,1.0,0.0,0.0,2026-07-31T12:27:26.784712+02:00,2026-07-31T12:28:26.784712+02:00
44878.226570641316,45004.226570641316,SYN2-053-A:P0001,G:LYBE:JUG:SYN2-053-A:P0001,EVTOL_001,LYBE,JUG,before_boarding,selected_plan,aircraft_busy|group_formation,aircraft_busy@F000113|group_formation@LYBE,disembarking,2.1,0.0,0.0,2026-07-31T12:27:58.226571+02:00,2026-07-31T12:30:04.226571+02:00
44902.305344496475,44962.305344496475,SYN2-286-D:P0002,G:LYBV:LYBE:SYN2-286-D:P0002,EVTOL_003,LYBV,LYBE,before_boarding,selected_plan,aircraft_busy,aircraft_busy@F000114,departure_finalization,1.0,1.0,0.0,2026-07-31T12:28:22.305344+02:00,2026-07-31T12:29:22.305344+02:00
44902.305344496475,44962.305344496475,SYN2-290-D:P0001,G:LYBV:LYBE:SYN2-286-D:P0002,EVTOL_003,LYBV,LYBE,before_boarding,selected_plan,aircraft_busy,aircraft_busy@F000114,departure_finalization,1.0,0.0,0.0,2026-07-31T12:28:22.305344+02:00,2026-07-31T12:29:22.305344+02:00
44902.305344496475,44962.305344496475,SYN2-046-A:P0001,G:LYBE:BW:SYN2-046-A:P0001,EVTOL_003,LYBE,BW,departure_preparation,committed_flight,departure_preparation,departure_preparation@LYBE,departure_finalization,1.0,0.0,0.0,2026-07-31T12:28:22.305344+02:00,2026-07-31T12:29:22.305344+02:00
44902.305344496475,44962.305344496475,SYN2-050-A:P0001,G:LYBE:BW:SYN2-046-A:P0001,EVTOL_003,LYBE,BW,departure_preparation,committed_flight,departure_preparation,departure_preparation@LYBE,departure_finalization,1.0,0.0,0.0,2026-07-31T12:28:22.305344+02:00,2026-07-31T12:29:22.305344+02:00
44906.78471193762,44936.613246605826,SYN2-054-A:P0001,G:LYBE:DOR:SYN2-054-A:P0001,EVTOL_002,LYBE,DOR,before_boarding,selected_plan,group_formation,group_formation@LYBE,idle,0.4971422444701602,0.0,0.0,2026-07-31T12:28:26.784712+02:00,2026-07-31T12:28:56.613247+02:00
44938.226570641316,45131.613246605826,SYN2-291-D:P0002,G:JUG:LYBE:SYN2-291-D:P0002,EVTOL_002,JUG,LYBE,before_boarding,selected_plan,aircraft_busy,aircraft_busy@F000116,boarding,3.223111266075163,3.223111266075163,0.0,2026-07-31T12:28:58.226571+02:00,2026-07-31T12:32:11.613247+02:00
44962.305344496475,45002.305344496475,SYN2-286-D:P0002,G:LYBV:LYBE:SYN2-286-D:P0002,EVTOL_003,LYBV,LYBE,before_boarding,selected_plan,aircraft_busy,aircraft_busy@F000114,takeoff,0.6666666666666666,0.6666666666666666,0.0,2026-07-31T12:29:22.305344+02:00,2026-07-31T12:30:02.305344+02:00
44962.305344496475,45002.305344496475,SYN2-290-D:P0001,G:LYBV:LYBE:SYN2-286-D:P0002,EVTOL_003,LYBV,LYBE,before_boarding,selected_plan,aircraft_busy,aircraft_busy@F000114,takeoff,0.6666666666666666,0.0,0.0,2026-07-31T12:29:22.305344+02:00,2026-07-31T12:30:02.305344+02:00
45002.305344496475,45227.141166496476,SYN2-286-D:P0002,G:LYBV:LYBE:SYN2-286-D:P0002,EVTOL_003,LYBV,LYBE,before_boarding,selected_plan,aircraft_busy,aircraft_busy@F000114,cruise,3.747263700000015,3.747263700000015,0.0,2026-07-31T12:30:02.305344+02:00,2026-07-31T12:33:47.141166+02:00
45002.305344496475,45227.141166496476,SYN2-290-D:P0001,G:LYBV:LYBE:SYN2-286-D:P0002,EVTOL_003,LYBV,LYBE,before_boarding,selected_plan,aircraft_busy,aircraft_busy@F000114,cruise,3.747263700000015,0.0,0.0,2026-07-31T12:30:02.305344+02:00,2026-07-31T12:33:47.141166+02:00
45004.226570641316,45064.226570641316,SYN2-053-A:P0001,G:LYBE:JUG:SYN2-053-A:P0001,EVTOL_001,LYBE,JUG,before_boarding,selected_plan,departure_preparation|group_formation,departure_preparation@EXPO|group_formation@LYBE,departure_finalization,1.0,0.0,0.0,2026-07-31T12:30:04.226571+02:00,2026-07-31T12:31:04.226571+02:00
45064.226570641316,45104.226570641316,SYN2-053-A:P0001,G:LYBE:JUG:SYN2-053-A:P0001,EVTOL_001,LYBE,JUG,before_boarding,selected_plan,group_formation|repositioning_flight,group_formation@LYBE|repositioning_flight@LYBE,takeoff,0.6666666666666666,0.0,0.0,2026-07-31T12:31:04.226571+02:00,2026-07-31T12:31:44.226571+02:00
45104.226570641316,45204.988968641315,SYN2-053-A:P0001,G:LYBE:JUG:SYN2-053-A:P0001,EVTOL_001,LYBE,JUG,before_boarding,selected_plan,group_formation|repositioning_flight,group_formation@LYBE|repositioning_flight@LYBE,cruise,1.6793732999999824,0.0,0.0,2026-07-31T12:31:44.226571+02:00,2026-07-31T12:33:24.988969+02:00
45114.26438664132,45174.26438664132,SYN2-276-D:P0002,G:BW:LYBE:SYN2-276-D:P0002,EVTOL_004,BW,LYBE,before_boarding,selected_plan,departure_preparation,departure_preparation@DOR,departure_finalization,1.0,1.0,0.0,2026-07-31T12:31:54.264387+02:00,2026-07-31T12:32:54.264387+02:00
45114.26438664132,45174.26438664132,SYN2-361-D:P0001,G:BW:LYBE:SYN2-276-D:P0002,EVTOL_004,BW,LYBE,before_boarding,selected_plan,departure_preparation,departure_preparation@DOR,departure_finalization,1.0,1.0,0.0,2026-07-31T12:31:54.264387+02:00,2026-07-31T12:32:54.264387+02:00
45131.613246605826,45334.32674786566,SYN2-291-D:P0002,G:JUG:LYBE:SYN2-291-D:P0002,EVTOL_002,JUG,LYBE,before_boarding,selected_plan,aircraft_busy,aircraft_busy@F000116,waiting_for_tlof,3.3785583543306226,3.3785583543306226,0.0,2026-07-31T12:32:11.613247+02:00,2026-07-31T12:35:34.326748+02:00
45131.613246605826,45471.62278763391,SYN2-054-A:P0001,G:LYBE:DOR:SYN2-054-A:P0001,EVTOL_002,LYBE,DOR,after_boarding,committed_flight,battery_after_repositioning,battery_after_repositioning@LYBE,waiting_for_departure,5.66682568380141,0.0,5.66682568380141,2026-07-31T12:32:11.613247+02:00,2026-07-31T12:37:51.622788+02:00
45174.26438664132,45214.26438664132,SYN2-276-D:P0002,G:BW:LYBE:SYN2-276-D:P0002,EVTOL_004,BW,LYBE,before_boarding,selected_plan,repositioning_flight,repositioning_flight@BW,takeoff,0.6666666666666666,0.6666666666666666,0.0,2026-07-31T12:32:54.264387+02:00,2026-07-31T12:33:34.264387+02:00
45174.26438664132,45214.26438664132,SYN2-361-D:P0001,G:BW:LYBE:SYN2-276-D:P0002,EVTOL_004,BW,LYBE,before_boarding,selected_plan,repositioning_flight,repositioning_flight@BW,takeoff,0.6666666666666666,0.6666666666666666,0.0,2026-07-31T12:32:54.264387+02:00,2026-07-31T12:33:34.264387+02:00
45204.988968641315,45264.988968641315,SYN2-053-A:P0001,G:LYBE:JUG:SYN2-053-A:P0001,EVTOL_001,LYBE,JUG,before_boarding,selected_plan,group_formation|repositioning_flight,group_formation@LYBE|repositioning_flight@LYBE,landing,1.0,0.0,0.0,2026-07-31T12:33:24.988969+02:00,2026-07-31T12:34:24.988969+02:00
45214.26438664132,45299.22877864132,SYN2-276-D:P0002,G:BW:LYBE:SYN2-276-D:P0002,EVTOL_004,BW,LYBE,before_boarding,selected_plan,repositioning_flight,repositioning_flight@BW,cruise,1.416073200000028,1.416073200000028,0.0,2026-07-31T12:33:34.264387+02:00,2026-07-31T12:34:59.228779+02:00
45214.26438664132,45299.22877864132,SYN2-361-D:P0001,G:BW:LYBE:SYN2-276-D:P0002,EVTOL_004,BW,LYBE,before_boarding,selected_plan,repositioning_flight,repositioning_flight@BW,cruise,1.416073200000028,1.416073200000028,0.0,2026-07-31T12:33:34.264387+02:00,2026-07-31T12:34:59.228779+02:00
45227.141166496476,45287.141166496476,SYN2-286-D:P0002,G:LYBV:LYBE:SYN2-286-D:P0002,EVTOL_003,LYBV,LYBE,before_boarding,selected_plan,aircraft_busy,aircraft_busy@F000114,landing,1.0,1.0,0.0,2026-07-31T12:33:47.141166+02:00,2026-07-31T12:34:47.141166+02:00
45227.141166496476,45287.141166496476,SYN2-290-D:P0001,G:LYBV:LYBE:SYN2-286-D:P0002,EVTOL_003,LYBV,LYBE,before_boarding,selected_plan,aircraft_busy,aircraft_busy@F000114,landing,1.0,0.0,0.0,2026-07-31T12:33:47.141166+02:00,2026-07-31T12:34:47.141166+02:00
45264.988968641315,45505.380266477965,SYN2-053-A:P0001,G:LYBE:JUG:SYN2-053-A:P0001,EVTOL_001,LYBE,JUG,before_boarding,selected_plan,group_formation,group_formation@LYBE,idle,4.0065216306108296,0.0,0.0,2026-07-31T12:34:24.988969+02:00,2026-07-31T12:38:25.380266+02:00
45287.141166496476,45334.32674786566,SYN2-286-D:P0002,G:LYBV:LYBE:SYN2-286-D:P0002,EVTOL_003,LYBV,LYBE,before_boarding,selected_plan,aircraft_busy,aircraft_busy@F000114,disembarking,0.7864263561531213,0.7864263561531213,0.0,2026-07-31T12:34:47.141166+02:00,2026-07-31T12:35:34.326748+02:00
45287.141166496476,45334.32674786566,SYN2-290-D:P0001,G:LYBV:LYBE:SYN2-286-D:P0002,EVTOL_003,LYBV,LYBE,before_boarding,selected_plan,aircraft_busy,aircraft_busy@F000114,disembarking,0.7864263561531213,0.0,0.0,2026-07-31T12:34:47.141166+02:00,2026-07-31T12:35:34.326748+02:00
45299.22877864132,45359.22877864132,SYN2-276-D:P0002,G:BW:LYBE:SYN2-276-D:P0002,EVTOL_004,BW,LYBE,before_boarding,selected_plan,repositioning_flight,repositioning_flight@BW,landing,1.0,1.0,0.0,2026-07-31T12:34:59.228779+02:00,2026-07-31T12:35:59.228779+02:00
45299.22877864132,45359.22877864132,SYN2-361-D:P0001,G:BW:LYBE:SYN2-276-D:P0002,EVTOL_004,BW,LYBE,before_boarding,selected_plan,repositioning_flight,repositioning_flight@BW,landing,1.0,1.0,0.0,2026-07-31T12:34:59.228779+02:00,2026-07-31T12:35:59.228779+02:00
45334.32674786566,45479.141166496476,SYN2-058-A:P0001,G:LYBE:BW:SYN2-058-A:P0001,EVTOL_003,LYBE,BW,before_boarding,selected_plan,aircraft_busy|group_formation,aircraft_busy@F000114|group_formation@LYBE,disembarking,2.413573643846879,0.0,0.0,2026-07-31T12:35:34.326748+02:00,2026-07-31T12:37:59.141166+02:00
45334.32674786566,45419.22877864132,SYN2-286-D:P0002,G:LYBV:LYBE:SYN2-286-D:P0002,EVTOL_002,LYBV,LYBE,before_boarding,selected_plan,aircraft_busy,aircraft_busy@F000116,waiting_for_tlof,1.4150338462609702,1.4150338462609702,0.0,2026-07-31T12:35:34.326748+02:00,2026-07-31T12:36:59.228779+02:00
45334.32674786566,45419.22877864132,SYN2-290-D:P0001,G:LYBV:LYBE:SYN2-286-D:P0002,EVTOL_002,LYBV,LYBE,before_boarding,selected_plan,aircraft_busy,aircraft_busy@F000116,waiting_for_tlof,1.4150338462609702,0.0,0.0,2026-07-31T12:35:34.326748+02:00,2026-07-31T12:36:59.228779+02:00
45334.32674786566,45419.22877864132,SYN2-291-D:P0002,G:JUG:LYBE:SYN2-291-D:P0002,,JUG,LYBE,before_boarding,candidate_set,priority_other_group,,,1.4150338462609702,1.4150338462609702,0.0,2026-07-31T12:35:34.326748+02:00,2026-07-31T12:36:59.228779+02:00
45419.22877864132,45531.62278763391,SYN2-286-D:P0002,G:LYBV:LYBE:SYN2-286-D:P0002,EVTOL_004,LYBV,LYBE,before_boarding,selected_plan,aircraft_busy,aircraft_busy@F000119,boarding,1.873233483209818,1.873233483209818,0.0,2026-07-31T12:36:59.228779+02:00,2026-07-31T12:38:51.622788+02:00
45419.22877864132,45531.62278763391,SYN2-290-D:P0001,G:LYBV:LYBE:SYN2-286-D:P0002,EVTOL_004,LYBV,LYBE,before_boarding,selected_plan,aircraft_busy,aircraft_busy@F000119,boarding,1.873233483209818,0.0,0.0,2026-07-31T12:36:59.228779+02:00,2026-07-31T12:38:51.622788+02:00
45419.22877864132,45471.62278763391,SYN2-291-D:P0002,G:JUG:LYBE:SYN2-291-D:P0002,EVTOL_002,JUG,LYBE,before_boarding,selected_plan,aircraft_busy,aircraft_busy@F000116,waiting_for_tlof,0.873233483209818,0.873233483209818,0.0,2026-07-31T12:36:59.228779+02:00,2026-07-31T12:37:51.622788+02:00
45471.62278763391,45531.62278763391,SYN2-291-D:P0002,G:JUG:LYBE:SYN2-291-D:P0002,EVTOL_002,JUG,LYBE,before_boarding,selected_plan,aircraft_busy,aircraft_busy@F000116,departure_finalization,1.0,1.0,0.0,2026-07-31T12:37:51.622788+02:00,2026-07-31T12:38:51.622788+02:00
45471.62278763391,45531.62278763391,SYN2-054-A:P0001,G:LYBE:DOR:SYN2-054-A:P0001,EVTOL_002,LYBE,DOR,departure_preparation,committed_flight,departure_preparation,departure_preparation@LYBE,departure_finalization,1.0,0.0,0.0,2026-07-31T12:37:51.622788+02:00,2026-07-31T12:38:51.622788+02:00
45479.141166496476,45761.79006179277,SYN2-058-A:P0001,G:LYBE:BW:SYN2-058-A:P0001,EVTOL_003,LYBE,BW,before_boarding,selected_plan,battery_before_repositioning|group_formation,battery_before_repositioning@BW|group_formation@LYBE,idle,4.710814921604954,0.0,0.0,2026-07-31T12:37:59.141166+02:00,2026-07-31T12:42:41.790062+02:00
45531.62278763391,45700.380266477965,SYN2-286-D:P0002,G:LYBV:LYBE:SYN2-286-D:P0002,EVTOL_001,LYBV,LYBE,before_boarding,selected_plan,aircraft_busy,aircraft_busy@F000120,boarding,2.8126246474009045,2.8126246474009045,0.0,2026-07-31T12:38:51.622788+02:00,2026-07-31T12:41:40.380266+02:00
45531.62278763391,45700.380266477965,SYN2-290-D:P0001,G:LYBV:LYBE:SYN2-286-D:P0002,EVTOL_001,LYBV,LYBE,before_boarding,selected_plan,aircraft_busy,aircraft_busy@F000120,boarding,2.8126246474009045,2.176272181236588,0.0,2026-07-31T12:38:51.622788+02:00,2026-07-31T12:41:40.380266+02:00
45531.62278763391,45571.62278763391,SYN2-291-D:P0002,G:JUG:LYBE:SYN2-291-D:P0002,EVTOL_002,JUG,LYBE,before_boarding,selected_plan,aircraft_busy,aircraft_busy@F000116,takeoff,0.6666666666666666,0.6666666666666666,0.0,2026-07-31T12:38:51.622788+02:00,2026-07-31T12:39:31.622788+02:00
45571.62278763391,45899.42300163391,SYN2-291-D:P0002,G:JUG:LYBE:SYN2-291-D:P0002,EVTOL_002,JUG,LYBE,before_boarding,selected_plan,aircraft_busy,aircraft_busy@F000116,cruise,5.463336900000043,5.463336900000043,0.0,2026-07-31T12:39:31.622788+02:00,2026-07-31T12:44:59.423002+02:00
45629.22877864132,45756.66581540181,SYN2-276-D:P0002,G:BW:LYBE:SYN2-276-D:P0002,EVTOL_004,BW,LYBE,after_boarding,committed_flight,battery_after_repositioning,battery_after_repositioning@BW,waiting_for_departure,2.123950612674768,0.0,2.123950612674768,2026-07-31T12:40:29.228779+02:00,2026-07-31T12:42:36.665815+02:00
45629.22877864132,45756.66581540181,SYN2-361-D:P0001,G:BW:LYBE:SYN2-276-D:P0002,EVTOL_004,BW,LYBE,after_boarding,committed_flight,battery_after_repositioning,battery_after_repositioning@BW,waiting_for_departure,2.123950612674768,0.0,2.123950612674768,2026-07-31T12:40:29.228779+02:00,2026-07-31T12:42:36.665815+02:00
45700.380266477965,45760.380266477965,SYN2-286-D:P0002,G:LYBV:LYBE:SYN2-286-D:P0002,EVTOL_001,LYBV,LYBE,before_boarding,selected_plan,aircraft_busy,aircraft_busy@F000120,departure_finalization,1.0,1.0,0.0,2026-07-31T12:41:40.380266+02:00,2026-07-31T12:42:40.380266+02:00
45700.380266477965,45760.380266477965,SYN2-290-D:P0001,G:LYBV:LYBE:SYN2-286-D:P0002,EVTOL_001,LYBV,LYBE,before_boarding,selected_plan,aircraft_busy,aircraft_busy@F000120,departure_finalization,1.0,1.0,0.0,2026-07-31T12:41:40.380266+02:00,2026-07-31T12:42:40.380266+02:00
45700.380266477965,45760.380266477965,SYN2-053-A:P0001,G:LYBE:JUG:SYN2-053-A:P0001,EVTOL_001,LYBE,JUG,departure_preparation,committed_flight,departure_preparation,departure_preparation@LYBE,departure_finalization,1.0,0.0,0.0,2026-07-31T12:41:40.380266+02:00,2026-07-31T12:42:40.380266+02:00
45756.66581540181,45816.66581540181,SYN2-276-D:P0002,G:BW:LYBE:SYN2-276-D:P0002,EVTOL_004,BW,LYBE,departure_preparation,committed_flight,departure_preparation,departure_preparation@BW,departure_finalization,1.0,0.0,0.0,2026-07-31T12:42:36.665815+02:00,2026-07-31T12:43:36.665815+02:00
45756.66581540181,45816.66581540181,SYN2-361-D:P0001,G:BW:LYBE:SYN2-276-D:P0002,EVTOL_004,BW,LYBE,departure_preparation,committed_flight,departure_preparation,departure_preparation@BW,departure_finalization,1.0,0.0,0.0,2026-07-31T12:42:36.665815+02:00,2026-07-31T12:43:36.665815+02:00
45760.380266477965,45800.380266477965,SYN2-286-D:P0002,G:LYBV:LYBE:SYN2-286-D:P0002,EVTOL_001,LYBV,LYBE,before_boarding,selected_plan,aircraft_busy,aircraft_busy@F000120,takeoff,0.6666666666666666,0.6666666666666666,0.0,2026-07-31T12:42:40.380266+02:00,2026-07-31T12:43:20.380266+02:00
45760.380266477965,45800.380266477965,SYN2-290-D:P0001,G:LYBV:LYBE:SYN2-286-D:P0002,EVTOL_001,LYBV,LYBE,before_boarding,selected_plan,aircraft_busy,aircraft_busy@F000120,takeoff,0.6666666666666666,0.6666666666666666,0.0,2026-07-31T12:42:40.380266+02:00,2026-07-31T12:43:20.380266+02:00
45761.79006179277,45796.66581540181,SYN2-058-A:P0001,G:LYBE:BW:SYN2-058-A:P0001,EVTOL_003,LYBE,BW,before_boarding,selected_plan,group_formation|origin_tlof,group_formation@LYBE|origin_tlof@BW,idle,0.5812625601505715,0.0,0.0,2026-07-31T12:42:41.790062+02:00,2026-07-31T12:43:16.665815+02:00
45796.66581540181,45816.66581540181,SYN2-058-A:P0001,G:LYBE:BW:SYN2-058-A:P0001,EVTOL_003,LYBE,BW,before_boarding,selected_plan,destination_tlof|group_formation,destination_tlof@LYBE|group_formation@LYBE,idle,0.3333333333333333,0.0,0.0,2026-07-31T12:43:16.665815+02:00,2026-07-31T12:43:36.665815+02:00
45800.380266477965,46118.182578477965,SYN2-286-D:P0002,G:LYBV:LYBE:SYN2-286-D:P0002,EVTOL_001,LYBV,LYBE,before_boarding,selected_plan,aircraft_busy,aircraft_busy@F000120,cruise,5.296705199999996,5.296705199999996,0.0,2026-07-31T12:43:20.380266+02:00,2026-07-31T12:48:38.182578+02:00
45800.380266477965,46118.182578477965,SYN2-290-D:P0001,G:LYBV:LYBE:SYN2-286-D:P0002,EVTOL_001,LYBV,LYBE,before_boarding,selected_plan,aircraft_busy,aircraft_busy@F000120,cruise,5.296705199999996,5.296705199999996,0.0,2026-07-31T12:43:20.380266+02:00,2026-07-31T12:48:38.182578+02:00
45816.66581540181,45876.66581540181,SYN2-058-A:P0001,G:LYBE:BW:SYN2-058-A:P0001,EVTOL_003,LYBE,BW,before_boarding,selected_plan,departure_preparation|group_formation,departure_preparation@BW|group_formation@LYBE,departure_finalization,1.0,0.0,0.0,2026-07-31T12:43:36.665815+02:00,2026-07-31T12:44:36.665815+02:00
45876.66581540181,45916.66581540181,SYN2-058-A:P0001,G:LYBE:BW:SYN2-058-A:P0001,EVTOL_003,LYBE,BW,before_boarding,selected_plan,group_formation|repositioning_flight,group_formation@LYBE|repositioning_flight@LYBE,takeoff,0.6666666666666666,0.0,0.0,2026-07-31T12:44:36.665815+02:00,2026-07-31T12:45:16.665815+02:00
45899.42300163391,45959.42300163391,SYN2-291-D:P0002,G:JUG:LYBE:SYN2-291-D:P0002,EVTOL_002,JUG,LYBE,before_boarding,selected_plan,aircraft_busy,aircraft_busy@F000116,landing,1.0,1.0,0.0,2026-07-31T12:44:59.423002+02:00,2026-07-31T12:45:59.423002+02:00
45916.66581540181,46141.50163740181,SYN2-058-A:P0001,G:LYBE:BW:SYN2-058-A:P0001,EVTOL_003,LYBE,BW,before_boarding,selected_plan,group_formation|repositioning_flight,group_formation@LYBE|repositioning_flight@LYBE,cruise,3.747263700000015,0.0,0.0,2026-07-31T12:45:16.665815+02:00,2026-07-31T12:49:01.501637+02:00
45959.42300163391,46085.42300163391,SYN2-291-D:P0002,G:JUG:LYBE:SYN2-291-D:P0002,EVTOL_002,JUG,LYBE,before_boarding,selected_plan,aircraft_busy,aircraft_busy@F000116,disembarking,2.1,2.1,0.0,2026-07-31T12:45:59.423002+02:00,2026-07-31T12:48:05.423002+02:00
46085.42300163391,46273.147455663544,SYN2-291-D:P0002,G:JUG:LYBE:SYN2-291-D:P0002,EVTOL_002,JUG,LYBE,before_boarding,selected_plan,battery_before_repositioning,battery_before_repositioning@DOR,idle,3.128740900493843,3.128740900493843,0.0,2026-07-31T12:48:05.423002+02:00,2026-07-31T12:51:13.147456+02:00
46118.182578477965,46154.27015562746,SYN2-286-D:P0002,G:LYBV:LYBE:SYN2-286-D:P0002,EVTOL_001,LYBV,LYBE,before_boarding,selected_plan,aircraft_busy,aircraft_busy@F000120,landing,0.601459619158292,0.601459619158292,0.0,2026-07-31T12:48:38.182578+02:00,2026-07-31T12:49:14.270156+02:00
46118.182578477965,46154.27015562746,SYN2-290-D:P0001,G:LYBV:LYBE:SYN2-286-D:P0002,EVTOL_001,LYBV,LYBE,before_boarding,selected_plan,aircraft_busy,aircraft_busy@F000120,landing,0.601459619158292,0.601459619158292,0.0,2026-07-31T12:48:38.182578+02:00,2026-07-31T12:49:14.270156+02:00
46141.50163740181,46201.50163740181,SYN2-058-A:P0001,G:LYBE:BW:SYN2-058-A:P0001,EVTOL_003,LYBE,BW,before_boarding,selected_plan,group_formation|repositioning_flight,group_formation@LYBE|repositioning_flight@LYBE,landing,1.0,0.0,0.0,2026-07-31T12:49:01.501637+02:00,2026-07-31T12:50:01.501637+02:00
46154.27015562746,46178.182578477965,SYN2-291-D:P0001,G:BW:LYBE:SYN2-291-D:P0001,EVTOL_001,BW,LYBE,before_boarding,selected_plan,aircraft_busy|group_formation,aircraft_busy@F000120|group_formation@BW,landing,0.398540380841708,0.0,0.0,2026-07-31T12:49:14.270156+02:00,2026-07-31T12:49:38.182578+02:00
46154.27015562746,46333.50163740181,SYN2-286-D:P0002,G:LYBV:LYBE:SYN2-286-D:P0002,EVTOL_004,LYBV,LYBE,before_boarding,selected_plan,aircraft_busy,aircraft_busy@F000119,disembarking,2.987191362905772,2.987191362905772,0.0,2026-07-31T12:49:14.270156+02:00,2026-07-31T12:52:13.501637+02:00
46154.27015562746,46333.50163740181,SYN2-290-D:P0001,G:LYBV:LYBE:SYN2-286-D:P0002,EVTOL_004,LYBV,LYBE,before_boarding,selected_plan,aircraft_busy,aircraft_busy@F000119,disembarking,2.987191362905772,2.987191362905772,0.0,2026-07-31T12:49:14.270156+02:00,2026-07-31T12:52:13.501637+02:00
46178.182578477965,46304.182578477965,SYN2-291-D:P0001,G:BW:LYBE:SYN2-291-D:P0001,EVTOL_001,BW,LYBE,before_boarding,selected_plan,aircraft_busy|group_formation,aircraft_busy@F000120|group_formation@BW,disembarking,2.1,0.0,0.0,2026-07-31T12:49:38.182578+02:00,2026-07-31T12:51:44.182578+02:00
46201.50163740181,46234.32674786566,SYN2-058-A:P0001,G:LYBE:BW:SYN2-058-A:P0001,EVTOL_003,LYBE,BW,before_boarding,selected_plan,group_formation,group_formation@LYBE,idle,0.54708517439758,0.0,0.0,2026-07-31T12:50:01.501637+02:00,2026-07-31T12:50:34.326748+02:00
46273.147455663544,46333.147455663544,SYN2-291-D:P0002,G:JUG:LYBE:SYN2-291-D:P0002,EVTOL_002,JUG,LYBE,before_boarding,selected_plan,departure_preparation,departure_preparation@DOR,departure_finalization,1.0,1.0,0.0,2026-07-31T12:51:13.147456+02:00,2026-07-31T12:52:13.147456+02:00
46304.182578477965,46456.40141307963,SYN2-291-D:P0001,G:BW:LYBE:SYN2-291-D:P0001,EVTOL_001,BW,LYBE,before_boarding,selected_plan,battery_before_repositioning|group_formation,battery_before_repositioning@JUG|group_formation@BW,idle,2.5369805766943805,0.0,0.0,2026-07-31T12:51:44.182578+02:00,2026-07-31T12:54:16.401413+02:00
46333.147455663544,46373.147455663544,SYN2-291-D:P0002,G:JUG:LYBE:SYN2-291-D:P0002,EVTOL_002,JUG,LYBE,before_boarding,selected_plan,repositioning_flight,repositioning_flight@JUG,takeoff,0.6666666666666666,0.6666666666666666,0.0,2026-07-31T12:52:13.147456+02:00,2026-07-31T12:52:53.147456+02:00
46333.50163740181,46713.95225671329,SYN2-286-D:P0002,G:LYBV:LYBE:SYN2-286-D:P0002,EVTOL_004,LYBV,LYBE,before_boarding,selected_plan,battery_before_repositioning,battery_before_repositioning@LYBE,idle,6.340843655191323,6.340843655191323,0.0,2026-07-31T12:52:13.501637+02:00,2026-07-31T12:58:33.952257+02:00
46333.50163740181,46713.95225671329,SYN2-290-D:P0001,G:LYBV:LYBE:SYN2-286-D:P0002,EVTOL_004,LYBV,LYBE,before_boarding,selected_plan,battery_before_repositioning,battery_before_repositioning@LYBE,idle,6.340843655191323,6.340843655191323,0.0,2026-07-31T12:52:13.501637+02:00,2026-07-31T12:58:33.952257+02:00
46373.147455663544,46423.624441663545,SYN2-291-D:P0002,G:JUG:LYBE:SYN2-291-D:P0002,EVTOL_002,JUG,LYBE,before_boarding,selected_plan,repositioning_flight,repositioning_flight@JUG,cruise,0.8412831000000248,0.8412831000000248,0.0,2026-07-31T12:52:53.147456+02:00,2026-07-31T12:53:43.624442+02:00
46423.624441663545,46483.624441663545,SYN2-291-D:P0002,G:JUG:LYBE:SYN2-291-D:P0002,EVTOL_002,JUG,LYBE,before_boarding,selected_plan,repositioning_flight,repositioning_flight@JUG,landing,1.0,1.0,0.0,2026-07-31T12:53:43.624442+02:00,2026-07-31T12:54:43.624442+02:00
46429.32674786566,46621.27477908907,SYN2-058-A:P0001,G:LYBE:BW:SYN2-058-A:P0001,EVTOL_003,LYBE,BW,after_boarding,committed_flight,battery_after_repositioning,battery_after_repositioning@LYBE,waiting_for_departure,3.1991338537234695,0.0,3.1991338537234695,2026-07-31T12:53:49.326748+02:00,2026-07-31T12:57:01.274779+02:00
46456.40141307963,46516.40141307963,SYN2-291-D:P0001,G:BW:LYBE:SYN2-291-D:P0001,EVTOL_001,BW,LYBE,before_boarding,selected_plan,departure_preparation|group_formation,departure_preparation@JUG|group_formation@BW,departure_finalization,1.0,0.0,0.0,2026-07-31T12:54:16.401413+02:00,2026-07-31T12:55:16.401413+02:00
46483.624441663545,47083.624441663545,SYN2-291-D:P0002,G:JUG:LYBE:SYN2-291-D:P0002,EVTOL_002,JUG,LYBE,before_boarding,selected_plan,cleaning,cleaning@JUG:cleaner:1,cleaning,10.0,10.0,0.0,2026-07-31T12:54:43.624442+02:00,2026-07-31T13:04:43.624442+02:00
46516.40141307963,46556.40141307963,SYN2-291-D:P0001,G:BW:LYBE:SYN2-291-D:P0001,EVTOL_001,BW,LYBE,before_boarding,selected_plan,group_formation|repositioning_flight,group_formation@BW|repositioning_flight@BW,takeoff,0.6666666666666666,0.0,0.0,2026-07-31T12:55:16.401413+02:00,2026-07-31T12:55:56.401413+02:00
46556.40141307963,46631.36790307963,SYN2-291-D:P0001,G:BW:LYBE:SYN2-291-D:P0001,EVTOL_001,BW,LYBE,before_boarding,selected_plan,group_formation|repositioning_flight,group_formation@BW|repositioning_flight@BW,cruise,1.2494414999999814,0.0,0.0,2026-07-31T12:55:56.401413+02:00,2026-07-31T12:57:11.367903+02:00
46621.27477908907,46681.27477908907,SYN2-058-A:P0001,G:LYBE:BW:SYN2-058-A:P0001,EVTOL_003,LYBE,BW,departure_preparation,committed_flight,departure_preparation,departure_preparation@LYBE,departure_finalization,1.0,0.0,0.0,2026-07-31T12:57:01.274779+02:00,2026-07-31T12:58:01.274779+02:00
46631.36790307963,46691.36790307963,SYN2-291-D:P0001,G:BW:LYBE:SYN2-291-D:P0001,EVTOL_001,BW,LYBE,before_boarding,selected_plan,group_formation|repositioning_flight,group_formation@BW|repositioning_flight@BW,landing,1.0,0.0,0.0,2026-07-31T12:57:11.367903+02:00,2026-07-31T12:58:11.367903+02:00
46691.36790307963,47054.27015562746,SYN2-291-D:P0001,G:BW:LYBE:SYN2-291-D:P0001,EVTOL_001,BW,LYBE,before_boarding,selected_plan,group_formation,group_formation@BW,idle,6.048370875797263,0.0,0.0,2026-07-31T12:58:11.367903+02:00,2026-07-31T13:04:14.270156+02:00
46713.95225671329,46773.95225671329,SYN2-286-D:P0002,G:LYBV:LYBE:SYN2-286-D:P0002,EVTOL_004,LYBV,LYBE,before_boarding,selected_plan,departure_preparation,departure_preparation@LYBE,departure_finalization,1.0,1.0,0.0,2026-07-31T12:58:33.952257+02:00,2026-07-31T12:59:33.952257+02:00
46713.95225671329,46773.95225671329,SYN2-290-D:P0001,G:LYBV:LYBE:SYN2-286-D:P0002,EVTOL_004,LYBV,LYBE,before_boarding,selected_plan,departure_preparation,departure_preparation@LYBE,departure_finalization,1.0,1.0,0.0,2026-07-31T12:58:33.952257+02:00,2026-07-31T12:59:33.952257+02:00
46745.56795234651,46946.11060108907,SYN2-052-A:P0001,G:LYBE:BW:SYN2-052-A:P0001,EVTOL_003,LYBE,BW,before_boarding,selected_plan,aircraft_busy|group_formation,aircraft_busy@F000122|group_formation@LYBE,cruise,3.3423774790427463,0.0,0.0,2026-07-31T12:59:05.567952+02:00,2026-07-31T13:02:26.110601+02:00
46758.296961670974,47066.11060108907,SYN2-166-A:P0001,G:LYBE:DOR:SYN2-166-A:P0001,,LYBE,DOR,before_boarding,candidate_set,group_formation|priority_other_group,group_formation@LYBE,,5.130227323634972,0.0,0.0,2026-07-31T12:59:18.296962+02:00,2026-07-31T13:04:26.110601+02:00
46773.95225671329,46813.95225671329,SYN2-286-D:P0002,G:LYBV:LYBE:SYN2-286-D:P0002,EVTOL_004,LYBV,LYBE,before_boarding,selected_plan,repositioning_flight,repositioning_flight@LYBV,takeoff,0.6666666666666666,0.6666666666666666,0.0,2026-07-31T12:59:33.952257+02:00,2026-07-31T13:00:13.952257+02:00
46773.95225671329,46813.95225671329,SYN2-290-D:P0001,G:LYBV:LYBE:SYN2-286-D:P0002,EVTOL_004,LYBV,LYBE,before_boarding,selected_plan,repositioning_flight,repositioning_flight@LYBV,takeoff,0.6666666666666666,0.6666666666666666,0.0,2026-07-31T12:59:33.952257+02:00,2026-07-31T13:00:13.952257+02:00
46813.95225671329,47150.40044471329,SYN2-286-D:P0002,G:LYBV:LYBE:SYN2-286-D:P0002,EVTOL_004,LYBV,LYBE,before_boarding,selected_plan,repositioning_flight,repositioning_flight@LYBV,cruise,5.607469800000035,5.607469800000035,0.0,2026-07-31T13:00:13.952257+02:00,2026-07-31T13:05:50.400445+02:00
46813.95225671329,47150.40044471329,SYN2-290-D:P0001,G:LYBV:LYBE:SYN2-286-D:P0002,EVTOL_004,LYBV,LYBE,before_boarding,selected_plan,repositioning_flight,repositioning_flight@LYBV,cruise,5.607469800000035,5.607469800000035,0.0,2026-07-31T13:00:13.952257+02:00,2026-07-31T13:05:50.400445+02:00
46847.60549599241,47132.11060108907,SYN2-065-A:P0001,G:LYBE:JUG:SYN2-065-A:P0001,,LYBE,JUG,before_boarding,candidate_set,group_formation|priority_other_group,group_formation@LYBE,,4.741751751611082,0.0,0.0,2026-07-31T13:00:47.605496+02:00,2026-07-31T13:05:32.110601+02:00
46946.11060108907,47006.11060108907,SYN2-052-A:P0001,G:LYBE:BW:SYN2-052-A:P0001,EVTOL_003,LYBE,BW,before_boarding,selected_plan,aircraft_busy|group_formation,aircraft_busy@F000122|group_formation@LYBE,landing,1.0,0.0,0.0,2026-07-31T13:02:26.110601+02:00,2026-07-31T13:03:26.110601+02:00
47006.11060108907,47066.11060108907,SYN2-052-A:P0001,G:LYBE:BW:SYN2-052-A:P0001,EVTOL_003,LYBE,BW,before_boarding,selected_plan,aircraft_busy|group_formation,aircraft_busy@F000122|group_formation@LYBE,disembarking,1.0,0.0,0.0,2026-07-31T13:03:26.110601+02:00,2026-07-31T13:04:26.110601+02:00
47066.11060108907,47249.27015562746,SYN2-052-A:P0001,G:LYBE:BW:SYN2-052-A:P0001,EVTOL_001,LYBE,BW,before_boarding,selected_plan,aircraft_busy|group_formation,aircraft_busy@F000126|group_formation@LYBE,boarding,3.0526592423064964,0.0,0.0,2026-07-31T13:04:26.110601+02:00,2026-07-31T13:07:29.270156+02:00
47066.11060108907,47132.11060108907,SYN2-166-A:P0001,G:LYBE:DOR:SYN2-166-A:P0001,EVTOL_003,LYBE,DOR,before_boarding,selected_plan,aircraft_busy|group_formation,aircraft_busy@F000122|group_formation@LYBE,disembarking,1.1,0.0,0.0,2026-07-31T13:04:26.110601+02:00,2026-07-31T13:05:32.110601+02:00
47132.11060108907,47480.75949638536,SYN2-166-A:P0001,G:LYBE:DOR:SYN2-166-A:P0001,EVTOL_003,LYBE,DOR,before_boarding,selected_plan,battery_before_repositioning|group_formation,battery_before_repositioning@BW|group_formation@LYBE,idle,5.810814921604833,0.0,0.0,2026-07-31T13:05:32.110601+02:00,2026-07-31T13:11:20.759496+02:00
47132.11060108907,47278.624441663545,SYN2-065-A:P0001,G:LYBE:JUG:SYN2-065-A:P0001,EVTOL_002,LYBE,JUG,before_boarding,selected_plan,aircraft_busy|group_formation,aircraft_busy@F000127|group_formation@LYBE,boarding,2.4418973429078807,0.0,0.0,2026-07-31T13:05:32.110601+02:00,2026-07-31T13:07:58.624442+02:00
47133.05916909178,47249.27015562746,SYN2-065-A:P0002,G:LYBE:LYBV:SYN2-065-A:P0002,,LYBE,LYBV,before_boarding,candidate_set,group_formation|priority_other_group,group_formation@LYBE,,1.9368497755947223,0.0,0.0,2026-07-31T13:05:33.059169+02:00,2026-07-31T13:07:29.270156+02:00
47150.40044471329,47210.40044471329,SYN2-286-D:P0002,G:LYBV:LYBE:SYN2-286-D:P0002,EVTOL_004,LYBV,LYBE,before_boarding,selected_plan,repositioning_flight,repositioning_flight@LYBV,landing,1.0,1.0,0.0,2026-07-31T13:05:50.400445+02:00,2026-07-31T13:06:50.400445+02:00
47150.40044471329,47210.40044471329,SYN2-290-D:P0001,G:LYBV:LYBE:SYN2-286-D:P0002,EVTOL_004,LYBV,LYBE,before_boarding,selected_plan,repositioning_flight,repositioning_flight@LYBV,landing,1.0,1.0,0.0,2026-07-31T13:05:50.400445+02:00,2026-07-31T13:06:50.400445+02:00
47249.27015562746,47309.27015562746,SYN2-052-A:P0001,G:LYBE:BW:SYN2-052-A:P0001,EVTOL_001,LYBE,BW,before_boarding,selected_plan,aircraft_busy|group_formation,aircraft_busy@F000126|group_formation@LYBE,departure_finalization,1.0,0.0,0.0,2026-07-31T13:07:29.270156+02:00,2026-07-31T13:08:29.270156+02:00
47249.27015562746,47480.40044471329,SYN2-065-A:P0002,G:LYBE:LYBV:SYN2-065-A:P0002,EVTOL_004,LYBE,LYBV,before_boarding,selected_plan,aircraft_busy|group_formation,aircraft_busy@F000128|group_formation@LYBE,boarding,3.852171484763797,0.0,0.0,2026-07-31T13:07:29.270156+02:00,2026-07-31T13:11:20.400445+02:00
47249.27015562746,47309.27015562746,SYN2-291-D:P0001,G:BW:LYBE:SYN2-291-D:P0001,EVTOL_001,BW,LYBE,departure_preparation,committed_flight,departure_preparation,departure_preparation@BW,departure_finalization,1.0,0.0,0.0,2026-07-31T13:07:29.270156+02:00,2026-07-31T13:08:29.270156+02:00
47278.624441663545,47338.624441663545,SYN2-065-A:P0001,G:LYBE:JUG:SYN2-065-A:P0001,EVTOL_002,LYBE,JUG,before_boarding,selected_plan,aircraft_busy|group_formation,aircraft_busy@F000127|group_formation@LYBE,departure_finalization,1.0,0.0,0.0,2026-07-31T13:07:58.624442+02:00,2026-07-31T13:08:58.624442+02:00
47278.624441663545,47338.624441663545,SYN2-291-D:P0002,G:JUG:LYBE:SYN2-291-D:P0002,EVTOL_002,JUG,LYBE,departure_preparation,committed_flight,departure_preparation,departure_preparation@JUG,departure_finalization,1.0,0.0,0.0,2026-07-31T13:07:58.624442+02:00,2026-07-31T13:08:58.624442+02:00
47301.153769267185,47773.96341265811,SYN2-367-D:P0002,G:BW:LYBE:SYN2-367-D:P0002,,BW,LYBE,before_boarding,candidate_set,group_formation|priority_other_group,group_formation@BW,,7.880160723182053,0.0,0.0,2026-07-31T13:08:21.153769+02:00,2026-07-31T13:16:13.963413+02:00
47309.27015562746,47349.27015562746,SYN2-052-A:P0001,G:LYBE:BW:SYN2-052-A:P0001,EVTOL_001,LYBE,BW,before_boarding,selected_plan,aircraft_busy|group_formation,aircraft_busy@F000126|group_formation@LYBE,takeoff,0.6666666666666666,0.0,0.0,2026-07-31T13:08:29.270156+02:00,2026-07-31T13:09:09.270156+02:00
47338.624441663545,47378.624441663545,SYN2-065-A:P0001,G:LYBE:JUG:SYN2-065-A:P0001,EVTOL_002,LYBE,JUG,before_boarding,selected_plan,aircraft_busy|group_formation,aircraft_busy@F000127|group_formation@LYBE,takeoff,0.6666666666666666,0.0,0.0,2026-07-31T13:08:58.624442+02:00,2026-07-31T13:09:38.624442+02:00
47349.27015562746,47574.10597762746,SYN2-052-A:P0001,G:LYBE:BW:SYN2-052-A:P0001,EVTOL_001,LYBE,BW,before_boarding,selected_plan,aircraft_busy|group_formation,aircraft_busy@F000126|group_formation@LYBE,cruise,3.747263700000015,0.0,0.0,2026-07-31T13:09:09.270156+02:00,2026-07-31T13:12:54.105978+02:00
47378.624441663545,47696.426753663545,SYN2-065-A:P0001,G:LYBE:JUG:SYN2-065-A:P0001,EVTOL_002,LYBE,JUG,before_boarding,selected_plan,aircraft_busy|group_formation,aircraft_busy@F000127|group_formation@LYBE,cruise,5.296705199999996,0.0,0.0,2026-07-31T13:09:38.624442+02:00,2026-07-31T13:14:56.426754+02:00
47480.40044471329,47773.96341265811,SYN2-065-A:P0002,G:LYBE:LYBV:SYN2-065-A:P0002,EVTOL_004,LYBE,LYBV,before_boarding,selected_plan,aircraft_busy|group_formation,aircraft_busy@F000128|group_formation@LYBE,waiting_for_tlof,4.892716132413625,0.0,0.0,2026-07-31T13:11:20.400445+02:00,2026-07-31T13:16:13.963413+02:00
47480.40044471329,47773.96341265811,SYN2-286-D:P0002,G:LYBV:LYBE:SYN2-286-D:P0002,EVTOL_004,LYBV,LYBE,after_boarding,committed_flight,battery_after_repositioning,battery_after_repositioning@LYBV,waiting_for_departure,4.892716132413625,0.0,4.892716132413625,2026-07-31T13:11:20.400445+02:00,2026-07-31T13:16:13.963413+02:00
47480.40044471329,47773.96341265811,SYN2-290-D:P0001,G:LYBV:LYBE:SYN2-286-D:P0002,EVTOL_004,LYBV,LYBE,after_boarding,committed_flight,battery_after_repositioning,battery_after_repositioning@LYBV,waiting_for_departure,4.892716132413625,0.0,4.892716132413625,2026-07-31T13:11:20.400445+02:00,2026-07-31T13:16:13.963413+02:00
47480.75949638536,47540.75949638536,SYN2-166-A:P0001,G:LYBE:DOR:SYN2-166-A:P0001,EVTOL_003,LYBE,DOR,before_boarding,selected_plan,departure_preparation|group_formation,departure_preparation@BW|group_formation@LYBE,departure_finalization,1.0,0.0,0.0,2026-07-31T13:11:20.759496+02:00,2026-07-31T13:12:20.759496+02:00
47531.66902111498,47574.10597762746,SYN2-069-A:P0001,G:LYBE:BW:SYN2-052-A:P0001,EVTOL_001,LYBE,BW,before_boarding,selected_plan,aircraft_busy|group_formation,aircraft_busy@F000126|group_formation@LYBE,cruise,0.7072826085413302,0.0,0.0,2026-07-31T13:12:11.669021+02:00,2026-07-31T13:12:54.105978+02:00
47540.75949638536,47580.75949638536,SYN2-166-A:P0001,G:LYBE:DOR:SYN2-166-A:P0001,EVTOL_003,LYBE,DOR,before_boarding,selected_plan,group_formation|repositioning_flight,group_formation@LYBE|repositioning_flight@LYBE,takeoff,0.6666666666666666,0.0,0.0,2026-07-31T13:12:20.759496+02:00,2026-07-31T13:13:00.759496+02:00
47574.10597762746,47634.10597762746,SYN2-052-A:P0001,G:LYBE:BW:SYN2-052-A:P0001,EVTOL_001,LYBE,BW,before_boarding,selected_plan,aircraft_busy|group_formation,aircraft_busy@F000126|group_formation@LYBE,landing,1.0,0.0,0.0,2026-07-31T13:12:54.105978+02:00,2026-07-31T13:13:54.105978+02:00
47574.10597762746,47634.10597762746,SYN2-069-A:P0001,G:LYBE:BW:SYN2-052-A:P0001,EVTOL_001,LYBE,BW,before_boarding,selected_plan,aircraft_busy|group_formation,aircraft_busy@F000126|group_formation@LYBE,landing,1.0,0.0,0.0,2026-07-31T13:12:54.105978+02:00,2026-07-31T13:13:54.105978+02:00
47580.75949638536,47658.296961670974,SYN2-166-A:P0001,G:LYBE:DOR:SYN2-166-A:P0001,EVTOL_003,LYBE,DOR,before_boarding,selected_plan,group_formation|repositioning_flight,group_formation@LYBE|repositioning_flight@LYBE,cruise,1.292291088093528,0.0,0.0,2026-07-31T13:13:00.759496+02:00,2026-07-31T13:14:18.296962+02:00
47634.10597762746,47645.56795234651,SYN2-052-A:P0001,G:LYBE:BW:SYN2-052-A:P0001,EVTOL_001,LYBE,BW,before_boarding,selected_plan,aircraft_busy|group_formation,aircraft_busy@F000126|group_formation@LYBE,disembarking,0.19103291198407532,0.0,0.0,2026-07-31T13:13:54.105978+02:00,2026-07-31T13:14:05.567952+02:00
47634.10597762746,47645.56795234651,SYN2-069-A:P0001,G:LYBE:BW:SYN2-052-A:P0001,EVTOL_001,LYBE,BW,before_boarding,selected_plan,aircraft_busy|group_formation,aircraft_busy@F000126|group_formation@LYBE,disembarking,0.19103291198407532,0.0,0.0,2026-07-31T13:13:54.105978+02:00,2026-07-31T13:14:05.567952+02:00
47645.56795234651,47760.10597762746,SYN2-052-A:P0001,G:LYBE:BW:SYN2-052-A:P0001,EVTOL_001,LYBE,BW,before_boarding,selected_plan,aircraft_busy,aircraft_busy@F000126,disembarking,1.9089670880159246,1.9089670880159246,0.0,2026-07-31T13:14:05.567952+02:00,2026-07-31T13:16:00.105978+02:00
47645.56795234651,47760.10597762746,SYN2-069-A:P0001,G:LYBE:BW:SYN2-052-A:P0001,EVTOL_001,LYBE,BW,before_boarding,selected_plan,aircraft_busy,aircraft_busy@F000126,disembarking,1.9089670880159246,0.0,0.0,2026-07-31T13:14:05.567952+02:00,2026-07-31T13:16:00.105978+02:00
47658.296961670974,47805.59531838536,SYN2-166-A:P0001,G:LYBE:DOR:SYN2-166-A:P0001,EVTOL_003,LYBE,DOR,before_boarding,selected_plan,repositioning_flight,repositioning_flight@LYBE,cruise,2.454972611906487,2.454972611906487,0.0,2026-07-31T13:14:18.296962+02:00,2026-07-31T13:16:45.595318+02:00
47696.426753663545,47747.60549599241,SYN2-065-A:P0001,G:LYBE:JUG:SYN2-065-A:P0001,EVTOL_002,LYBE,JUG,before_boarding,selected_plan,aircraft_busy|group_formation,aircraft_busy@F000127|group_formation@LYBE,landing,0.8529790388143738,0.0,0.0,2026-07-31T13:14:56.426754+02:00,2026-07-31T13:15:47.605496+02:00
47747.60549599241,47756.426753663545,SYN2-065-A:P0001,G:LYBE:JUG:SYN2-065-A:P0001,EVTOL_002,LYBE,JUG,before_boarding,selected_plan,aircraft_busy,aircraft_busy@F000127,landing,0.14702096118562621,0.14702096118562621,0.0,2026-07-31T13:15:47.605496+02:00,2026-07-31T13:15:56.426754+02:00
47756.426753663545,47882.426753663545,SYN2-065-A:P0001,G:LYBE:JUG:SYN2-065-A:P0001,EVTOL_002,LYBE,JUG,before_boarding,selected_plan,aircraft_busy,aircraft_busy@F000127,disembarking,2.1,2.1,0.0,2026-07-31T13:15:56.426754+02:00,2026-07-31T13:18:02.426754+02:00
47773.96341265811,47833.96341265811,SYN2-065-A:P0002,G:LYBE:LYBV:SYN2-065-A:P0002,EVTOL_004,LYBE,LYBV,before_boarding,selected_plan,aircraft_busy|group_formation,aircraft_busy@F000128|group_formation@LYBE,departure_finalization,1.0,0.0,0.0,2026-07-31T13:16:13.963413+02:00,2026-07-31T13:17:13.963413+02:00
47773.96341265811,47996.76825815561,SYN2-367-D:P0002,G:BW:LYBE:SYN2-367-D:P0002,EVTOL_001,BW,LYBE,before_boarding,selected_plan,aircraft_busy|group_formation,aircraft_busy@F000130|group_formation@BW,boarding,3.7134140916249936,0.0,0.0,2026-07-31T13:16:13.963413+02:00,2026-07-31T13:19:56.768258+02:00
47773.96341265811,47833.96341265811,SYN2-286-D:P0002,G:LYBV:LYBE:SYN2-286-D:P0002,EVTOL_004,LYBV,LYBE,departure_preparation,committed_flight,departure_preparation,departure_preparation@LYBV,departure_finalization,1.0,0.0,0.0,2026-07-31T13:16:13.963413+02:00,2026-07-31T13:17:13.963413+02:00
47773.96341265811,47833.96341265811,SYN2-290-D:P0001,G:LYBV:LYBE:SYN2-286-D:P0002,EVTOL_004,LYBV,LYBE,departure_preparation,committed_flight,departure_preparation,departure_preparation@LYBV,departure_finalization,1.0,0.0,0.0,2026-07-31T13:16:13.963413+02:00,2026-07-31T13:17:13.963413+02:00
47805.59531838536,47865.59531838536,SYN2-166-A:P0001,G:LYBE:DOR:SYN2-166-A:P0001,EVTOL_003,LYBE,DOR,before_boarding,selected_plan,repositioning_flight,repositioning_flight@LYBE,landing,1.0,1.0,0.0,2026-07-31T13:16:45.595318+02:00,2026-07-31T13:17:45.595318+02:00
47833.96341265811,47873.96341265811,SYN2-065-A:P0002,G:LYBE:LYBV:SYN2-065-A:P0002,EVTOL_004,LYBE,LYBV,before_boarding,selected_plan,aircraft_busy|group_formation,aircraft_busy@F000128|group_formation@LYBE,takeoff,0.6666666666666666,0.0,0.0,2026-07-31T13:17:13.963413+02:00,2026-07-31T13:17:53.963413+02:00
47840.49049350917,47882.426753663545,SYN2-168-A:P0001,G:LYBE:JUG:SYN2-065-A:P0001,EVTOL_002,LYBE,JUG,before_boarding,selected_plan,aircraft_busy,aircraft_busy@F000127,disembarking,0.6989376692396035,0.0,0.0,2026-07-31T13:17:20.490494+02:00,2026-07-31T13:18:02.426754+02:00
47855.89531905467,47996.76825815561,SYN2-367-D:P0001,G:BW:LYBE:SYN2-367-D:P0002,EVTOL_001,BW,LYBE,before_boarding,selected_plan,aircraft_busy|group_formation,aircraft_busy@F000130|group_formation@BW,boarding,2.347882318349002,0.0,0.0,2026-07-31T13:17:35.895319+02:00,2026-07-31T13:19:56.768258+02:00
47873.96341265811,48033.05916909178,SYN2-065-A:P0002,G:LYBE:LYBV:SYN2-065-A:P0002,EVTOL_004,LYBE,LYBV,before_boarding,selected_plan,aircraft_busy|group_formation,aircraft_busy@F000128|group_formation@LYBE,cruise,2.651595940561189,0.0,0.0,2026-07-31T13:17:53.963413+02:00,2026-07-31T13:20:33.059169+02:00
47996.76825815561,48030.10597762746,SYN2-066-A:P0001,G:LYBE:JUG:SYN2-066-A:P0001,EVTOL_001,LYBE,JUG,before_boarding,selected_plan,aircraft_busy|group_formation,aircraft_busy@F000130|group_formation@LYBE,boarding,0.5556286578642661,0.0,0.0,2026-07-31T13:19:56.768258+02:00,2026-07-31T13:20:30.105978+02:00
47996.76825815561,48152.426753663545,SYN2-367-D:P0002,G:BW:LYBE:SYN2-367-D:P0002,EVTOL_002,BW,LYBE,before_boarding,selected_plan,aircraft_busy|group_formation,aircraft_busy@F000132|group_formation@BW,boarding,2.594308258465632,0.0,0.0,2026-07-31T13:19:56.768258+02:00,2026-07-31T13:22:32.426754+02:00
47996.76825815561,48152.426753663545,SYN2-367-D:P0001,G:BW:LYBE:SYN2-367-D:P0002,EVTOL_002,BW,LYBE,before_boarding,selected_plan,aircraft_busy|group_formation,aircraft_busy@F000132|group_formation@BW,boarding,2.594308258465632,0.0,0.0,2026-07-31T13:19:56.768258+02:00,2026-07-31T13:22:32.426754+02:00
48030.10597762746,48037.43555507222,SYN2-066-A:P0001,G:LYBE:JUG:SYN2-066-A:P0001,EVTOL_001,LYBE,JUG,before_boarding,selected_plan,aircraft_busy|group_formation,aircraft_busy@F000130|group_formation@LYBE,waiting_for_tlof,0.1221596240792375,0.0,0.0,2026-07-31T13:20:30.105978+02:00,2026-07-31T13:20:37.435555+02:00
48030.10597762746,48037.43555507222,SYN2-052-A:P0001,G:LYBE:BW:SYN2-052-A:P0001,EVTOL_001,LYBE,BW,after_boarding,committed_flight,battery_at_origin,battery_at_origin@LYBE,waiting_for_departure,0.1221596240792375,0.0,0.1221596240792375,2026-07-31T13:20:30.105978+02:00,2026-07-31T13:20:37.435555+02:00
48030.10597762746,48037.43555507222,SYN2-069-A:P0001,G:LYBE:BW:SYN2-052-A:P0001,EVTOL_001,LYBE,BW,after_boarding,committed_flight,battery_at_origin,battery_at_origin@LYBE,waiting_for_departure,0.1221596240792375,0.0,0.1221596240792375,2026-07-31T13:20:30.105978+02:00,2026-07-31T13:20:37.435555+02:00
48033.05916909178,48210.41160065811,SYN2-065-A:P0002,G:LYBE:LYBV:SYN2-065-A:P0002,EVTOL_004,LYBE,LYBV,before_boarding,selected_plan,aircraft_busy,aircraft_busy@F000128,cruise,2.9558738594388463,2.9558738594388463,0.0,2026-07-31T13:20:33.059169+02:00,2026-07-31T13:23:30.411601+02:00
48037.43555507222,48097.43555507222,SYN2-066-A:P0001,G:LYBE:JUG:SYN2-066-A:P0001,EVTOL_001,LYBE,JUG,before_boarding,selected_plan,aircraft_busy|group_formation,aircraft_busy@F000130|group_formation@LYBE,departure_finalization,1.0,0.0,0.0,2026-07-31T13:20:37.435555+02:00,2026-07-31T13:21:37.435555+02:00
48037.43555507222,48097.43555507222,SYN2-052-A:P0001,G:LYBE:BW:SYN2-052-A:P0001,EVTOL_001,LYBE,BW,departure_preparation,committed_flight,departure_preparation,departure_preparation@LYBE,departure_finalization,1.0,0.0,0.0,2026-07-31T13:20:37.435555+02:00,2026-07-31T13:21:37.435555+02:00
48037.43555507222,48097.43555507222,SYN2-069-A:P0001,G:LYBE:BW:SYN2-052-A:P0001,EVTOL_001,LYBE,BW,departure_preparation,committed_flight,departure_preparation,departure_preparation@LYBE,departure_finalization,1.0,0.0,0.0,2026-07-31T13:20:37.435555+02:00,2026-07-31T13:21:37.435555+02:00
48060.59531838536,48430.433394081665,SYN2-166-A:P0001,G:LYBE:DOR:SYN2-166-A:P0001,EVTOL_003,LYBE,DOR,after_boarding,committed_flight,battery_after_repositioning,battery_after_repositioning@LYBE,waiting_for_departure,6.163967928271692,0.0,6.163967928271692,2026-07-31T13:21:00.595318+02:00,2026-07-31T13:27:10.433394+02:00
48097.43555507222,48137.43555507222,SYN2-066-A:P0001,G:LYBE:JUG:SYN2-066-A:P0001,EVTOL_001,LYBE,JUG,before_boarding,selected_plan,aircraft_busy|group_formation,aircraft_busy@F000130|group_formation@LYBE,takeoff,0.6666666666666666,0.0,0.0,2026-07-31T13:21:37.435555+02:00,2026-07-31T13:22:17.435555+02:00
48137.43555507222,48362.27137707222,SYN2-066-A:P0001,G:LYBE:JUG:SYN2-066-A:P0001,EVTOL_001,LYBE,JUG,before_boarding,selected_plan,aircraft_busy|group_formation,aircraft_busy@F000130|group_formation@LYBE,cruise,3.747263700000015,0.0,0.0,2026-07-31T13:22:17.435555+02:00,2026-07-31T13:26:02.271377+02:00
48152.426753663545,48201.153769267185,SYN2-367-D:P0002,G:BW:LYBE:SYN2-367-D:P0002,EVTOL_002,BW,LYBE,before_boarding,selected_plan,aircraft_busy|group_formation,aircraft_busy@F000132|group_formation@BW,waiting_for_tlof,0.8121169267273217,0.0,0.0,2026-07-31T13:22:32.426754+02:00,2026-07-31T13:23:21.153769+02:00
48152.426753663545,48201.153769267185,SYN2-367-D:P0001,G:BW:LYBE:SYN2-367-D:P0002,EVTOL_002,BW,LYBE,before_boarding,selected_plan,aircraft_busy|group_formation,aircraft_busy@F000132|group_formation@BW,waiting_for_tlof,0.8121169267273217,0.0,0.0,2026-07-31T13:22:32.426754+02:00,2026-07-31T13:23:21.153769+02:00
48152.426753663545,48210.41160065811,SYN2-065-A:P0001,G:LYBE:JUG:SYN2-065-A:P0001,EVTOL_002,LYBE,JUG,after_boarding,committed_flight,origin_tlof,origin_tlof@LYBE,waiting_for_departure,0.9664141165760763,0.0,0.9664141165760763,2026-07-31T13:22:32.426754+02:00,2026-07-31T13:23:30.411601+02:00
48152.426753663545,48210.41160065811,SYN2-168-A:P0001,G:LYBE:JUG:SYN2-065-A:P0001,EVTOL_002,LYBE,JUG,after_boarding,committed_flight,origin_tlof,origin_tlof@LYBE,waiting_for_departure,0.9664141165760763,0.0,0.9664141165760763,2026-07-31T13:22:32.426754+02:00,2026-07-31T13:23:30.411601+02:00
48201.153769267185,48210.41160065811,SYN2-367-D:P0002,G:BW:LYBE:SYN2-367-D:P0002,EVTOL_002,BW,LYBE,before_boarding,selected_plan,aircraft_busy,aircraft_busy@F000132,waiting_for_tlof,0.1542971898487546,0.1542971898487546,0.0,2026-07-31T13:23:21.153769+02:00,2026-07-31T13:23:30.411601+02:00
48201.153769267185,48210.41160065811,SYN2-367-D:P0001,G:BW:LYBE:SYN2-367-D:P0002,EVTOL_002,BW,LYBE,before_boarding,selected_plan,aircraft_busy,aircraft_busy@F000132,waiting_for_tlof,0.1542971898487546,0.0,0.0,2026-07-31T13:23:21.153769+02:00,2026-07-31T13:23:30.411601+02:00
48210.41160065811,48270.41160065811,SYN2-065-A:P0002,G:LYBE:LYBV:SYN2-065-A:P0002,EVTOL_004,LYBE,LYBV,before_boarding,selected_plan,aircraft_busy,aircraft_busy@F000128,landing,1.0,1.0,0.0,2026-07-31T13:23:30.411601+02:00,2026-07-31T13:24:30.411601+02:00
48210.41160065811,48270.41160065811,SYN2-367-D:P0002,G:BW:LYBE:SYN2-367-D:P0002,EVTOL_002,BW,LYBE,before_boarding,selected_plan,aircraft_busy,aircraft_busy@F000132,departure_finalization,1.0,1.0,0.0,2026-07-31T13:23:30.411601+02:00,2026-07-31T13:24:30.411601+02:00
48210.41160065811,48270.41160065811,SYN2-367-D:P0001,G:BW:LYBE:SYN2-367-D:P0002,EVTOL_002,BW,LYBE,before_boarding,selected_plan,aircraft_busy,aircraft_busy@F000132,departure_finalization,1.0,0.0,0.0,2026-07-31T13:23:30.411601+02:00,2026-07-31T13:24:30.411601+02:00
48210.41160065811,48270.41160065811,SYN2-065-A:P0001,G:LYBE:JUG:SYN2-065-A:P0001,EVTOL_002,LYBE,JUG,departure_preparation,committed_flight,departure_preparation,departure_preparation@LYBE,departure_finalization,1.0,0.0,0.0,2026-07-31T13:23:30.411601+02:00,2026-07-31T13:24:30.411601+02:00
48210.41160065811,48270.41160065811,SYN2-168-A:P0001,G:LYBE:JUG:SYN2-065-A:P0001,EVTOL_002,LYBE,JUG,departure_preparation,committed_flight,departure_preparation,departure_preparation@LYBE,departure_finalization,1.0,0.0,0.0,2026-07-31T13:23:30.411601+02:00,2026-07-31T13:24:30.411601+02:00
48270.41160065811,48462.41160065811,SYN2-065-A:P0002,G:LYBE:LYBV:SYN2-065-A:P0002,EVTOL_004,LYBE,LYBV,before_boarding,selected_plan,aircraft_busy,aircraft_busy@F000128,disembarking,3.2,3.2,0.0,2026-07-31T13:24:30.411601+02:00,2026-07-31T13:27:42.411601+02:00
48270.41160065811,48310.41160065811,SYN2-367-D:P0002,G:BW:LYBE:SYN2-367-D:P0002,EVTOL_002,BW,LYBE,before_boarding,selected_plan,aircraft_busy,aircraft_busy@F000132,takeoff,0.6666666666666666,0.6666666666666666,0.0,2026-07-31T13:24:30.411601+02:00,2026-07-31T13:25:10.411601+02:00
48270.41160065811,48310.41160065811,SYN2-367-D:P0001,G:BW:LYBE:SYN2-367-D:P0002,EVTOL_002,BW,LYBE,before_boarding,selected_plan,aircraft_busy,aircraft_busy@F000132,takeoff,0.6666666666666666,0.0,0.0,2026-07-31T13:24:30.411601+02:00,2026-07-31T13:25:10.411601+02:00
48310.41160065811,48616.130371121886,SYN2-367-D:P0002,G:BW:LYBE:SYN2-367-D:P0002,EVTOL_002,BW,LYBE,before_boarding,selected_plan,aircraft_busy,aircraft_busy@F000132,cruise,5.095312841062938,5.095312841062938,0.0,2026-07-31T13:25:10.411601+02:00,2026-07-31T13:30:16.130371+02:00
48310.41160065811,48616.130371121886,SYN2-367-D:P0001,G:BW:LYBE:SYN2-367-D:P0002,EVTOL_002,BW,LYBE,before_boarding,selected_plan,aircraft_busy,aircraft_busy@F000132,cruise,5.095312841062938,0.0,0.0,2026-07-31T13:25:10.411601+02:00,2026-07-31T13:30:16.130371+02:00
48362.27137707222,48422.27137707222,SYN2-066-A:P0001,G:LYBE:JUG:SYN2-066-A:P0001,EVTOL_001,LYBE,JUG,before_boarding,selected_plan,aircraft_busy|group_formation,aircraft_busy@F000130|group_formation@LYBE,landing,1.0,0.0,0.0,2026-07-31T13:26:02.271377+02:00,2026-07-31T13:27:02.271377+02:00
48422.27137707222,48614.27137707222,SYN2-066-A:P0001,G:LYBE:JUG:SYN2-066-A:P0001,EVTOL_001,LYBE,JUG,before_boarding,selected_plan,aircraft_busy|group_formation,aircraft_busy@F000130|group_formation@LYBE,disembarking,3.2,0.0,0.0,2026-07-31T13:27:02.271377+02:00,2026-07-31T13:30:14.271377+02:00
48430.433394081665,48490.433394081665,SYN2-166-A:P0001,G:LYBE:DOR:SYN2-166-A:P0001,EVTOL_003,LYBE,DOR,departure_preparation,committed_flight,departure_preparation,departure_preparation@LYBE,departure_finalization,1.0,0.0,0.0,2026-07-31T13:27:10.433394+02:00,2026-07-31T13:28:10.433394+02:00
48614.27137707222,48896.76825815561,SYN2-066-A:P0001,G:LYBE:JUG:SYN2-066-A:P0001,EVTOL_001,LYBE,JUG,before_boarding,selected_plan,battery_before_repositioning|group_formation,battery_before_repositioning@BW|group_formation@LYBE,idle,4.7082813513898145,0.0,0.0,2026-07-31T13:30:14.271377+02:00,2026-07-31T13:34:56.768258+02:00
48616.130371121886,48628.21391265811,SYN2-070-A:P0001,G:LYBE:BW:SYN2-070-A:P0001,EVTOL_002,LYBE,BW,before_boarding,selected_plan,aircraft_busy|group_formation,aircraft_busy@F000132|group_formation@LYBE,cruise,0.2013923589370582,0.0,0.0,2026-07-31T13:30:16.130371+02:00,2026-07-31T13:30:28.213913+02:00
48616.130371121886,48858.23360808167,SYN2-367-D:P0002,G:BW:LYBE:SYN2-367-D:P0002,EVTOL_003,BW,LYBE,before_boarding,selected_plan,aircraft_busy,aircraft_busy@F000131,cruise,4.035053949329692,4.035053949329692,0.0,2026-07-31T13:30:16.130371+02:00,2026-07-31T13:34:18.233608+02:00
48616.130371121886,48858.23360808167,SYN2-367-D:P0001,G:BW:LYBE:SYN2-367-D:P0002,EVTOL_003,BW,LYBE,before_boarding,selected_plan,aircraft_busy,aircraft_busy@F000131,cruise,4.035053949329692,1.705638150450007,0.0,2026-07-31T13:30:16.130371+02:00,2026-07-31T13:34:18.233608+02:00
48628.21391265811,48688.21391265811,SYN2-070-A:P0001,G:LYBE:BW:SYN2-070-A:P0001,EVTOL_002,LYBE,BW,before_boarding,selected_plan,aircraft_busy|group_formation,aircraft_busy@F000132|group_formation@LYBE,landing,1.0,0.0,0.0,2026-07-31T13:30:28.213913+02:00,2026-07-31T13:31:28.213913+02:00
48657.41160065811,48833.97456860292,SYN2-065-A:P0002,G:LYBE:LYBV:SYN2-065-A:P0002,EVTOL_004,LYBE,LYBV,after_boarding,committed_flight,battery_at_origin,battery_at_origin@LYBE,waiting_for_departure,2.9427161324135036,0.0,2.9427161324135036,2026-07-31T13:30:57.411601+02:00,2026-07-31T13:33:53.974569+02:00
48688.21391265811,48880.21391265811,SYN2-070-A:P0001,G:LYBE:BW:SYN2-070-A:P0001,EVTOL_002,LYBE,BW,before_boarding,selected_plan,aircraft_busy|group_formation,aircraft_busy@F000132|group_formation@LYBE,disembarking,3.2,0.0,0.0,2026-07-31T13:31:28.213913+02:00,2026-07-31T13:34:40.213913+02:00
48833.97456860292,48893.97456860292,SYN2-065-A:P0002,G:LYBE:LYBV:SYN2-065-A:P0002,EVTOL_004,LYBE,LYBV,departure_preparation,committed_flight,departure_preparation,departure_preparation@LYBE,departure_finalization,1.0,0.0,0.0,2026-07-31T13:33:53.974569+02:00,2026-07-31T13:34:53.974569+02:00
48858.23360808167,48918.23360808167,SYN2-367-D:P0002,G:BW:LYBE:SYN2-367-D:P0002,EVTOL_003,BW,LYBE,before_boarding,selected_plan,aircraft_busy,aircraft_busy@F000131,landing,1.0,1.0,0.0,2026-07-31T13:34:18.233608+02:00,2026-07-31T13:35:18.233608+02:00
48858.23360808167,48918.23360808167,SYN2-367-D:P0001,G:BW:LYBE:SYN2-367-D:P0002,EVTOL_003,BW,LYBE,before_boarding,selected_plan,aircraft_busy,aircraft_busy@F000131,landing,1.0,1.0,0.0,2026-07-31T13:34:18.233608+02:00,2026-07-31T13:35:18.233608+02:00
48880.21391265811,49142.474264470955,SYN2-070-A:P0001,G:LYBE:BW:SYN2-070-A:P0001,EVTOL_002,LYBE,BW,before_boarding,selected_plan,battery_before_repositioning|group_formation,battery_before_repositioning@JUG|group_formation@LYBE,idle,4.371005863547422,0.0,0.0,2026-07-31T13:34:40.213913+02:00,2026-07-31T13:39:02.474264+02:00
48896.76825815561,48896.920272368516,SYN2-066-A:P0001,G:LYBE:JUG:SYN2-066-A:P0001,EVTOL_001,LYBE,JUG,before_boarding,selected_plan,battery_before_repositioning,battery_before_repositioning@BW,idle,0.002533570215139965,0.002533570215139965,0.0,2026-07-31T13:34:56.768258+02:00,2026-07-31T13:34:56.920272+02:00
48896.920272368516,48956.920272368516,SYN2-066-A:P0001,G:LYBE:JUG:SYN2-066-A:P0001,EVTOL_001,LYBE,JUG,before_boarding,selected_plan,departure_preparation,departure_preparation@BW,departure_finalization,1.0,1.0,0.0,2026-07-31T13:34:56.920272+02:00,2026-07-31T13:35:56.920272+02:00
48918.23360808167,49044.23360808167,SYN2-367-D:P0002,G:BW:LYBE:SYN2-367-D:P0002,EVTOL_003,BW,LYBE,before_boarding,selected_plan,aircraft_busy,aircraft_busy@F000131,disembarking,2.1,2.1,0.0,2026-07-31T13:35:18.233608+02:00,2026-07-31T13:37:24.233608+02:00
48918.23360808167,49044.23360808167,SYN2-367-D:P0001,G:BW:LYBE:SYN2-367-D:P0002,EVTOL_003,BW,LYBE,before_boarding,selected_plan,aircraft_busy,aircraft_busy@F000131,disembarking,2.1,2.1,0.0,2026-07-31T13:35:18.233608+02:00,2026-07-31T13:37:24.233608+02:00
48956.920272368516,48996.920272368516,SYN2-066-A:P0001,G:LYBE:JUG:SYN2-066-A:P0001,EVTOL_001,LYBE,JUG,before_boarding,selected_plan,repositioning_flight,repositioning_flight@LYBE,takeoff,0.6666666666666666,0.6666666666666666,0.0,2026-07-31T13:35:56.920272+02:00,2026-07-31T13:36:36.920272+02:00
48996.920272368516,49221.75609436852,SYN2-066-A:P0001,G:LYBE:JUG:SYN2-066-A:P0001,EVTOL_001,LYBE,JUG,before_boarding,selected_plan,repositioning_flight,repositioning_flight@LYBE,cruise,3.747263700000015,3.747263700000015,0.0,2026-07-31T13:36:36.920272+02:00,2026-07-31T13:40:21.756094+02:00
49044.23360808167,49071.55408829247,SYN2-367-D:P0002,G:BW:LYBE:SYN2-367-D:P0002,EVTOL_003,BW,LYBE,before_boarding,selected_plan,battery_before_repositioning,battery_before_repositioning@DOR,idle,0.4553413368466863,0.4553413368466863,0.0,2026-07-31T13:37:24.233608+02:00,2026-07-31T13:37:51.554088+02:00
49044.23360808167,49071.55408829247,SYN2-367-D:P0001,G:BW:LYBE:SYN2-367-D:P0002,EVTOL_003,BW,LYBE,before_boarding,selected_plan,battery_before_repositioning,battery_before_repositioning@DOR,idle,0.4553413368466863,0.4553413368466863,0.0,2026-07-31T13:37:24.233608+02:00,2026-07-31T13:37:51.554088+02:00
49071.55408829247,49474.87266737796,SYN2-071-A:P0002,G:LYBE:DOR:SYN2-071-A:P0002,EVTOL_003,LYBE,DOR,before_boarding,selected_plan,battery_before_repositioning|group_formation,battery_before_repositioning@DOR|group_formation@LYBE,idle,6.721976318091523,0.0,0.0,2026-07-31T13:37:51.554088+02:00,2026-07-31T13:44:34.872667+02:00
49071.55408829247,49097.58317143745,SYN2-367-D:P0002,G:BW:LYBE:SYN2-367-D:P0002,EVTOL_004,BW,LYBE,before_boarding,selected_plan,aircraft_busy,aircraft_busy@F000133,cruise,0.4338180524163666,0.4338180524163666,0.0,2026-07-31T13:37:51.554088+02:00,2026-07-31T13:38:17.583171+02:00
49071.55408829247,49097.58317143745,SYN2-367-D:P0001,G:BW:LYBE:SYN2-367-D:P0002,EVTOL_004,BW,LYBE,before_boarding,selected_plan,aircraft_busy,aircraft_busy@F000133,cruise,0.4338180524163666,0.4338180524163666,0.0,2026-07-31T13:37:51.554088+02:00,2026-07-31T13:38:17.583171+02:00
49097.58317143745,49270.42275660292,SYN2-169-A:P0001,G:LYBE:LYBV:SYN2-169-A:P0001,EVTOL_004,LYBE,LYBV,before_boarding,selected_plan,aircraft_busy|group_formation,aircraft_busy@F000133|group_formation@LYBE,cruise,2.880659752757856,0.0,0.0,2026-07-31T13:38:17.583171+02:00,2026-07-31T13:41:10.422757+02:00
49097.58317143745,49330.42275660292,SYN2-367-D:P0002,G:BW:LYBE:SYN2-367-D:P0002,,BW,LYBE,before_boarding,candidate_set,priority_other_group,,,3.880659752757856,3.880659752757856,0.0,2026-07-31T13:38:17.583171+02:00,2026-07-31T13:42:10.422757+02:00
49097.58317143745,49330.42275660292,SYN2-367-D:P0001,G:BW:LYBE:SYN2-367-D:P0002,,BW,LYBE,before_boarding,candidate_set,priority_other_group,,,3.880659752757856,3.880659752757856,0.0,2026-07-31T13:38:17.583171+02:00,2026-07-31T13:42:10.422757+02:00
49142.474264470955,49202.474264470955,SYN2-070-A:P0001,G:LYBE:BW:SYN2-070-A:P0001,EVTOL_002,LYBE,BW,before_boarding,selected_plan,departure_preparation|group_formation,departure_preparation@JUG|group_formation@LYBE,departure_finalization,1.0,0.0,0.0,2026-07-31T13:39:02.474264+02:00,2026-07-31T13:40:02.474264+02:00
49149.79057519288,49676.34847888427,SYN2-300-D:P0003,G:JUG:LYBE:SYN2-300-D:P0003,,JUG,LYBE,before_boarding,candidate_set,group_formation|priority_other_group,group_formation@JUG,,8.77596506152319,0.0,0.0,2026-07-31T13:39:09.790575+02:00,2026-07-31T13:47:56.348479+02:00
49202.474264470955,49242.474264470955,SYN2-070-A:P0001,G:LYBE:BW:SYN2-070-A:P0001,EVTOL_002,LYBE,BW,before_boarding,selected_plan,group_formation|repositioning_flight,group_formation@LYBE|repositioning_flight@LYBE,takeoff,0.6666666666666666,0.0,0.0,2026-07-31T13:40:02.474264+02:00,2026-07-31T13:40:42.474264+02:00
49221.75609436852,49281.75609436852,SYN2-066-A:P0001,G:LYBE:JUG:SYN2-066-A:P0001,EVTOL_001,LYBE,JUG,before_boarding,selected_plan,repositioning_flight,repositioning_flight@LYBE,landing,1.0,1.0,0.0,2026-07-31T13:40:21.756094+02:00,2026-07-31T13:41:21.756094+02:00
49242.474264470955,49516.130371121886,SYN2-070-A:P0001,G:LYBE:BW:SYN2-070-A:P0001,EVTOL_002,LYBE,BW,before_boarding,selected_plan,group_formation|repositioning_flight,group_formation@LYBE|repositioning_flight@LYBE,cruise,4.560935110848853,0.0,0.0,2026-07-31T13:40:42.474264+02:00,2026-07-31T13:45:16.130371+02:00
49270.42275660292,49330.42275660292,SYN2-169-A:P0001,G:LYBE:LYBV:SYN2-169-A:P0001,EVTOL_004,LYBE,LYBV,before_boarding,selected_plan,aircraft_busy|group_formation,aircraft_busy@F000133|group_formation@LYBE,landing,1.0,0.0,0.0,2026-07-31T13:41:10.422757+02:00,2026-07-31T13:42:10.422757+02:00
49330.42275660292,49456.42275660292,SYN2-169-A:P0001,G:LYBE:LYBV:SYN2-169-A:P0001,EVTOL_004,LYBE,LYBV,before_boarding,selected_plan,aircraft_busy|group_formation,aircraft_busy@F000133|group_formation@LYBE,disembarking,2.1,0.0,0.0,2026-07-31T13:42:10.422757+02:00,2026-07-31T13:44:16.422757+02:00
49330.42275660292,49476.75609436852,SYN2-367-D:P0002,G:BW:LYBE:SYN2-367-D:P0002,EVTOL_001,BW,LYBE,before_boarding,selected_plan,aircraft_busy,aircraft_busy@F000136,boarding,2.438888962759908,2.438888962759908,0.0,2026-07-31T13:42:10.422757+02:00,2026-07-31T13:44:36.756094+02:00
49330.42275660292,49476.75609436852,SYN2-367-D:P0001,G:BW:LYBE:SYN2-367-D:P0002,EVTOL_001,BW,LYBE,before_boarding,selected_plan,aircraft_busy,aircraft_busy@F000136,boarding,2.438888962759908,2.438888962759908,0.0,2026-07-31T13:42:10.422757+02:00,2026-07-31T13:44:36.756094+02:00
49456.42275660292,49893.98572454773,SYN2-169-A:P0001,G:LYBE:LYBV:SYN2-169-A:P0001,EVTOL_004,LYBE,LYBV,before_boarding,selected_plan,battery_before_repositioning|group_formation,battery_before_repositioning@LYBV|group_formation@LYBE,idle,7.292716132413504,0.0,0.0,2026-07-31T13:44:16.422757+02:00,2026-07-31T13:51:33.985725+02:00
49474.87266737796,49510.03653449815,SYN2-071-A:P0002,G:LYBE:DOR:SYN2-071-A:P0002,EVTOL_003,LYBE,DOR,before_boarding,selected_plan,destination_tlof|group_formation,destination_tlof@LYBE|group_formation@LYBE,idle,0.5860644520031201,0.0,0.0,2026-07-31T13:44:34.872667+02:00,2026-07-31T13:45:10.036534+02:00
49476.75609436852,49676.34847888427,SYN2-367-D:P0002,G:BW:LYBE:SYN2-367-D:P0002,EVTOL_001,BW,LYBE,before_boarding,selected_plan,aircraft_busy,aircraft_busy@F000136,waiting_for_tlof,3.3265397419292033,3.3265397419292033,0.0,2026-07-31T13:44:36.756094+02:00,2026-07-31T13:47:56.348479+02:00
49476.75609436852,49676.34847888427,SYN2-367-D:P0001,G:BW:LYBE:SYN2-367-D:P0002,EVTOL_001,BW,LYBE,before_boarding,selected_plan,aircraft_busy,aircraft_busy@F000136,waiting_for_tlof,3.3265397419292033,3.3265397419292033,0.0,2026-07-31T13:44:36.756094+02:00,2026-07-31T13:47:56.348479+02:00
49476.75609436852,49837.83674849815,SYN2-066-A:P0001,G:LYBE:JUG:SYN2-066-A:P0001,EVTOL_001,LYBE,JUG,after_boarding,committed_flight,battery_after_repositioning,battery_after_repositioning@LYBE,waiting_for_departure,6.0180109021605555,0.0,6.0180109021605555,2026-07-31T13:44:36.756094+02:00,2026-07-31T13:50:37.836748+02:00
49510.03653449815,49570.03653449815,SYN2-071-A:P0002,G:LYBE:DOR:SYN2-071-A:P0002,EVTOL_003,LYBE,DOR,before_boarding,selected_plan,departure_preparation|group_formation,departure_preparation@DOR|group_formation@LYBE,departure_finalization,1.0,0.0,0.0,2026-07-31T13:45:10.036534+02:00,2026-07-31T13:46:10.036534+02:00
49516.130371121886,49560.276576470955,SYN2-070-A:P0001,G:LYBE:BW:SYN2-070-A:P0001,EVTOL_002,LYBE,BW,before_boarding,selected_plan,repositioning_flight,repositioning_flight@LYBE,cruise,0.7357700891511437,0.7357700891511437,0.0,2026-07-31T13:45:16.130371+02:00,2026-07-31T13:46:00.276576+02:00
49560.276576470955,49620.276576470955,SYN2-070-A:P0001,G:LYBE:BW:SYN2-070-A:P0001,EVTOL_002,LYBE,BW,before_boarding,selected_plan,repositioning_flight,repositioning_flight@LYBE,landing,1.0,1.0,0.0,2026-07-31T13:46:00.276576+02:00,2026-07-31T13:47:00.276576+02:00
49570.03653449815,49610.03653449815,SYN2-071-A:P0002,G:LYBE:DOR:SYN2-071-A:P0002,EVTOL_003,LYBE,DOR,before_boarding,selected_plan,group_formation|repositioning_flight,group_formation@LYBE|repositioning_flight@LYBE,takeoff,0.6666666666666666,0.0,0.0,2026-07-31T13:46:10.036534+02:00,2026-07-31T13:46:50.036534+02:00
49593.990616869174,49676.34847888427,SYN2-300-D:P0001,G:BW:LYBE:SYN2-367-D:P0002,EVTOL_001,BW,LYBE,before_boarding,selected_plan,aircraft_busy,aircraft_busy@F000136,waiting_for_tlof,1.3726310335849121,0.0,0.0,2026-07-31T13:46:33.990617+02:00,2026-07-31T13:47:56.348479+02:00
49610.03653449815,49893.98572454773,SYN2-071-A:P0002,G:LYBE:DOR:SYN2-071-A:P0002,EVTOL_003,LYBE,DOR,before_boarding,selected_plan,group_formation|repositioning_flight,group_formation@LYBE|repositioning_flight@LYBE,cruise,4.7324865008264165,0.0,0.0,2026-07-31T13:46:50.036534+02:00,2026-07-31T13:51:33.985725+02:00
49676.34847888427,49815.276576470955,SYN2-367-D:P0002,G:BW:LYBE:SYN2-367-D:P0002,EVTOL_002,BW,LYBE,before_boarding,selected_plan,aircraft_busy,aircraft_busy@F000138,boarding,2.3154682931114317,2.3154682931114317,0.0,2026-07-31T13:47:56.348479+02:00,2026-07-31T13:50:15.276576+02:00
49676.34847888427,49815.276576470955,SYN2-367-D:P0001,G:BW:LYBE:SYN2-367-D:P0002,EVTOL_002,BW,LYBE,before_boarding,selected_plan,aircraft_busy,aircraft_busy@F000138,boarding,2.3154682931114317,2.3154682931114317,0.0,2026-07-31T13:47:56.348479+02:00,2026-07-31T13:50:15.276576+02:00
49676.34847888427,49815.276576470955,SYN2-300-D:P0001,G:BW:LYBE:SYN2-367-D:P0002,EVTOL_002,BW,LYBE,before_boarding,selected_plan,aircraft_busy,aircraft_busy@F000138,boarding,2.3154682931114317,0.0,0.0,2026-07-31T13:47:56.348479+02:00,2026-07-31T13:50:15.276576+02:00
49676.34847888427,49815.276576470955,SYN2-299-D:P0001,G:BW:LYBE:SYN2-367-D:P0002,EVTOL_002,BW,LYBE,before_boarding,selected_plan,aircraft_busy,aircraft_busy@F000138,boarding,2.3154682931114317,0.0,0.0,2026-07-31T13:47:56.348479+02:00,2026-07-31T13:50:15.276576+02:00
49676.34847888427,49837.83674849815,SYN2-300-D:P0003,G:JUG:LYBE:SYN2-300-D:P0003,EVTOL_001,JUG,LYBE,before_boarding,selected_plan,aircraft_busy|group_formation,aircraft_busy@F000136|group_formation@JUG,waiting_for_tlof,2.691471160231352,0.0,0.0,2026-07-31T13:47:56.348479+02:00,2026-07-31T13:50:37.836748+02:00
49815.276576470955,49893.98572454773,SYN2-367-D:P0002,G:BW:LYBE:SYN2-367-D:P0002,EVTOL_002,BW,LYBE,before_boarding,selected_plan,aircraft_busy,aircraft_busy@F000138,waiting_for_tlof,1.3118191346129606,1.3118191346129606,0.0,2026-07-31T13:50:15.276576+02:00,2026-07-31T13:51:33.985725+02:00
49815.276576470955,49893.98572454773,SYN2-367-D:P0001,G:BW:LYBE:SYN2-367-D:P0002,EVTOL_002,BW,LYBE,before_boarding,selected_plan,aircraft_busy,aircraft_busy@F000138,waiting_for_tlof,1.3118191346129606,1.3118191346129606,0.0,2026-07-31T13:50:15.276576+02:00,2026-07-31T13:51:33.985725+02:00
49815.276576470955,49893.98572454773,SYN2-300-D:P0001,G:BW:LYBE:SYN2-367-D:P0002,EVTOL_002,BW,LYBE,before_boarding,selected_plan,aircraft_busy,aircraft_busy@F000138,waiting_for_tlof,1.3118191346129606,0.0,0.0,2026-07-31T13:50:15.276576+02:00,2026-07-31T13:51:33.985725+02:00
49815.276576470955,49893.98572454773,SYN2-299-D:P0001,G:BW:LYBE:SYN2-367-D:P0002,EVTOL_002,BW,LYBE,before_boarding,selected_plan,aircraft_busy,aircraft_busy@F000138,waiting_for_tlof,1.3118191346129606,0.0,0.0,2026-07-31T13:50:15.276576+02:00,2026-07-31T13:51:33.985725+02:00
49815.276576470955,49893.98572454773,SYN2-070-A:P0001,G:LYBE:BW:SYN2-070-A:P0001,EVTOL_002,LYBE,BW,after_boarding,committed_flight,battery_after_repositioning,battery_after_repositioning@LYBE,waiting_for_departure,1.3118191346129606,0.0,1.3118191346129606,2026-07-31T13:50:15.276576+02:00,2026-07-31T13:51:33.985725+02:00
49837.83674849815,49893.98572454773,SYN2-300-D:P0003,G:JUG:LYBE:SYN2-300-D:P0003,EVTOL_001,JUG,LYBE,before_boarding,selected_plan,aircraft_busy|group_formation,aircraft_busy@F000136|group_formation@JUG,departure_finalization,0.9358162674930403,0.0,0.0,2026-07-31T13:50:37.836748+02:00,2026-07-31T13:51:33.985725+02:00
49837.83674849815,49893.98572454773,SYN2-066-A:P0001,G:LYBE:JUG:SYN2-066-A:P0001,EVTOL_001,LYBE,JUG,departure_preparation,committed_flight,departure_preparation,departure_preparation@LYBE,departure_finalization,0.9358162674930403,0.0,0.0,2026-07-31T13:50:37.836748+02:00,2026-07-31T13:51:33.985725+02:00
49893.98572454774,49937.83674849815,SYN2-071-A:P0002,G:LYBE:DOR:SYN2-071-A:P0002,EVTOL_003,LYBE,DOR,before_boarding,selected_plan,group_formation|repositioning_flight,group_formation@LYBE|repositioning_flight@LYBE,cruise,0.7308503991735051,0.0,0.0,2026-07-31T13:51:33.985725+02:00,2026-07-31T13:52:17.836748+02:00
49893.98572454774,49953.98572454774,SYN2-169-A:P0001,G:LYBE:LYBV:SYN2-169-A:P0001,EVTOL_004,LYBE,LYBV,before_boarding,selected_plan,departure_preparation|group_formation,departure_preparation@LYBV|group_formation@LYBE,departure_finalization,1.0,0.0,0.0,2026-07-31T13:51:33.985725+02:00,2026-07-31T13:52:33.985725+02:00
49893.98572454774,50038.99321625003,SYN2-367-D:P0002,G:BW:LYBE:SYN2-367-D:P0002,EVTOL_002,BW,LYBE,before_boarding,selected_plan,aircraft_busy,aircraft_busy@F000138,waiting_for_tlof,2.4167915283715655,2.4167915283715655,0.0,2026-07-31T13:51:33.985725+02:00,2026-07-31T13:53:58.993216+02:00
49893.98572454774,50038.99321625003,SYN2-367-D:P0001,G:BW:LYBE:SYN2-367-D:P0002,EVTOL_002,BW,LYBE,before_boarding,selected_plan,aircraft_busy,aircraft_busy@F000138,waiting_for_tlof,2.4167915283715655,2.4167915283715655,0.0,2026-07-31T13:51:33.985725+02:00,2026-07-31T13:53:58.993216+02:00
49893.98572454774,50038.99321625003,SYN2-300-D:P0001,G:BW:LYBE:SYN2-367-D:P0002,EVTOL_002,BW,LYBE,before_boarding,selected_plan,aircraft_busy,aircraft_busy@F000138,waiting_for_tlof,2.4167915283715655,0.0,0.0,2026-07-31T13:51:33.985725+02:00,2026-07-31T13:53:58.993216+02:00
49893.98572454774,50038.99321625003,SYN2-299-D:P0001,G:BW:LYBE:SYN2-367-D:P0002,EVTOL_002,BW,LYBE,before_boarding,selected_plan,aircraft_busy,aircraft_busy@F000138,waiting_for_tlof,2.4167915283715655,0.0,0.0,2026-07-31T13:51:33.985725+02:00,2026-07-31T13:53:58.993216+02:00
49893.98572454774,49897.83674849815,SYN2-300-D:P0003,G:JUG:LYBE:SYN2-300-D:P0003,EVTOL_001,JUG,LYBE,before_boarding,selected_plan,aircraft_busy|group_formation,aircraft_busy@F000136|group_formation@JUG,departure_finalization,0.06418373250683847,0.0,0.0,2026-07-31T13:51:33.985725+02:00,2026-07-31T13:51:37.836748+02:00
49893.98572454774,49897.83674849815,SYN2-066-A:P0001,G:LYBE:JUG:SYN2-066-A:P0001,EVTOL_001,LYBE,JUG,departure_preparation,committed_flight,departure_preparation,departure_preparation@LYBE,departure_finalization,0.06418373250683847,0.0,0.0,2026-07-31T13:51:33.985725+02:00,2026-07-31T13:51:37.836748+02:00
49893.98572454774,50087.522584600585,SYN2-070-A:P0001,G:LYBE:BW:SYN2-070-A:P0001,EVTOL_002,LYBE,BW,after_boarding,committed_flight,battery_after_repositioning,battery_after_repositioning@LYBE,waiting_for_departure,3.225614334214091,0.0,3.225614334214091,2026-07-31T13:51:33.985725+02:00,2026-07-31T13:54:47.522585+02:00
49897.83674849815,49937.83674849815,SYN2-300-D:P0003,G:JUG:LYBE:SYN2-300-D:P0003,EVTOL_001,JUG,LYBE,before_boarding,selected_plan,aircraft_busy|group_formation,aircraft_busy@F000136|group_formation@JUG,takeoff,0.6666666666666666,0.0,0.0,2026-07-31T13:51:37.836748+02:00,2026-07-31T13:52:17.836748+02:00
49937.83674849815,49971.55408829247,SYN2-071-A:P0002,G:LYBE:DOR:SYN2-071-A:P0002,EVTOL_003,LYBE,DOR,before_boarding,selected_plan,group_formation|repositioning_flight,group_formation@LYBE|repositioning_flight@LYBE,landing,0.5619556632386472,0.0,0.0,2026-07-31T13:52:17.836748+02:00,2026-07-31T13:52:51.554088+02:00
49937.83674849815,50038.99321625003,SYN2-300-D:P0003,G:JUG:LYBE:SYN2-300-D:P0003,EVTOL_001,JUG,LYBE,before_boarding,selected_plan,aircraft_busy|group_formation,aircraft_busy@F000136|group_formation@JUG,cruise,1.6859411291980602,0.0,0.0,2026-07-31T13:52:17.836748+02:00,2026-07-31T13:53:58.993216+02:00
49953.98572454774,49993.98572454774,SYN2-169-A:P0001,G:LYBE:LYBV:SYN2-169-A:P0001,EVTOL_004,LYBE,LYBV,before_boarding,selected_plan,group_formation|repositioning_flight,group_formation@LYBE|repositioning_flight@LYBE,takeoff,0.6666666666666666,0.0,0.0,2026-07-31T13:52:33.985725+02:00,2026-07-31T13:53:13.985725+02:00
49971.55408829247,49997.83674849815,SYN2-071-A:P0002,G:LYBE:DOR:SYN2-071-A:P0002,EVTOL_003,LYBE,DOR,before_boarding,selected_plan,repositioning_flight,repositioning_flight@LYBE,landing,0.4380443367613528,0.4380443367613528,0.0,2026-07-31T13:52:51.554088+02:00,2026-07-31T13:53:17.836748+02:00
49993.98572454774,49997.58317143745,SYN2-169-A:P0001,G:LYBE:LYBV:SYN2-169-A:P0001,EVTOL_004,LYBE,LYBV,before_boarding,selected_plan,group_formation|repositioning_flight,group_formation@LYBE|repositioning_flight@LYBE,cruise,0.05995744816185227,0.0,0.0,2026-07-31T13:53:13.985725+02:00,2026-07-31T13:53:17.583171+02:00
49997.58317143745,50330.43391254774,SYN2-169-A:P0001,G:LYBE:LYBV:SYN2-169-A:P0001,EVTOL_004,LYBE,LYBV,before_boarding,selected_plan,repositioning_flight,repositioning_flight@LYBE,cruise,5.547512351838183,5.547512351838183,0.0,2026-07-31T13:53:17.583171+02:00,2026-07-31T13:58:50.433913+02:00
50038.99321625003,50087.522584600585,SYN2-071-A:P0001,G:LYBE:JUG:SYN2-071-A:P0001,EVTOL_002,LYBE,JUG,before_boarding,selected_plan,aircraft_busy|group_formation,aircraft_busy@F000138|group_formation@LYBE,waiting_for_tlof,0.8088228058425254,0.0,0.0,2026-07-31T13:53:58.993216+02:00,2026-07-31T13:54:47.522585+02:00
50038.99321625003,50255.63906049815,SYN2-367-D:P0002,G:BW:LYBE:SYN2-367-D:P0002,EVTOL_001,BW,LYBE,before_boarding,selected_plan,aircraft_busy,aircraft_busy@F000136,cruise,3.6107640708019364,3.6107640708019364,0.0,2026-07-31T13:53:58.993216+02:00,2026-07-31T13:57:35.639060+02:00
50038.99321625003,50255.63906049815,SYN2-367-D:P0001,G:BW:LYBE:SYN2-367-D:P0002,EVTOL_001,BW,LYBE,before_boarding,selected_plan,aircraft_busy,aircraft_busy@F000136,cruise,3.6107640708019364,3.6107640708019364,0.0,2026-07-31T13:53:58.993216+02:00,2026-07-31T13:57:35.639060+02:00
50038.99321625003,50255.63906049815,SYN2-300-D:P0001,G:BW:LYBE:SYN2-367-D:P0002,EVTOL_001,BW,LYBE,before_boarding,selected_plan,aircraft_busy,aircraft_busy@F000136,cruise,3.6107640708019364,0.0,0.0,2026-07-31T13:53:58.993216+02:00,2026-07-31T13:57:35.639060+02:00
50038.99321625003,50255.63906049815,SYN2-299-D:P0001,G:BW:LYBE:SYN2-367-D:P0002,EVTOL_001,BW,LYBE,before_boarding,selected_plan,aircraft_busy,aircraft_busy@F000136,cruise,3.6107640708019364,0.0,0.0,2026-07-31T13:53:58.993216+02:00,2026-07-31T13:57:35.639060+02:00
50038.99321625003,50049.79057519288,SYN2-300-D:P0003,G:JUG:LYBE:SYN2-300-D:P0003,EVTOL_003,JUG,LYBE,before_boarding,selected_plan,aircraft_busy|group_formation,aircraft_busy@F000140|group_formation@JUG,boarding,0.17995598238073096,0.0,0.0,2026-07-31T13:53:58.993216+02:00,2026-07-31T13:54:09.790575+02:00
50049.79057519288,50192.83674849815,SYN2-300-D:P0003,G:JUG:LYBE:SYN2-300-D:P0003,EVTOL_003,JUG,LYBE,before_boarding,selected_plan,aircraft_busy,aircraft_busy@F000140,boarding,2.384102888421209,2.384102888421209,0.0,2026-07-31T13:54:09.790575+02:00,2026-07-31T13:56:32.836748+02:00
50087.522584600585,50147.522584600585,SYN2-071-A:P0001,G:LYBE:JUG:SYN2-071-A:P0001,EVTOL_002,LYBE,JUG,before_boarding,selected_plan,aircraft_busy|group_formation,aircraft_busy@F000138|group_formation@LYBE,departure_finalization,1.0,0.0,0.0,2026-07-31T13:54:47.522585+02:00,2026-07-31T13:55:47.522585+02:00
50087.522584600585,50147.522584600585,SYN2-070-A:P0001,G:LYBE:BW:SYN2-070-A:P0001,EVTOL_002,LYBE,BW,departure_preparation,committed_flight,departure_preparation,departure_preparation@LYBE,departure_finalization,1.0,0.0,0.0,2026-07-31T13:54:47.522585+02:00,2026-07-31T13:55:47.522585+02:00
50147.522584600585,50187.522584600585,SYN2-071-A:P0001,G:LYBE:JUG:SYN2-071-A:P0001,EVTOL_002,LYBE,JUG,before_boarding,selected_plan,aircraft_busy|group_formation,aircraft_busy@F000138|group_formation@LYBE,takeoff,0.6666666666666666,0.0,0.0,2026-07-31T13:55:47.522585+02:00,2026-07-31T13:56:27.522585+02:00
50187.522584600585,50412.358406600586,SYN2-071-A:P0001,G:LYBE:JUG:SYN2-071-A:P0001,EVTOL_002,LYBE,JUG,before_boarding,selected_plan,aircraft_busy|group_formation,aircraft_busy@F000138|group_formation@LYBE,cruise,3.747263700000015,0.0,0.0,2026-07-31T13:56:27.522585+02:00,2026-07-31T14:00:12.358407+02:00
50192.83674849815,50341.48470800391,SYN2-300-D:P0003,G:JUG:LYBE:SYN2-300-D:P0003,EVTOL_003,JUG,LYBE,before_boarding,selected_plan,aircraft_busy,aircraft_busy@F000140,waiting_for_tlof,2.47746599176268,2.47746599176268,0.0,2026-07-31T13:56:32.836748+02:00,2026-07-31T13:59:01.484708+02:00
50192.83674849815,50520.16631120187,SYN2-071-A:P0002,G:LYBE:DOR:SYN2-071-A:P0002,EVTOL_003,LYBE,DOR,after_boarding,committed_flight,battery_after_repositioning,battery_after_repositioning@LYBE,waiting_for_departure,5.455492711728706,0.0,5.455492711728706,2026-07-31T13:56:32.836748+02:00,2026-07-31T14:02:00.166311+02:00
50255.63906049815,50315.63906049815,SYN2-367-D:P0002,G:BW:LYBE:SYN2-367-D:P0002,EVTOL_001,BW,LYBE,before_boarding,selected_plan,aircraft_busy,aircraft_busy@F000136,landing,1.0,1.0,0.0,2026-07-31T13:57:35.639060+02:00,2026-07-31T13:58:35.639060+02:00
50255.63906049815,50315.63906049815,SYN2-367-D:P0001,G:BW:LYBE:SYN2-367-D:P0002,EVTOL_001,BW,LYBE,before_boarding,selected_plan,aircraft_busy,aircraft_busy@F000136,landing,1.0,1.0,0.0,2026-07-31T13:57:35.639060+02:00,2026-07-31T13:58:35.639060+02:00
50255.63906049815,50315.63906049815,SYN2-300-D:P0001,G:BW:LYBE:SYN2-367-D:P0002,EVTOL_001,BW,LYBE,before_boarding,selected_plan,aircraft_busy,aircraft_busy@F000136,landing,1.0,0.0,0.0,2026-07-31T13:57:35.639060+02:00,2026-07-31T13:58:35.639060+02:00
50255.63906049815,50315.63906049815,SYN2-299-D:P0001,G:BW:LYBE:SYN2-367-D:P0002,EVTOL_001,BW,LYBE,before_boarding,selected_plan,aircraft_busy,aircraft_busy@F000136,landing,1.0,0.0,0.0,2026-07-31T13:57:35.639060+02:00,2026-07-31T13:58:35.639060+02:00
50269.307122918435,50938.99321625003,SYN2-293-D:P0001,G:DOR:LYBE:SYN2-293-D:P0001,,DOR,LYBE,before_boarding,candidate_set,group_formation|priority_other_group,group_formation@DOR,,11.161434888859974,0.0,0.0,2026-07-31T13:57:49.307123+02:00,2026-07-31T14:08:58.993216+02:00
50315.63906049815,50441.63906049815,SYN2-367-D:P0002,G:BW:LYBE:SYN2-367-D:P0002,EVTOL_001,BW,LYBE,before_boarding,selected_plan,aircraft_busy,aircraft_busy@F000136,disembarking,2.1,2.1,0.0,2026-07-31T13:58:35.639060+02:00,2026-07-31T14:00:41.639060+02:00
50315.63906049815,50441.63906049815,SYN2-367-D:P0001,G:BW:LYBE:SYN2-367-D:P0002,EVTOL_001,BW,LYBE,before_boarding,selected_plan,aircraft_busy,aircraft_busy@F000136,disembarking,2.1,2.1,0.0,2026-07-31T13:58:35.639060+02:00,2026-07-31T14:00:41.639060+02:00
50315.63906049815,50441.63906049815,SYN2-300-D:P0001,G:BW:LYBE:SYN2-367-D:P0002,EVTOL_001,BW,LYBE,before_boarding,selected_plan,aircraft_busy,aircraft_busy@F000136,disembarking,2.1,0.0,0.0,2026-07-31T13:58:35.639060+02:00,2026-07-31T14:00:41.639060+02:00
50315.63906049815,50441.63906049815,SYN2-299-D:P0001,G:BW:LYBE:SYN2-367-D:P0002,EVTOL_001,BW,LYBE,before_boarding,selected_plan,aircraft_busy,aircraft_busy@F000136,disembarking,2.1,0.0,0.0,2026-07-31T13:58:35.639060+02:00,2026-07-31T14:00:41.639060+02:00
50330.43391254774,50390.43391254774,SYN2-169-A:P0001,G:LYBE:LYBV:SYN2-169-A:P0001,EVTOL_004,LYBE,LYBV,before_boarding,selected_plan,repositioning_flight,repositioning_flight@LYBE,landing,1.0,1.0,0.0,2026-07-31T13:58:50.433913+02:00,2026-07-31T13:59:50.433913+02:00
50341.48470800391,50520.16631120187,SYN2-294-D:P0002,G:BW:LYBE:SYN2-294-D:P0002,EVTOL_003,BW,LYBE,before_boarding,selected_plan,aircraft_busy|group_formation,aircraft_busy@F000140|group_formation@BW,waiting_for_tlof,2.9780267199660253,0.0,0.0,2026-07-31T13:59:01.484708+02:00,2026-07-31T14:02:00.166311+02:00
50341.48470800391,50412.358406600586,SYN2-300-D:P0003,G:JUG:LYBE:SYN2-300-D:P0003,,JUG,LYBE,before_boarding,candidate_set,priority_other_group,,,1.1812283099445873,1.1812283099445873,0.0,2026-07-31T13:59:01.484708+02:00,2026-07-31T14:00:12.358407+02:00
50412.358406600586,50472.358406600586,SYN2-071-A:P0001,G:LYBE:JUG:SYN2-071-A:P0001,EVTOL_002,LYBE,JUG,before_boarding,selected_plan,aircraft_busy|group_formation,aircraft_busy@F000138|group_formation@LYBE,landing,1.0,0.0,0.0,2026-07-31T14:00:12.358407+02:00,2026-07-31T14:01:12.358407+02:00
50412.358406600586,50585.43391254774,SYN2-300-D:P0003,G:JUG:LYBE:SYN2-300-D:P0003,EVTOL_004,JUG,LYBE,before_boarding,selected_plan,aircraft_busy,aircraft_busy@F000141,boarding,2.8845917657859292,2.8845917657859292,0.0,2026-07-31T14:00:12.358407+02:00,2026-07-31T14:03:05.433913+02:00
50441.63906049815,50651.61063522778,SYN2-367-D:P0002,G:BW:LYBE:SYN2-367-D:P0002,EVTOL_001,BW,LYBE,before_boarding,selected_plan,battery_before_repositioning,battery_before_repositioning@JUG,idle,3.4995262454938105,3.4995262454938105,0.0,2026-07-31T14:00:41.639060+02:00,2026-07-31T14:04:11.610635+02:00
50441.63906049815,50651.61063522778,SYN2-367-D:P0001,G:BW:LYBE:SYN2-367-D:P0002,EVTOL_001,BW,LYBE,before_boarding,selected_plan,battery_before_repositioning,battery_before_repositioning@JUG,idle,3.4995262454938105,3.4995262454938105,0.0,2026-07-31T14:00:41.639060+02:00,2026-07-31T14:04:11.610635+02:00
50441.63906049815,50651.61063522778,SYN2-300-D:P0001,G:BW:LYBE:SYN2-367-D:P0002,EVTOL_001,BW,LYBE,before_boarding,selected_plan,battery_before_repositioning,battery_before_repositioning@JUG,idle,3.4995262454938105,2.627000305976738,0.0,2026-07-31T14:00:41.639060+02:00,2026-07-31T14:04:11.610635+02:00
50441.63906049815,50651.61063522778,SYN2-299-D:P0001,G:BW:LYBE:SYN2-367-D:P0002,EVTOL_001,BW,LYBE,before_boarding,selected_plan,battery_before_repositioning,battery_before_repositioning@JUG,idle,3.4995262454938105,1.254369272391826,0.0,2026-07-31T14:00:41.639060+02:00,2026-07-31T14:04:11.610635+02:00
50472.358406600586,50598.358406600586,SYN2-071-A:P0001,G:LYBE:JUG:SYN2-071-A:P0001,EVTOL_002,LYBE,JUG,before_boarding,selected_plan,aircraft_busy|group_formation,aircraft_busy@F000138|group_formation@LYBE,disembarking,2.1,0.0,0.0,2026-07-31T14:01:12.358407+02:00,2026-07-31T14:03:18.358407+02:00
50520.16631120187,50580.16631120187,SYN2-294-D:P0002,G:BW:LYBE:SYN2-294-D:P0002,EVTOL_003,BW,LYBE,before_boarding,selected_plan,aircraft_busy|group_formation,aircraft_busy@F000140|group_formation@BW,departure_finalization,1.0,0.0,0.0,2026-07-31T14:02:00.166311+02:00,2026-07-31T14:03:00.166311+02:00
50520.16631120187,50580.16631120187,SYN2-071-A:P0002,G:LYBE:DOR:SYN2-071-A:P0002,EVTOL_003,LYBE,DOR,departure_preparation,committed_flight,departure_preparation,departure_preparation@LYBE,departure_finalization,1.0,0.0,0.0,2026-07-31T14:02:00.166311+02:00,2026-07-31T14:03:00.166311+02:00
50580.16631120187,50620.16631120187,SYN2-294-D:P0002,G:BW:LYBE:SYN2-294-D:P0002,EVTOL_003,BW,LYBE,before_boarding,selected_plan,aircraft_busy|group_formation,aircraft_busy@F000140|group_formation@BW,takeoff,0.6666666666666666,0.0,0.0,2026-07-31T14:03:00.166311+02:00,2026-07-31T14:03:40.166311+02:00
50585.43391254774,50953.99688049255,SYN2-300-D:P0003,G:JUG:LYBE:SYN2-300-D:P0003,EVTOL_004,JUG,LYBE,before_boarding,selected_plan,aircraft_busy,aircraft_busy@F000141,waiting_for_tlof,6.142716132413503,6.142716132413503,0.0,2026-07-31T14:03:05.433913+02:00,2026-07-31T14:09:13.996880+02:00
50585.43391254774,50953.99688049255,SYN2-169-A:P0001,G:LYBE:LYBV:SYN2-169-A:P0001,EVTOL_004,LYBE,LYBV,after_boarding,committed_flight,battery_after_repositioning,battery_after_repositioning@LYBE,waiting_for_departure,6.142716132413503,0.0,6.142716132413503,2026-07-31T14:03:05.433913+02:00,2026-07-31T14:09:13.996880+02:00
50598.358406600586,50938.99321625003,SYN2-071-A:P0001,G:LYBE:JUG:SYN2-071-A:P0001,EVTOL_002,LYBE,JUG,before_boarding,selected_plan,battery_before_repositioning|group_formation,battery_before_repositioning@BW|group_formation@LYBE,idle,5.677246827490793,0.0,0.0,2026-07-31T14:03:18.358407+02:00,2026-07-31T14:08:58.993216+02:00
50620.16631120187,50947.966525201875,SYN2-294-D:P0002,G:BW:LYBE:SYN2-294-D:P0002,EVTOL_003,BW,LYBE,before_boarding,selected_plan,aircraft_busy|group_formation,aircraft_busy@F000140|group_formation@BW,cruise,5.463336900000043,0.0,0.0,2026-07-31T14:03:40.166311+02:00,2026-07-31T14:09:07.966525+02:00
50651.61063522778,50711.61063522778,SYN2-367-D:P0002,G:BW:LYBE:SYN2-367-D:P0002,EVTOL_001,BW,LYBE,before_boarding,selected_plan,departure_preparation,departure_preparation@JUG,departure_finalization,1.0,1.0,0.0,2026-07-31T14:04:11.610635+02:00,2026-07-31T14:05:11.610635+02:00
50651.61063522778,50711.61063522778,SYN2-367-D:P0001,G:BW:LYBE:SYN2-367-D:P0002,EVTOL_001,BW,LYBE,before_boarding,selected_plan,departure_preparation,departure_preparation@JUG,departure_finalization,1.0,1.0,0.0,2026-07-31T14:04:11.610635+02:00,2026-07-31T14:05:11.610635+02:00
50651.61063522778,50711.61063522778,SYN2-300-D:P0001,G:BW:LYBE:SYN2-367-D:P0002,EVTOL_001,BW,LYBE,before_boarding,selected_plan,departure_preparation,departure_preparation@JUG,departure_finalization,1.0,1.0,0.0,2026-07-31T14:04:11.610635+02:00,2026-07-31T14:05:11.610635+02:00
50651.61063522778,50711.61063522778,SYN2-299-D:P0001,G:BW:LYBE:SYN2-367-D:P0002,EVTOL_001,BW,LYBE,before_boarding,selected_plan,departure_preparation,departure_preparation@JUG,departure_finalization,1.0,1.0,0.0,2026-07-31T14:04:11.610635+02:00,2026-07-31T14:05:11.610635+02:00
50662.38544333992,51373.16005992407,SYN2-303-D:P0001,G:LYBV:LYBE:SYN2-303-D:P0001,,LYBV,LYBE,before_boarding,candidate_set,group_formation|priority_other_group,group_formation@LYBV,,11.846243609735877,0.0,0.0,2026-07-31T14:04:22.385443+02:00,2026-07-31T14:16:13.160060+02:00
50711.61063522778,50751.61063522778,SYN2-367-D:P0002,G:BW:LYBE:SYN2-367-D:P0002,EVTOL_001,BW,LYBE,before_boarding,selected_plan,repositioning_flight,repositioning_flight@BW,takeoff,0.6666666666666666,0.6666666666666666,0.0,2026-07-31T14:05:11.610635+02:00,2026-07-31T14:05:51.610635+02:00
50711.61063522778,50751.61063522778,SYN2-367-D:P0001,G:BW:LYBE:SYN2-367-D:P0002,EVTOL_001,BW,LYBE,before_boarding,selected_plan,repositioning_flight,repositioning_flight@BW,takeoff,0.6666666666666666,0.6666666666666666,0.0,2026-07-31T14:05:11.610635+02:00,2026-07-31T14:05:51.610635+02:00
50711.61063522778,50751.61063522778,SYN2-300-D:P0001,G:BW:LYBE:SYN2-367-D:P0002,EVTOL_001,BW,LYBE,before_boarding,selected_plan,repositioning_flight,repositioning_flight@BW,takeoff,0.6666666666666666,0.6666666666666666,0.0,2026-07-31T14:05:11.610635+02:00,2026-07-31T14:05:51.610635+02:00
50711.61063522778,50751.61063522778,SYN2-299-D:P0001,G:BW:LYBE:SYN2-367-D:P0002,EVTOL_001,BW,LYBE,before_boarding,selected_plan,repositioning_flight,repositioning_flight@BW,takeoff,0.6666666666666666,0.6666666666666666,0.0,2026-07-31T14:05:11.610635+02:00,2026-07-31T14:05:51.610635+02:00
50751.61063522778,50826.57712522778,SYN2-367-D:P0002,G:BW:LYBE:SYN2-367-D:P0002,EVTOL_001,BW,LYBE,before_boarding,selected_plan,repositioning_flight,repositioning_flight@BW,cruise,1.2494414999999814,1.2494414999999814,0.0,2026-07-31T14:05:51.610635+02:00,2026-07-31T14:07:06.577125+02:00
50751.61063522778,50826.57712522778,SYN2-367-D:P0001,G:BW:LYBE:SYN2-367-D:P0002,EVTOL_001,BW,LYBE,before_boarding,selected_plan,repositioning_flight,repositioning_flight@BW,cruise,1.2494414999999814,1.2494414999999814,0.0,2026-07-31T14:05:51.610635+02:00,2026-07-31T14:07:06.577125+02:00
50751.61063522778,50826.57712522778,SYN2-300-D:P0001,G:BW:LYBE:SYN2-367-D:P0002,EVTOL_001,BW,LYBE,before_boarding,selected_plan,repositioning_flight,repositioning_flight@BW,cruise,1.2494414999999814,1.2494414999999814,0.0,2026-07-31T14:05:51.610635+02:00,2026-07-31T14:07:06.577125+02:00
50751.61063522778,50826.57712522778,SYN2-299-D:P0001,G:BW:LYBE:SYN2-367-D:P0002,EVTOL_001,BW,LYBE,before_boarding,selected_plan,repositioning_flight,repositioning_flight@BW,cruise,1.2494414999999814,1.2494414999999814,0.0,2026-07-31T14:05:51.610635+02:00,2026-07-31T14:07:06.577125+02:00
50826.57712522778,50886.57712522778,SYN2-367-D:P0002,G:BW:LYBE:SYN2-367-D:P0002,EVTOL_001,BW,LYBE,before_boarding,selected_plan,repositioning_flight,repositioning_flight@BW,landing,1.0,1.0,0.0,2026-07-31T14:07:06.577125+02:00,2026-07-31T14:08:06.577125+02:00
50826.57712522778,50886.57712522778,SYN2-367-D:P0001,G:BW:LYBE:SYN2-367-D:P0002,EVTOL_001,BW,LYBE,before_boarding,selected_plan,repositioning_flight,repositioning_flight@BW,landing,1.0,1.0,0.0,2026-07-31T14:07:06.577125+02:00,2026-07-31T14:08:06.577125+02:00
50826.57712522778,50886.57712522778,SYN2-300-D:P0001,G:BW:LYBE:SYN2-367-D:P0002,EVTOL_001,BW,LYBE,before_boarding,selected_plan,repositioning_flight,repositioning_flight@BW,landing,1.0,1.0,0.0,2026-07-31T14:07:06.577125+02:00,2026-07-31T14:08:06.577125+02:00
50826.57712522778,50886.57712522778,SYN2-299-D:P0001,G:BW:LYBE:SYN2-367-D:P0002,EVTOL_001,BW,LYBE,before_boarding,selected_plan,repositioning_flight,repositioning_flight@BW,landing,1.0,1.0,0.0,2026-07-31T14:07:06.577125+02:00,2026-07-31T14:08:06.577125+02:00
50868.879841879505,50953.99688049255,SYN2-294-D:P0003,G:JUG:LYBE:SYN2-300-D:P0003,EVTOL_004,JUG,LYBE,before_boarding,selected_plan,aircraft_busy,aircraft_busy@F000141,waiting_for_tlof,1.4186173102174506,0.0,0.0,2026-07-31T14:07:48.879842+02:00,2026-07-31T14:09:13.996880+02:00
50938.99321625003,50947.00730189688,SYN2-071-A:P0001,G:LYBE:JUG:SYN2-071-A:P0001,EVTOL_002,LYBE,JUG,before_boarding,selected_plan,battery_before_repositioning,battery_before_repositioning@BW,idle,0.1335680941141618,0.1335680941141618,0.0,2026-07-31T14:08:58.993216+02:00,2026-07-31T14:09:07.007302+02:00
50938.99321625003,51169.307122918435,SYN2-293-D:P0001,G:DOR:LYBE:SYN2-293-D:P0001,EVTOL_001,DOR,LYBE,before_boarding,selected_plan,aircraft_busy|group_formation,aircraft_busy@F000143|group_formation@DOR,boarding,3.838565111140027,0.0,0.0,2026-07-31T14:08:58.993216+02:00,2026-07-31T14:12:49.307123+02:00
50947.00730189688,51007.00730189688,SYN2-071-A:P0001,G:LYBE:JUG:SYN2-071-A:P0001,EVTOL_002,LYBE,JUG,before_boarding,selected_plan,departure_preparation,departure_preparation@BW,departure_finalization,1.0,1.0,0.0,2026-07-31T14:09:07.007302+02:00,2026-07-31T14:10:07.007302+02:00
50947.966525201875,51007.966525201875,SYN2-294-D:P0002,G:BW:LYBE:SYN2-294-D:P0002,EVTOL_003,BW,LYBE,before_boarding,selected_plan,aircraft_busy|group_formation,aircraft_busy@F000140|group_formation@BW,landing,1.0,0.0,0.0,2026-07-31T14:09:07.966525+02:00,2026-07-31T14:10:07.966525+02:00
50953.99688049255,51013.99688049255,SYN2-300-D:P0003,G:JUG:LYBE:SYN2-300-D:P0003,EVTOL_004,JUG,LYBE,before_boarding,selected_plan,aircraft_busy,aircraft_busy@F000141,departure_finalization,1.0,1.0,0.0,2026-07-31T14:09:13.996880+02:00,2026-07-31T14:10:13.996880+02:00
50953.99688049255,51013.99688049255,SYN2-294-D:P0003,G:JUG:LYBE:SYN2-300-D:P0003,EVTOL_004,JUG,LYBE,before_boarding,selected_plan,aircraft_busy,aircraft_busy@F000141,departure_finalization,1.0,0.0,0.0,2026-07-31T14:09:13.996880+02:00,2026-07-31T14:10:13.996880+02:00
50953.99688049255,51013.99688049255,SYN2-169-A:P0001,G:LYBE:LYBV:SYN2-169-A:P0001,EVTOL_004,LYBE,LYBV,departure_preparation,committed_flight,departure_preparation,departure_preparation@LYBE,departure_finalization,1.0,0.0,0.0,2026-07-31T14:09:13.996880+02:00,2026-07-31T14:10:13.996880+02:00
51007.00730189688,51047.00730189688,SYN2-071-A:P0001,G:LYBE:JUG:SYN2-071-A:P0001,EVTOL_002,LYBE,JUG,before_boarding,selected_plan,repositioning_flight,repositioning_flight@LYBE,takeoff,0.6666666666666666,0.6666666666666666,0.0,2026-07-31T14:10:07.007302+02:00,2026-07-31T14:10:47.007302+02:00
51007.966525201875,51133.966525201875,SYN2-294-D:P0002,G:BW:LYBE:SYN2-294-D:P0002,EVTOL_003,BW,LYBE,before_boarding,selected_plan,aircraft_busy|group_formation,aircraft_busy@F000140|group_formation@BW,disembarking,2.1,0.0,0.0,2026-07-31T14:10:07.966525+02:00,2026-07-31T14:12:13.966525+02:00
51013.99688049255,51053.99688049255,SYN2-300-D:P0003,G:JUG:LYBE:SYN2-300-D:P0003,EVTOL_004,JUG,LYBE,before_boarding,selected_plan,aircraft_busy,aircraft_busy@F000141,takeoff,0.6666666666666666,0.6666666666666666,0.0,2026-07-31T14:10:13.996880+02:00,2026-07-31T14:10:53.996880+02:00
51013.99688049255,51053.99688049255,SYN2-294-D:P0003,G:JUG:LYBE:SYN2-300-D:P0003,EVTOL_004,JUG,LYBE,before_boarding,selected_plan,aircraft_busy,aircraft_busy@F000141,takeoff,0.6666666666666666,0.0,0.0,2026-07-31T14:10:13.996880+02:00,2026-07-31T14:10:53.996880+02:00
51047.00730189688,51271.843123896884,SYN2-071-A:P0001,G:LYBE:JUG:SYN2-071-A:P0001,EVTOL_002,LYBE,JUG,before_boarding,selected_plan,repositioning_flight,repositioning_flight@LYBE,cruise,3.747263700000015,3.747263700000015,0.0,2026-07-31T14:10:47.007302+02:00,2026-07-31T14:14:31.843124+02:00
51053.99688049255,51373.16005992407,SYN2-300-D:P0003,G:JUG:LYBE:SYN2-300-D:P0003,EVTOL_004,JUG,LYBE,before_boarding,selected_plan,aircraft_busy,aircraft_busy@F000141,cruise,5.319386323858635,5.319386323858635,0.0,2026-07-31T14:10:53.996880+02:00,2026-07-31T14:16:13.160060+02:00
51053.99688049255,51373.16005992407,SYN2-294-D:P0003,G:JUG:LYBE:SYN2-300-D:P0003,EVTOL_004,JUG,LYBE,before_boarding,selected_plan,aircraft_busy,aircraft_busy@F000141,cruise,5.319386323858635,0.0,0.0,2026-07-31T14:10:53.996880+02:00,2026-07-31T14:16:13.160060+02:00
51057.42065098793,51133.966525201875,SYN2-294-D:P0001,G:BW:LYBE:SYN2-294-D:P0002,EVTOL_003,BW,LYBE,before_boarding,selected_plan,aircraft_busy|group_formation,aircraft_busy@F000140|group_formation@BW,disembarking,1.2757645702324225,0.0,0.0,2026-07-31T14:10:57.420651+02:00,2026-07-31T14:12:13.966525+02:00
51133.966525201875,51241.48470800391,SYN2-294-D:P0002,G:BW:LYBE:SYN2-294-D:P0002,EVTOL_003,BW,LYBE,before_boarding,selected_plan,cleaning|group_formation,cleaning@DOR:cleaner:1|group_formation@BW,cleaning,1.7919697133672647,0.0,0.0,2026-07-31T14:12:13.966525+02:00,2026-07-31T14:14:01.484708+02:00
51133.966525201875,51241.48470800391,SYN2-294-D:P0001,G:BW:LYBE:SYN2-294-D:P0002,EVTOL_003,BW,LYBE,before_boarding,selected_plan,cleaning|group_formation,cleaning@DOR:cleaner:1|group_formation@BW,cleaning,1.7919697133672647,0.0,0.0,2026-07-31T14:12:13.966525+02:00,2026-07-31T14:14:01.484708+02:00
51169.307122918435,51306.57712522778,SYN2-293-D:P0001,G:DOR:LYBE:SYN2-293-D:P0001,EVTOL_001,DOR,LYBE,before_boarding,selected_plan,aircraft_busy,aircraft_busy@F000143,boarding,2.287833371822368,2.287833371822368,0.0,2026-07-31T14:12:49.307123+02:00,2026-07-31T14:15:06.577125+02:00
51218.10558776272,51373.16005992407,SYN2-295-D:P0001,G:JUG:LYBE:SYN2-300-D:P0003,EVTOL_004,JUG,LYBE,before_boarding,selected_plan,aircraft_busy,aircraft_busy@F000141,cruise,2.58424120268913,0.0,0.0,2026-07-31T14:13:38.105588+02:00,2026-07-31T14:16:13.160060+02:00
51241.48470800391,51733.966525201875,SYN2-294-D:P0002,G:BW:LYBE:SYN2-294-D:P0002,EVTOL_003,BW,LYBE,before_boarding,selected_plan,cleaning,cleaning@DOR:cleaner:1,cleaning,8.208030286632736,8.208030286632736,0.0,2026-07-31T14:14:01.484708+02:00,2026-07-31T14:22:13.966525+02:00
51241.48470800391,51733.966525201875,SYN2-294-D:P0001,G:BW:LYBE:SYN2-294-D:P0002,EVTOL_003,BW,LYBE,before_boarding,selected_plan,cleaning,cleaning@DOR:cleaner:1,cleaning,8.208030286632736,0.0,0.0,2026-07-31T14:14:01.484708+02:00,2026-07-31T14:22:13.966525+02:00
51271.843123896884,51331.843123896884,SYN2-071-A:P0001,G:LYBE:JUG:SYN2-071-A:P0001,EVTOL_002,LYBE,JUG,before_boarding,selected_plan,repositioning_flight,repositioning_flight@LYBE,landing,1.0,1.0,0.0,2026-07-31T14:14:31.843124+02:00,2026-07-31T14:15:31.843124+02:00
51306.57712522778,51373.16005992407,SYN2-293-D:P0001,G:DOR:LYBE:SYN2-293-D:P0001,EVTOL_001,DOR,LYBE,before_boarding,selected_plan,aircraft_busy,aircraft_busy@F000143,waiting_for_tlof,1.1097155782715467,1.1097155782715467,0.0,2026-07-31T14:15:06.577125+02:00,2026-07-31T14:16:13.160060+02:00
51306.57712522778,51373.16005992407,SYN2-367-D:P0002,G:BW:LYBE:SYN2-367-D:P0002,EVTOL_001,BW,LYBE,after_boarding,committed_flight,battery_after_repositioning,battery_after_repositioning@BW,waiting_for_departure,1.1097155782715467,0.0,1.1097155782715467,2026-07-31T14:15:06.577125+02:00,2026-07-31T14:16:13.160060+02:00
51306.57712522778,51373.16005992407,SYN2-367-D:P0001,G:BW:LYBE:SYN2-367-D:P0002,EVTOL_001,BW,LYBE,after_boarding,committed_flight,battery_after_repositioning,battery_after_repositioning@BW,waiting_for_departure,1.1097155782715467,0.0,1.1097155782715467,2026-07-31T14:15:06.577125+02:00,2026-07-31T14:16:13.160060+02:00
51306.57712522778,51373.16005992407,SYN2-300-D:P0001,G:BW:LYBE:SYN2-367-D:P0002,EVTOL_001,BW,LYBE,after_boarding,committed_flight,battery_after_repositioning,battery_after_repositioning@BW,waiting_for_departure,1.1097155782715467,0.0,1.1097155782715467,2026-07-31T14:15:06.577125+02:00,2026-07-31T14:16:13.160060+02:00
51306.57712522778,51373.16005992407,SYN2-299-D:P0001,G:BW:LYBE:SYN2-367-D:P0002,EVTOL_001,BW,LYBE,after_boarding,committed_flight,battery_after_repositioning,battery_after_repositioning@BW,waiting_for_departure,1.1097155782715467,0.0,1.1097155782715467,2026-07-31T14:15:06.577125+02:00,2026-07-31T14:16:13.160060+02:00
51373.16005992407,51526.843123896884,SYN2-300-D:P0003,G:JUG:LYBE:SYN2-300-D:P0003,EVTOL_002,JUG,LYBE,before_boarding,selected_plan,aircraft_busy,aircraft_busy@F000145,boarding,2.561384399546902,2.561384399546902,0.0,2026-07-31T14:16:13.160060+02:00,2026-07-31T14:18:46.843124+02:00
51373.16005992407,51526.843123896884,SYN2-294-D:P0003,G:JUG:LYBE:SYN2-300-D:P0003,EVTOL_002,JUG,LYBE,before_boarding,selected_plan,aircraft_busy,aircraft_busy@F000145,boarding,2.561384399546902,0.0,0.0,2026-07-31T14:16:13.160060+02:00,2026-07-31T14:18:46.843124+02:00
51373.16005992407,51526.843123896884,SYN2-295-D:P0001,G:JUG:LYBE:SYN2-300-D:P0003,EVTOL_002,JUG,LYBE,before_boarding,selected_plan,aircraft_busy,aircraft_busy@F000145,boarding,2.561384399546902,0.0,0.0,2026-07-31T14:16:13.160060+02:00,2026-07-31T14:18:46.843124+02:00
51373.16005992407,51390.445068492554,SYN2-293-D:P0001,G:DOR:LYBE:SYN2-293-D:P0001,EVTOL_004,DOR,LYBE,before_boarding,selected_plan,aircraft_busy,aircraft_busy@F000141,cruise,0.28808347614140073,0.28808347614140073,0.0,2026-07-31T14:16:13.160060+02:00,2026-07-31T14:16:30.445068+02:00
51373.16005992407,51433.16005992407,SYN2-303-D:P0001,G:LYBV:LYBE:SYN2-303-D:P0001,EVTOL_001,LYBV,LYBE,before_boarding,selected_plan,aircraft_busy|group_formation,aircraft_busy@F000143|group_formation@LYBV,departure_finalization,1.0,0.0,0.0,2026-07-31T14:16:13.160060+02:00,2026-07-31T14:17:13.160060+02:00
51373.16005992407,51433.16005992407,SYN2-367-D:P0002,G:BW:LYBE:SYN2-367-D:P0002,EVTOL_001,BW,LYBE,departure_preparation,committed_flight,departure_preparation,departure_preparation@BW,departure_finalization,1.0,0.0,0.0,2026-07-31T14:16:13.160060+02:00,2026-07-31T14:17:13.160060+02:00
51373.16005992407,51433.16005992407,SYN2-367-D:P0001,G:BW:LYBE:SYN2-367-D:P0002,EVTOL_001,BW,LYBE,departure_preparation,committed_flight,departure_preparation,departure_preparation@BW,departure_finalization,1.0,0.0,0.0,2026-07-31T14:16:13.160060+02:00,2026-07-31T14:17:13.160060+02:00
51373.16005992407,51433.16005992407,SYN2-300-D:P0001,G:BW:LYBE:SYN2-367-D:P0002,EVTOL_001,BW,LYBE,departure_preparation,committed_flight,departure_preparation,departure_preparation@BW,departure_finalization,1.0,0.0,0.0,2026-07-31T14:16:13.160060+02:00,2026-07-31T14:17:13.160060+02:00
51373.16005992407,51433.16005992407,SYN2-299-D:P0001,G:BW:LYBE:SYN2-367-D:P0002,EVTOL_001,BW,LYBE,departure_preparation,committed_flight,departure_preparation,departure_preparation@BW,departure_finalization,1.0,0.0,0.0,2026-07-31T14:16:13.160060+02:00,2026-07-31T14:17:13.160060+02:00
51375.5108939951,51433.16005992407,SYN2-300-D:P0002,G:LYBV:LYBE:SYN2-303-D:P0001,EVTOL_001,LYBV,LYBE,before_boarding,selected_plan,aircraft_busy|group_formation,aircraft_busy@F000143|group_formation@LYBV,departure_finalization,0.9608194321494617,0.0,0.0,2026-07-31T14:16:15.510894+02:00,2026-07-31T14:17:13.160060+02:00
51390.445068492554,51450.445068492554,SYN2-293-D:P0001,G:DOR:LYBE:SYN2-293-D:P0001,EVTOL_004,DOR,LYBE,before_boarding,selected_plan,aircraft_busy,aircraft_busy@F000141,landing,1.0,1.0,0.0,2026-07-31T14:16:30.445068+02:00,2026-07-31T14:17:30.445068+02:00
51433.16005992407,51473.16005992407,SYN2-303-D:P0001,G:LYBV:LYBE:SYN2-303-D:P0001,EVTOL_001,LYBV,LYBE,before_boarding,selected_plan,aircraft_busy|group_formation,aircraft_busy@F000143|group_formation@LYBV,takeoff,0.6666666666666666,0.0,0.0,2026-07-31T14:17:13.160060+02:00,2026-07-31T14:17:53.160060+02:00
51433.16005992407,51473.16005992407,SYN2-300-D:P0002,G:LYBV:LYBE:SYN2-303-D:P0001,EVTOL_001,LYBV,LYBE,before_boarding,selected_plan,aircraft_busy|group_formation,aircraft_busy@F000143|group_formation@LYBV,takeoff,0.6666666666666666,0.0,0.0,2026-07-31T14:17:13.160060+02:00,2026-07-31T14:17:53.160060+02:00
51450.445068492554,51576.445068492554,SYN2-293-D:P0001,G:DOR:LYBE:SYN2-293-D:P0001,EVTOL_004,DOR,LYBE,before_boarding,selected_plan,aircraft_busy,aircraft_busy@F000141,disembarking,2.1,2.1,0.0,2026-07-31T14:17:30.445068+02:00,2026-07-31T14:19:36.445068+02:00
51473.16005992407,51562.38544333992,SYN2-303-D:P0001,G:LYBV:LYBE:SYN2-303-D:P0001,EVTOL_001,LYBV,LYBE,before_boarding,selected_plan,aircraft_busy|group_formation,aircraft_busy@F000143|group_formation@LYBV,cruise,1.4870897235974554,0.0,0.0,2026-07-31T14:17:53.160060+02:00,2026-07-31T14:19:22.385443+02:00
51473.16005992407,51562.38544333992,SYN2-300-D:P0002,G:LYBV:LYBE:SYN2-303-D:P0001,EVTOL_001,LYBV,LYBE,before_boarding,selected_plan,aircraft_busy|group_formation,aircraft_busy@F000143|group_formation@LYBV,cruise,1.4870897235974554,0.0,0.0,2026-07-31T14:17:53.160060+02:00,2026-07-31T14:19:22.385443+02:00
51526.843123896884,51887.92377802651,SYN2-300-D:P0003,G:JUG:LYBE:SYN2-300-D:P0003,EVTOL_002,JUG,LYBE,before_boarding,selected_plan,aircraft_busy,aircraft_busy@F000145,waiting_for_tlof,6.018010902160435,6.018010902160435,0.0,2026-07-31T14:18:46.843124+02:00,2026-07-31T14:24:47.923778+02:00
51526.843123896884,51887.92377802651,SYN2-294-D:P0003,G:JUG:LYBE:SYN2-300-D:P0003,EVTOL_002,JUG,LYBE,before_boarding,selected_plan,aircraft_busy,aircraft_busy@F000145,waiting_for_tlof,6.018010902160435,1.9840656024500882,0.0,2026-07-31T14:18:46.843124+02:00,2026-07-31T14:24:47.923778+02:00
51526.843123896884,51887.92377802651,SYN2-295-D:P0001,G:JUG:LYBE:SYN2-300-D:P0003,EVTOL_002,JUG,LYBE,before_boarding,selected_plan,aircraft_busy,aircraft_busy@F000145,waiting_for_tlof,6.018010902160435,0.0,0.0,2026-07-31T14:18:46.843124+02:00,2026-07-31T14:24:47.923778+02:00
51526.843123896884,51887.92377802651,SYN2-071-A:P0001,G:LYBE:JUG:SYN2-071-A:P0001,EVTOL_002,LYBE,JUG,after_boarding,committed_flight,battery_after_repositioning,battery_after_repositioning@LYBE,waiting_for_departure,6.018010902160435,0.0,6.018010902160435,2026-07-31T14:18:46.843124+02:00,2026-07-31T14:24:47.923778+02:00
51562.38544333992,51697.99588192407,SYN2-303-D:P0001,G:LYBV:LYBE:SYN2-303-D:P0001,EVTOL_001,LYBV,LYBE,before_boarding,selected_plan,aircraft_busy,aircraft_busy@F000143,cruise,2.26017397640256,2.26017397640256,0.0,2026-07-31T14:19:22.385443+02:00,2026-07-31T14:21:37.995882+02:00
51562.38544333992,51697.99588192407,SYN2-300-D:P0002,G:LYBV:LYBE:SYN2-303-D:P0001,EVTOL_001,LYBV,LYBE,before_boarding,selected_plan,aircraft_busy,aircraft_busy@F000143,cruise,2.26017397640256,0.0,0.0,2026-07-31T14:19:22.385443+02:00,2026-07-31T14:21:37.995882+02:00
51576.445068492554,51891.45346562218,SYN2-293-D:P0001,G:DOR:LYBE:SYN2-293-D:P0001,EVTOL_004,DOR,LYBE,before_boarding,selected_plan,battery_before_repositioning,battery_before_repositioning@LYBV,idle,5.2501399521604375,5.2501399521604375,0.0,2026-07-31T14:19:36.445068+02:00,2026-07-31T14:24:51.453466+02:00
51697.99588192407,51757.99588192407,SYN2-303-D:P0001,G:LYBV:LYBE:SYN2-303-D:P0001,EVTOL_001,LYBV,LYBE,before_boarding,selected_plan,aircraft_busy,aircraft_busy@F000143,landing,1.0,1.0,0.0,2026-07-31T14:21:37.995882+02:00,2026-07-31T14:22:37.995882+02:00
51697.99588192407,51757.99588192407,SYN2-300-D:P0002,G:LYBV:LYBE:SYN2-303-D:P0001,EVTOL_001,LYBV,LYBE,before_boarding,selected_plan,aircraft_busy,aircraft_busy@F000143,landing,1.0,0.0,0.0,2026-07-31T14:21:37.995882+02:00,2026-07-31T14:22:37.995882+02:00
51733.966525201875,51793.966525201875,SYN2-294-D:P0002,G:BW:LYBE:SYN2-294-D:P0002,EVTOL_003,BW,LYBE,before_boarding,selected_plan,departure_preparation,departure_preparation@DOR,departure_finalization,1.0,1.0,0.0,2026-07-31T14:22:13.966525+02:00,2026-07-31T14:23:13.966525+02:00
51733.966525201875,51793.966525201875,SYN2-294-D:P0001,G:BW:LYBE:SYN2-294-D:P0002,EVTOL_003,BW,LYBE,before_boarding,selected_plan,departure_preparation,departure_preparation@DOR,departure_finalization,1.0,0.0,0.0,2026-07-31T14:22:13.966525+02:00,2026-07-31T14:23:13.966525+02:00
51757.99588192407,51800.089715013106,SYN2-303-D:P0001,G:LYBV:LYBE:SYN2-303-D:P0001,EVTOL_001,LYBV,LYBE,before_boarding,selected_plan,aircraft_busy,aircraft_busy@F000143,disembarking,0.7015638848172482,0.7015638848172482,0.0,2026-07-31T14:22:37.995882+02:00,2026-07-31T14:23:20.089715+02:00
51757.99588192407,51800.089715013106,SYN2-300-D:P0002,G:LYBV:LYBE:SYN2-303-D:P0001,EVTOL_001,LYBV,LYBE,before_boarding,selected_plan,aircraft_busy,aircraft_busy@F000143,disembarking,0.7015638848172482,0.0,0.0,2026-07-31T14:22:37.995882+02:00,2026-07-31T14:23:20.089715+02:00
51793.966525201875,51833.966525201875,SYN2-294-D:P0002,G:BW:LYBE:SYN2-294-D:P0002,EVTOL_003,BW,LYBE,before_boarding,selected_plan,repositioning_flight,repositioning_flight@BW,takeoff,0.6666666666666666,0.6666666666666666,0.0,2026-07-31T14:23:13.966525+02:00,2026-07-31T14:23:53.966525+02:00
51793.966525201875,51833.966525201875,SYN2-294-D:P0001,G:BW:LYBE:SYN2-294-D:P0002,EVTOL_003,BW,LYBE,before_boarding,selected_plan,repositioning_flight,repositioning_flight@BW,takeoff,0.6666666666666666,0.0,0.0,2026-07-31T14:23:13.966525+02:00,2026-07-31T14:23:53.966525+02:00
51800.089715013106,51891.45346562218,SYN2-073-A:P0001,G:LYBE:DOR:SYN2-073-A:P0001,EVTOL_001,LYBE,DOR,before_boarding,selected_plan,aircraft_busy|group_formation,aircraft_busy@F000143|group_formation@LYBE,disembarking,1.522729176817908,0.0,0.0,2026-07-31T14:23:20.089715+02:00,2026-07-31T14:24:51.453466+02:00
51800.089715013106,51891.45346562218,SYN2-303-D:P0001,G:LYBV:LYBE:SYN2-303-D:P0001,,LYBV,LYBE,before_boarding,candidate_set,priority_other_group,,,1.522729176817908,1.522729176817908,0.0,2026-07-31T14:23:20.089715+02:00,2026-07-31T14:24:51.453466+02:00
51800.089715013106,51891.45346562218,SYN2-300-D:P0002,G:LYBV:LYBE:SYN2-303-D:P0001,,LYBV,LYBE,before_boarding,candidate_set,priority_other_group,,,1.522729176817908,0.0,0.0,2026-07-31T14:23:20.089715+02:00,2026-07-31T14:24:51.453466+02:00
51833.966525201875,51891.45346562218,SYN2-294-D:P0002,G:BW:LYBE:SYN2-294-D:P0002,EVTOL_003,BW,LYBE,before_boarding,selected_plan,repositioning_flight,repositioning_flight@BW,cruise,0.9581156736717579,0.9581156736717579,0.0,2026-07-31T14:23:53.966525+02:00,2026-07-31T14:24:51.453466+02:00
51833.966525201875,51891.45346562218,SYN2-294-D:P0001,G:BW:LYBE:SYN2-294-D:P0002,EVTOL_003,BW,LYBE,before_boarding,selected_plan,repositioning_flight,repositioning_flight@BW,cruise,0.9581156736717579,0.0,0.0,2026-07-31T14:23:53.966525+02:00,2026-07-31T14:24:51.453466+02:00
51887.92377802651,51891.45346562218,SYN2-300-D:P0003,G:JUG:LYBE:SYN2-300-D:P0003,EVTOL_002,JUG,LYBE,before_boarding,selected_plan,aircraft_busy,aircraft_busy@F000145,departure_finalization,0.05882812659450186,0.05882812659450186,0.0,2026-07-31T14:24:47.923778+02:00,2026-07-31T14:24:51.453466+02:00
51887.92377802651,51891.45346562218,SYN2-294-D:P0003,G:JUG:LYBE:SYN2-300-D:P0003,EVTOL_002,JUG,LYBE,before_boarding,selected_plan,aircraft_busy,aircraft_busy@F000145,departure_finalization,0.05882812659450186,0.05882812659450186,0.0,2026-07-31T14:24:47.923778+02:00,2026-07-31T14:24:51.453466+02:00
51887.92377802651,51891.45346562218,SYN2-295-D:P0001,G:JUG:LYBE:SYN2-300-D:P0003,EVTOL_002,JUG,LYBE,before_boarding,selected_plan,aircraft_busy,aircraft_busy@F000145,departure_finalization,0.05882812659450186,0.0,0.0,2026-07-31T14:24:47.923778+02:00,2026-07-31T14:24:51.453466+02:00
51887.92377802651,51891.45346562218,SYN2-071-A:P0001,G:LYBE:JUG:SYN2-071-A:P0001,EVTOL_002,LYBE,JUG,departure_preparation,committed_flight,departure_preparation,departure_preparation@LYBE,departure_finalization,0.05882812659450186,0.0,0.0,2026-07-31T14:24:47.923778+02:00,2026-07-31T14:24:51.453466+02:00
51891.45346562219,52081.99588192407,SYN2-073-A:P0001,G:LYBE:DOR:SYN2-073-A:P0001,EVTOL_001,LYBE,DOR,before_boarding,selected_plan,aircraft_busy|group_formation,aircraft_busy@F000143|group_formation@LYBE,disembarking,3.1757069383647223,0.0,0.0,2026-07-31T14:24:51.453466+02:00,2026-07-31T14:28:01.995882+02:00
51891.45346562219,51918.93091720188,SYN2-294-D:P0002,G:BW:LYBE:SYN2-294-D:P0002,EVTOL_003,BW,LYBE,before_boarding,selected_plan,repositioning_flight,repositioning_flight@BW,cruise,0.45795752632814885,0.45795752632814885,0.0,2026-07-31T14:24:51.453466+02:00,2026-07-31T14:25:18.930917+02:00
51891.45346562219,51918.93091720188,SYN2-294-D:P0001,G:BW:LYBE:SYN2-294-D:P0002,EVTOL_003,BW,LYBE,before_boarding,selected_plan,repositioning_flight,repositioning_flight@BW,cruise,0.45795752632814885,0.0,0.0,2026-07-31T14:24:51.453466+02:00,2026-07-31T14:25:18.930917+02:00
51891.45346562219,51947.92377802651,SYN2-300-D:P0003,G:JUG:LYBE:SYN2-300-D:P0003,EVTOL_002,JUG,LYBE,before_boarding,selected_plan,aircraft_busy,aircraft_busy@F000145,departure_finalization,0.9411718734053769,0.9411718734053769,0.0,2026-07-31T14:24:51.453466+02:00,2026-07-31T14:25:47.923778+02:00
51891.45346562219,51947.92377802651,SYN2-294-D:P0003,G:JUG:LYBE:SYN2-300-D:P0003,EVTOL_002,JUG,LYBE,before_boarding,selected_plan,aircraft_busy,aircraft_busy@F000145,departure_finalization,0.9411718734053769,0.9411718734053769,0.0,2026-07-31T14:24:51.453466+02:00,2026-07-31T14:25:47.923778+02:00
51891.45346562219,51947.92377802651,SYN2-295-D:P0001,G:JUG:LYBE:SYN2-300-D:P0003,EVTOL_002,JUG,LYBE,before_boarding,selected_plan,aircraft_busy,aircraft_busy@F000145,departure_finalization,0.9411718734053769,0.0,0.0,2026-07-31T14:24:51.453466+02:00,2026-07-31T14:25:47.923778+02:00
51891.45346562219,51951.45346562219,SYN2-293-D:P0001,G:DOR:LYBE:SYN2-293-D:P0001,EVTOL_004,DOR,LYBE,before_boarding,selected_plan,departure_preparation,departure_preparation@LYBV,departure_finalization,1.0,1.0,0.0,2026-07-31T14:24:51.453466+02:00,2026-07-31T14:25:51.453466+02:00
51891.45346562219,51987.92377802651,SYN2-303-D:P0001,G:LYBV:LYBE:SYN2-303-D:P0001,,LYBV,LYBE,before_boarding,candidate_set,priority_other_group,,,1.6078385400720436,1.6078385400720436,0.0,2026-07-31T14:24:51.453466+02:00,2026-07-31T14:26:27.923778+02:00
51891.45346562219,51987.92377802651,SYN2-300-D:P0002,G:LYBV:LYBE:SYN2-303-D:P0001,,LYBV,LYBE,before_boarding,candidate_set,priority_other_group,,,1.6078385400720436,0.0,0.0,2026-07-31T14:24:51.453466+02:00,2026-07-31T14:26:27.923778+02:00
51891.45346562219,51947.92377802651,SYN2-071-A:P0001,G:LYBE:JUG:SYN2-071-A:P0001,EVTOL_002,LYBE,JUG,departure_preparation,committed_flight,departure_preparation,departure_preparation@LYBE,departure_finalization,0.9411718734053769,0.0,0.0,2026-07-31T14:24:51.453466+02:00,2026-07-31T14:25:47.923778+02:00
51918.93091720188,51978.93091720188,SYN2-294-D:P0002,G:BW:LYBE:SYN2-294-D:P0002,EVTOL_003,BW,LYBE,before_boarding,selected_plan,repositioning_flight,repositioning_flight@BW,landing,1.0,1.0,0.0,2026-07-31T14:25:18.930917+02:00,2026-07-31T14:26:18.930917+02:00
51918.93091720188,51978.93091720188,SYN2-294-D:P0001,G:BW:LYBE:SYN2-294-D:P0002,EVTOL_003,BW,LYBE,before_boarding,selected_plan,repositioning_flight,repositioning_flight@BW,landing,1.0,0.3585044368991172,0.0,2026-07-31T14:25:18.930917+02:00,2026-07-31T14:26:18.930917+02:00
51947.92377802651,51987.92377802651,SYN2-300-D:P0003,G:JUG:LYBE:SYN2-300-D:P0003,EVTOL_002,JUG,LYBE,before_boarding,selected_plan,aircraft_busy,aircraft_busy@F000145,takeoff,0.6666666666666666,0.6666666666666666,0.0,2026-07-31T14:25:47.923778+02:00,2026-07-31T14:26:27.923778+02:00
51947.92377802651,51987.92377802651,SYN2-294-D:P0003,G:JUG:LYBE:SYN2-300-D:P0003,EVTOL_002,JUG,LYBE,before_boarding,selected_plan,aircraft_busy,aircraft_busy@F000145,takeoff,0.6666666666666666,0.6666666666666666,0.0,2026-07-31T14:25:47.923778+02:00,2026-07-31T14:26:27.923778+02:00
51947.92377802651,51987.92377802651,SYN2-295-D:P0001,G:JUG:LYBE:SYN2-300-D:P0003,EVTOL_002,JUG,LYBE,before_boarding,selected_plan,aircraft_busy,aircraft_busy@F000145,takeoff,0.6666666666666666,0.0,0.0,2026-07-31T14:25:47.923778+02:00,2026-07-31T14:26:27.923778+02:00
51951.45346562219,51991.45346562219,SYN2-293-D:P0001,G:DOR:LYBE:SYN2-293-D:P0001,EVTOL_004,DOR,LYBE,before_boarding,selected_plan,repositioning_flight,repositioning_flight@DOR,takeoff,0.6666666666666666,0.6666666666666666,0.0,2026-07-31T14:25:51.453466+02:00,2026-07-31T14:26:31.453466+02:00
51987.92377802651,52305.72609002651,SYN2-300-D:P0003,G:JUG:LYBE:SYN2-300-D:P0003,EVTOL_002,JUG,LYBE,before_boarding,selected_plan,aircraft_busy,aircraft_busy@F000145,cruise,5.296705199999996,5.296705199999996,0.0,2026-07-31T14:26:27.923778+02:00,2026-07-31T14:31:45.726090+02:00
51987.92377802651,52305.72609002651,SYN2-294-D:P0003,G:JUG:LYBE:SYN2-300-D:P0003,EVTOL_002,JUG,LYBE,before_boarding,selected_plan,aircraft_busy,aircraft_busy@F000145,cruise,5.296705199999996,5.296705199999996,0.0,2026-07-31T14:26:27.923778+02:00,2026-07-31T14:31:45.726090+02:00
51987.92377802651,52305.72609002651,SYN2-295-D:P0001,G:JUG:LYBE:SYN2-300-D:P0003,EVTOL_002,JUG,LYBE,before_boarding,selected_plan,aircraft_busy,aircraft_busy@F000145,cruise,5.296705199999996,3.1270083710631296,0.0,2026-07-31T14:26:27.923778+02:00,2026-07-31T14:31:45.726090+02:00
51987.92377802651,52248.93091720188,SYN2-303-D:P0001,G:LYBV:LYBE:SYN2-303-D:P0001,EVTOL_003,LYBV,LYBE,before_boarding,selected_plan,aircraft_busy,aircraft_busy@F000148,boarding,4.350118986256105,4.350118986256105,0.0,2026-07-31T14:26:27.923778+02:00,2026-07-31T14:30:48.930917+02:00
51987.92377802651,52248.93091720188,SYN2-300-D:P0002,G:LYBV:LYBE:SYN2-303-D:P0001,EVTOL_003,LYBV,LYBE,before_boarding,selected_plan,aircraft_busy,aircraft_busy@F000148,boarding,4.350118986256105,0.0,0.0,2026-07-31T14:26:27.923778+02:00,2026-07-31T14:30:48.930917+02:00
51991.45346562219,52188.03022362219,SYN2-293-D:P0001,G:DOR:LYBE:SYN2-293-D:P0001,EVTOL_004,DOR,LYBE,before_boarding,selected_plan,repositioning_flight,repositioning_flight@DOR,cruise,3.276279300000048,3.276279300000048,0.0,2026-07-31T14:26:31.453466+02:00,2026-07-31T14:29:48.030224+02:00
52081.99588192407,52681.99588192407,SYN2-073-A:P0001,G:LYBE:DOR:SYN2-073-A:P0001,EVTOL_001,LYBE,DOR,before_boarding,selected_plan,cleaning|group_formation,cleaning@LYBE:cleaner:1|group_formation@LYBE,cleaning,10.0,0.0,0.0,2026-07-31T14:28:01.995882+02:00,2026-07-31T14:38:01.995882+02:00
52188.03022362219,52248.03022362219,SYN2-293-D:P0001,G:DOR:LYBE:SYN2-293-D:P0001,EVTOL_004,DOR,LYBE,before_boarding,selected_plan,repositioning_flight,repositioning_flight@DOR,landing,1.0,1.0,0.0,2026-07-31T14:29:48.030224+02:00,2026-07-31T14:30:48.030224+02:00
52248.03022362219,52848.03022362219,SYN2-293-D:P0001,G:DOR:LYBE:SYN2-293-D:P0001,EVTOL_004,DOR,LYBE,before_boarding,selected_plan,cleaning,cleaning@DOR:cleaner:1,cleaning,10.0,10.0,0.0,2026-07-31T14:30:48.030224+02:00,2026-07-31T14:40:48.030224+02:00
52248.93091720188,52308.93091720188,SYN2-303-D:P0001,G:LYBV:LYBE:SYN2-303-D:P0001,EVTOL_003,LYBV,LYBE,before_boarding,selected_plan,aircraft_busy,aircraft_busy@F000148,departure_finalization,1.0,1.0,0.0,2026-07-31T14:30:48.930917+02:00,2026-07-31T14:31:48.930917+02:00
52248.93091720188,52308.93091720188,SYN2-300-D:P0002,G:LYBV:LYBE:SYN2-303-D:P0001,EVTOL_003,LYBV,LYBE,before_boarding,selected_plan,aircraft_busy,aircraft_busy@F000148,departure_finalization,1.0,0.5570003867795701,0.0,2026-07-31T14:30:48.930917+02:00,2026-07-31T14:31:48.930917+02:00
52248.93091720188,52308.93091720188,SYN2-294-D:P0002,G:BW:LYBE:SYN2-294-D:P0002,EVTOL_003,BW,LYBE,departure_preparation,committed_flight,departure_preparation,departure_preparation@BW,departure_finalization,1.0,0.0,0.0,2026-07-31T14:30:48.930917+02:00,2026-07-31T14:31:48.930917+02:00
52248.93091720188,52308.93091720188,SYN2-294-D:P0001,G:BW:LYBE:SYN2-294-D:P0002,EVTOL_003,BW,LYBE,departure_preparation,committed_flight,departure_preparation,departure_preparation@BW,departure_finalization,1.0,0.0,0.0,2026-07-31T14:30:48.930917+02:00,2026-07-31T14:31:48.930917+02:00
52305.72609002651,52365.72609002651,SYN2-300-D:P0003,G:JUG:LYBE:SYN2-300-D:P0003,EVTOL_002,JUG,LYBE,before_boarding,selected_plan,aircraft_busy,aircraft_busy@F000145,landing,1.0,1.0,0.0,2026-07-31T14:31:45.726090+02:00,2026-07-31T14:32:45.726090+02:00
52305.72609002651,52365.72609002651,SYN2-294-D:P0003,G:JUG:LYBE:SYN2-300-D:P0003,EVTOL_002,JUG,LYBE,before_boarding,selected_plan,aircraft_busy,aircraft_busy@F000145,landing,1.0,1.0,0.0,2026-07-31T14:31:45.726090+02:00,2026-07-31T14:32:45.726090+02:00
52305.72609002651,52365.72609002651,SYN2-295-D:P0001,G:JUG:LYBE:SYN2-300-D:P0003,EVTOL_002,JUG,LYBE,before_boarding,selected_plan,aircraft_busy,aircraft_busy@F000145,landing,1.0,1.0,0.0,2026-07-31T14:31:45.726090+02:00,2026-07-31T14:32:45.726090+02:00
52308.93091720188,52348.93091720188,SYN2-303-D:P0001,G:LYBV:LYBE:SYN2-303-D:P0001,EVTOL_003,LYBV,LYBE,before_boarding,selected_plan,aircraft_busy,aircraft_busy@F000148,takeoff,0.6666666666666666,0.6666666666666666,0.0,2026-07-31T14:31:48.930917+02:00,2026-07-31T14:32:28.930917+02:00
52308.93091720188,52348.93091720188,SYN2-300-D:P0002,G:LYBV:LYBE:SYN2-303-D:P0001,EVTOL_003,LYBV,LYBE,before_boarding,selected_plan,aircraft_busy,aircraft_busy@F000148,takeoff,0.6666666666666666,0.6666666666666666,0.0,2026-07-31T14:31:48.930917+02:00,2026-07-31T14:32:28.930917+02:00
52348.93091720188,52573.76673920188,SYN2-303-D:P0001,G:LYBV:LYBE:SYN2-303-D:P0001,EVTOL_003,LYBV,LYBE,before_boarding,selected_plan,aircraft_busy,aircraft_busy@F000148,cruise,3.747263700000015,3.747263700000015,0.0,2026-07-31T14:32:28.930917+02:00,2026-07-31T14:36:13.766739+02:00
52348.93091720188,52573.76673920188,SYN2-300-D:P0002,G:LYBV:LYBE:SYN2-303-D:P0001,EVTOL_003,LYBV,LYBE,before_boarding,selected_plan,aircraft_busy,aircraft_busy@F000148,cruise,3.747263700000015,3.747263700000015,0.0,2026-07-31T14:32:28.930917+02:00,2026-07-31T14:36:13.766739+02:00
52365.72609002651,52491.72609002651,SYN2-300-D:P0003,G:JUG:LYBE:SYN2-300-D:P0003,EVTOL_002,JUG,LYBE,before_boarding,selected_plan,aircraft_busy,aircraft_busy@F000145,disembarking,2.1,2.1,0.0,2026-07-31T14:32:45.726090+02:00,2026-07-31T14:34:51.726090+02:00
52365.72609002651,52491.72609002651,SYN2-294-D:P0003,G:JUG:LYBE:SYN2-300-D:P0003,EVTOL_002,JUG,LYBE,before_boarding,selected_plan,aircraft_busy,aircraft_busy@F000145,disembarking,2.1,2.1,0.0,2026-07-31T14:32:45.726090+02:00,2026-07-31T14:34:51.726090+02:00
52365.72609002651,52491.72609002651,SYN2-295-D:P0001,G:JUG:LYBE:SYN2-300-D:P0003,EVTOL_002,JUG,LYBE,before_boarding,selected_plan,aircraft_busy,aircraft_busy@F000145,disembarking,2.1,2.1,0.0,2026-07-31T14:32:45.726090+02:00,2026-07-31T14:34:51.726090+02:00
52573.76673920188,52633.76673920188,SYN2-303-D:P0001,G:LYBV:LYBE:SYN2-303-D:P0001,EVTOL_003,LYBV,LYBE,before_boarding,selected_plan,aircraft_busy,aircraft_busy@F000148,landing,1.0,1.0,0.0,2026-07-31T14:36:13.766739+02:00,2026-07-31T14:37:13.766739+02:00
52573.76673920188,52633.76673920188,SYN2-300-D:P0002,G:LYBV:LYBE:SYN2-303-D:P0001,EVTOL_003,LYBV,LYBE,before_boarding,selected_plan,aircraft_busy,aircraft_busy@F000148,landing,1.0,1.0,0.0,2026-07-31T14:36:13.766739+02:00,2026-07-31T14:37:13.766739+02:00
52633.76673920188,52825.76673920188,SYN2-303-D:P0001,G:LYBV:LYBE:SYN2-303-D:P0001,EVTOL_003,LYBV,LYBE,before_boarding,selected_plan,aircraft_busy,aircraft_busy@F000148,disembarking,3.2,3.2,0.0,2026-07-31T14:37:13.766739+02:00,2026-07-31T14:40:25.766739+02:00
52633.76673920188,52825.76673920188,SYN2-300-D:P0002,G:LYBV:LYBE:SYN2-303-D:P0001,EVTOL_003,LYBV,LYBE,before_boarding,selected_plan,aircraft_busy,aircraft_busy@F000148,disembarking,3.2,3.2,0.0,2026-07-31T14:37:13.766739+02:00,2026-07-31T14:40:25.766739+02:00
52681.99588192407,52700.089715013106,SYN2-073-A:P0001,G:LYBE:DOR:SYN2-073-A:P0001,EVTOL_001,LYBE,DOR,before_boarding,selected_plan,group_formation,group_formation@LYBE,idle,0.3015638848172481,0.0,0.0,2026-07-31T14:38:01.995882+02:00,2026-07-31T14:38:20.089715+02:00
52825.76673920188,53061.11508827702,SYN2-303-D:P0001,G:LYBV:LYBE:SYN2-303-D:P0001,EVTOL_003,LYBV,LYBE,before_boarding,selected_plan,battery_before_repositioning,battery_before_repositioning@LYBE,idle,3.922472484585766,3.922472484585766,0.0,2026-07-31T14:40:25.766739+02:00,2026-07-31T14:44:21.115088+02:00
52825.76673920188,53061.11508827702,SYN2-300-D:P0002,G:LYBV:LYBE:SYN2-303-D:P0001,EVTOL_003,LYBV,LYBE,before_boarding,selected_plan,battery_before_repositioning,battery_before_repositioning@LYBE,idle,3.922472484585766,3.922472484585766,0.0,2026-07-31T14:40:25.766739+02:00,2026-07-31T14:44:21.115088+02:00
52836.72609002651,52914.40385698948,SYN2-300-D:P0003,G:JUG:LYBE:SYN2-300-D:P0003,EVTOL_002,JUG,LYBE,after_boarding,committed_flight,battery_at_origin,battery_at_origin@JUG,waiting_for_departure,1.2946294493827737,0.0,1.2946294493827737,2026-07-31T14:40:36.726090+02:00,2026-07-31T14:41:54.403857+02:00
52836.72609002651,52914.40385698948,SYN2-294-D:P0003,G:JUG:LYBE:SYN2-300-D:P0003,EVTOL_002,JUG,LYBE,after_boarding,committed_flight,battery_at_origin,battery_at_origin@JUG,waiting_for_departure,1.2946294493827737,0.0,1.2946294493827737,2026-07-31T14:40:36.726090+02:00,2026-07-31T14:41:54.403857+02:00
52836.72609002651,52914.40385698948,SYN2-295-D:P0001,G:JUG:LYBE:SYN2-300-D:P0003,EVTOL_002,JUG,LYBE,after_boarding,committed_flight,battery_at_origin,battery_at_origin@JUG,waiting_for_departure,1.2946294493827737,0.0,1.2946294493827737,2026-07-31T14:40:36.726090+02:00,2026-07-31T14:41:54.403857+02:00
52895.089715013106,52955.089715013106,SYN2-073-A:P0001,G:LYBE:DOR:SYN2-073-A:P0001,EVTOL_001,LYBE,DOR,departure_preparation,committed_flight,departure_preparation,departure_preparation@LYBE,departure_finalization,1.0,0.0,0.0,2026-07-31T14:41:35.089715+02:00,2026-07-31T14:42:35.089715+02:00
52914.40385698948,52974.40385698948,SYN2-300-D:P0003,G:JUG:LYBE:SYN2-300-D:P0003,EVTOL_002,JUG,LYBE,departure_preparation,committed_flight,departure_preparation,departure_preparation@JUG,departure_finalization,1.0,0.0,0.0,2026-07-31T14:41:54.403857+02:00,2026-07-31T14:42:54.403857+02:00
52914.40385698948,52974.40385698948,SYN2-294-D:P0003,G:JUG:LYBE:SYN2-300-D:P0003,EVTOL_002,JUG,LYBE,departure_preparation,committed_flight,departure_preparation,departure_preparation@JUG,departure_finalization,1.0,0.0,0.0,2026-07-31T14:41:54.403857+02:00,2026-07-31T14:42:54.403857+02:00
52914.40385698948,52974.40385698948,SYN2-295-D:P0001,G:JUG:LYBE:SYN2-300-D:P0003,EVTOL_002,JUG,LYBE,departure_preparation,committed_flight,departure_preparation,departure_preparation@JUG,departure_finalization,1.0,0.0,0.0,2026-07-31T14:41:54.403857+02:00,2026-07-31T14:42:54.403857+02:00
53043.03022362219,53103.03022362219,SYN2-293-D:P0001,G:DOR:LYBE:SYN2-293-D:P0001,EVTOL_004,DOR,LYBE,departure_preparation,committed_flight,departure_preparation,departure_preparation@DOR,departure_finalization,1.0,0.0,0.0,2026-07-31T14:44:03.030224+02:00,2026-07-31T14:45:03.030224+02:00
53061.11508827702,53121.11508827702,SYN2-303-D:P0001,G:LYBV:LYBE:SYN2-303-D:P0001,EVTOL_003,LYBV,LYBE,before_boarding,selected_plan,departure_preparation,departure_preparation@LYBE,departure_finalization,1.0,1.0,0.0,2026-07-31T14:44:21.115088+02:00,2026-07-31T14:45:21.115088+02:00
53061.11508827702,53121.11508827702,SYN2-300-D:P0002,G:LYBV:LYBE:SYN2-303-D:P0001,EVTOL_003,LYBV,LYBE,before_boarding,selected_plan,departure_preparation,departure_preparation@LYBE,departure_finalization,1.0,1.0,0.0,2026-07-31T14:44:21.115088+02:00,2026-07-31T14:45:21.115088+02:00
53121.11508827702,53161.11508827702,SYN2-303-D:P0001,G:LYBV:LYBE:SYN2-303-D:P0001,EVTOL_003,LYBV,LYBE,before_boarding,selected_plan,repositioning_flight,repositioning_flight@LYBV,takeoff,0.6666666666666666,0.6666666666666666,0.0,2026-07-31T14:45:21.115088+02:00,2026-07-31T14:46:01.115088+02:00
53121.11508827702,53161.11508827702,SYN2-300-D:P0002,G:LYBV:LYBE:SYN2-303-D:P0001,EVTOL_003,LYBV,LYBE,before_boarding,selected_plan,repositioning_flight,repositioning_flight@LYBV,takeoff,0.6666666666666666,0.6666666666666666,0.0,2026-07-31T14:45:21.115088+02:00,2026-07-31T14:46:01.115088+02:00
53161.11508827702,53497.563276277026,SYN2-303-D:P0001,G:LYBV:LYBE:SYN2-303-D:P0001,EVTOL_003,LYBV,LYBE,before_boarding,selected_plan,repositioning_flight,repositioning_flight@LYBV,cruise,5.607469800000035,5.607469800000035,0.0,2026-07-31T14:46:01.115088+02:00,2026-07-31T14:51:37.563276+02:00
53161.11508827702,53497.563276277026,SYN2-300-D:P0002,G:LYBV:LYBE:SYN2-303-D:P0001,EVTOL_003,LYBV,LYBE,before_boarding,selected_plan,repositioning_flight,repositioning_flight@LYBV,cruise,5.607469800000035,5.607469800000035,0.0,2026-07-31T14:46:01.115088+02:00,2026-07-31T14:51:37.563276+02:00
53497.563276277026,53557.563276277026,SYN2-303-D:P0001,G:LYBV:LYBE:SYN2-303-D:P0001,EVTOL_003,LYBV,LYBE,before_boarding,selected_plan,repositioning_flight,repositioning_flight@LYBV,landing,1.0,1.0,0.0,2026-07-31T14:51:37.563276+02:00,2026-07-31T14:52:37.563276+02:00
53497.563276277026,53557.563276277026,SYN2-300-D:P0002,G:LYBV:LYBE:SYN2-303-D:P0001,EVTOL_003,LYBV,LYBE,before_boarding,selected_plan,repositioning_flight,repositioning_flight@LYBV,landing,1.0,1.0,0.0,2026-07-31T14:51:37.563276+02:00,2026-07-31T14:52:37.563276+02:00
53801.69801594381,53861.69801594381,SYN2-308-D:P0001,G:BW:LYBE:SYN2-308-D:P0001,EVTOL_001,BW,LYBE,before_boarding,selected_plan,departure_preparation|group_formation,departure_preparation@DOR|group_formation@BW,departure_finalization,1.0,0.0,0.0,2026-07-31T14:56:41.698016+02:00,2026-07-31T14:57:41.698016+02:00
53827.563276277026,54121.12624422184,SYN2-303-D:P0001,G:LYBV:LYBE:SYN2-303-D:P0001,EVTOL_003,LYBV,LYBE,after_boarding,committed_flight,battery_after_repositioning,battery_after_repositioning@LYBV,waiting_for_departure,4.892716132413625,0.0,4.892716132413625,2026-07-31T14:57:07.563276+02:00,2026-07-31T15:02:01.126244+02:00
53827.563276277026,54121.12624422184,SYN2-300-D:P0002,G:LYBV:LYBE:SYN2-303-D:P0001,EVTOL_003,LYBV,LYBE,after_boarding,committed_flight,battery_after_repositioning,battery_after_repositioning@LYBV,waiting_for_departure,4.892716132413625,0.0,4.892716132413625,2026-07-31T14:57:07.563276+02:00,2026-07-31T15:02:01.126244+02:00
53861.69801594381,53901.69801594381,SYN2-308-D:P0001,G:BW:LYBE:SYN2-308-D:P0001,EVTOL_001,BW,LYBE,before_boarding,selected_plan,group_formation|repositioning_flight,group_formation@BW|repositioning_flight@BW,takeoff,0.6666666666666666,0.0,0.0,2026-07-31T14:57:41.698016+02:00,2026-07-31T14:58:21.698016+02:00
53901.69801594381,53986.66240794381,SYN2-308-D:P0001,G:BW:LYBE:SYN2-308-D:P0001,EVTOL_001,BW,LYBE,before_boarding,selected_plan,group_formation|repositioning_flight,group_formation@BW|repositioning_flight@BW,cruise,1.416073200000028,0.0,0.0,2026-07-31T14:58:21.698016+02:00,2026-07-31T14:59:46.662408+02:00
53986.66240794381,54046.66240794381,SYN2-308-D:P0001,G:BW:LYBE:SYN2-308-D:P0001,EVTOL_001,BW,LYBE,before_boarding,selected_plan,group_formation|repositioning_flight,group_formation@BW|repositioning_flight@BW,landing,1.0,0.0,0.0,2026-07-31T14:59:46.662408+02:00,2026-07-31T15:00:46.662408+02:00
54046.66240794381,54701.69801594381,SYN2-308-D:P0001,G:BW:LYBE:SYN2-308-D:P0001,EVTOL_001,BW,LYBE,before_boarding,selected_plan,group_formation,group_formation@BW,idle,10.917260133333306,0.0,0.0,2026-07-31T15:00:46.662408+02:00,2026-07-31T15:11:41.698016+02:00
54121.12624422184,54181.12624422184,SYN2-303-D:P0001,G:LYBV:LYBE:SYN2-303-D:P0001,EVTOL_003,LYBV,LYBE,departure_preparation,committed_flight,departure_preparation,departure_preparation@LYBV,departure_finalization,1.0,0.0,0.0,2026-07-31T15:02:01.126244+02:00,2026-07-31T15:03:01.126244+02:00
54121.12624422184,54181.12624422184,SYN2-300-D:P0002,G:LYBV:LYBE:SYN2-303-D:P0001,EVTOL_003,LYBV,LYBE,departure_preparation,committed_flight,departure_preparation,departure_preparation@LYBV,departure_finalization,1.0,0.0,0.0,2026-07-31T15:02:01.126244+02:00,2026-07-31T15:03:01.126244+02:00
54134.32072435531,54194.32072435531,SYN2-324-D:P0001,G:LYBV:LYBE:SYN2-324-D:P0001,EVTOL_002,LYBV,LYBE,before_boarding,selected_plan,departure_preparation|group_formation,departure_preparation@LYBE|group_formation@LYBV,departure_finalization,1.0,0.0,0.0,2026-07-31T15:02:14.320724+02:00,2026-07-31T15:03:14.320724+02:00
54194.32072435531,54234.32072435531,SYN2-324-D:P0001,G:LYBV:LYBE:SYN2-324-D:P0001,EVTOL_002,LYBV,LYBE,before_boarding,selected_plan,group_formation|repositioning_flight,group_formation@LYBV|repositioning_flight@LYBV,takeoff,0.6666666666666666,0.0,0.0,2026-07-31T15:03:14.320724+02:00,2026-07-31T15:03:54.320724+02:00
54234.32072435531,54570.768912355314,SYN2-324-D:P0001,G:LYBV:LYBE:SYN2-324-D:P0001,EVTOL_002,LYBV,LYBE,before_boarding,selected_plan,group_formation|repositioning_flight,group_formation@LYBV|repositioning_flight@LYBV,cruise,5.607469800000035,0.0,0.0,2026-07-31T15:03:54.320724+02:00,2026-07-31T15:09:30.768912+02:00
54570.768912355314,54630.768912355314,SYN2-324-D:P0001,G:LYBV:LYBE:SYN2-324-D:P0001,EVTOL_002,LYBV,LYBE,before_boarding,selected_plan,group_formation|repositioning_flight,group_formation@LYBV|repositioning_flight@LYBV,landing,1.0,0.0,0.0,2026-07-31T15:09:30.768912+02:00,2026-07-31T15:10:30.768912+02:00
54630.768912355314,55034.32072435531,SYN2-324-D:P0001,G:LYBV:LYBE:SYN2-324-D:P0001,EVTOL_002,LYBV,LYBE,before_boarding,selected_plan,group_formation,group_formation@LYBV,idle,6.725863533333298,0.0,0.0,2026-07-31T15:10:30.768912+02:00,2026-07-31T15:17:14.320724+02:00
54675.52211769849,55034.32072435531,SYN2-326-D:P0001,G:LYBV:LYBE:SYN2-324-D:P0001,EVTOL_002,LYBV,LYBE,before_boarding,selected_plan,group_formation,group_formation@LYBV,idle,5.979976777613653,0.0,0.0,2026-07-31T15:11:15.522118+02:00,2026-07-31T15:17:14.320724+02:00
54865.099825708356,55173.52485655147,SYN2-301-D:P0001,G:DOR:LYBE:SYN2-301-D:P0001,EVTOL_003,DOR,LYBE,before_boarding,selected_plan,battery_before_repositioning|group_formation,battery_before_repositioning@LYBE|group_formation@DOR,idle,5.140417180718577,0.0,0.0,2026-07-31T15:14:25.099826+02:00,2026-07-31T15:19:33.524857+02:00
54896.69801594381,54956.69801594381,SYN2-308-D:P0001,G:BW:LYBE:SYN2-308-D:P0001,EVTOL_001,BW,LYBE,departure_preparation,committed_flight,departure_preparation,departure_preparation@BW,departure_finalization,1.0,0.0,0.0,2026-07-31T15:14:56.698016+02:00,2026-07-31T15:15:56.698016+02:00
55084.326103521,55173.52485655147,SYN2-305-D:P0001,G:DOR:LYBE:SYN2-301-D:P0001,EVTOL_003,DOR,LYBE,before_boarding,selected_plan,battery_before_repositioning|group_formation,battery_before_repositioning@LYBE|group_formation@DOR,idle,1.4866458838411443,0.0,0.0,2026-07-31T15:18:04.326104+02:00,2026-07-31T15:19:33.524857+02:00
55173.52485655148,55221.53383794381,SYN2-301-D:P0001,G:DOR:LYBE:SYN2-301-D:P0001,EVTOL_003,DOR,LYBE,before_boarding,selected_plan,group_formation|origin_tlof,group_formation@DOR|origin_tlof@LYBE,idle,0.8001496898722205,0.0,0.0,2026-07-31T15:19:33.524857+02:00,2026-07-31T15:20:21.533838+02:00
55173.52485655148,55221.53383794381,SYN2-305-D:P0001,G:DOR:LYBE:SYN2-301-D:P0001,EVTOL_003,DOR,LYBE,before_boarding,selected_plan,group_formation|origin_tlof,group_formation@DOR|origin_tlof@LYBE,idle,0.8001496898722205,0.0,0.0,2026-07-31T15:19:33.524857+02:00,2026-07-31T15:20:21.533838+02:00
55221.53383794381,55281.53383794381,SYN2-301-D:P0001,G:DOR:LYBE:SYN2-301-D:P0001,EVTOL_003,DOR,LYBE,before_boarding,selected_plan,departure_preparation|group_formation,departure_preparation@LYBE|group_formation@DOR,departure_finalization,1.0,0.0,0.0,2026-07-31T15:20:21.533838+02:00,2026-07-31T15:21:21.533838+02:00
55221.53383794381,55281.53383794381,SYN2-305-D:P0001,G:DOR:LYBE:SYN2-301-D:P0001,EVTOL_003,DOR,LYBE,before_boarding,selected_plan,departure_preparation|group_formation,departure_preparation@LYBE|group_formation@DOR,departure_finalization,1.0,0.0,0.0,2026-07-31T15:20:21.533838+02:00,2026-07-31T15:21:21.533838+02:00
55281.53383794381,55321.53383794381,SYN2-301-D:P0001,G:DOR:LYBE:SYN2-301-D:P0001,EVTOL_003,DOR,LYBE,before_boarding,selected_plan,group_formation|repositioning_flight,group_formation@DOR|repositioning_flight@DOR,takeoff,0.6666666666666666,0.0,0.0,2026-07-31T15:21:21.533838+02:00,2026-07-31T15:22:01.533838+02:00
55281.53383794381,55321.53383794381,SYN2-305-D:P0001,G:DOR:LYBE:SYN2-301-D:P0001,EVTOL_003,DOR,LYBE,before_boarding,selected_plan,group_formation|repositioning_flight,group_formation@DOR|repositioning_flight@DOR,takeoff,0.6666666666666666,0.0,0.0,2026-07-31T15:21:21.533838+02:00,2026-07-31T15:22:01.533838+02:00
55295.17206431417,55407.53383794381,SYN2-319-D:P0001,G:BW:LYBE:SYN2-319-D:P0001,EVTOL_001,BW,LYBE,before_boarding,selected_plan,aircraft_busy|group_formation,aircraft_busy@F000156|group_formation@BW,disembarking,1.8726962271607286,0.0,0.0,2026-07-31T15:21:35.172064+02:00,2026-07-31T15:23:27.533838+02:00
55304.32072435531,55364.32072435531,SYN2-324-D:P0001,G:LYBV:LYBE:SYN2-324-D:P0001,EVTOL_002,LYBV,LYBE,departure_preparation,committed_flight,departure_preparation,departure_preparation@LYBV,departure_finalization,1.0,0.0,0.0,2026-07-31T15:21:44.320724+02:00,2026-07-31T15:22:44.320724+02:00
55304.32072435531,55364.32072435531,SYN2-326-D:P0001,G:LYBV:LYBE:SYN2-324-D:P0001,EVTOL_002,LYBV,LYBE,departure_preparation,committed_flight,departure_preparation,departure_preparation@LYBV,departure_finalization,1.0,0.0,0.0,2026-07-31T15:21:44.320724+02:00,2026-07-31T15:22:44.320724+02:00
55321.53383794381,55649.33405194381,SYN2-301-D:P0001,G:DOR:LYBE:SYN2-301-D:P0001,EVTOL_003,DOR,LYBE,before_boarding,selected_plan,group_formation|repositioning_flight,group_formation@DOR|repositioning_flight@DOR,cruise,5.463336900000043,0.0,0.0,2026-07-31T15:22:01.533838+02:00,2026-07-31T15:27:29.334052+02:00
55321.53383794381,55649.33405194381,SYN2-305-D:P0001,G:DOR:LYBE:SYN2-301-D:P0001,EVTOL_003,DOR,LYBE,before_boarding,selected_plan,group_formation|repositioning_flight,group_formation@DOR|repositioning_flight@DOR,cruise,5.463336900000043,0.0,0.0,2026-07-31T15:22:01.533838+02:00,2026-07-31T15:27:29.334052+02:00
55407.53383794381,55467.53383794381,SYN2-319-D:P0001,G:BW:LYBE:SYN2-319-D:P0001,EVTOL_001,BW,LYBE,before_boarding,selected_plan,departure_preparation|group_formation,departure_preparation@LYBE|group_formation@BW,departure_finalization,1.0,0.0,0.0,2026-07-31T15:23:27.533838+02:00,2026-07-31T15:24:27.533838+02:00
55467.53383794381,55507.53383794381,SYN2-319-D:P0001,G:BW:LYBE:SYN2-319-D:P0001,EVTOL_001,BW,LYBE,before_boarding,selected_plan,group_formation|repositioning_flight,group_formation@BW|repositioning_flight@BW,takeoff,0.6666666666666666,0.0,0.0,2026-07-31T15:24:27.533838+02:00,2026-07-31T15:25:07.533838+02:00
55507.53383794381,55732.36965994381,SYN2-319-D:P0001,G:BW:LYBE:SYN2-319-D:P0001,EVTOL_001,BW,LYBE,before_boarding,selected_plan,group_formation|repositioning_flight,group_formation@BW|repositioning_flight@BW,cruise,3.747263700000015,0.0,0.0,2026-07-31T15:25:07.533838+02:00,2026-07-31T15:28:52.369660+02:00
55632.53522227984,55692.53522227984,SYN2-317-D:P0001,G:JUG:LYBE:SYN2-317-D:P0001,EVTOL_004,JUG,LYBE,before_boarding,selected_plan,departure_preparation|group_formation,departure_preparation@LYBE|group_formation@JUG,departure_finalization,1.0,0.0,0.0,2026-07-31T15:27:12.535222+02:00,2026-07-31T15:28:12.535222+02:00
55649.33405194381,55709.33405194381,SYN2-301-D:P0001,G:DOR:LYBE:SYN2-301-D:P0001,EVTOL_003,DOR,LYBE,before_boarding,selected_plan,group_formation|repositioning_flight,group_formation@DOR|repositioning_flight@DOR,landing,1.0,0.0,0.0,2026-07-31T15:27:29.334052+02:00,2026-07-31T15:28:29.334052+02:00
55649.33405194381,55709.33405194381,SYN2-305-D:P0001,G:DOR:LYBE:SYN2-301-D:P0001,EVTOL_003,DOR,LYBE,before_boarding,selected_plan,group_formation|repositioning_flight,group_formation@DOR|repositioning_flight@DOR,landing,1.0,0.0,0.0,2026-07-31T15:27:29.334052+02:00,2026-07-31T15:28:29.334052+02:00
55692.53522227984,55732.53522227984,SYN2-317-D:P0001,G:JUG:LYBE:SYN2-317-D:P0001,EVTOL_004,JUG,LYBE,before_boarding,selected_plan,group_formation|repositioning_flight,group_formation@JUG|repositioning_flight@JUG,takeoff,0.6666666666666666,0.0,0.0,2026-07-31T15:28:12.535222+02:00,2026-07-31T15:28:52.535222+02:00
55709.33405194381,55765.099825708356,SYN2-301-D:P0001,G:DOR:LYBE:SYN2-301-D:P0001,EVTOL_003,DOR,LYBE,before_boarding,selected_plan,group_formation,group_formation@DOR,idle,0.9294295627423708,0.0,0.0,2026-07-31T15:28:29.334052+02:00,2026-07-31T15:29:25.099826+02:00
55709.33405194381,55765.099825708356,SYN2-305-D:P0001,G:DOR:LYBE:SYN2-301-D:P0001,EVTOL_003,DOR,LYBE,before_boarding,selected_plan,group_formation,group_formation@DOR,idle,0.9294295627423708,0.0,0.0,2026-07-31T15:28:29.334052+02:00,2026-07-31T15:29:25.099826+02:00
55709.927771648814,55740.768912355314,SYN2-075-A:P0001,G:LYBE:BW:SYN2-075-A:P0001,EVTOL_002,LYBE,BW,before_boarding,selected_plan,aircraft_busy|group_formation,aircraft_busy@F000157|group_formation@LYBE,cruise,0.5140190117749929,0.0,0.0,2026-07-31T15:28:29.927772+02:00,2026-07-31T15:29:00.768912+02:00
55721.63478054603,55740.768912355314,SYN2-075-A:P0003,G:LYBE:BW:SYN2-075-A:P0001,EVTOL_002,LYBE,BW,before_boarding,selected_plan,aircraft_busy|group_formation,aircraft_busy@F000157|group_formation@LYBE,cruise,0.3189021968213638,0.0,0.0,2026-07-31T15:28:41.634781+02:00,2026-07-31T15:29:00.768912+02:00
55732.36965994381,55792.36965994381,SYN2-319-D:P0001,G:BW:LYBE:SYN2-319-D:P0001,EVTOL_001,BW,LYBE,before_boarding,selected_plan,group_formation|repositioning_flight,group_formation@BW|repositioning_flight@BW,landing,1.0,0.0,0.0,2026-07-31T15:28:52.369660+02:00,2026-07-31T15:29:52.369660+02:00
55732.53522227984,56050.33753427984,SYN2-317-D:P0001,G:JUG:LYBE:SYN2-317-D:P0001,EVTOL_004,JUG,LYBE,before_boarding,selected_plan,group_formation|repositioning_flight,group_formation@JUG|repositioning_flight@JUG,cruise,5.296705199999996,0.0,0.0,2026-07-31T15:28:52.535222+02:00,2026-07-31T15:34:10.337534+02:00
55740.768912355314,55800.768912355314,SYN2-075-A:P0001,G:LYBE:BW:SYN2-075-A:P0001,EVTOL_002,LYBE,BW,before_boarding,selected_plan,aircraft_busy|group_formation,aircraft_busy@F000157|group_formation@LYBE,landing,1.0,0.0,0.0,2026-07-31T15:29:00.768912+02:00,2026-07-31T15:30:00.768912+02:00
55740.768912355314,55800.768912355314,SYN2-075-A:P0003,G:LYBE:BW:SYN2-075-A:P0001,EVTOL_002,LYBE,BW,before_boarding,selected_plan,aircraft_busy|group_formation,aircraft_busy@F000157|group_formation@LYBE,landing,1.0,0.0,0.0,2026-07-31T15:29:00.768912+02:00,2026-07-31T15:30:00.768912+02:00
55792.36965994381,56195.17206431417,SYN2-319-D:P0001,G:BW:LYBE:SYN2-319-D:P0001,EVTOL_001,BW,LYBE,before_boarding,selected_plan,group_formation,group_formation@BW,idle,6.71337340617259,0.0,0.0,2026-07-31T15:29:52.369660+02:00,2026-07-31T15:36:35.172064+02:00
55800.768912355314,55992.768912355314,SYN2-075-A:P0001,G:LYBE:BW:SYN2-075-A:P0001,EVTOL_002,LYBE,BW,before_boarding,selected_plan,aircraft_busy|group_formation,aircraft_busy@F000157|group_formation@LYBE,disembarking,3.2,0.0,0.0,2026-07-31T15:30:00.768912+02:00,2026-07-31T15:33:12.768912+02:00
55800.768912355314,55992.768912355314,SYN2-075-A:P0003,G:LYBE:BW:SYN2-075-A:P0001,EVTOL_002,LYBE,BW,before_boarding,selected_plan,aircraft_busy|group_formation,aircraft_busy@F000157|group_formation@LYBE,disembarking,3.2,0.0,0.0,2026-07-31T15:30:00.768912+02:00,2026-07-31T15:33:12.768912+02:00
55992.768912355314,56609.927771648814,SYN2-075-A:P0001,G:LYBE:BW:SYN2-075-A:P0001,EVTOL_002,LYBE,BW,before_boarding,selected_plan,group_formation,group_formation@LYBE,idle,10.285980988225008,0.0,0.0,2026-07-31T15:33:12.768912+02:00,2026-07-31T15:43:29.927772+02:00
55992.768912355314,56609.927771648814,SYN2-075-A:P0003,G:LYBE:BW:SYN2-075-A:P0001,EVTOL_002,LYBE,BW,before_boarding,selected_plan,group_formation,group_formation@LYBE,idle,10.285980988225008,0.0,0.0,2026-07-31T15:33:12.768912+02:00,2026-07-31T15:43:29.927772+02:00
56035.099825708356,56219.55590618177,SYN2-301-D:P0001,G:DOR:LYBE:SYN2-301-D:P0001,EVTOL_003,DOR,LYBE,after_boarding,committed_flight,battery_after_repositioning,battery_after_repositioning@DOR,waiting_for_departure,3.0742680078902294,0.0,3.0742680078902294,2026-07-31T15:33:55.099826+02:00,2026-07-31T15:36:59.555906+02:00
56035.099825708356,56219.55590618177,SYN2-305-D:P0001,G:DOR:LYBE:SYN2-301-D:P0001,EVTOL_003,DOR,LYBE,after_boarding,committed_flight,battery_after_repositioning,battery_after_repositioning@DOR,waiting_for_departure,3.0742680078902294,0.0,3.0742680078902294,2026-07-31T15:33:55.099826+02:00,2026-07-31T15:36:59.555906+02:00
56050.33753427984,56110.33753427984,SYN2-317-D:P0001,G:JUG:LYBE:SYN2-317-D:P0001,EVTOL_004,JUG,LYBE,before_boarding,selected_plan,group_formation|repositioning_flight,group_formation@JUG|repositioning_flight@JUG,landing,1.0,0.0,0.0,2026-07-31T15:34:10.337534+02:00,2026-07-31T15:35:10.337534+02:00
56110.33753427984,56532.53522227984,SYN2-317-D:P0001,G:JUG:LYBE:SYN2-317-D:P0001,EVTOL_004,JUG,LYBE,before_boarding,selected_plan,group_formation,group_formation@JUG,idle,7.036628133333337,0.0,0.0,2026-07-31T15:35:10.337534+02:00,2026-07-31T15:42:12.535222+02:00
56138.31164700396,56195.17206431417,SYN2-310-D:P0001,G:BW:LYBE:SYN2-319-D:P0001,EVTOL_001,BW,LYBE,before_boarding,selected_plan,group_formation,group_formation@BW,idle,0.9476736218367781,0.0,0.0,2026-07-31T15:35:38.311647+02:00,2026-07-31T15:36:35.172064+02:00
56219.55590618177,56279.55590618177,SYN2-301-D:P0001,G:DOR:LYBE:SYN2-301-D:P0001,EVTOL_003,DOR,LYBE,departure_preparation,committed_flight,departure_preparation,departure_preparation@DOR,departure_finalization,1.0,0.0,0.0,2026-07-31T15:36:59.555906+02:00,2026-07-31T15:37:59.555906+02:00
56219.55590618177,56279.55590618177,SYN2-305-D:P0001,G:DOR:LYBE:SYN2-301-D:P0001,EVTOL_003,DOR,LYBE,departure_preparation,committed_flight,departure_preparation,departure_preparation@DOR,departure_finalization,1.0,0.0,0.0,2026-07-31T15:36:59.555906+02:00,2026-07-31T15:37:59.555906+02:00
56283.91491629288,56465.17206431417,SYN2-322-D:P0001,G:LYBV:LYBE:SYN2-322-D:P0001,EVTOL_001,LYBV,LYBE,before_boarding,selected_plan,aircraft_busy|group_formation,aircraft_busy@F000162|group_formation@LYBV,boarding,3.02095246702144,0.0,0.0,2026-07-31T15:38:03.914916+02:00,2026-07-31T15:41:05.172064+02:00
56465.17206431417,56525.17206431417,SYN2-322-D:P0001,G:LYBV:LYBE:SYN2-322-D:P0001,EVTOL_001,LYBV,LYBE,before_boarding,selected_plan,aircraft_busy|group_formation,aircraft_busy@F000162|group_formation@LYBV,departure_finalization,1.0,0.0,0.0,2026-07-31T15:41:05.172064+02:00,2026-07-31T15:42:05.172064+02:00
56465.17206431417,56525.17206431417,SYN2-319-D:P0001,G:BW:LYBE:SYN2-319-D:P0001,EVTOL_001,BW,LYBE,departure_preparation,committed_flight,departure_preparation,departure_preparation@BW,departure_finalization,1.0,0.0,0.0,2026-07-31T15:41:05.172064+02:00,2026-07-31T15:42:05.172064+02:00
56465.17206431417,56525.17206431417,SYN2-310-D:P0001,G:BW:LYBE:SYN2-319-D:P0001,EVTOL_001,BW,LYBE,departure_preparation,committed_flight,departure_preparation,departure_preparation@BW,departure_finalization,1.0,0.0,0.0,2026-07-31T15:41:05.172064+02:00,2026-07-31T15:42:05.172064+02:00
56525.17206431417,56565.17206431417,SYN2-322-D:P0001,G:LYBV:LYBE:SYN2-322-D:P0001,EVTOL_001,LYBV,LYBE,before_boarding,selected_plan,aircraft_busy|group_formation,aircraft_busy@F000162|group_formation@LYBV,takeoff,0.6666666666666666,0.0,0.0,2026-07-31T15:42:05.172064+02:00,2026-07-31T15:42:45.172064+02:00
56565.17206431417,56790.00788631417,SYN2-322-D:P0001,G:LYBV:LYBE:SYN2-322-D:P0001,EVTOL_001,LYBV,LYBE,before_boarding,selected_plan,aircraft_busy|group_formation,aircraft_busy@F000162|group_formation@LYBV,cruise,3.747263700000015,0.0,0.0,2026-07-31T15:42:45.172064+02:00,2026-07-31T15:46:30.007886+02:00
56606.16160234108,56609.927771648814,SYN2-075-A:P0002,G:LYBE:BW:SYN2-075-A:P0001,EVTOL_002,LYBE,BW,before_boarding,selected_plan,group_formation,group_formation@LYBE,idle,0.0627694884621936,0.0,0.0,2026-07-31T15:43:26.161602+02:00,2026-07-31T15:43:29.927772+02:00
56727.53522227984,56787.53522227984,SYN2-317-D:P0001,G:JUG:LYBE:SYN2-317-D:P0001,EVTOL_004,JUG,LYBE,departure_preparation,committed_flight,departure_preparation,departure_preparation@JUG,departure_finalization,1.0,0.0,0.0,2026-07-31T15:45:27.535222+02:00,2026-07-31T15:46:27.535222+02:00
56790.00788631417,56850.00788631417,SYN2-322-D:P0001,G:LYBV:LYBE:SYN2-322-D:P0001,EVTOL_001,LYBV,LYBE,before_boarding,selected_plan,aircraft_busy|group_formation,aircraft_busy@F000162|group_formation@LYBV,landing,1.0,0.0,0.0,2026-07-31T15:46:30.007886+02:00,2026-07-31T15:47:30.007886+02:00
56850.00788631417,57042.00788631417,SYN2-322-D:P0001,G:LYBV:LYBE:SYN2-322-D:P0001,EVTOL_001,LYBV,LYBE,before_boarding,selected_plan,aircraft_busy|group_formation,aircraft_busy@F000162|group_formation@LYBV,disembarking,3.2,0.0,0.0,2026-07-31T15:47:30.007886+02:00,2026-07-31T15:50:42.007886+02:00
56954.927771648814,57014.927771648814,SYN2-075-A:P0001,G:LYBE:BW:SYN2-075-A:P0001,EVTOL_002,LYBE,BW,departure_preparation,committed_flight,departure_preparation,departure_preparation@LYBE,departure_finalization,1.0,0.0,0.0,2026-07-31T15:49:14.927772+02:00,2026-07-31T15:50:14.927772+02:00
56954.927771648814,57014.927771648814,SYN2-075-A:P0003,G:LYBE:BW:SYN2-075-A:P0001,EVTOL_002,LYBE,BW,departure_preparation,committed_flight,departure_preparation,departure_preparation@LYBE,departure_finalization,1.0,0.0,0.0,2026-07-31T15:49:14.927772+02:00,2026-07-31T15:50:14.927772+02:00
56954.927771648814,57014.927771648814,SYN2-075-A:P0002,G:LYBE:BW:SYN2-075-A:P0001,EVTOL_002,LYBE,BW,departure_preparation,committed_flight,departure_preparation,departure_preparation@LYBE,departure_finalization,1.0,0.0,0.0,2026-07-31T15:49:14.927772+02:00,2026-07-31T15:50:14.927772+02:00
57042.00788631417,57097.81399169314,SYN2-322-D:P0001,G:LYBV:LYBE:SYN2-322-D:P0001,EVTOL_001,LYBV,LYBE,before_boarding,selected_plan,battery_before_repositioning|group_formation,battery_before_repositioning@LYBE|group_formation@LYBV,idle,0.9301017563161925,0.0,0.0,2026-07-31T15:50:42.007886+02:00,2026-07-31T15:51:37.813992+02:00
57097.81399169314,57145.33753427984,SYN2-322-D:P0001,G:LYBV:LYBE:SYN2-322-D:P0001,EVTOL_001,LYBV,LYBE,before_boarding,selected_plan,group_formation|origin_tlof,group_formation@LYBV|origin_tlof@LYBE,idle,0.792059043111658,0.0,0.0,2026-07-31T15:51:37.813992+02:00,2026-07-31T15:52:25.337534+02:00
57145.33753427984,57183.91491629288,SYN2-322-D:P0001,G:LYBV:LYBE:SYN2-322-D:P0001,EVTOL_001,LYBV,LYBE,before_boarding,selected_plan,departure_preparation|group_formation,departure_preparation@LYBE|group_formation@LYBV,departure_finalization,0.6429563668840274,0.0,0.0,2026-07-31T15:52:25.337534+02:00,2026-07-31T15:53:03.914916+02:00
57183.91491629288,57205.33753427984,SYN2-322-D:P0001,G:LYBV:LYBE:SYN2-322-D:P0001,EVTOL_001,LYBV,LYBE,before_boarding,selected_plan,departure_preparation,departure_preparation@LYBE,departure_finalization,0.35704363311597265,0.35704363311597265,0.0,2026-07-31T15:53:03.914916+02:00,2026-07-31T15:53:25.337534+02:00
57205.33753427984,57245.33753427984,SYN2-322-D:P0001,G:LYBV:LYBE:SYN2-322-D:P0001,EVTOL_001,LYBV,LYBE,before_boarding,selected_plan,repositioning_flight,repositioning_flight@LYBV,takeoff,0.6666666666666666,0.6666666666666666,0.0,2026-07-31T15:53:25.337534+02:00,2026-07-31T15:54:05.337534+02:00
57245.33753427984,57581.78572227984,SYN2-322-D:P0001,G:LYBV:LYBE:SYN2-322-D:P0001,EVTOL_001,LYBV,LYBE,before_boarding,selected_plan,repositioning_flight,repositioning_flight@LYBV,cruise,5.607469800000035,5.607469800000035,0.0,2026-07-31T15:54:05.337534+02:00,2026-07-31T15:59:41.785722+02:00
57581.78572227984,57641.78572227984,SYN2-322-D:P0001,G:LYBV:LYBE:SYN2-322-D:P0001,EVTOL_001,LYBV,LYBE,before_boarding,selected_plan,repositioning_flight,repositioning_flight@LYBV,landing,1.0,1.0,0.0,2026-07-31T15:59:41.785722+02:00,2026-07-31T16:00:41.785722+02:00
57693.466341805244,58593.466341805244,SYN2-079-A:P0001,G:LYBE:BW:SYN2-079-A:P0001,EVTOL_003,LYBE,BW,before_boarding,selected_plan,group_formation,group_formation@LYBE,idle,15.0,0.0,0.0,2026-07-31T16:01:33.466342+02:00,2026-07-31T16:16:33.466342+02:00
57836.78572227984,58159.884130450155,SYN2-322-D:P0001,G:LYBV:LYBE:SYN2-322-D:P0001,EVTOL_001,LYBV,LYBE,after_boarding,committed_flight,battery_after_repositioning,battery_after_repositioning@LYBV,waiting_for_departure,5.384973469505227,0.0,5.384973469505227,2026-07-31T16:03:56.785722+02:00,2026-07-31T16:09:19.884130+02:00
58159.884130450155,58219.884130450155,SYN2-322-D:P0001,G:LYBV:LYBE:SYN2-322-D:P0001,EVTOL_001,LYBV,LYBE,departure_preparation,committed_flight,departure_preparation,departure_preparation@LYBV,departure_finalization,1.0,0.0,0.0,2026-07-31T16:09:19.884130+02:00,2026-07-31T16:10:19.884130+02:00
58456.46435091021,58516.46435091021,SYN2-326-D:P0002,G:JUG:LYBE:SYN2-326-D:P0002,EVTOL_002,JUG,LYBE,before_boarding,selected_plan,departure_preparation|group_formation,departure_preparation@BW|group_formation@JUG,departure_finalization,1.0,0.0,0.0,2026-07-31T16:14:16.464351+02:00,2026-07-31T16:15:16.464351+02:00
58516.46435091021,58556.46435091021,SYN2-326-D:P0002,G:JUG:LYBE:SYN2-326-D:P0002,EVTOL_002,JUG,LYBE,before_boarding,selected_plan,group_formation|repositioning_flight,group_formation@JUG|repositioning_flight@JUG,takeoff,0.6666666666666666,0.0,0.0,2026-07-31T16:15:16.464351+02:00,2026-07-31T16:15:56.464351+02:00
58556.46435091021,58631.43084091021,SYN2-326-D:P0002,G:JUG:LYBE:SYN2-326-D:P0002,EVTOL_002,JUG,LYBE,before_boarding,selected_plan,group_formation|repositioning_flight,group_formation@JUG|repositioning_flight@JUG,cruise,1.2494414999999814,0.0,0.0,2026-07-31T16:15:56.464351+02:00,2026-07-31T16:17:11.430841+02:00
58631.43084091021,58691.43084091021,SYN2-326-D:P0002,G:JUG:LYBE:SYN2-326-D:P0002,EVTOL_002,JUG,LYBE,before_boarding,selected_plan,group_formation|repositioning_flight,group_formation@JUG|repositioning_flight@JUG,landing,1.0,0.0,0.0,2026-07-31T16:17:11.430841+02:00,2026-07-31T16:18:11.430841+02:00
58639.46884968134,58699.46884968134,SYN2-328-D:P0001,G:LYBV:LYBE:SYN2-328-D:P0001,EVTOL_004,LYBV,LYBE,before_boarding,selected_plan,departure_preparation|group_formation,departure_preparation@LYBE|group_formation@LYBV,departure_finalization,1.0,0.0,0.0,2026-07-31T16:17:19.468850+02:00,2026-07-31T16:18:19.468850+02:00
58691.43084091021,59356.46435091021,SYN2-326-D:P0002,G:JUG:LYBE:SYN2-326-D:P0002,EVTOL_002,JUG,LYBE,before_boarding,selected_plan,group_formation,group_formation@JUG,idle,11.083891833333352,0.0,0.0,2026-07-31T16:18:11.430841+02:00,2026-07-31T16:29:16.464351+02:00
58699.46884968134,58739.46884968134,SYN2-328-D:P0001,G:LYBV:LYBE:SYN2-328-D:P0001,EVTOL_004,LYBV,LYBE,before_boarding,selected_plan,group_formation|repositioning_flight,group_formation@LYBV|repositioning_flight@LYBV,takeoff,0.6666666666666666,0.0,0.0,2026-07-31T16:18:19.468850+02:00,2026-07-31T16:18:59.468850+02:00
58699.843831469225,58788.466341805244,SYN2-327-D:P0001,G:DOR:LYBE:SYN2-327-D:P0001,EVTOL_003,DOR,LYBE,before_boarding,selected_plan,aircraft_busy|group_formation,aircraft_busy@F000168|group_formation@DOR,boarding,1.4770418389336555,0.0,0.0,2026-07-31T16:18:19.843831+02:00,2026-07-31T16:19:48.466342+02:00
58739.46884968134,59075.91703768134,SYN2-328-D:P0001,G:LYBV:LYBE:SYN2-328-D:P0001,EVTOL_004,LYBV,LYBE,before_boarding,selected_plan,group_formation|repositioning_flight,group_formation@LYBV|repositioning_flight@LYBV,cruise,5.607469800000035,0.0,0.0,2026-07-31T16:18:59.468850+02:00,2026-07-31T16:24:35.917038+02:00
58788.466341805244,58848.466341805244,SYN2-327-D:P0001,G:DOR:LYBE:SYN2-327-D:P0001,EVTOL_003,DOR,LYBE,before_boarding,selected_plan,aircraft_busy|group_formation,aircraft_busy@F000168|group_formation@DOR,departure_finalization,1.0,0.0,0.0,2026-07-31T16:19:48.466342+02:00,2026-07-31T16:20:48.466342+02:00
58788.466341805244,58848.466341805244,SYN2-079-A:P0001,G:LYBE:BW:SYN2-079-A:P0001,EVTOL_003,LYBE,BW,departure_preparation,committed_flight,departure_preparation,departure_preparation@LYBE,departure_finalization,1.0,0.0,0.0,2026-07-31T16:19:48.466342+02:00,2026-07-31T16:20:48.466342+02:00
58848.466341805244,58888.466341805244,SYN2-327-D:P0001,G:DOR:LYBE:SYN2-327-D:P0001,EVTOL_003,DOR,LYBE,before_boarding,selected_plan,aircraft_busy|group_formation,aircraft_busy@F000168|group_formation@DOR,takeoff,0.6666666666666666,0.0,0.0,2026-07-31T16:20:48.466342+02:00,2026-07-31T16:21:28.466342+02:00
58888.466341805244,58911.52015708043,SYN2-327-D:P0001,G:DOR:LYBE:SYN2-327-D:P0001,EVTOL_003,DOR,LYBE,before_boarding,selected_plan,aircraft_busy|group_formation,aircraft_busy@F000168|group_formation@DOR,cruise,0.38423025458638826,0.0,0.0,2026-07-31T16:21:28.466342+02:00,2026-07-31T16:21:51.520157+02:00
58911.52015708043,59113.302163805245,SYN2-375-D:P0001,G:BW:LYBE:SYN2-375-D:P0001,EVTOL_003,BW,LYBE,before_boarding,selected_plan,aircraft_busy|group_formation,aircraft_busy@F000168|group_formation@BW,cruise,3.363033445413627,0.0,0.0,2026-07-31T16:21:51.520157+02:00,2026-07-31T16:25:13.302164+02:00
58911.52015708043,59212.28274277979,SYN2-327-D:P0001,G:DOR:LYBE:SYN2-327-D:P0001,EVTOL_001,DOR,LYBE,before_boarding,selected_plan,battery_before_repositioning|group_formation,battery_before_repositioning@LYBE|group_formation@DOR,idle,5.01270976165603,0.0,0.0,2026-07-31T16:21:51.520157+02:00,2026-07-31T16:26:52.282743+02:00
59075.91703768134,59135.91703768134,SYN2-328-D:P0001,G:LYBV:LYBE:SYN2-328-D:P0001,EVTOL_004,LYBV,LYBE,before_boarding,selected_plan,group_formation|repositioning_flight,group_formation@LYBV|repositioning_flight@LYBV,landing,1.0,0.0,0.0,2026-07-31T16:24:35.917038+02:00,2026-07-31T16:25:35.917038+02:00
59113.302163805245,59173.302163805245,SYN2-375-D:P0001,G:BW:LYBE:SYN2-375-D:P0001,EVTOL_003,BW,LYBE,before_boarding,selected_plan,aircraft_busy|group_formation,aircraft_busy@F000168|group_formation@BW,landing,1.0,0.0,0.0,2026-07-31T16:25:13.302164+02:00,2026-07-31T16:26:13.302164+02:00
59135.91703768134,59539.46884968134,SYN2-328-D:P0001,G:LYBV:LYBE:SYN2-328-D:P0001,EVTOL_004,LYBV,LYBE,before_boarding,selected_plan,group_formation,group_formation@LYBV,idle,6.725863533333298,0.0,0.0,2026-07-31T16:25:35.917038+02:00,2026-07-31T16:32:19.468850+02:00
59173.302163805245,59299.302163805245,SYN2-375-D:P0001,G:BW:LYBE:SYN2-375-D:P0001,EVTOL_003,BW,LYBE,before_boarding,selected_plan,aircraft_busy|group_formation,aircraft_busy@F000168|group_formation@BW,disembarking,2.1,0.0,0.0,2026-07-31T16:26:13.302164+02:00,2026-07-31T16:28:19.302164+02:00
59212.28274277979,59272.28274277979,SYN2-327-D:P0001,G:DOR:LYBE:SYN2-327-D:P0001,EVTOL_001,DOR,LYBE,before_boarding,selected_plan,departure_preparation|group_formation,departure_preparation@LYBE|group_formation@DOR,departure_finalization,1.0,0.0,0.0,2026-07-31T16:26:52.282743+02:00,2026-07-31T16:27:52.282743+02:00
59213.680150901244,59539.46884968134,SYN2-328-D:P0002,G:LYBV:LYBE:SYN2-328-D:P0001,EVTOL_004,LYBV,LYBE,before_boarding,selected_plan,group_formation,group_formation@LYBV,idle,5.429811646334929,0.0,0.0,2026-07-31T16:26:53.680151+02:00,2026-07-31T16:32:19.468850+02:00
59272.28274277979,59312.28274277979,SYN2-327-D:P0001,G:DOR:LYBE:SYN2-327-D:P0001,EVTOL_001,DOR,LYBE,before_boarding,selected_plan,group_formation|repositioning_flight,group_formation@DOR|repositioning_flight@DOR,takeoff,0.6666666666666666,0.0,0.0,2026-07-31T16:27:52.282743+02:00,2026-07-31T16:28:32.282743+02:00
59299.302163805245,59811.52015708043,SYN2-375-D:P0001,G:BW:LYBE:SYN2-375-D:P0001,EVTOL_003,BW,LYBE,before_boarding,selected_plan,group_formation,group_formation@BW,idle,8.536966554586373,0.0,0.0,2026-07-31T16:28:19.302164+02:00,2026-07-31T16:36:51.520157+02:00
59312.28274277979,59599.843831469225,SYN2-327-D:P0001,G:DOR:LYBE:SYN2-327-D:P0001,EVTOL_001,DOR,LYBE,before_boarding,selected_plan,group_formation|repositioning_flight,group_formation@DOR|repositioning_flight@DOR,cruise,4.7926848114905924,0.0,0.0,2026-07-31T16:28:32.282743+02:00,2026-07-31T16:33:19.843831+02:00
59551.46435091021,59611.46435091021,SYN2-326-D:P0002,G:JUG:LYBE:SYN2-326-D:P0002,EVTOL_002,JUG,LYBE,departure_preparation,committed_flight,departure_preparation,departure_preparation@JUG,departure_finalization,1.0,0.0,0.0,2026-07-31T16:32:31.464351+02:00,2026-07-31T16:33:31.464351+02:00
59599.843831469225,59640.08295677979,SYN2-327-D:P0001,G:DOR:LYBE:SYN2-327-D:P0001,EVTOL_001,DOR,LYBE,before_boarding,selected_plan,repositioning_flight,repositioning_flight@DOR,cruise,0.6706520885094506,0.6706520885094506,0.0,2026-07-31T16:33:19.843831+02:00,2026-07-31T16:34:00.082957+02:00
59640.08295677979,59700.08295677979,SYN2-327-D:P0001,G:DOR:LYBE:SYN2-327-D:P0001,EVTOL_001,DOR,LYBE,before_boarding,selected_plan,repositioning_flight,repositioning_flight@DOR,landing,1.0,1.0,0.0,2026-07-31T16:34:00.082957+02:00,2026-07-31T16:35:00.082957+02:00
59809.46884968134,59869.46884968134,SYN2-328-D:P0001,G:LYBV:LYBE:SYN2-328-D:P0001,EVTOL_004,LYBV,LYBE,departure_preparation,committed_flight,departure_preparation,departure_preparation@LYBV,departure_finalization,1.0,0.0,0.0,2026-07-31T16:36:49.468850+02:00,2026-07-31T16:37:49.468850+02:00
59809.46884968134,59869.46884968134,SYN2-328-D:P0002,G:LYBV:LYBE:SYN2-328-D:P0001,EVTOL_004,LYBV,LYBE,departure_preparation,committed_flight,departure_preparation,departure_preparation@LYBV,departure_finalization,1.0,0.0,0.0,2026-07-31T16:36:49.468850+02:00,2026-07-31T16:37:49.468850+02:00
59895.08295677979,60256.722016076084,SYN2-327-D:P0001,G:DOR:LYBE:SYN2-327-D:P0001,EVTOL_001,DOR,LYBE,after_boarding,committed_flight,battery_after_repositioning,battery_after_repositioning@DOR,waiting_for_departure,6.0273176549382095,0.0,6.0273176549382095,2026-07-31T16:38:15.082957+02:00,2026-07-31T16:44:16.722016+02:00
60006.52015708043,60066.52015708043,SYN2-375-D:P0001,G:BW:LYBE:SYN2-375-D:P0001,EVTOL_003,BW,LYBE,departure_preparation,committed_flight,departure_preparation,departure_preparation@BW,departure_finalization,1.0,0.0,0.0,2026-07-31T16:40:06.520157+02:00,2026-07-31T16:41:06.520157+02:00
60256.722016076084,60316.722016076084,SYN2-327-D:P0001,G:DOR:LYBE:SYN2-327-D:P0001,EVTOL_001,DOR,LYBE,departure_preparation,committed_flight,departure_preparation,departure_preparation@DOR,departure_finalization,1.0,0.0,0.0,2026-07-31T16:44:16.722016+02:00,2026-07-31T16:45:16.722016+02:00
60532.52372209914,60684.52223007609,SYN2-085-A:P0001,G:LYBE:BW:SYN2-085-A:P0001,EVTOL_001,LYBE,BW,before_boarding,selected_plan,aircraft_busy|group_formation,aircraft_busy@F000173|group_formation@LYBE,cruise,2.533308466282445,0.0,0.0,2026-07-31T16:48:52.523722+02:00,2026-07-31T16:51:24.522230+02:00
60679.76774160635,60684.52223007609,SYN2-091-A:P0001,G:LYBE:BW:SYN2-085-A:P0001,EVTOL_001,LYBE,BW,before_boarding,selected_plan,aircraft_busy|group_formation,aircraft_busy@F000173|group_formation@LYBE,cruise,0.07924147449557495,0.0,0.0,2026-07-31T16:51:19.767742+02:00,2026-07-31T16:51:24.522230+02:00
60684.52223007609,60744.52223007609,SYN2-085-A:P0001,G:LYBE:BW:SYN2-085-A:P0001,EVTOL_001,LYBE,BW,before_boarding,selected_plan,aircraft_busy|group_formation,aircraft_busy@F000173|group_formation@LYBE,landing,1.0,0.0,0.0,2026-07-31T16:51:24.522230+02:00,2026-07-31T16:52:24.522230+02:00
60684.52223007609,60744.52223007609,SYN2-091-A:P0001,G:LYBE:BW:SYN2-085-A:P0001,EVTOL_001,LYBE,BW,before_boarding,selected_plan,aircraft_busy|group_formation,aircraft_busy@F000173|group_formation@LYBE,landing,1.0,0.0,0.0,2026-07-31T16:51:24.522230+02:00,2026-07-31T16:52:24.522230+02:00
60744.52223007609,60870.52223007609,SYN2-085-A:P0001,G:LYBE:BW:SYN2-085-A:P0001,EVTOL_001,LYBE,BW,before_boarding,selected_plan,aircraft_busy|group_formation,aircraft_busy@F000173|group_formation@LYBE,disembarking,2.1,0.0,0.0,2026-07-31T16:52:24.522230+02:00,2026-07-31T16:54:30.522230+02:00
60744.52223007609,60870.52223007609,SYN2-091-A:P0001,G:LYBE:BW:SYN2-085-A:P0001,EVTOL_001,LYBE,BW,before_boarding,selected_plan,aircraft_busy|group_formation,aircraft_busy@F000173|group_formation@LYBE,disembarking,2.1,0.0,0.0,2026-07-31T16:52:24.522230+02:00,2026-07-31T16:54:30.522230+02:00
60758.04982723885,61658.04982723885,SYN2-096-A:P0001,G:LYBE:LYBV:SYN2-096-A:P0001,EVTOL_002,LYBE,LYBV,before_boarding,selected_plan,group_formation,group_formation@LYBE,idle,15.0,0.0,0.0,2026-07-31T16:52:38.049827+02:00,2026-07-31T17:07:38.049827+02:00
60870.52223007609,61164.56153201922,SYN2-085-A:P0001,G:LYBE:BW:SYN2-085-A:P0001,EVTOL_001,LYBE,BW,before_boarding,selected_plan,group_formation,group_formation@LYBE,idle,4.900655032385597,0.0,0.0,2026-07-31T16:54:30.522230+02:00,2026-07-31T16:59:24.561532+02:00
60870.52223007609,61164.56153201922,SYN2-091-A:P0001,G:LYBE:BW:SYN2-085-A:P0001,EVTOL_001,LYBE,BW,before_boarding,selected_plan,group_formation,group_formation@LYBE,idle,4.900655032385597,0.0,0.0,2026-07-31T16:54:30.522230+02:00,2026-07-31T16:59:24.561532+02:00
60976.873754802495,61164.56153201922,SYN2-096-A:P0002,G:LYBE:BW:SYN2-085-A:P0001,EVTOL_001,LYBE,BW,before_boarding,selected_plan,group_formation,group_formation@LYBE,idle,3.1281296202788025,0.0,0.0,2026-07-31T16:56:16.873755+02:00,2026-07-31T16:59:24.561532+02:00
61246.282496645945,61658.04982723885,SYN2-097-A:P0001,G:LYBE:LYBV:SYN2-096-A:P0001,EVTOL_002,LYBE,LYBV,before_boarding,selected_plan,group_formation,group_formation@LYBE,idle,6.862788843215094,0.0,0.0,2026-07-31T17:00:46.282497+02:00,2026-07-31T17:07:38.049827+02:00
61572.29123681237,62472.29123681237,SYN2-106-A:P0001,G:LYBE:BW:SYN2-106-A:P0001,EVTOL_003,LYBE,BW,before_boarding,selected_plan,group_formation,group_formation@LYBE,idle,15.0,0.0,0.0,2026-07-31T17:06:12.291237+02:00,2026-07-31T17:21:12.291237+02:00
61584.56153201922,61644.56153201922,SYN2-085-A:P0001,G:LYBE:BW:SYN2-085-A:P0001,EVTOL_001,LYBE,BW,departure_preparation,committed_flight,departure_preparation,departure_preparation@LYBE,departure_finalization,1.0,0.0,0.0,2026-07-31T17:06:24.561532+02:00,2026-07-31T17:07:24.561532+02:00
61584.56153201922,61644.56153201922,SYN2-091-A:P0001,G:LYBE:BW:SYN2-085-A:P0001,EVTOL_001,LYBE,BW,departure_preparation,committed_flight,departure_preparation,departure_preparation@LYBE,departure_finalization,1.0,0.0,0.0,2026-07-31T17:06:24.561532+02:00,2026-07-31T17:07:24.561532+02:00
61584.56153201922,61644.56153201922,SYN2-096-A:P0002,G:LYBE:BW:SYN2-085-A:P0001,EVTOL_001,LYBE,BW,departure_preparation,committed_flight,departure_preparation,departure_preparation@LYBE,departure_finalization,1.0,0.0,0.0,2026-07-31T17:06:24.561532+02:00,2026-07-31T17:07:24.561532+02:00
61584.56153201922,61644.56153201922,SYN2-087-A:P0001,G:LYBE:BW:SYN2-085-A:P0001,EVTOL_001,LYBE,BW,departure_preparation,committed_flight,departure_preparation,departure_preparation@LYBE,departure_finalization,1.0,0.0,0.0,2026-07-31T17:06:24.561532+02:00,2026-07-31T17:07:24.561532+02:00
61904.050724332155,61968.04982723885,SYN2-329-D:P0001,G:DOR:LYBE:SYN2-329-D:P0001,EVTOL_004,DOR,LYBE,before_boarding,selected_plan,group_formation|origin_tlof,group_formation@DOR|origin_tlof@LYBE,idle,1.066651715111584,0.0,0.0,2026-07-31T17:11:44.050724+02:00,2026-07-31T17:12:48.049827+02:00
61928.04982723885,61988.04982723885,SYN2-096-A:P0001,G:LYBE:LYBV:SYN2-096-A:P0001,EVTOL_002,LYBE,LYBV,departure_preparation,committed_flight,departure_preparation,departure_preparation@LYBE,departure_finalization,1.0,0.0,0.0,2026-07-31T17:12:08.049827+02:00,2026-07-31T17:13:08.049827+02:00
61928.04982723885,61988.04982723885,SYN2-097-A:P0001,G:LYBE:LYBV:SYN2-096-A:P0001,EVTOL_002,LYBE,LYBV,departure_preparation,committed_flight,departure_preparation,departure_preparation@LYBE,departure_finalization,1.0,0.0,0.0,2026-07-31T17:12:08.049827+02:00,2026-07-31T17:13:08.049827+02:00
61968.04982723885,62028.04982723885,SYN2-329-D:P0001,G:DOR:LYBE:SYN2-329-D:P0001,EVTOL_004,DOR,LYBE,before_boarding,selected_plan,departure_preparation|group_formation,departure_preparation@LYBE|group_formation@DOR,departure_finalization,1.0,0.0,0.0,2026-07-31T17:12:48.049827+02:00,2026-07-31T17:13:48.049827+02:00
62028.04982723885,62068.04982723885,SYN2-329-D:P0001,G:DOR:LYBE:SYN2-329-D:P0001,EVTOL_004,DOR,LYBE,before_boarding,selected_plan,group_formation|repositioning_flight,group_formation@DOR|repositioning_flight@DOR,takeoff,0.6666666666666666,0.0,0.0,2026-07-31T17:13:48.049827+02:00,2026-07-31T17:14:28.049827+02:00
62068.04982723885,62395.85004123885,SYN2-329-D:P0001,G:DOR:LYBE:SYN2-329-D:P0001,EVTOL_004,DOR,LYBE,before_boarding,selected_plan,group_formation|repositioning_flight,group_formation@DOR|repositioning_flight@DOR,cruise,5.463336900000043,0.0,0.0,2026-07-31T17:14:28.049827+02:00,2026-07-31T17:19:55.850041+02:00
62373.87100156278,62424.49801523885,SYN2-105-A:P0001,G:LYBE:LYBV:SYN2-105-A:P0001,EVTOL_002,LYBE,LYBV,before_boarding,selected_plan,aircraft_busy|group_formation,aircraft_busy@F000176|group_formation@LYBE,landing,0.8437835612678707,0.0,0.0,2026-07-31T17:19:33.871002+02:00,2026-07-31T17:20:24.498015+02:00
62381.63091570119,62893.397354019224,SYN2-333-D:P0001,G:LYBV:LYBE:SYN2-333-D:P0001,EVTOL_001,LYBV,LYBE,before_boarding,selected_plan,cleaning|group_formation,cleaning@BW:cleaner:1|group_formation@LYBV,cleaning,8.529440638633847,0.0,0.0,2026-07-31T17:19:41.630916+02:00,2026-07-31T17:28:13.397354+02:00
62395.85004123885,62455.85004123885,SYN2-329-D:P0001,G:DOR:LYBE:SYN2-329-D:P0001,EVTOL_004,DOR,LYBE,before_boarding,selected_plan,group_formation|repositioning_flight,group_formation@DOR|repositioning_flight@DOR,landing,1.0,0.0,0.0,2026-07-31T17:19:55.850041+02:00,2026-07-31T17:20:55.850041+02:00
62424.49801523885,62616.49801523885,SYN2-105-A:P0001,G:LYBE:LYBV:SYN2-105-A:P0001,EVTOL_002,LYBE,LYBV,before_boarding,selected_plan,aircraft_busy|group_formation,aircraft_busy@F000176|group_formation@LYBE,disembarking,3.2,0.0,0.0,2026-07-31T17:20:24.498015+02:00,2026-07-31T17:23:36.498015+02:00
62455.85004123885,62804.050724332155,SYN2-329-D:P0001,G:DOR:LYBE:SYN2-329-D:P0001,EVTOL_004,DOR,LYBE,before_boarding,selected_plan,group_formation,group_formation@DOR,idle,5.803344718221706,0.0,0.0,2026-07-31T17:20:55.850041+02:00,2026-07-31T17:26:44.050724+02:00
62616.49801523885,62676.49801523885,SYN2-105-A:P0001,G:LYBE:LYBV:SYN2-105-A:P0001,EVTOL_002,LYBE,LYBV,before_boarding,selected_plan,departure_preparation|group_formation,departure_preparation@LYBV|group_formation@LYBE,departure_finalization,1.0,0.0,0.0,2026-07-31T17:23:36.498015+02:00,2026-07-31T17:24:36.498015+02:00
62667.29123681237,62727.29123681237,SYN2-106-A:P0001,G:LYBE:BW:SYN2-106-A:P0001,EVTOL_003,LYBE,BW,departure_preparation,committed_flight,departure_preparation,departure_preparation@LYBE,departure_finalization,1.0,0.0,0.0,2026-07-31T17:24:27.291237+02:00,2026-07-31T17:25:27.291237+02:00
62676.49801523885,62716.49801523885,SYN2-105-A:P0001,G:LYBE:LYBV:SYN2-105-A:P0001,EVTOL_002,LYBE,LYBV,before_boarding,selected_plan,group_formation|repositioning_flight,group_formation@LYBE|repositioning_flight@LYBE,takeoff,0.6666666666666666,0.0,0.0,2026-07-31T17:24:36.498015+02:00,2026-07-31T17:25:16.498015+02:00
62716.49801523885,63052.946203238855,SYN2-105-A:P0001,G:LYBE:LYBV:SYN2-105-A:P0001,EVTOL_002,LYBE,LYBV,before_boarding,selected_plan,group_formation|repositioning_flight,group_formation@LYBE|repositioning_flight@LYBE,cruise,5.607469800000035,0.0,0.0,2026-07-31T17:25:16.498015+02:00,2026-07-31T17:30:52.946203+02:00
62893.397354019224,62992.12705881237,SYN2-333-D:P0001,G:LYBV:LYBE:SYN2-333-D:P0001,EVTOL_001,LYBV,LYBE,before_boarding,selected_plan,group_formation|origin_tlof,group_formation@LYBV|origin_tlof@BW,idle,1.6454950798858288,0.0,0.0,2026-07-31T17:28:13.397354+02:00,2026-07-31T17:29:52.127059+02:00
62992.12705881237,63052.12705881237,SYN2-333-D:P0001,G:LYBV:LYBE:SYN2-333-D:P0001,EVTOL_001,LYBV,LYBE,before_boarding,selected_plan,departure_preparation|group_formation,departure_preparation@BW|group_formation@LYBV,departure_finalization,1.0,0.0,0.0,2026-07-31T17:29:52.127059+02:00,2026-07-31T17:30:52.127059+02:00
62999.050724332155,63059.050724332155,SYN2-329-D:P0001,G:DOR:LYBE:SYN2-329-D:P0001,EVTOL_004,DOR,LYBE,departure_preparation,committed_flight,departure_preparation,departure_preparation@DOR,departure_finalization,1.0,0.0,0.0,2026-07-31T17:29:59.050724+02:00,2026-07-31T17:30:59.050724+02:00
63052.12705881237,63092.12705881237,SYN2-333-D:P0001,G:LYBV:LYBE:SYN2-333-D:P0001,EVTOL_001,LYBV,LYBE,before_boarding,selected_plan,group_formation|repositioning_flight,group_formation@LYBV|repositioning_flight@LYBV,takeoff,0.6666666666666666,0.0,0.0,2026-07-31T17:30:52.127059+02:00,2026-07-31T17:31:32.127059+02:00
63052.946203238855,63112.946203238855,SYN2-105-A:P0001,G:LYBE:LYBV:SYN2-105-A:P0001,EVTOL_002,LYBE,LYBV,before_boarding,selected_plan,group_formation|repositioning_flight,group_formation@LYBE|repositioning_flight@LYBE,landing,1.0,0.0,0.0,2026-07-31T17:30:52.946203+02:00,2026-07-31T17:31:52.946203+02:00
63092.12705881237,63185.739424812375,SYN2-333-D:P0001,G:LYBV:LYBE:SYN2-333-D:P0001,EVTOL_001,LYBV,LYBE,before_boarding,selected_plan,group_formation|repositioning_flight,group_formation@LYBV|repositioning_flight@LYBV,cruise,1.56020610000002,0.0,0.0,2026-07-31T17:31:32.127059+02:00,2026-07-31T17:33:05.739425+02:00
63112.946203238855,63273.87100156278,SYN2-105-A:P0001,G:LYBE:LYBV:SYN2-105-A:P0001,EVTOL_002,LYBE,LYBV,before_boarding,selected_plan,group_formation,group_formation@LYBE,idle,2.6820799720654276,0.0,0.0,2026-07-31T17:31:52.946203+02:00,2026-07-31T17:34:33.871002+02:00
63185.739424812375,63245.739424812375,SYN2-333-D:P0001,G:LYBV:LYBE:SYN2-333-D:P0001,EVTOL_001,LYBV,LYBE,before_boarding,selected_plan,group_formation|repositioning_flight,group_formation@LYBV|repositioning_flight@LYBV,landing,1.0,0.0,0.0,2026-07-31T17:33:05.739425+02:00,2026-07-31T17:34:05.739425+02:00
63245.739424812375,63281.63091570119,SYN2-333-D:P0001,G:LYBV:LYBE:SYN2-333-D:P0001,EVTOL_001,LYBV,LYBE,before_boarding,selected_plan,group_formation,group_formation@LYBV,idle,0.5981915148136371,0.0,0.0,2026-07-31T17:34:05.739425+02:00,2026-07-31T17:34:41.630916+02:00
63468.87100156278,63528.87100156278,SYN2-105-A:P0001,G:LYBE:LYBV:SYN2-105-A:P0001,EVTOL_002,LYBE,LYBV,departure_preparation,committed_flight,departure_preparation,departure_preparation@LYBE,departure_finalization,1.0,0.0,0.0,2026-07-31T17:37:48.871002+02:00,2026-07-31T17:38:48.871002+02:00
63476.63091570119,63536.63091570119,SYN2-333-D:P0001,G:LYBV:LYBE:SYN2-333-D:P0001,EVTOL_001,LYBV,LYBE,departure_preparation,committed_flight,departure_preparation,departure_preparation@LYBV,departure_finalization,1.0,0.0,0.0,2026-07-31T17:37:56.630916+02:00,2026-07-31T17:38:56.630916+02:00
63563.04186739216,63576.63091570119,SYN2-109-A:P0001,G:LYBE:JUG:SYN2-109-A:P0001,EVTOL_001,LYBE,JUG,before_boarding,selected_plan,aircraft_busy|group_formation,aircraft_busy@F000183|group_formation@LYBE,takeoff,0.2264841384838898,0.0,0.0,2026-07-31T17:39:23.041867+02:00,2026-07-31T17:39:36.630916+02:00
63576.63091570119,63913.079103701195,SYN2-109-A:P0001,G:LYBE:JUG:SYN2-109-A:P0001,EVTOL_001,LYBE,JUG,before_boarding,selected_plan,aircraft_busy|group_formation,aircraft_busy@F000183|group_formation@LYBE,cruise,5.607469800000035,0.0,0.0,2026-07-31T17:39:36.630916+02:00,2026-07-31T17:45:13.079104+02:00
63913.079103701195,63973.079103701195,SYN2-109-A:P0001,G:LYBE:JUG:SYN2-109-A:P0001,EVTOL_001,LYBE,JUG,before_boarding,selected_plan,aircraft_busy|group_formation,aircraft_busy@F000183|group_formation@LYBE,landing,1.0,0.0,0.0,2026-07-31T17:45:13.079104+02:00,2026-07-31T17:46:13.079104+02:00
63973.079103701195,64099.079103701195,SYN2-109-A:P0001,G:LYBE:JUG:SYN2-109-A:P0001,EVTOL_001,LYBE,JUG,before_boarding,selected_plan,aircraft_busy|group_formation,aircraft_busy@F000183|group_formation@LYBE,disembarking,2.1,0.0,0.0,2026-07-31T17:46:13.079104+02:00,2026-07-31T17:48:19.079104+02:00
64040.26853351937,64099.079103701195,SYN2-111-A:P0001,G:LYBE:JUG:SYN2-109-A:P0001,EVTOL_001,LYBE,JUG,before_boarding,selected_plan,aircraft_busy|group_formation,aircraft_busy@F000183|group_formation@LYBE,disembarking,0.9801761696971274,0.0,0.0,2026-07-31T17:47:20.268534+02:00,2026-07-31T17:48:19.079104+02:00
64099.079103701195,64463.04186739216,SYN2-109-A:P0001,G:LYBE:JUG:SYN2-109-A:P0001,EVTOL_001,LYBE,JUG,before_boarding,selected_plan,group_formation,group_formation@LYBE,idle,6.066046061516075,0.0,0.0,2026-07-31T17:48:19.079104+02:00,2026-07-31T17:54:23.041867+02:00
64099.079103701195,64463.04186739216,SYN2-111-A:P0001,G:LYBE:JUG:SYN2-109-A:P0001,EVTOL_001,LYBE,JUG,before_boarding,selected_plan,group_formation,group_formation@LYBE,idle,6.066046061516075,0.0,0.0,2026-07-31T17:48:19.079104+02:00,2026-07-31T17:54:23.041867+02:00
64338.99767623288,65238.99767623288,SYN2-110-A:P0001,G:LYBE:LYBV:SYN2-110-A:P0001,EVTOL_004,LYBE,LYBV,before_boarding,selected_plan,group_formation,group_formation@LYBE,idle,15.0,0.0,0.0,2026-07-31T17:52:18.997676+02:00,2026-07-31T18:07:18.997676+02:00
64733.04186739216,64793.04186739216,SYN2-109-A:P0001,G:LYBE:JUG:SYN2-109-A:P0001,EVTOL_001,LYBE,JUG,departure_preparation,committed_flight,departure_preparation,departure_preparation@LYBE,departure_finalization,1.0,0.0,0.0,2026-07-31T17:58:53.041867+02:00,2026-07-31T17:59:53.041867+02:00
64733.04186739216,64793.04186739216,SYN2-111-A:P0001,G:LYBE:JUG:SYN2-109-A:P0001,EVTOL_001,LYBE,JUG,departure_preparation,committed_flight,departure_preparation,departure_preparation@LYBE,departure_finalization,1.0,0.0,0.0,2026-07-31T17:58:53.041867+02:00,2026-07-31T17:59:53.041867+02:00
65433.99767623288,65493.99767623288,SYN2-110-A:P0001,G:LYBE:LYBV:SYN2-110-A:P0001,EVTOL_004,LYBE,LYBV,departure_preparation,committed_flight,departure_preparation,departure_preparation@LYBE,departure_finalization,1.0,0.0,0.0,2026-07-31T18:10:33.997676+02:00,2026-07-31T18:11:33.997676+02:00
65708.12651290331,66608.12651290331,SYN2-333-D:P0002,G:JUG:LYBE:SYN2-333-D:P0002,EVTOL_001,JUG,LYBE,before_boarding,selected_plan,group_formation,group_formation@JUG,idle,15.0,0.0,0.0,2026-07-31T18:15:08.126513+02:00,2026-07-31T18:30:08.126513+02:00
65822.42371652849,66722.42371652849,SYN2-330-D:P0001,G:BW:LYBE:SYN2-330-D:P0001,EVTOL_003,BW,LYBE,before_boarding,selected_plan,group_formation,group_formation@BW,idle,15.0,0.0,0.0,2026-07-31T18:17:02.423717+02:00,2026-07-31T18:32:02.423717+02:00
65910.57205051741,66722.42371652849,SYN2-332-D:P0001,G:BW:LYBE:SYN2-330-D:P0001,EVTOL_003,BW,LYBE,before_boarding,selected_plan,group_formation,group_formation@BW,idle,13.530861100184605,0.0,0.0,2026-07-31T18:18:30.572051+02:00,2026-07-31T18:32:02.423717+02:00
66135.75229621665,66195.75229621665,SYN2-112-A:P0002,G:LYBE:LYBV:SYN2-112-A:P0002,EVTOL_002,LYBE,LYBV,before_boarding,selected_plan,departure_preparation|group_formation,departure_preparation@LYBV|group_formation@LYBE,departure_finalization,1.0,0.0,0.0,2026-07-31T18:22:15.752296+02:00,2026-07-31T18:23:15.752296+02:00
66195.75229621665,66235.75229621665,SYN2-112-A:P0002,G:LYBE:LYBV:SYN2-112-A:P0002,EVTOL_002,LYBE,LYBV,before_boarding,selected_plan,group_formation|repositioning_flight,group_formation@LYBE|repositioning_flight@LYBE,takeoff,0.6666666666666666,0.0,0.0,2026-07-31T18:23:15.752296+02:00,2026-07-31T18:23:55.752296+02:00
66235.75229621665,66572.20048421665,SYN2-112-A:P0002,G:LYBE:LYBV:SYN2-112-A:P0002,EVTOL_002,LYBE,LYBV,before_boarding,selected_plan,group_formation|repositioning_flight,group_formation@LYBE|repositioning_flight@LYBE,cruise,5.607469799999914,0.0,0.0,2026-07-31T18:23:55.752296+02:00,2026-07-31T18:29:32.200484+02:00
66240.1103010612,66722.42371652849,SYN2-335-D:P0001,G:BW:LYBE:SYN2-330-D:P0001,EVTOL_003,BW,LYBE,before_boarding,selected_plan,group_formation,group_formation@BW,idle,8.0385569244548,0.0,0.0,2026-07-31T18:24:00.110301+02:00,2026-07-31T18:32:02.423717+02:00
66572.20048421665,66632.20048421665,SYN2-112-A:P0002,G:LYBE:LYBV:SYN2-112-A:P0002,EVTOL_002,LYBE,LYBV,before_boarding,selected_plan,group_formation|repositioning_flight,group_formation@LYBE|repositioning_flight@LYBE,landing,1.0,0.0,0.0,2026-07-31T18:29:32.200484+02:00,2026-07-31T18:30:32.200484+02:00
66632.20048421665,67035.75229621665,SYN2-112-A:P0002,G:LYBE:LYBV:SYN2-112-A:P0002,EVTOL_002,LYBE,LYBV,before_boarding,selected_plan,group_formation,group_formation@LYBE,idle,6.72586353333342,0.0,0.0,2026-07-31T18:30:32.200484+02:00,2026-07-31T18:37:15.752296+02:00
66803.12651290331,66863.12651290331,SYN2-333-D:P0002,G:JUG:LYBE:SYN2-333-D:P0002,EVTOL_001,JUG,LYBE,departure_preparation,committed_flight,departure_preparation,departure_preparation@JUG,departure_finalization,1.0,0.0,0.0,2026-07-31T18:33:23.126513+02:00,2026-07-31T18:34:23.126513+02:00
66868.331753458,66903.12651290331,SYN2-112-A:P0001,G:LYBE:JUG:SYN2-112-A:P0001,EVTOL_001,LYBE,JUG,before_boarding,selected_plan,aircraft_busy|group_formation,aircraft_busy@F000187|group_formation@LYBE,takeoff,0.5799126574219069,0.0,0.0,2026-07-31T18:34:28.331753+02:00,2026-07-31T18:35:03.126513+02:00
66879.79907423501,66903.12651290331,SYN2-113-A:P0003,G:LYBE:JUG:SYN2-112-A:P0001,EVTOL_001,LYBE,JUG,before_boarding,selected_plan,aircraft_busy|group_formation,aircraft_busy@F000187|group_formation@LYBE,takeoff,0.38879064447173733,0.0,0.0,2026-07-31T18:34:39.799074+02:00,2026-07-31T18:35:03.126513+02:00
66903.12651290331,67220.92882490331,SYN2-112-A:P0001,G:LYBE:JUG:SYN2-112-A:P0001,EVTOL_001,LYBE,JUG,before_boarding,selected_plan,aircraft_busy|group_formation,aircraft_busy@F000187|group_formation@LYBE,cruise,5.296705199999996,0.0,0.0,2026-07-31T18:35:03.126513+02:00,2026-07-31T18:40:20.928825+02:00
66903.12651290331,67220.92882490331,SYN2-113-A:P0003,G:LYBE:JUG:SYN2-112-A:P0001,EVTOL_001,LYBE,JUG,before_boarding,selected_plan,aircraft_busy|group_formation,aircraft_busy@F000187|group_formation@LYBE,cruise,5.296705199999996,0.0,0.0,2026-07-31T18:35:03.126513+02:00,2026-07-31T18:40:20.928825+02:00
66987.69491750377,67035.75229621665,SYN2-113-A:P0004,G:LYBE:LYBV:SYN2-112-A:P0002,EVTOL_002,LYBE,LYBV,before_boarding,selected_plan,group_formation,group_formation@LYBE,idle,0.8009563118813579,0.0,0.0,2026-07-31T18:36:27.694918+02:00,2026-07-31T18:37:15.752296+02:00
67067.42371652849,67127.42371652849,SYN2-330-D:P0001,G:BW:LYBE:SYN2-330-D:P0001,EVTOL_003,BW,LYBE,departure_preparation,committed_flight,departure_preparation,departure_preparation@BW,departure_finalization,1.0,0.0,0.0,2026-07-31T18:37:47.423717+02:00,2026-07-31T18:38:47.423717+02:00
67067.42371652849,67127.42371652849,SYN2-332-D:P0001,G:BW:LYBE:SYN2-330-D:P0001,EVTOL_003,BW,LYBE,departure_preparation,committed_flight,departure_preparation,departure_preparation@BW,departure_finalization,1.0,0.0,0.0,2026-07-31T18:37:47.423717+02:00,2026-07-31T18:38:47.423717+02:00
67067.42371652849,67127.42371652849,SYN2-335-D:P0001,G:BW:LYBE:SYN2-330-D:P0001,EVTOL_003,BW,LYBE,departure_preparation,committed_flight,departure_preparation,departure_preparation@BW,departure_finalization,1.0,0.0,0.0,2026-07-31T18:37:47.423717+02:00,2026-07-31T18:38:47.423717+02:00
67195.75801265058,67255.75801265058,SYN2-178-A:P0001,G:LYBE:DOR:SYN2-178-A:P0001,EVTOL_004,LYBE,DOR,before_boarding,selected_plan,departure_preparation|group_formation,departure_preparation@LYBV|group_formation@LYBE,departure_finalization,1.0,0.0,0.0,2026-07-31T18:39:55.758013+02:00,2026-07-31T18:40:55.758013+02:00
67205.94679581649,67392.25953852848,SYN2-113-A:P0002,G:LYBE:BW:SYN2-113-A:P0002,EVTOL_003,LYBE,BW,before_boarding,selected_plan,aircraft_busy|group_formation,aircraft_busy@F000188|group_formation@LYBE,cruise,3.105212378533179,0.0,0.0,2026-07-31T18:40:05.946796+02:00,2026-07-31T18:43:12.259539+02:00
67220.92882490331,67280.92882490331,SYN2-112-A:P0001,G:LYBE:JUG:SYN2-112-A:P0001,EVTOL_001,LYBE,JUG,before_boarding,selected_plan,aircraft_busy|group_formation,aircraft_busy@F000187|group_formation@LYBE,landing,1.0,0.0,0.0,2026-07-31T18:40:20.928825+02:00,2026-07-31T18:41:20.928825+02:00
67220.92882490331,67280.92882490331,SYN2-113-A:P0003,G:LYBE:JUG:SYN2-112-A:P0001,EVTOL_001,LYBE,JUG,before_boarding,selected_plan,aircraft_busy|group_formation,aircraft_busy@F000187|group_formation@LYBE,landing,1.0,0.0,0.0,2026-07-31T18:40:20.928825+02:00,2026-07-31T18:41:20.928825+02:00
67255.75801265058,67295.75801265058,SYN2-178-A:P0001,G:LYBE:DOR:SYN2-178-A:P0001,EVTOL_004,LYBE,DOR,before_boarding,selected_plan,group_formation|repositioning_flight,group_formation@LYBE|repositioning_flight@LYBE,takeoff,0.6666666666666666,0.0,0.0,2026-07-31T18:40:55.758013+02:00,2026-07-31T18:41:35.758013+02:00
67273.38639987921,67280.92882490331,SYN2-113-A:P0001,G:LYBE:JUG:SYN2-112-A:P0001,EVTOL_001,LYBE,JUG,before_boarding,selected_plan,aircraft_busy|group_formation,aircraft_busy@F000187|group_formation@LYBE,landing,0.12570708373508144,0.0,0.0,2026-07-31T18:41:13.386400+02:00,2026-07-31T18:41:20.928825+02:00
67280.92882490331,67406.92882490331,SYN2-112-A:P0001,G:LYBE:JUG:SYN2-112-A:P0001,EVTOL_001,LYBE,JUG,before_boarding,selected_plan,aircraft_busy|group_formation,aircraft_busy@F000187|group_formation@LYBE,disembarking,2.1,0.0,0.0,2026-07-31T18:41:20.928825+02:00,2026-07-31T18:43:26.928825+02:00
67280.92882490331,67406.92882490331,SYN2-113-A:P0003,G:LYBE:JUG:SYN2-112-A:P0001,EVTOL_001,LYBE,JUG,before_boarding,selected_plan,aircraft_busy|group_formation,aircraft_busy@F000187|group_formation@LYBE,disembarking,2.1,0.0,0.0,2026-07-31T18:41:20.928825+02:00,2026-07-31T18:43:26.928825+02:00
67280.92882490331,67406.92882490331,SYN2-113-A:P0001,G:LYBE:JUG:SYN2-112-A:P0001,EVTOL_001,LYBE,JUG,before_boarding,selected_plan,aircraft_busy|group_formation,aircraft_busy@F000187|group_formation@LYBE,disembarking,2.1,0.0,0.0,2026-07-31T18:41:20.928825+02:00,2026-07-31T18:43:26.928825+02:00
67295.75801265058,67632.20620065057,SYN2-178-A:P0001,G:LYBE:DOR:SYN2-178-A:P0001,EVTOL_004,LYBE,DOR,before_boarding,selected_plan,group_formation|repositioning_flight,group_formation@LYBE|repositioning_flight@LYBE,cruise,5.607469799999914,0.0,0.0,2026-07-31T18:41:35.758013+02:00,2026-07-31T18:47:12.206201+02:00
67305.75229621665,67392.25953852848,SYN2-112-A:P0002,G:LYBE:LYBV:SYN2-112-A:P0002,EVTOL_002,LYBE,LYBV,after_boarding,committed_flight,origin_tlof,origin_tlof@LYBE,waiting_for_departure,1.4417873718637566,0.0,1.4417873718637566,2026-07-31T18:41:45.752296+02:00,2026-07-31T18:43:12.259539+02:00
67305.75229621665,67392.25953852848,SYN2-113-A:P0004,G:LYBE:LYBV:SYN2-112-A:P0002,EVTOL_002,LYBE,LYBV,after_boarding,committed_flight,origin_tlof,origin_tlof@LYBE,waiting_for_departure,1.4417873718637566,0.0,1.4417873718637566,2026-07-31T18:41:45.752296+02:00,2026-07-31T18:43:12.259539+02:00
67392.25953852848,67452.25953852848,SYN2-113-A:P0002,G:LYBE:BW:SYN2-113-A:P0002,EVTOL_003,LYBE,BW,before_boarding,selected_plan,aircraft_busy|group_formation,aircraft_busy@F000188|group_formation@LYBE,landing,1.0,0.0,0.0,2026-07-31T18:43:12.259539+02:00,2026-07-31T18:44:12.259539+02:00
67392.25953852848,67452.25953852848,SYN2-112-A:P0002,G:LYBE:LYBV:SYN2-112-A:P0002,EVTOL_002,LYBE,LYBV,departure_preparation,committed_flight,departure_preparation,departure_preparation@LYBE,departure_finalization,1.0,0.0,0.0,2026-07-31T18:43:12.259539+02:00,2026-07-31T18:44:12.259539+02:00
67392.25953852848,67452.25953852848,SYN2-113-A:P0004,G:LYBE:LYBV:SYN2-112-A:P0002,EVTOL_002,LYBE,LYBV,departure_preparation,committed_flight,departure_preparation,departure_preparation@LYBE,departure_finalization,1.0,0.0,0.0,2026-07-31T18:43:12.259539+02:00,2026-07-31T18:44:12.259539+02:00
67406.92882490331,67650.22199746499,SYN2-112-A:P0001,G:LYBE:JUG:SYN2-112-A:P0001,EVTOL_001,LYBE,JUG,before_boarding,selected_plan,group_formation,group_formation@LYBE,idle,4.0548862093613325,0.0,0.0,2026-07-31T18:43:26.928825+02:00,2026-07-31T18:47:30.221997+02:00
67406.92882490331,67650.22199746499,SYN2-113-A:P0003,G:LYBE:JUG:SYN2-112-A:P0001,EVTOL_001,LYBE,JUG,before_boarding,selected_plan,group_formation,group_formation@LYBE,idle,4.0548862093613325,0.0,0.0,2026-07-31T18:43:26.928825+02:00,2026-07-31T18:47:30.221997+02:00
67406.92882490331,67650.22199746499,SYN2-113-A:P0001,G:LYBE:JUG:SYN2-112-A:P0001,EVTOL_001,LYBE,JUG,before_boarding,selected_plan,group_formation,group_formation@LYBE,idle,4.0548862093613325,0.0,0.0,2026-07-31T18:43:26.928825+02:00,2026-07-31T18:47:30.221997+02:00
67452.25953852848,67710.25953852848,SYN2-113-A:P0002,G:LYBE:BW:SYN2-113-A:P0002,EVTOL_003,LYBE,BW,before_boarding,selected_plan,aircraft_busy|group_formation,aircraft_busy@F000188|group_formation@LYBE,disembarking,4.3,0.0,0.0,2026-07-31T18:44:12.259539+02:00,2026-07-31T18:48:30.259539+02:00
67632.20620065057,67692.20620065057,SYN2-178-A:P0001,G:LYBE:DOR:SYN2-178-A:P0001,EVTOL_004,LYBE,DOR,before_boarding,selected_plan,group_formation|repositioning_flight,group_formation@LYBE|repositioning_flight@LYBE,landing,1.0,0.0,0.0,2026-07-31T18:47:12.206201+02:00,2026-07-31T18:48:12.206201+02:00
67692.20620065057,68095.75801265058,SYN2-178-A:P0001,G:LYBE:DOR:SYN2-178-A:P0001,EVTOL_004,LYBE,DOR,before_boarding,selected_plan,group_formation,group_formation@LYBE,idle,6.72586353333342,0.0,0.0,2026-07-31T18:48:12.206201+02:00,2026-07-31T18:54:55.758013+02:00
67710.25953852848,68105.94679581649,SYN2-113-A:P0002,G:LYBE:BW:SYN2-113-A:P0002,EVTOL_003,LYBE,BW,before_boarding,selected_plan,cleaning|group_formation,cleaning@LYBE:cleaner:1|group_formation@LYBE,cleaning,6.594787621466821,0.0,0.0,2026-07-31T18:48:30.259539+02:00,2026-07-31T18:55:05.946796+02:00
68070.22199746499,68130.22199746499,SYN2-112-A:P0001,G:LYBE:JUG:SYN2-112-A:P0001,EVTOL_001,LYBE,JUG,departure_preparation,committed_flight,departure_preparation,departure_preparation@LYBE,departure_finalization,1.0,0.0,0.0,2026-07-31T18:54:30.221997+02:00,2026-07-31T18:55:30.221997+02:00
68070.22199746499,68130.22199746499,SYN2-113-A:P0003,G:LYBE:JUG:SYN2-112-A:P0001,EVTOL_001,LYBE,JUG,departure_preparation,committed_flight,departure_preparation,departure_preparation@LYBE,departure_finalization,1.0,0.0,0.0,2026-07-31T18:54:30.221997+02:00,2026-07-31T18:55:30.221997+02:00
68070.22199746499,68130.22199746499,SYN2-113-A:P0001,G:LYBE:JUG:SYN2-112-A:P0001,EVTOL_001,LYBE,JUG,departure_preparation,committed_flight,departure_preparation,departure_preparation@LYBE,departure_finalization,1.0,0.0,0.0,2026-07-31T18:54:30.221997+02:00,2026-07-31T18:55:30.221997+02:00
68070.22199746499,68130.22199746499,SYN2-113-A:P0005,G:LYBE:JUG:SYN2-112-A:P0001,EVTOL_001,LYBE,JUG,departure_preparation,committed_flight,departure_preparation,departure_preparation@LYBE,departure_finalization,1.0,0.0,0.0,2026-07-31T18:54:30.221997+02:00,2026-07-31T18:55:30.221997+02:00
68105.94679581649,68310.25953852848,SYN2-113-A:P0002,G:LYBE:BW:SYN2-113-A:P0002,EVTOL_003,LYBE,BW,before_boarding,selected_plan,cleaning,cleaning@LYBE:cleaner:1,cleaning,3.4052123785331787,3.4052123785331787,0.0,2026-07-31T18:55:05.946796+02:00,2026-07-31T18:58:30.259539+02:00
68115.756986869,68175.756986869,SYN2-178-A:P0002,G:LYBE:JUG:SYN2-178-A:P0002,EVTOL_002,LYBE,JUG,before_boarding,selected_plan,departure_preparation|group_formation,departure_preparation@LYBV|group_formation@LYBE,departure_finalization,1.0,0.0,0.0,2026-07-31T18:55:15.756987+02:00,2026-07-31T18:56:15.756987+02:00
68175.756986869,68215.756986869,SYN2-178-A:P0002,G:LYBE:JUG:SYN2-178-A:P0002,EVTOL_002,LYBE,JUG,before_boarding,selected_plan,group_formation|repositioning_flight,group_formation@LYBE|repositioning_flight@LYBE,takeoff,0.6666666666666666,0.0,0.0,2026-07-31T18:56:15.756987+02:00,2026-07-31T18:56:55.756987+02:00
68215.756986869,68552.205174869,SYN2-178-A:P0002,G:LYBE:JUG:SYN2-178-A:P0002,EVTOL_002,LYBE,JUG,before_boarding,selected_plan,group_formation|repositioning_flight,group_formation@LYBE|repositioning_flight@LYBE,cruise,5.607469799999914,0.0,0.0,2026-07-31T18:56:55.756987+02:00,2026-07-31T19:02:32.205175+02:00
68290.75801265058,68350.75801265058,SYN2-178-A:P0001,G:LYBE:DOR:SYN2-178-A:P0001,EVTOL_004,LYBE,DOR,departure_preparation,committed_flight,departure_preparation,departure_preparation@LYBE,departure_finalization,1.0,0.0,0.0,2026-07-31T18:58:10.758013+02:00,2026-07-31T18:59:10.758013+02:00
68505.25953852848,68552.205174869,SYN2-113-A:P0002,G:LYBE:BW:SYN2-113-A:P0002,EVTOL_003,LYBE,BW,after_boarding,committed_flight,origin_tlof,origin_tlof@LYBE,waiting_for_departure,0.7824272723419805,0.0,0.7824272723419805,2026-07-31T19:01:45.259539+02:00,2026-07-31T19:02:32.205175+02:00
68552.205174869,68612.205174869,SYN2-178-A:P0002,G:LYBE:JUG:SYN2-178-A:P0002,EVTOL_002,LYBE,JUG,before_boarding,selected_plan,group_formation|repositioning_flight,group_formation@LYBE|repositioning_flight@LYBE,landing,1.0,0.0,0.0,2026-07-31T19:02:32.205175+02:00,2026-07-31T19:03:32.205175+02:00
68552.205174869,68612.205174869,SYN2-113-A:P0002,G:LYBE:BW:SYN2-113-A:P0002,EVTOL_003,LYBE,BW,departure_preparation,committed_flight,departure_preparation,departure_preparation@LYBE,departure_finalization,1.0,0.0,0.0,2026-07-31T19:02:32.205175+02:00,2026-07-31T19:03:32.205175+02:00
68612.205174869,69015.756986869,SYN2-178-A:P0002,G:LYBE:JUG:SYN2-178-A:P0002,EVTOL_002,LYBE,JUG,before_boarding,selected_plan,group_formation,group_formation@LYBE,idle,6.72586353333342,0.0,0.0,2026-07-31T19:03:32.205175+02:00,2026-07-31T19:10:15.756987+02:00
68675.02932403152,68877.040996869,SYN2-114-A:P0001,G:LYBE:LYBV:SYN2-114-A:P0001,EVTOL_003,LYBE,LYBV,before_boarding,selected_plan,aircraft_busy|group_formation,aircraft_busy@F000194|group_formation@LYBE,cruise,3.366861213957842,0.0,0.0,2026-07-31T19:04:35.029324+02:00,2026-07-31T19:07:57.040997+02:00
68877.040996869,68937.040996869,SYN2-114-A:P0001,G:LYBE:LYBV:SYN2-114-A:P0001,EVTOL_003,LYBE,LYBV,before_boarding,selected_plan,aircraft_busy|group_formation,aircraft_busy@F000194|group_formation@LYBE,landing,1.0,0.0,0.0,2026-07-31T19:07:57.040997+02:00,2026-07-31T19:08:57.040997+02:00
68937.040996869,69063.040996869,SYN2-114-A:P0001,G:LYBE:LYBV:SYN2-114-A:P0001,EVTOL_003,LYBE,LYBV,before_boarding,selected_plan,aircraft_busy|group_formation,aircraft_busy@F000194|group_formation@LYBE,disembarking,2.1,0.0,0.0,2026-07-31T19:08:57.040997+02:00,2026-07-31T19:11:03.040997+02:00
69063.040996869,69123.040996869,SYN2-114-A:P0001,G:LYBE:LYBV:SYN2-114-A:P0001,EVTOL_003,LYBE,LYBV,before_boarding,selected_plan,departure_preparation|group_formation,departure_preparation@BW|group_formation@LYBE,departure_finalization,1.0,0.0,0.0,2026-07-31T19:11:03.040997+02:00,2026-07-31T19:12:03.040997+02:00
69123.040996869,69163.040996869,SYN2-114-A:P0001,G:LYBE:LYBV:SYN2-114-A:P0001,EVTOL_003,LYBE,LYBV,before_boarding,selected_plan,group_formation|repositioning_flight,group_formation@LYBE|repositioning_flight@LYBE,takeoff,0.6666666666666666,0.0,0.0,2026-07-31T19:12:03.040997+02:00,2026-07-31T19:12:43.040997+02:00
69163.040996869,69387.87681886899,SYN2-114-A:P0001,G:LYBE:LYBV:SYN2-114-A:P0001,EVTOL_003,LYBE,LYBV,before_boarding,selected_plan,group_formation|repositioning_flight,group_formation@LYBE|repositioning_flight@LYBE,cruise,3.747263699999894,0.0,0.0,2026-07-31T19:12:43.040997+02:00,2026-07-31T19:16:27.876819+02:00
69210.756986869,69270.756986869,SYN2-178-A:P0002,G:LYBE:JUG:SYN2-178-A:P0002,EVTOL_002,LYBE,JUG,departure_preparation,committed_flight,departure_preparation,departure_preparation@LYBE,departure_finalization,1.0,0.0,0.0,2026-07-31T19:13:30.756987+02:00,2026-07-31T19:14:30.756987+02:00
69387.87681886899,69447.87681886899,SYN2-114-A:P0001,G:LYBE:LYBV:SYN2-114-A:P0001,EVTOL_003,LYBE,LYBV,before_boarding,selected_plan,group_formation|repositioning_flight,group_formation@LYBE|repositioning_flight@LYBE,landing,1.0,0.0,0.0,2026-07-31T19:16:27.876819+02:00,2026-07-31T19:17:27.876819+02:00
69447.87681886899,69575.02932403152,SYN2-114-A:P0001,G:LYBE:LYBV:SYN2-114-A:P0001,EVTOL_003,LYBE,LYBV,before_boarding,selected_plan,group_formation,group_formation@LYBE,idle,2.119208419375597,0.0,0.0,2026-07-31T19:17:27.876819+02:00,2026-07-31T19:19:35.029324+02:00
69770.02932403152,69830.02932403152,SYN2-114-A:P0001,G:LYBE:LYBV:SYN2-114-A:P0001,EVTOL_003,LYBE,LYBV,departure_preparation,committed_flight,departure_preparation,departure_preparation@LYBE,departure_finalization,1.0,0.0,0.0,2026-07-31T19:22:50.029324+02:00,2026-07-31T19:23:50.029324+02:00
70312.19144560437,70392.47751203152,SYN2-338-D:P0001,G:LYBV:LYBE:SYN2-338-D:P0001,EVTOL_003,LYBV,LYBE,before_boarding,selected_plan,aircraft_busy|group_formation,aircraft_busy@F000197|group_formation@LYBV,disembarking,1.338101107119049,0.0,0.0,2026-07-31T19:31:52.191446+02:00,2026-07-31T19:33:12.477512+02:00
70392.47751203152,71212.19144560437,SYN2-338-D:P0001,G:LYBV:LYBE:SYN2-338-D:P0001,EVTOL_003,LYBV,LYBE,before_boarding,selected_plan,group_formation,group_formation@LYBV,idle,13.66189889288095,0.0,0.0,2026-07-31T19:33:12.477512+02:00,2026-07-31T19:46:52.191446+02:00
71407.19144560437,71467.19144560437,SYN2-338-D:P0001,G:LYBV:LYBE:SYN2-338-D:P0001,EVTOL_003,LYBV,LYBE,departure_preparation,committed_flight,departure_preparation,departure_preparation@LYBV,departure_finalization,1.0,0.0,0.0,2026-07-31T19:50:07.191446+02:00,2026-07-31T19:51:07.191446+02:00
72822.3132147912,72882.3132147912,SYN2-378-D:P0001,G:LYBV:LYBE:SYN2-378-D:P0001,EVTOL_001,LYBV,LYBE,before_boarding,selected_plan,departure_preparation|group_formation,departure_preparation@JUG|group_formation@LYBV,departure_finalization,1.0,0.0,0.0,2026-07-31T20:13:42.313215+02:00,2026-07-31T20:14:42.313215+02:00
72882.3132147912,72922.3132147912,SYN2-378-D:P0001,G:LYBV:LYBE:SYN2-378-D:P0001,EVTOL_001,LYBV,LYBE,before_boarding,selected_plan,group_formation|repositioning_flight,group_formation@LYBV|repositioning_flight@LYBV,takeoff,0.6666666666666666,0.0,0.0,2026-07-31T20:14:42.313215+02:00,2026-07-31T20:15:22.313215+02:00
72922.3132147912,73108.89207079119,SYN2-378-D:P0001,G:LYBV:LYBE:SYN2-378-D:P0001,EVTOL_001,LYBV,LYBE,before_boarding,selected_plan,group_formation|repositioning_flight,group_formation@LYBV|repositioning_flight@LYBV,cruise,3.1096475999998803,0.0,0.0,2026-07-31T20:15:22.313215+02:00,2026-07-31T20:18:28.892071+02:00
73074.79042692418,73974.79042692418,SYN2-118-A:P0001,G:LYBE:BW:SYN2-118-A:P0001,EVTOL_003,LYBE,BW,before_boarding,selected_plan,group_formation,group_formation@LYBE,idle,15.0,0.0,0.0,2026-07-31T20:17:54.790427+02:00,2026-07-31T20:32:54.790427+02:00
73108.89207079119,73168.89207079119,SYN2-378-D:P0001,G:LYBV:LYBE:SYN2-378-D:P0001,EVTOL_001,LYBV,LYBE,before_boarding,selected_plan,group_formation|repositioning_flight,group_formation@LYBV|repositioning_flight@LYBV,landing,1.0,0.0,0.0,2026-07-31T20:18:28.892071+02:00,2026-07-31T20:19:28.892071+02:00
73167.6920201456,73227.6920201456,SYN2-119-A:P0001,G:LYBE:JUG:SYN2-119-A:P0001,EVTOL_004,LYBE,JUG,before_boarding,selected_plan,departure_preparation|group_formation,departure_preparation@DOR|group_formation@LYBE,departure_finalization,1.0,0.0,0.0,2026-07-31T20:19:27.692020+02:00,2026-07-31T20:20:27.692020+02:00
73168.89207079119,73722.3132147912,SYN2-378-D:P0001,G:LYBV:LYBE:SYN2-378-D:P0001,EVTOL_001,LYBV,LYBE,before_boarding,selected_plan,group_formation,group_formation@LYBV,idle,9.223685733333452,0.0,0.0,2026-07-31T20:19:28.892071+02:00,2026-07-31T20:28:42.313215+02:00
73227.6920201456,73267.6920201456,SYN2-119-A:P0001,G:LYBE:JUG:SYN2-119-A:P0001,EVTOL_004,LYBE,JUG,before_boarding,selected_plan,group_formation|repositioning_flight,group_formation@LYBE|repositioning_flight@LYBE,takeoff,0.6666666666666666,0.0,0.0,2026-07-31T20:20:27.692020+02:00,2026-07-31T20:21:07.692020+02:00
73267.6920201456,73595.4922341456,SYN2-119-A:P0001,G:LYBE:JUG:SYN2-119-A:P0001,EVTOL_004,LYBE,JUG,before_boarding,selected_plan,group_formation|repositioning_flight,group_formation@LYBE|repositioning_flight@LYBE,cruise,5.463336900000043,0.0,0.0,2026-07-31T20:21:07.692020+02:00,2026-07-31T20:26:35.492234+02:00
73595.4922341456,73655.4922341456,SYN2-119-A:P0001,G:LYBE:JUG:SYN2-119-A:P0001,EVTOL_004,LYBE,JUG,before_boarding,selected_plan,group_formation|repositioning_flight,group_formation@LYBE|repositioning_flight@LYBE,landing,1.0,0.0,0.0,2026-07-31T20:26:35.492234+02:00,2026-07-31T20:27:35.492234+02:00
73655.4922341456,74067.6920201456,SYN2-119-A:P0001,G:LYBE:JUG:SYN2-119-A:P0001,EVTOL_004,LYBE,JUG,before_boarding,selected_plan,group_formation,group_formation@LYBE,idle,6.86999643333329,0.0,0.0,2026-07-31T20:27:35.492234+02:00,2026-07-31T20:34:27.692020+02:00
73917.3132147912,73977.3132147912,SYN2-378-D:P0001,G:LYBV:LYBE:SYN2-378-D:P0001,EVTOL_001,LYBV,LYBE,departure_preparation,committed_flight,departure_preparation,departure_preparation@LYBV,departure_finalization,1.0,0.0,0.0,2026-07-31T20:31:57.313215+02:00,2026-07-31T20:32:57.313215+02:00
74169.79042692418,74229.79042692418,SYN2-118-A:P0001,G:LYBE:BW:SYN2-118-A:P0001,EVTOL_003,LYBE,BW,departure_preparation,committed_flight,departure_preparation,departure_preparation@LYBE,departure_finalization,1.0,0.0,0.0,2026-07-31T20:36:09.790427+02:00,2026-07-31T20:37:09.790427+02:00
74262.6920201456,74353.76140279119,SYN2-119-A:P0001,G:LYBE:JUG:SYN2-119-A:P0001,EVTOL_004,LYBE,JUG,after_boarding,committed_flight,origin_tlof,origin_tlof@LYBE,waiting_for_departure,1.517823044093287,0.0,1.517823044093287,2026-07-31T20:37:42.692020+02:00,2026-07-31T20:39:13.761403+02:00
74353.76140279119,74413.76140279119,SYN2-119-A:P0001,G:LYBE:JUG:SYN2-119-A:P0001,EVTOL_004,LYBE,JUG,departure_preparation,committed_flight,departure_preparation,departure_preparation@LYBE,departure_finalization,1.0,0.0,0.0,2026-07-31T20:39:13.761403+02:00,2026-07-31T20:40:13.761403+02:00
76449.33931912016,77349.33931912016,SYN2-120-A:P0002,G:LYBE:DOR:SYN2-120-A:P0002,EVTOL_001,LYBE,DOR,before_boarding,selected_plan,group_formation,group_formation@LYBE,idle,15.0,0.0,0.0,2026-07-31T21:14:09.339319+02:00,2026-07-31T21:29:09.339319+02:00
76653.12634063415,77349.33931912016,SYN2-120-A:P0001,G:LYBE:DOR:SYN2-120-A:P0002,EVTOL_001,LYBE,DOR,before_boarding,selected_plan,group_formation,group_formation@LYBE,idle,11.60354964143359,0.0,0.0,2026-07-31T21:17:33.126341+02:00,2026-07-31T21:29:09.339319+02:00
77235.63257846772,77557.35677652789,SYN2-340-D:P0002,G:BW:LYBE:SYN2-340-D:P0002,EVTOL_003,BW,LYBE,before_boarding,selected_plan,group_formation,group_formation@BW,idle,5.362069967669473,0.0,0.0,2026-07-31T21:27:15.632578+02:00,2026-07-31T21:32:37.356777+02:00
77557.35677652789,77617.35677652789,SYN2-180-A:P0001,G:LYBE:BW:SYN2-180-A:P0001,EVTOL_003,LYBE,BW,before_boarding,selected_plan,departure_preparation|group_formation,departure_preparation@BW|group_formation@LYBE,departure_finalization,1.0,0.0,0.0,2026-07-31T21:32:37.356777+02:00,2026-07-31T21:33:37.356777+02:00
77557.35677652789,77617.35677652789,SYN2-340-D:P0002,G:BW:LYBE:SYN2-340-D:P0002,EVTOL_004,BW,LYBE,before_boarding,selected_plan,departure_preparation|group_formation,departure_preparation@JUG|group_formation@BW,departure_finalization,1.0,0.0,0.0,2026-07-31T21:32:37.356777+02:00,2026-07-31T21:33:37.356777+02:00
77571.84189163242,77597.35677652789,SYN2-180-A:P0002,G:LYBE:JUG:SYN2-180-A:P0002,EVTOL_002,LYBE,JUG,before_boarding,selected_plan,group_formation|origin_tlof,group_formation@LYBE|origin_tlof@JUG,idle,0.42524808159117433,0.0,0.0,2026-07-31T21:32:51.841892+02:00,2026-07-31T21:33:17.356777+02:00
77597.35677652789,77657.35677652789,SYN2-180-A:P0002,G:LYBE:JUG:SYN2-180-A:P0002,EVTOL_002,LYBE,JUG,before_boarding,selected_plan,departure_preparation|group_formation,departure_preparation@JUG|group_formation@LYBE,departure_finalization,1.0,0.0,0.0,2026-07-31T21:33:17.356777+02:00,2026-07-31T21:34:17.356777+02:00
77617.35677652789,77657.35677652789,SYN2-180-A:P0001,G:LYBE:BW:SYN2-180-A:P0001,EVTOL_003,LYBE,BW,before_boarding,selected_plan,group_formation|repositioning_flight,group_formation@LYBE|repositioning_flight@LYBE,takeoff,0.6666666666666666,0.0,0.0,2026-07-31T21:33:37.356777+02:00,2026-07-31T21:34:17.356777+02:00
77617.35677652789,77657.35677652789,SYN2-340-D:P0002,G:BW:LYBE:SYN2-340-D:P0002,EVTOL_004,BW,LYBE,before_boarding,selected_plan,group_formation|repositioning_flight,group_formation@BW|repositioning_flight@BW,takeoff,0.6666666666666666,0.0,0.0,2026-07-31T21:33:37.356777+02:00,2026-07-31T21:34:17.356777+02:00
77619.33931912016,77679.33931912016,SYN2-120-A:P0002,G:LYBE:DOR:SYN2-120-A:P0002,EVTOL_001,LYBE,DOR,departure_preparation,committed_flight,departure_preparation,departure_preparation@LYBE,departure_finalization,1.0,0.0,0.0,2026-07-31T21:33:39.339319+02:00,2026-07-31T21:34:39.339319+02:00
77619.33931912016,77679.33931912016,SYN2-120-A:P0001,G:LYBE:DOR:SYN2-120-A:P0002,EVTOL_001,LYBE,DOR,departure_preparation,committed_flight,departure_preparation,departure_preparation@LYBE,departure_finalization,1.0,0.0,0.0,2026-07-31T21:33:39.339319+02:00,2026-07-31T21:34:39.339319+02:00
77657.35677652789,77882.19259852788,SYN2-180-A:P0001,G:LYBE:BW:SYN2-180-A:P0001,EVTOL_003,LYBE,BW,before_boarding,selected_plan,group_formation|repositioning_flight,group_formation@LYBE|repositioning_flight@LYBE,cruise,3.747263699999894,0.0,0.0,2026-07-31T21:34:17.356777+02:00,2026-07-31T21:38:02.192599+02:00
77657.35677652789,77697.35677652789,SYN2-180-A:P0002,G:LYBE:JUG:SYN2-180-A:P0002,EVTOL_002,LYBE,JUG,before_boarding,selected_plan,group_formation|repositioning_flight,group_formation@LYBE|repositioning_flight@LYBE,takeoff,0.6666666666666666,0.0,0.0,2026-07-31T21:34:17.356777+02:00,2026-07-31T21:34:57.356777+02:00
77657.35677652789,77732.32326652789,SYN2-340-D:P0002,G:BW:LYBE:SYN2-340-D:P0002,EVTOL_004,BW,LYBE,before_boarding,selected_plan,group_formation|repositioning_flight,group_formation@BW|repositioning_flight@BW,cruise,1.2494415000001027,0.0,0.0,2026-07-31T21:34:17.356777+02:00,2026-07-31T21:35:32.323267+02:00
77697.35677652789,78015.15908852789,SYN2-180-A:P0002,G:LYBE:JUG:SYN2-180-A:P0002,EVTOL_002,LYBE,JUG,before_boarding,selected_plan,group_formation|repositioning_flight,group_formation@LYBE|repositioning_flight@LYBE,cruise,5.296705199999996,0.0,0.0,2026-07-31T21:34:57.356777+02:00,2026-07-31T21:40:15.159089+02:00
77732.32326652789,77792.32326652789,SYN2-340-D:P0002,G:BW:LYBE:SYN2-340-D:P0002,EVTOL_004,BW,LYBE,before_boarding,selected_plan,group_formation|repositioning_flight,group_formation@BW|repositioning_flight@BW,landing,1.0,0.0,0.0,2026-07-31T21:35:32.323267+02:00,2026-07-31T21:36:32.323267+02:00
77792.32326652789,78135.63257846772,SYN2-340-D:P0002,G:BW:LYBE:SYN2-340-D:P0002,EVTOL_004,BW,LYBE,before_boarding,selected_plan,group_formation,group_formation@BW,idle,5.721821865663757,0.0,0.0,2026-07-31T21:36:32.323267+02:00,2026-07-31T21:42:15.632578+02:00
77872.83616863024,77927.86833325229,SYN2-340-D:P0003,G:EXPO:LYBE:SYN2-340-D:P0003,EVTOL_001,EXPO,LYBE,before_boarding,selected_plan,aircraft_busy|group_formation,aircraft_busy@F000204|group_formation@EXPO,cruise,0.9172027437009092,0.0,0.0,2026-07-31T21:37:52.836169+02:00,2026-07-31T21:38:47.868333+02:00
77882.19259852788,77942.19259852788,SYN2-180-A:P0001,G:LYBE:BW:SYN2-180-A:P0001,EVTOL_003,LYBE,BW,before_boarding,selected_plan,group_formation|repositioning_flight,group_formation@LYBE|repositioning_flight@LYBE,landing,1.0,0.0,0.0,2026-07-31T21:38:02.192599+02:00,2026-07-31T21:39:02.192599+02:00
77927.86833325229,78047.13953312016,SYN2-340-D:P0001,G:JUG:LYBE:SYN2-340-D:P0001,EVTOL_001,JUG,LYBE,before_boarding,selected_plan,aircraft_busy|group_formation,aircraft_busy@F000204|group_formation@JUG,cruise,1.9878533311311912,0.0,0.0,2026-07-31T21:38:47.868333+02:00,2026-07-31T21:40:47.139533+02:00
77927.86833325229,78167.13953312016,SYN2-340-D:P0003,G:EXPO:LYBE:SYN2-340-D:P0003,,EXPO,LYBE,before_boarding,candidate_set,group_formation|priority_other_group,group_formation@EXPO,,3.9878533311311912,0.0,0.0,2026-07-31T21:38:47.868333+02:00,2026-07-31T21:42:47.139533+02:00
77942.19259852788,78457.35677652789,SYN2-180-A:P0001,G:LYBE:BW:SYN2-180-A:P0001,EVTOL_003,LYBE,BW,before_boarding,selected_plan,group_formation,group_formation@LYBE,idle,8.58606963333344,0.0,0.0,2026-07-31T21:39:02.192599+02:00,2026-07-31T21:47:37.356777+02:00
78015.15908852789,78075.15908852789,SYN2-180-A:P0002,G:LYBE:JUG:SYN2-180-A:P0002,EVTOL_002,LYBE,JUG,before_boarding,selected_plan,group_formation|repositioning_flight,group_formation@LYBE|repositioning_flight@LYBE,landing,1.0,0.0,0.0,2026-07-31T21:40:15.159089+02:00,2026-07-31T21:41:15.159089+02:00
78047.13953312016,78107.13953312016,SYN2-340-D:P0001,G:JUG:LYBE:SYN2-340-D:P0001,EVTOL_001,JUG,LYBE,before_boarding,selected_plan,aircraft_busy|group_formation,aircraft_busy@F000204|group_formation@JUG,landing,1.0,0.0,0.0,2026-07-31T21:40:47.139533+02:00,2026-07-31T21:41:47.139533+02:00
78075.15908852789,78471.84189163242,SYN2-180-A:P0002,G:LYBE:JUG:SYN2-180-A:P0002,EVTOL_002,LYBE,JUG,before_boarding,selected_plan,cleaning|group_formation,cleaning@LYBE:cleaner:1|group_formation@LYBE,cleaning,6.611380051742162,0.0,0.0,2026-07-31T21:41:15.159089+02:00,2026-07-31T21:47:51.841892+02:00
78107.13953312016,78299.13953312016,SYN2-340-D:P0001,G:JUG:LYBE:SYN2-340-D:P0001,EVTOL_001,JUG,LYBE,before_boarding,selected_plan,aircraft_busy|group_formation,aircraft_busy@F000204|group_formation@JUG,disembarking,3.2,0.0,0.0,2026-07-31T21:41:47.139533+02:00,2026-07-31T21:44:59.139533+02:00
78167.13953312016,78330.63257846772,SYN2-340-D:P0003,G:EXPO:LYBE:SYN2-340-D:P0003,EVTOL_004,EXPO,LYBE,before_boarding,selected_plan,aircraft_busy|group_formation,aircraft_busy@F000208|group_formation@EXPO,boarding,2.7248840891258927,0.0,0.0,2026-07-31T21:42:47.139533+02:00,2026-07-31T21:45:30.632578+02:00
78299.13953312016,78359.13953312016,SYN2-340-D:P0001,G:JUG:LYBE:SYN2-340-D:P0001,EVTOL_001,JUG,LYBE,before_boarding,selected_plan,departure_preparation|group_formation,departure_preparation@DOR|group_formation@JUG,departure_finalization,1.0,0.0,0.0,2026-07-31T21:44:59.139533+02:00,2026-07-31T21:45:59.139533+02:00
78330.63257846772,78390.63257846772,SYN2-340-D:P0003,G:EXPO:LYBE:SYN2-340-D:P0003,EVTOL_004,EXPO,LYBE,before_boarding,selected_plan,aircraft_busy|group_formation,aircraft_busy@F000208|group_formation@EXPO,departure_finalization,1.0,0.0,0.0,2026-07-31T21:45:30.632578+02:00,2026-07-31T21:46:30.632578+02:00
78330.63257846772,78390.63257846772,SYN2-340-D:P0002,G:BW:LYBE:SYN2-340-D:P0002,EVTOL_004,BW,LYBE,departure_preparation,committed_flight,departure_preparation,departure_preparation@BW,departure_finalization,1.0,0.0,0.0,2026-07-31T21:45:30.632578+02:00,2026-07-31T21:46:30.632578+02:00
78359.13953312016,78399.13953312016,SYN2-340-D:P0001,G:JUG:LYBE:SYN2-340-D:P0001,EVTOL_001,JUG,LYBE,before_boarding,selected_plan,group_formation|repositioning_flight,group_formation@JUG|repositioning_flight@JUG,takeoff,0.6666666666666666,0.0,0.0,2026-07-31T21:45:59.139533+02:00,2026-07-31T21:46:39.139533+02:00
78390.63257846772,78430.63257846772,SYN2-340-D:P0003,G:EXPO:LYBE:SYN2-340-D:P0003,EVTOL_004,EXPO,LYBE,before_boarding,selected_plan,aircraft_busy|group_formation,aircraft_busy@F000208|group_formation@EXPO,takeoff,0.6666666666666666,0.0,0.0,2026-07-31T21:46:30.632578+02:00,2026-07-31T21:47:10.632578+02:00
78399.13953312016,78449.61651912016,SYN2-340-D:P0001,G:JUG:LYBE:SYN2-340-D:P0001,EVTOL_001,JUG,LYBE,before_boarding,selected_plan,group_formation|repositioning_flight,group_formation@JUG|repositioning_flight@JUG,cruise,0.8412830999999036,0.0,0.0,2026-07-31T21:46:39.139533+02:00,2026-07-31T21:47:29.616519+02:00
78430.63257846772,78655.46840046771,SYN2-340-D:P0003,G:EXPO:LYBE:SYN2-340-D:P0003,EVTOL_004,EXPO,LYBE,before_boarding,selected_plan,aircraft_busy|group_formation,aircraft_busy@F000208|group_formation@EXPO,cruise,3.747263699999894,0.0,0.0,2026-07-31T21:47:10.632578+02:00,2026-07-31T21:50:55.468400+02:00
78449.61651912016,78509.61651912016,SYN2-340-D:P0001,G:JUG:LYBE:SYN2-340-D:P0001,EVTOL_001,JUG,LYBE,before_boarding,selected_plan,group_formation|repositioning_flight,group_formation@JUG|repositioning_flight@JUG,landing,1.0,0.0,0.0,2026-07-31T21:47:29.616519+02:00,2026-07-31T21:48:29.616519+02:00
78471.84189163242,78675.15908852789,SYN2-180-A:P0002,G:LYBE:JUG:SYN2-180-A:P0002,EVTOL_002,LYBE,JUG,before_boarding,selected_plan,cleaning,cleaning@LYBE:cleaner:1,cleaning,3.388619948257838,3.388619948257838,0.0,2026-07-31T21:47:51.841892+02:00,2026-07-31T21:51:15.159089+02:00
78509.61651912016,78827.86833325229,SYN2-340-D:P0001,G:JUG:LYBE:SYN2-340-D:P0001,EVTOL_001,JUG,LYBE,before_boarding,selected_plan,group_formation,group_formation@JUG,idle,5.304196902202238,0.0,0.0,2026-07-31T21:48:29.616519+02:00,2026-07-31T21:53:47.868333+02:00
78652.35677652789,78655.46840046771,SYN2-180-A:P0001,G:LYBE:BW:SYN2-180-A:P0001,EVTOL_003,LYBE,BW,after_boarding,committed_flight,origin_tlof,origin_tlof@LYBE,waiting_for_departure,0.05186039899708703,0.0,0.05186039899708703,2026-07-31T21:50:52.356777+02:00,2026-07-31T21:50:55.468400+02:00
78655.46840046771,78715.46840046771,SYN2-340-D:P0003,G:EXPO:LYBE:SYN2-340-D:P0003,EVTOL_004,EXPO,LYBE,before_boarding,selected_plan,aircraft_busy|group_formation,aircraft_busy@F000208|group_formation@EXPO,landing,1.0,0.0,0.0,2026-07-31T21:50:55.468400+02:00,2026-07-31T21:51:55.468400+02:00
78655.46840046771,78715.46840046771,SYN2-180-A:P0001,G:LYBE:BW:SYN2-180-A:P0001,EVTOL_003,LYBE,BW,departure_preparation,committed_flight,departure_preparation,departure_preparation@LYBE,departure_finalization,1.0,0.0,0.0,2026-07-31T21:50:55.468400+02:00,2026-07-31T21:51:55.468400+02:00
78715.46840046771,78772.83616863024,SYN2-340-D:P0003,G:EXPO:LYBE:SYN2-340-D:P0003,EVTOL_004,EXPO,LYBE,before_boarding,selected_plan,aircraft_busy|group_formation,aircraft_busy@F000208|group_formation@EXPO,disembarking,0.9561294693754462,0.0,0.0,2026-07-31T21:51:55.468400+02:00,2026-07-31T21:52:52.836169+02:00
78772.83616863024,78841.46840046771,SYN2-340-D:P0003,G:EXPO:LYBE:SYN2-340-D:P0003,EVTOL_004,EXPO,LYBE,before_boarding,selected_plan,aircraft_busy,aircraft_busy@F000208,disembarking,1.1438705306245538,1.1438705306245538,0.0,2026-07-31T21:52:52.836169+02:00,2026-07-31T21:54:01.468400+02:00
78841.46840046771,78853.83148174085,SYN2-340-D:P0003,G:EXPO:LYBE:SYN2-340-D:P0003,EVTOL_004,EXPO,LYBE,before_boarding,selected_plan,origin_tlof,origin_tlof@LYBE,idle,0.20605135455237664,0.20605135455237664,0.0,2026-07-31T21:54:01.468400+02:00,2026-07-31T21:54:13.831482+02:00
78853.83148174085,79753.83148174085,SYN2-123-A:P0001,G:LYBE:DOR:SYN2-123-A:P0001,EVTOL_004,LYBE,DOR,before_boarding,selected_plan,group_formation,group_formation@LYBE,idle,15.0,0.0,0.0,2026-07-31T21:54:13.831482+02:00,2026-07-31T22:09:13.831482+02:00
78853.83148174085,78980.3042224677,SYN2-340-D:P0003,G:EXPO:LYBE:SYN2-340-D:P0003,EVTOL_003,EXPO,LYBE,before_boarding,selected_plan,aircraft_busy,aircraft_busy@F000210,cruise,2.107879012114184,2.107879012114184,0.0,2026-07-31T21:54:13.831482+02:00,2026-07-31T21:56:20.304222+02:00
78870.15908852789,78930.15908852789,SYN2-180-A:P0002,G:LYBE:JUG:SYN2-180-A:P0002,EVTOL_002,LYBE,JUG,departure_preparation,committed_flight,departure_preparation,departure_preparation@LYBE,departure_finalization,1.0,0.0,0.0,2026-07-31T21:54:30.159089+02:00,2026-07-31T21:55:30.159089+02:00
78980.3042224677,79040.3042224677,SYN2-340-D:P0003,G:EXPO:LYBE:SYN2-340-D:P0003,EVTOL_003,EXPO,LYBE,before_boarding,selected_plan,aircraft_busy,aircraft_busy@F000210,landing,1.0,1.0,0.0,2026-07-31T21:56:20.304222+02:00,2026-07-31T21:57:20.304222+02:00
79022.86833325229,79082.86833325229,SYN2-340-D:P0001,G:JUG:LYBE:SYN2-340-D:P0001,EVTOL_001,JUG,LYBE,departure_preparation,committed_flight,departure_preparation,departure_preparation@JUG,departure_finalization,1.0,0.0,0.0,2026-07-31T21:57:02.868333+02:00,2026-07-31T21:58:02.868333+02:00
79040.3042224677,79166.3042224677,SYN2-340-D:P0003,G:EXPO:LYBE:SYN2-340-D:P0003,EVTOL_003,EXPO,LYBE,before_boarding,selected_plan,aircraft_busy,aircraft_busy@F000210,disembarking,2.1,2.1,0.0,2026-07-31T21:57:20.304222+02:00,2026-07-31T21:59:26.304222+02:00
79166.3042224677,79226.3042224677,SYN2-340-D:P0003,G:EXPO:LYBE:SYN2-340-D:P0003,EVTOL_003,EXPO,LYBE,before_boarding,selected_plan,departure_preparation,departure_preparation@BW,departure_finalization,1.0,1.0,0.0,2026-07-31T21:59:26.304222+02:00,2026-07-31T22:00:26.304222+02:00
79226.3042224677,79266.3042224677,SYN2-340-D:P0003,G:EXPO:LYBE:SYN2-340-D:P0003,EVTOL_003,EXPO,LYBE,before_boarding,selected_plan,repositioning_flight,repositioning_flight@EXPO,takeoff,0.6666666666666666,0.6666666666666666,0.0,2026-07-31T22:00:26.304222+02:00,2026-07-31T22:01:06.304222+02:00
79266.3042224677,79485.3278624677,SYN2-340-D:P0003,G:EXPO:LYBE:SYN2-340-D:P0003,EVTOL_003,EXPO,LYBE,before_boarding,selected_plan,repositioning_flight,repositioning_flight@EXPO,cruise,3.6503939999999906,3.6503939999999906,0.0,2026-07-31T22:01:06.304222+02:00,2026-07-31T22:04:45.327862+02:00
79485.3278624677,79545.3278624677,SYN2-340-D:P0003,G:EXPO:LYBE:SYN2-340-D:P0003,EVTOL_003,EXPO,LYBE,before_boarding,selected_plan,repositioning_flight,repositioning_flight@EXPO,landing,1.0,1.0,0.0,2026-07-31T22:04:45.327862+02:00,2026-07-31T22:05:45.327862+02:00
79740.3278624677,79800.3278624677,SYN2-340-D:P0003,G:EXPO:LYBE:SYN2-340-D:P0003,EVTOL_003,EXPO,LYBE,departure_preparation,committed_flight,departure_preparation,departure_preparation@EXPO,departure_finalization,1.0,0.0,0.0,2026-07-31T22:09:00.327862+02:00,2026-07-31T22:10:00.327862+02:00
79948.83148174085,80008.83148174085,SYN2-123-A:P0001,G:LYBE:DOR:SYN2-123-A:P0001,EVTOL_004,LYBE,DOR,departure_preparation,committed_flight,departure_preparation,departure_preparation@LYBE,departure_finalization,1.0,0.0,0.0,2026-07-31T22:12:28.831482+02:00,2026-07-31T22:13:28.831482+02:00
81114.77450926461,82014.77450926461,SYN2-126-A:P0001,G:LYBE:JUG:SYN2-126-A:P0001,EVTOL_001,LYBE,JUG,before_boarding,selected_plan,group_formation,group_formation@LYBE,idle,15.0,0.0,0.0,2026-07-31T22:31:54.774509+02:00,2026-07-31T22:46:54.774509+02:00
81154.41744318343,82054.41744318343,SYN2-124-A:P0001,G:LYBE:BW:SYN2-124-A:P0001,EVTOL_003,LYBE,BW,before_boarding,selected_plan,group_formation,group_formation@LYBE,idle,15.0,0.0,0.0,2026-07-31T22:32:34.417443+02:00,2026-07-31T22:47:34.417443+02:00
81236.40657877366,82054.41744318343,SYN2-184-A:P0001,G:LYBE:BW:SYN2-124-A:P0001,EVTOL_003,LYBE,BW,before_boarding,selected_plan,group_formation,group_formation@LYBE,idle,13.633514406829393,0.0,0.0,2026-07-31T22:33:56.406579+02:00,2026-07-31T22:47:34.417443+02:00
81971.0833791639,82031.0833791639,SYN2-182-A:P0001,G:LYBE:EXPO:SYN2-182-A:P0001,EVTOL_002,LYBE,EXPO,before_boarding,selected_plan,departure_preparation|group_formation,departure_preparation@JUG|group_formation@LYBE,departure_finalization,1.0,0.0,0.0,2026-07-31T22:46:11.083379+02:00,2026-07-31T22:47:11.083379+02:00
81990.48439841223,82021.0854771639,SYN2-183-A:P0001,G:LYBE:DOR:SYN2-183-A:P0001,EVTOL_004,LYBE,DOR,before_boarding,selected_plan,destination_tlof|group_formation,destination_tlof@LYBE|group_formation@LYBE,idle,0.5100179791945265,0.0,0.0,2026-07-31T22:46:30.484398+02:00,2026-07-31T22:47:01.085477+02:00
82021.0854771639,82081.0854771639,SYN2-183-A:P0001,G:LYBE:DOR:SYN2-183-A:P0001,EVTOL_004,LYBE,DOR,before_boarding,selected_plan,departure_preparation|group_formation,departure_preparation@DOR|group_formation@LYBE,departure_finalization,1.0,0.0,0.0,2026-07-31T22:47:01.085477+02:00,2026-07-31T22:48:01.085477+02:00
82031.0833791639,82071.0833791639,SYN2-182-A:P0001,G:LYBE:EXPO:SYN2-182-A:P0001,EVTOL_002,LYBE,EXPO,before_boarding,selected_plan,group_formation|repositioning_flight,group_formation@LYBE|repositioning_flight@LYBE,takeoff,0.6666666666666666,0.0,0.0,2026-07-31T22:47:11.083379+02:00,2026-07-31T22:47:51.083379+02:00
82071.0833791639,82388.8856911639,SYN2-182-A:P0001,G:LYBE:EXPO:SYN2-182-A:P0001,EVTOL_002,LYBE,EXPO,before_boarding,selected_plan,group_formation|repositioning_flight,group_formation@LYBE|repositioning_flight@LYBE,cruise,5.296705199999996,0.0,0.0,2026-07-31T22:47:51.083379+02:00,2026-07-31T22:53:08.885691+02:00
82081.0854771639,82121.0854771639,SYN2-183-A:P0001,G:LYBE:DOR:SYN2-183-A:P0001,EVTOL_004,LYBE,DOR,before_boarding,selected_plan,group_formation|repositioning_flight,group_formation@LYBE|repositioning_flight@LYBE,takeoff,0.6666666666666666,0.0,0.0,2026-07-31T22:48:01.085477+02:00,2026-07-31T22:48:41.085477+02:00
82121.0854771639,82448.8856911639,SYN2-183-A:P0001,G:LYBE:DOR:SYN2-183-A:P0001,EVTOL_004,LYBE,DOR,before_boarding,selected_plan,group_formation|repositioning_flight,group_formation@LYBE|repositioning_flight@LYBE,cruise,5.463336900000043,0.0,0.0,2026-07-31T22:48:41.085477+02:00,2026-07-31T22:54:08.885691+02:00
82144.20553339411,82209.77450926461,SYN2-132-A:P0003,G:LYBE:JUG:SYN2-132-A:P0003,EVTOL_001,LYBE,JUG,before_boarding,selected_plan,aircraft_busy|group_formation,aircraft_busy@F000217|group_formation@LYBE,boarding,1.0928162645082922,0.0,0.0,2026-07-31T22:49:04.205533+02:00,2026-07-31T22:50:09.774509+02:00
82209.77450926461,82269.77450926461,SYN2-132-A:P0003,G:LYBE:JUG:SYN2-132-A:P0003,EVTOL_001,LYBE,JUG,before_boarding,selected_plan,aircraft_busy|group_formation,aircraft_busy@F000217|group_formation@LYBE,departure_finalization,1.0,0.0,0.0,2026-07-31T22:50:09.774509+02:00,2026-07-31T22:51:09.774509+02:00
82209.77450926461,82269.77450926461,SYN2-126-A:P0001,G:LYBE:JUG:SYN2-126-A:P0001,EVTOL_001,LYBE,JUG,departure_preparation,committed_flight,departure_preparation,departure_preparation@LYBE,departure_finalization,1.0,0.0,0.0,2026-07-31T22:50:09.774509+02:00,2026-07-31T22:51:09.774509+02:00
82269.77450926461,82309.77450926461,SYN2-132-A:P0003,G:LYBE:JUG:SYN2-132-A:P0003,EVTOL_001,LYBE,JUG,before_boarding,selected_plan,aircraft_busy|group_formation,aircraft_busy@F000217|group_formation@LYBE,takeoff,0.6666666666666666,0.0,0.0,2026-07-31T22:51:09.774509+02:00,2026-07-31T22:51:49.774509+02:00
82309.77450926461,82627.5768212646,SYN2-132-A:P0003,G:LYBE:JUG:SYN2-132-A:P0003,EVTOL_001,LYBE,JUG,before_boarding,selected_plan,aircraft_busy|group_formation,aircraft_busy@F000217|group_formation@LYBE,cruise,5.296705199999996,0.0,0.0,2026-07-31T22:51:49.774509+02:00,2026-07-31T22:57:07.576821+02:00
82324.41744318343,82448.8856911639,SYN2-124-A:P0001,G:LYBE:BW:SYN2-124-A:P0001,EVTOL_003,LYBE,BW,after_boarding,committed_flight,origin_tlof,origin_tlof@LYBE,waiting_for_departure,2.0744707996746,0.0,2.0744707996746,2026-07-31T22:52:04.417443+02:00,2026-07-31T22:54:08.885691+02:00
82324.41744318343,82448.8856911639,SYN2-184-A:P0001,G:LYBE:BW:SYN2-124-A:P0001,EVTOL_003,LYBE,BW,after_boarding,committed_flight,origin_tlof,origin_tlof@LYBE,waiting_for_departure,2.0744707996746,0.0,2.0744707996746,2026-07-31T22:52:04.417443+02:00,2026-07-31T22:54:08.885691+02:00
82388.8856911639,82448.8856911639,SYN2-182-A:P0001,G:LYBE:EXPO:SYN2-182-A:P0001,EVTOL_002,LYBE,EXPO,before_boarding,selected_plan,group_formation|repositioning_flight,group_formation@LYBE|repositioning_flight@LYBE,landing,1.0,0.0,0.0,2026-07-31T22:53:08.885691+02:00,2026-07-31T22:54:08.885691+02:00
82448.8856911639,82871.0833791639,SYN2-182-A:P0001,G:LYBE:EXPO:SYN2-182-A:P0001,EVTOL_002,LYBE,EXPO,before_boarding,selected_plan,group_formation,group_formation@LYBE,idle,7.036628133333337,0.0,0.0,2026-07-31T22:54:08.885691+02:00,2026-07-31T23:01:11.083379+02:00
82448.8856911639,82508.8856911639,SYN2-183-A:P0001,G:LYBE:DOR:SYN2-183-A:P0001,EVTOL_004,LYBE,DOR,before_boarding,selected_plan,group_formation|repositioning_flight,group_formation@LYBE|repositioning_flight@LYBE,landing,1.0,0.0,0.0,2026-07-31T22:54:08.885691+02:00,2026-07-31T22:55:08.885691+02:00
82448.8856911639,82508.8856911639,SYN2-124-A:P0001,G:LYBE:BW:SYN2-124-A:P0001,EVTOL_003,LYBE,BW,departure_preparation,committed_flight,departure_preparation,departure_preparation@LYBE,departure_finalization,1.0,0.0,0.0,2026-07-31T22:54:08.885691+02:00,2026-07-31T22:55:08.885691+02:00
82448.8856911639,82508.8856911639,SYN2-184-A:P0001,G:LYBE:BW:SYN2-124-A:P0001,EVTOL_003,LYBE,BW,departure_preparation,committed_flight,departure_preparation,departure_preparation@LYBE,departure_finalization,1.0,0.0,0.0,2026-07-31T22:54:08.885691+02:00,2026-07-31T22:55:08.885691+02:00
82496.86345312359,82508.8856911639,SYN2-130-A:P0001,G:LYBE:BW:SYN2-130-A:P0001,EVTOL_003,LYBE,BW,before_boarding,selected_plan,aircraft_busy|group_formation,aircraft_busy@F000219|group_formation@LYBE,departure_finalization,0.2003706340052304,0.0,0.0,2026-07-31T22:54:56.863453+02:00,2026-07-31T22:55:08.885691+02:00
82508.8856911639,82890.48439841223,SYN2-183-A:P0001,G:LYBE:DOR:SYN2-183-A:P0001,EVTOL_004,LYBE,DOR,before_boarding,selected_plan,group_formation,group_formation@LYBE,idle,6.359978454138764,0.0,0.0,2026-07-31T22:55:08.885691+02:00,2026-07-31T23:01:30.484398+02:00
82508.8856911639,82548.8856911639,SYN2-130-A:P0001,G:LYBE:BW:SYN2-130-A:P0001,EVTOL_003,LYBE,BW,before_boarding,selected_plan,aircraft_busy|group_formation,aircraft_busy@F000219|group_formation@LYBE,takeoff,0.6666666666666666,0.0,0.0,2026-07-31T22:55:08.885691+02:00,2026-07-31T22:55:48.885691+02:00
82548.8856911639,82773.7215131639,SYN2-130-A:P0001,G:LYBE:BW:SYN2-130-A:P0001,EVTOL_003,LYBE,BW,before_boarding,selected_plan,aircraft_busy|group_formation,aircraft_busy@F000219|group_formation@LYBE,cruise,3.747263699999894,0.0,0.0,2026-07-31T22:55:48.885691+02:00,2026-07-31T22:59:33.721513+02:00
82565.73870376422,82873.5768212646,SYN2-132-A:P0001,G:LYBE:LYBV:SYN2-132-A:P0001,,LYBE,LYBV,before_boarding,candidate_set,group_formation|priority_other_group,group_formation@LYBE,,5.130635291673146,0.0,0.0,2026-07-31T22:56:05.738704+02:00,2026-07-31T23:01:13.576821+02:00
82627.5768212646,82687.5768212646,SYN2-132-A:P0003,G:LYBE:JUG:SYN2-132-A:P0003,EVTOL_001,LYBE,JUG,before_boarding,selected_plan,aircraft_busy|group_formation,aircraft_busy@F000217|group_formation@LYBE,landing,1.0,0.0,0.0,2026-07-31T22:57:07.576821+02:00,2026-07-31T22:58:07.576821+02:00
82687.5768212646,82813.5768212646,SYN2-132-A:P0003,G:LYBE:JUG:SYN2-132-A:P0003,EVTOL_001,LYBE,JUG,before_boarding,selected_plan,aircraft_busy|group_formation,aircraft_busy@F000217|group_formation@LYBE,disembarking,2.1,0.0,0.0,2026-07-31T22:58:07.576821+02:00,2026-07-31T23:00:13.576821+02:00
82692.0834319129,82813.5768212646,SYN2-134-A:P0001,G:LYBE:JUG:SYN2-132-A:P0003,EVTOL_001,LYBE,JUG,before_boarding,selected_plan,aircraft_busy|group_formation,aircraft_busy@F000217|group_formation@LYBE,disembarking,2.0248898225283485,0.0,0.0,2026-07-31T22:58:12.083432+02:00,2026-07-31T23:00:13.576821+02:00
82773.7215131639,82833.7215131639,SYN2-130-A:P0001,G:LYBE:BW:SYN2-130-A:P0001,EVTOL_003,LYBE,BW,before_boarding,selected_plan,aircraft_busy|group_formation,aircraft_busy@F000219|group_formation@LYBE,landing,1.0,0.0,0.0,2026-07-31T22:59:33.721513+02:00,2026-07-31T23:00:33.721513+02:00
82813.5768212646,82873.5768212646,SYN2-132-A:P0003,G:LYBE:JUG:SYN2-132-A:P0003,EVTOL_001,LYBE,JUG,before_boarding,selected_plan,departure_preparation|group_formation,departure_preparation@JUG|group_formation@LYBE,departure_finalization,1.0,0.0,0.0,2026-07-31T23:00:13.576821+02:00,2026-07-31T23:01:13.576821+02:00
82813.5768212646,82873.5768212646,SYN2-134-A:P0001,G:LYBE:JUG:SYN2-132-A:P0003,EVTOL_001,LYBE,JUG,before_boarding,selected_plan,departure_preparation|group_formation,departure_preparation@JUG|group_formation@LYBE,departure_finalization,1.0,0.0,0.0,2026-07-31T23:00:13.576821+02:00,2026-07-31T23:01:13.576821+02:00
82833.7215131639,82873.5768212646,SYN2-130-A:P0001,G:LYBE:BW:SYN2-130-A:P0001,EVTOL_003,LYBE,BW,before_boarding,selected_plan,aircraft_busy|group_formation,aircraft_busy@F000219|group_formation@LYBE,disembarking,0.664255135011869,0.0,0.0,2026-07-31T23:00:33.721513+02:00,2026-07-31T23:01:13.576821+02:00
82873.5768212646,82913.5768212646,SYN2-132-A:P0003,G:LYBE:JUG:SYN2-132-A:P0003,EVTOL_001,LYBE,JUG,before_boarding,selected_plan,group_formation|repositioning_flight,group_formation@LYBE|repositioning_flight@LYBE,takeoff,0.6666666666666666,0.0,0.0,2026-07-31T23:01:13.576821+02:00,2026-07-31T23:01:53.576821+02:00
82873.5768212646,82913.5768212646,SYN2-134-A:P0001,G:LYBE:JUG:SYN2-132-A:P0003,EVTOL_001,LYBE,JUG,before_boarding,selected_plan,group_formation|repositioning_flight,group_formation@LYBE|repositioning_flight@LYBE,takeoff,0.6666666666666666,0.0,0.0,2026-07-31T23:01:13.576821+02:00,2026-07-31T23:01:53.576821+02:00
82873.5768212646,83066.0833791639,SYN2-130-A:P0001,G:LYBE:BW:SYN2-130-A:P0001,EVTOL_002,LYBE,BW,before_boarding,selected_plan,aircraft_busy|group_formation,aircraft_busy@F000221|group_formation@LYBE,boarding,3.208442631654907,0.0,0.0,2026-07-31T23:01:13.576821+02:00,2026-07-31T23:04:26.083379+02:00
82873.5768212646,83025.7215131639,SYN2-132-A:P0001,G:LYBE:LYBV:SYN2-132-A:P0001,EVTOL_003,LYBE,LYBV,before_boarding,selected_plan,aircraft_busy|group_formation,aircraft_busy@F000219|group_formation@LYBE,disembarking,2.535744864988131,0.0,0.0,2026-07-31T23:01:13.576821+02:00,2026-07-31T23:03:45.721513+02:00
82907.35978199657,83085.48439841223,SYN2-131-A:P0001,G:LYBE:DOR:SYN2-131-A:P0001,EVTOL_004,LYBE,DOR,before_boarding,selected_plan,aircraft_busy|group_formation,aircraft_busy@F000222|group_formation@LYBE,boarding,2.968743606927698,0.0,0.0,2026-07-31T23:01:47.359782+02:00,2026-07-31T23:04:45.484398+02:00
82913.5768212646,83044.20553339411,SYN2-132-A:P0003,G:LYBE:JUG:SYN2-132-A:P0003,EVTOL_001,LYBE,JUG,before_boarding,selected_plan,group_formation|repositioning_flight,group_formation@LYBE|repositioning_flight@LYBE,cruise,2.177145202158378,0.0,0.0,2026-07-31T23:01:53.576821+02:00,2026-07-31T23:04:04.205533+02:00
82913.5768212646,83044.20553339411,SYN2-134-A:P0001,G:LYBE:JUG:SYN2-132-A:P0003,EVTOL_001,LYBE,JUG,before_boarding,selected_plan,group_formation|repositioning_flight,group_formation@LYBE|repositioning_flight@LYBE,cruise,2.177145202158378,0.0,0.0,2026-07-31T23:01:53.576821+02:00,2026-07-31T23:04:04.205533+02:00
83025.7215131639,83465.73870376422,SYN2-132-A:P0001,G:LYBE:LYBV:SYN2-132-A:P0001,EVTOL_003,LYBE,LYBV,before_boarding,selected_plan,cleaning|group_formation,cleaning@BW:cleaner:1|group_formation@LYBE,cleaning,7.333619843338723,0.0,0.0,2026-07-31T23:03:45.721513+02:00,2026-07-31T23:11:05.738704+02:00
83044.20553339411,83231.3791332646,SYN2-132-A:P0003,G:LYBE:JUG:SYN2-132-A:P0003,EVTOL_001,LYBE,JUG,before_boarding,selected_plan,repositioning_flight,repositioning_flight@LYBE,cruise,3.119559997841619,3.119559997841619,0.0,2026-07-31T23:04:04.205533+02:00,2026-07-31T23:07:11.379133+02:00
83044.20553339411,83231.3791332646,SYN2-134-A:P0001,G:LYBE:JUG:SYN2-132-A:P0003,EVTOL_001,LYBE,JUG,before_boarding,selected_plan,repositioning_flight,repositioning_flight@LYBE,cruise,3.119559997841619,0.0,0.0,2026-07-31T23:04:04.205533+02:00,2026-07-31T23:07:11.379133+02:00
83066.0833791639,83126.0833791639,SYN2-130-A:P0001,G:LYBE:BW:SYN2-130-A:P0001,EVTOL_002,LYBE,BW,before_boarding,selected_plan,aircraft_busy|group_formation,aircraft_busy@F000221|group_formation@LYBE,departure_finalization,1.0,0.0,0.0,2026-07-31T23:04:26.083379+02:00,2026-07-31T23:05:26.083379+02:00
83066.0833791639,83126.0833791639,SYN2-182-A:P0001,G:LYBE:EXPO:SYN2-182-A:P0001,EVTOL_002,LYBE,EXPO,departure_preparation,committed_flight,departure_preparation,departure_preparation@LYBE,departure_finalization,1.0,0.0,0.0,2026-07-31T23:04:26.083379+02:00,2026-07-31T23:05:26.083379+02:00
83085.48439841223,83106.0833791639,SYN2-131-A:P0001,G:LYBE:DOR:SYN2-131-A:P0001,EVTOL_004,LYBE,DOR,before_boarding,selected_plan,aircraft_busy|group_formation,aircraft_busy@F000222|group_formation@LYBE,waiting_for_tlof,0.3433163458612398,0.0,0.0,2026-07-31T23:04:45.484398+02:00,2026-07-31T23:05:06.083379+02:00
83085.48439841223,83106.0833791639,SYN2-183-A:P0001,G:LYBE:DOR:SYN2-183-A:P0001,EVTOL_004,LYBE,DOR,after_boarding,committed_flight,origin_tlof,origin_tlof@LYBE,waiting_for_departure,0.3433163458612398,0.0,0.3433163458612398,2026-07-31T23:04:45.484398+02:00,2026-07-31T23:05:06.083379+02:00
83106.0833791639,83166.0833791639,SYN2-131-A:P0001,G:LYBE:DOR:SYN2-131-A:P0001,EVTOL_004,LYBE,DOR,before_boarding,selected_plan,aircraft_busy|group_formation,aircraft_busy@F000222|group_formation@LYBE,departure_finalization,1.0,0.0,0.0,2026-07-31T23:05:06.083379+02:00,2026-07-31T23:06:06.083379+02:00
83106.0833791639,83166.0833791639,SYN2-183-A:P0001,G:LYBE:DOR:SYN2-183-A:P0001,EVTOL_004,LYBE,DOR,departure_preparation,committed_flight,departure_preparation,departure_preparation@LYBE,departure_finalization,1.0,0.0,0.0,2026-07-31T23:05:06.083379+02:00,2026-07-31T23:06:06.083379+02:00
83126.0833791639,83166.0833791639,SYN2-130-A:P0001,G:LYBE:BW:SYN2-130-A:P0001,EVTOL_002,LYBE,BW,before_boarding,selected_plan,aircraft_busy|group_formation,aircraft_busy@F000221|group_formation@LYBE,takeoff,0.6666666666666666,0.0,0.0,2026-07-31T23:05:26.083379+02:00,2026-07-31T23:06:06.083379+02:00
83162.36698048236,83166.0833791639,SYN2-139-A:P0002,G:LYBE:DOR:SYN2-131-A:P0001,EVTOL_004,LYBE,DOR,before_boarding,selected_plan,aircraft_busy|group_formation,aircraft_busy@F000222|group_formation@LYBE,departure_finalization,0.061939978025717816,0.0,0.0,2026-07-31T23:06:02.366980+02:00,2026-07-31T23:06:06.083379+02:00
83166.0833791639,83266.84577716391,SYN2-130-A:P0001,G:LYBE:BW:SYN2-130-A:P0001,EVTOL_002,LYBE,BW,before_boarding,selected_plan,aircraft_busy|group_formation,aircraft_busy@F000221|group_formation@LYBE,cruise,1.6793733000001037,0.0,0.0,2026-07-31T23:06:06.083379+02:00,2026-07-31T23:07:46.845777+02:00
83166.0833791639,83206.0833791639,SYN2-131-A:P0001,G:LYBE:DOR:SYN2-131-A:P0001,EVTOL_004,LYBE,DOR,before_boarding,selected_plan,aircraft_busy|group_formation,aircraft_busy@F000222|group_formation@LYBE,takeoff,0.6666666666666666,0.0,0.0,2026-07-31T23:06:06.083379+02:00,2026-07-31T23:06:46.083379+02:00
83166.0833791639,83206.0833791639,SYN2-139-A:P0002,G:LYBE:DOR:SYN2-131-A:P0001,EVTOL_004,LYBE,DOR,before_boarding,selected_plan,aircraft_busy|group_formation,aircraft_busy@F000222|group_formation@LYBE,takeoff,0.6666666666666666,0.0,0.0,2026-07-31T23:06:06.083379+02:00,2026-07-31T23:06:46.083379+02:00
83206.0833791639,83533.8835931639,SYN2-131-A:P0001,G:LYBE:DOR:SYN2-131-A:P0001,EVTOL_004,LYBE,DOR,before_boarding,selected_plan,aircraft_busy|group_formation,aircraft_busy@F000222|group_formation@LYBE,cruise,5.463336900000043,0.0,0.0,2026-07-31T23:06:46.083379+02:00,2026-07-31T23:12:13.883593+02:00
83206.0833791639,83533.8835931639,SYN2-139-A:P0002,G:LYBE:DOR:SYN2-131-A:P0001,EVTOL_004,LYBE,DOR,before_boarding,selected_plan,aircraft_busy|group_formation,aircraft_busy@F000222|group_formation@LYBE,cruise,5.463336900000043,0.0,0.0,2026-07-31T23:06:46.083379+02:00,2026-07-31T23:12:13.883593+02:00
83206.4750072857,83465.73870376422,SYN2-139-A:P0001,G:LYBE:LYBV:SYN2-132-A:P0001,EVTOL_003,LYBE,LYBV,before_boarding,selected_plan,cleaning|group_formation,cleaning@BW:cleaner:1|group_formation@LYBE,cleaning,4.321061607975328,0.0,0.0,2026-07-31T23:06:46.475007+02:00,2026-07-31T23:11:05.738704+02:00
83231.3791332646,83291.3791332646,SYN2-132-A:P0003,G:LYBE:JUG:SYN2-132-A:P0003,EVTOL_001,LYBE,JUG,before_boarding,selected_plan,repositioning_flight,repositioning_flight@LYBE,landing,1.0,1.0,0.0,2026-07-31T23:07:11.379133+02:00,2026-07-31T23:08:11.379133+02:00
83231.3791332646,83291.3791332646,SYN2-134-A:P0001,G:LYBE:JUG:SYN2-132-A:P0003,EVTOL_001,LYBE,JUG,before_boarding,selected_plan,repositioning_flight,repositioning_flight@LYBE,landing,1.0,0.0,0.0,2026-07-31T23:07:11.379133+02:00,2026-07-31T23:08:11.379133+02:00
83266.84577716391,83326.84577716391,SYN2-130-A:P0001,G:LYBE:BW:SYN2-130-A:P0001,EVTOL_002,LYBE,BW,before_boarding,selected_plan,aircraft_busy|group_formation,aircraft_busy@F000221|group_formation@LYBE,landing,1.0,0.0,0.0,2026-07-31T23:07:46.845777+02:00,2026-07-31T23:08:46.845777+02:00
83326.84577716391,83396.86345312359,SYN2-130-A:P0001,G:LYBE:BW:SYN2-130-A:P0001,EVTOL_002,LYBE,BW,before_boarding,selected_plan,aircraft_busy|group_formation,aircraft_busy@F000221|group_formation@LYBE,disembarking,1.1669612659946627,0.0,0.0,2026-07-31T23:08:46.845777+02:00,2026-07-31T23:09:56.863453+02:00
83396.86345312359,83452.84577716391,SYN2-130-A:P0001,G:LYBE:BW:SYN2-130-A:P0001,EVTOL_002,LYBE,BW,before_boarding,selected_plan,aircraft_busy,aircraft_busy@F000221,disembarking,0.9330387340053373,0.9330387340053373,0.0,2026-07-31T23:09:56.863453+02:00,2026-07-31T23:10:52.845777+02:00
83452.84577716391,83460.6167352646,SYN2-130-A:P0001,G:LYBE:BW:SYN2-130-A:P0001,EVTOL_002,LYBE,BW,before_boarding,selected_plan,destination_tlof,destination_tlof@LYBE,idle,0.12951596834488252,0.12951596834488252,0.0,2026-07-31T23:10:52.845777+02:00,2026-07-31T23:11:00.616735+02:00
83460.6167352646,83520.6167352646,SYN2-130-A:P0001,G:LYBE:BW:SYN2-130-A:P0001,EVTOL_002,LYBE,BW,before_boarding,selected_plan,departure_preparation,departure_preparation@EXPO,departure_finalization,1.0,1.0,0.0,2026-07-31T23:11:00.616735+02:00,2026-07-31T23:12:00.616735+02:00
83465.73870376422,83625.7215131639,SYN2-132-A:P0001,G:LYBE:LYBV:SYN2-132-A:P0001,EVTOL_003,LYBE,LYBV,before_boarding,selected_plan,cleaning,cleaning@BW:cleaner:1,cleaning,2.666380156661277,2.666380156661277,0.0,2026-07-31T23:11:05.738704+02:00,2026-07-31T23:13:45.721513+02:00
83465.73870376422,83625.7215131639,SYN2-139-A:P0001,G:LYBE:LYBV:SYN2-132-A:P0001,EVTOL_003,LYBE,LYBV,before_boarding,selected_plan,cleaning,cleaning@BW:cleaner:1,cleaning,2.666380156661277,0.0,0.0,2026-07-31T23:11:05.738704+02:00,2026-07-31T23:13:45.721513+02:00
83493.37256424905,83561.3791332646,SYN2-132-A:P0002,G:LYBE:JUG:SYN2-132-A:P0002,EVTOL_001,LYBE,JUG,before_boarding,selected_plan,aircraft_busy|group_formation,aircraft_busy@F000223|group_formation@LYBE,boarding,1.1334428169260111,0.0,0.0,2026-07-31T23:11:33.372564+02:00,2026-07-31T23:12:41.379133+02:00
83520.2998886398,83520.6167352646,SYN2-141-A:P0001,G:LYBE:BW:SYN2-130-A:P0001,EVTOL_002,LYBE,BW,before_boarding,selected_plan,departure_preparation,departure_preparation@EXPO,departure_finalization,0.005280777080042753,0.0,0.0,2026-07-31T23:12:00.299889+02:00,2026-07-31T23:12:00.616735+02:00
83520.6167352646,83560.6167352646,SYN2-130-A:P0001,G:LYBE:BW:SYN2-130-A:P0001,EVTOL_002,LYBE,BW,before_boarding,selected_plan,repositioning_flight,repositioning_flight@LYBE,takeoff,0.6666666666666666,0.6666666666666666,0.0,2026-07-31T23:12:00.616735+02:00,2026-07-31T23:12:40.616735+02:00
83520.6167352646,83560.6167352646,SYN2-141-A:P0001,G:LYBE:BW:SYN2-130-A:P0001,EVTOL_002,LYBE,BW,before_boarding,selected_plan,repositioning_flight,repositioning_flight@LYBE,takeoff,0.6666666666666666,0.0,0.0,2026-07-31T23:12:00.616735+02:00,2026-07-31T23:12:40.616735+02:00
83533.8835931639,83593.8835931639,SYN2-131-A:P0001,G:LYBE:DOR:SYN2-131-A:P0001,EVTOL_004,LYBE,DOR,before_boarding,selected_plan,aircraft_busy|group_formation,aircraft_busy@F000222|group_formation@LYBE,landing,1.0,0.0,0.0,2026-07-31T23:12:13.883593+02:00,2026-07-31T23:13:13.883593+02:00
83533.8835931639,83593.8835931639,SYN2-139-A:P0002,G:LYBE:DOR:SYN2-131-A:P0001,EVTOL_004,LYBE,DOR,before_boarding,selected_plan,aircraft_busy|group_formation,aircraft_busy@F000222|group_formation@LYBE,landing,1.0,0.0,0.0,2026-07-31T23:12:13.883593+02:00,2026-07-31T23:13:13.883593+02:00
83560.6167352646,83661.3791332646,SYN2-130-A:P0001,G:LYBE:BW:SYN2-130-A:P0001,EVTOL_002,LYBE,BW,before_boarding,selected_plan,repositioning_flight,repositioning_flight@LYBE,cruise,1.6793733000001037,1.6793733000001037,0.0,2026-07-31T23:12:40.616735+02:00,2026-07-31T23:14:21.379133+02:00
83560.6167352646,83661.3791332646,SYN2-141-A:P0001,G:LYBE:BW:SYN2-130-A:P0001,EVTOL_002,LYBE,BW,before_boarding,selected_plan,repositioning_flight,repositioning_flight@LYBE,cruise,1.6793733000001037,0.0,0.0,2026-07-31T23:12:40.616735+02:00,2026-07-31T23:14:21.379133+02:00
83561.3791332646,83621.3791332646,SYN2-132-A:P0002,G:LYBE:JUG:SYN2-132-A:P0002,EVTOL_001,LYBE,JUG,before_boarding,selected_plan,aircraft_busy|group_formation,aircraft_busy@F000223|group_formation@LYBE,departure_finalization,1.0,0.0,0.0,2026-07-31T23:12:41.379133+02:00,2026-07-31T23:13:41.379133+02:00
83561.3791332646,83621.3791332646,SYN2-132-A:P0003,G:LYBE:JUG:SYN2-132-A:P0003,EVTOL_001,LYBE,JUG,departure_preparation,committed_flight,departure_preparation,departure_preparation@LYBE,departure_finalization,1.0,0.0,0.0,2026-07-31T23:12:41.379133+02:00,2026-07-31T23:13:41.379133+02:00
83561.3791332646,83621.3791332646,SYN2-134-A:P0001,G:LYBE:JUG:SYN2-132-A:P0003,EVTOL_001,LYBE,JUG,departure_preparation,committed_flight,departure_preparation,departure_preparation@LYBE,departure_finalization,1.0,0.0,0.0,2026-07-31T23:12:41.379133+02:00,2026-07-31T23:13:41.379133+02:00
83593.8835931639,83719.8835931639,SYN2-131-A:P0001,G:LYBE:DOR:SYN2-131-A:P0001,EVTOL_004,LYBE,DOR,before_boarding,selected_plan,aircraft_busy|group_formation,aircraft_busy@F000222|group_formation@LYBE,disembarking,2.1,0.0,0.0,2026-07-31T23:13:13.883593+02:00,2026-07-31T23:15:19.883593+02:00
83593.8835931639,83719.8835931639,SYN2-139-A:P0002,G:LYBE:DOR:SYN2-131-A:P0001,EVTOL_004,LYBE,DOR,before_boarding,selected_plan,aircraft_busy|group_formation,aircraft_busy@F000222|group_formation@LYBE,disembarking,2.1,0.0,0.0,2026-07-31T23:13:13.883593+02:00,2026-07-31T23:15:19.883593+02:00
83600.34489702026,83625.7215131639,SYN2-140-A:P0001,G:LYBE:LYBV:SYN2-132-A:P0001,EVTOL_003,LYBE,LYBV,before_boarding,selected_plan,cleaning,cleaning@BW:cleaner:1,cleaning,0.42294360239393425,0.0,0.0,2026-07-31T23:13:20.344897+02:00,2026-07-31T23:13:45.721513+02:00
83621.3791332646,83661.3791332646,SYN2-132-A:P0002,G:LYBE:JUG:SYN2-132-A:P0002,EVTOL_001,LYBE,JUG,before_boarding,selected_plan,aircraft_busy|group_formation,aircraft_busy@F000223|group_formation@LYBE,takeoff,0.6666666666666666,0.0,0.0,2026-07-31T23:13:41.379133+02:00,2026-07-31T23:14:21.379133+02:00
83625.7215131639,83685.7215131639,SYN2-132-A:P0001,G:LYBE:LYBV:SYN2-132-A:P0001,EVTOL_003,LYBE,LYBV,before_boarding,selected_plan,departure_preparation,departure_preparation@BW,departure_finalization,1.0,1.0,0.0,2026-07-31T23:13:45.721513+02:00,2026-07-31T23:14:45.721513+02:00
83625.7215131639,83685.7215131639,SYN2-139-A:P0001,G:LYBE:LYBV:SYN2-132-A:P0001,EVTOL_003,LYBE,LYBV,before_boarding,selected_plan,departure_preparation,departure_preparation@BW,departure_finalization,1.0,0.0,0.0,2026-07-31T23:13:45.721513+02:00,2026-07-31T23:14:45.721513+02:00
83625.7215131639,83685.7215131639,SYN2-140-A:P0001,G:LYBE:LYBV:SYN2-132-A:P0001,EVTOL_003,LYBE,LYBV,before_boarding,selected_plan,departure_preparation,departure_preparation@BW,departure_finalization,1.0,0.0,0.0,2026-07-31T23:13:45.721513+02:00,2026-07-31T23:14:45.721513+02:00
83661.3791332646,83721.3791332646,SYN2-130-A:P0001,G:LYBE:BW:SYN2-130-A:P0001,EVTOL_002,LYBE,BW,before_boarding,selected_plan,repositioning_flight,repositioning_flight@LYBE,landing,1.0,1.0,0.0,2026-07-31T23:14:21.379133+02:00,2026-07-31T23:15:21.379133+02:00
83661.3791332646,83721.3791332646,SYN2-141-A:P0001,G:LYBE:BW:SYN2-130-A:P0001,EVTOL_002,LYBE,BW,before_boarding,selected_plan,repositioning_flight,repositioning_flight@LYBE,landing,1.0,0.0,0.0,2026-07-31T23:14:21.379133+02:00,2026-07-31T23:15:21.379133+02:00
83661.3791332646,83979.1814452646,SYN2-132-A:P0002,G:LYBE:JUG:SYN2-132-A:P0002,EVTOL_001,LYBE,JUG,before_boarding,selected_plan,aircraft_busy|group_formation,aircraft_busy@F000223|group_formation@LYBE,cruise,5.296705199999996,0.0,0.0,2026-07-31T23:14:21.379133+02:00,2026-07-31T23:19:39.181445+02:00
83685.7215131639,83725.7215131639,SYN2-132-A:P0001,G:LYBE:LYBV:SYN2-132-A:P0001,EVTOL_003,LYBE,LYBV,before_boarding,selected_plan,repositioning_flight,repositioning_flight@LYBE,takeoff,0.6666666666666666,0.6666666666666666,0.0,2026-07-31T23:14:45.721513+02:00,2026-07-31T23:15:25.721513+02:00
83685.7215131639,83725.7215131639,SYN2-139-A:P0001,G:LYBE:LYBV:SYN2-132-A:P0001,EVTOL_003,LYBE,LYBV,before_boarding,selected_plan,repositioning_flight,repositioning_flight@LYBE,takeoff,0.6666666666666666,0.0,0.0,2026-07-31T23:14:45.721513+02:00,2026-07-31T23:15:25.721513+02:00
83685.7215131639,83725.7215131639,SYN2-140-A:P0001,G:LYBE:LYBV:SYN2-132-A:P0001,EVTOL_003,LYBE,LYBV,before_boarding,selected_plan,repositioning_flight,repositioning_flight@LYBE,takeoff,0.6666666666666666,0.0,0.0,2026-07-31T23:14:45.721513+02:00,2026-07-31T23:15:25.721513+02:00
83719.8835931639,83779.8835931639,SYN2-131-A:P0001,G:LYBE:DOR:SYN2-131-A:P0001,EVTOL_004,LYBE,DOR,before_boarding,selected_plan,departure_preparation|group_formation,departure_preparation@DOR|group_formation@LYBE,departure_finalization,1.0,0.0,0.0,2026-07-31T23:15:19.883593+02:00,2026-07-31T23:16:19.883593+02:00
83719.8835931639,83779.8835931639,SYN2-139-A:P0002,G:LYBE:DOR:SYN2-131-A:P0001,EVTOL_004,LYBE,DOR,before_boarding,selected_plan,departure_preparation|group_formation,departure_preparation@DOR|group_formation@LYBE,departure_finalization,1.0,0.0,0.0,2026-07-31T23:15:19.883593+02:00,2026-07-31T23:16:19.883593+02:00
83725.7215131639,83950.55733516389,SYN2-132-A:P0001,G:LYBE:LYBV:SYN2-132-A:P0001,EVTOL_003,LYBE,LYBV,before_boarding,selected_plan,repositioning_flight,repositioning_flight@LYBE,cruise,3.747263699999894,3.747263699999894,0.0,2026-07-31T23:15:25.721513+02:00,2026-07-31T23:19:10.557335+02:00
83725.7215131639,83950.55733516389,SYN2-139-A:P0001,G:LYBE:LYBV:SYN2-132-A:P0001,EVTOL_003,LYBE,LYBV,before_boarding,selected_plan,repositioning_flight,repositioning_flight@LYBE,cruise,3.747263699999894,0.0,0.0,2026-07-31T23:15:25.721513+02:00,2026-07-31T23:19:10.557335+02:00
83725.7215131639,83950.55733516389,SYN2-140-A:P0001,G:LYBE:LYBV:SYN2-132-A:P0001,EVTOL_003,LYBE,LYBV,before_boarding,selected_plan,repositioning_flight,repositioning_flight@LYBE,cruise,3.747263699999894,0.0,0.0,2026-07-31T23:15:25.721513+02:00,2026-07-31T23:19:10.557335+02:00
83779.8835931639,83807.35978199657,SYN2-131-A:P0001,G:LYBE:DOR:SYN2-131-A:P0001,EVTOL_004,LYBE,DOR,before_boarding,selected_plan,group_formation|repositioning_flight,group_formation@LYBE|repositioning_flight@LYBE,takeoff,0.45793648054435226,0.0,0.0,2026-07-31T23:16:19.883593+02:00,2026-07-31T23:16:47.359782+02:00
83779.8835931639,83807.35978199657,SYN2-139-A:P0002,G:LYBE:DOR:SYN2-131-A:P0001,EVTOL_004,LYBE,DOR,before_boarding,selected_plan,group_formation|repositioning_flight,group_formation@LYBE|repositioning_flight@LYBE,takeoff,0.45793648054435226,0.0,0.0,2026-07-31T23:16:19.883593+02:00,2026-07-31T23:16:47.359782+02:00
83807.35978199657,83819.8835931639,SYN2-131-A:P0001,G:LYBE:DOR:SYN2-131-A:P0001,EVTOL_004,LYBE,DOR,before_boarding,selected_plan,repositioning_flight,repositioning_flight@LYBE,takeoff,0.2087301861223144,0.2087301861223144,0.0,2026-07-31T23:16:47.359782+02:00,2026-07-31T23:16:59.883593+02:00
83807.35978199657,83819.8835931639,SYN2-139-A:P0002,G:LYBE:DOR:SYN2-131-A:P0001,EVTOL_004,LYBE,DOR,before_boarding,selected_plan,repositioning_flight,repositioning_flight@LYBE,takeoff,0.2087301861223144,0.0,0.0,2026-07-31T23:16:47.359782+02:00,2026-07-31T23:16:59.883593+02:00
83819.8835931639,84147.6838071639,SYN2-131-A:P0001,G:LYBE:DOR:SYN2-131-A:P0001,EVTOL_004,LYBE,DOR,before_boarding,selected_plan,repositioning_flight,repositioning_flight@LYBE,cruise,5.463336900000043,5.463336900000043,0.0,2026-07-31T23:16:59.883593+02:00,2026-07-31T23:22:27.683807+02:00
83819.8835931639,84147.6838071639,SYN2-139-A:P0002,G:LYBE:DOR:SYN2-131-A:P0001,EVTOL_004,LYBE,DOR,before_boarding,selected_plan,repositioning_flight,repositioning_flight@LYBE,cruise,5.463336900000043,1.4219471113591378,0.0,2026-07-31T23:16:59.883593+02:00,2026-07-31T23:22:27.683807+02:00
83913.65422747734,83950.55733516389,SYN2-134-A:P0002,G:LYBE:LYBV:SYN2-132-A:P0001,EVTOL_003,LYBE,LYBV,before_boarding,selected_plan,repositioning_flight,repositioning_flight@LYBE,cruise,0.6150517947758393,0.0,0.0,2026-07-31T23:18:33.654227+02:00,2026-07-31T23:19:10.557335+02:00
83940.80344236956,84147.6838071639,SYN2-139-A:P0003,G:LYBE:DOR:SYN2-131-A:P0001,EVTOL_004,LYBE,DOR,before_boarding,selected_plan,repositioning_flight,repositioning_flight@LYBE,cruise,3.448006079905705,0.0,0.0,2026-07-31T23:19:00.803442+02:00,2026-07-31T23:22:27.683807+02:00
83950.55733516389,84010.55733516389,SYN2-132-A:P0001,G:LYBE:LYBV:SYN2-132-A:P0001,EVTOL_003,LYBE,LYBV,before_boarding,selected_plan,repositioning_flight,repositioning_flight@LYBE,landing,1.0,1.0,0.0,2026-07-31T23:19:10.557335+02:00,2026-07-31T23:20:10.557335+02:00
83950.55733516389,84010.55733516389,SYN2-139-A:P0001,G:LYBE:LYBV:SYN2-132-A:P0001,EVTOL_003,LYBE,LYBV,before_boarding,selected_plan,repositioning_flight,repositioning_flight@LYBE,landing,1.0,0.0,0.0,2026-07-31T23:19:10.557335+02:00,2026-07-31T23:20:10.557335+02:00
83950.55733516389,84010.55733516389,SYN2-140-A:P0001,G:LYBE:LYBV:SYN2-132-A:P0001,EVTOL_003,LYBE,LYBV,before_boarding,selected_plan,repositioning_flight,repositioning_flight@LYBE,landing,1.0,0.0,0.0,2026-07-31T23:19:10.557335+02:00,2026-07-31T23:20:10.557335+02:00
83950.55733516389,84010.55733516389,SYN2-134-A:P0002,G:LYBE:LYBV:SYN2-132-A:P0001,EVTOL_003,LYBE,LYBV,before_boarding,selected_plan,repositioning_flight,repositioning_flight@LYBE,landing,1.0,0.0,0.0,2026-07-31T23:19:10.557335+02:00,2026-07-31T23:20:10.557335+02:00
83979.1814452646,84039.1814452646,SYN2-132-A:P0002,G:LYBE:JUG:SYN2-132-A:P0002,EVTOL_001,LYBE,JUG,before_boarding,selected_plan,aircraft_busy|group_formation,aircraft_busy@F000223|group_formation@LYBE,landing,1.0,0.0,0.0,2026-07-31T23:19:39.181445+02:00,2026-07-31T23:20:39.181445+02:00
83991.3791332646,84051.3791332646,SYN2-130-A:P0001,G:LYBE:BW:SYN2-130-A:P0001,EVTOL_002,LYBE,BW,departure_preparation,committed_flight,departure_preparation,departure_preparation@LYBE,departure_finalization,1.0,0.0,0.0,2026-07-31T23:19:51.379133+02:00,2026-07-31T23:20:51.379133+02:00
83991.3791332646,84051.3791332646,SYN2-141-A:P0001,G:LYBE:BW:SYN2-130-A:P0001,EVTOL_002,LYBE,BW,departure_preparation,committed_flight,departure_preparation,departure_preparation@LYBE,departure_finalization,1.0,0.0,0.0,2026-07-31T23:19:51.379133+02:00,2026-07-31T23:20:51.379133+02:00
84039.1814452646,84231.1814452646,SYN2-132-A:P0002,G:LYBE:JUG:SYN2-132-A:P0002,EVTOL_001,LYBE,JUG,before_boarding,selected_plan,aircraft_busy|group_formation,aircraft_busy@F000223|group_formation@LYBE,disembarking,3.2,0.0,0.0,2026-07-31T23:20:39.181445+02:00,2026-07-31T23:23:51.181445+02:00
84147.6838071639,84207.6838071639,SYN2-131-A:P0001,G:LYBE:DOR:SYN2-131-A:P0001,EVTOL_004,LYBE,DOR,before_boarding,selected_plan,repositioning_flight,repositioning_flight@LYBE,landing,1.0,1.0,0.0,2026-07-31T23:22:27.683807+02:00,2026-07-31T23:23:27.683807+02:00
84147.6838071639,84207.6838071639,SYN2-139-A:P0002,G:LYBE:DOR:SYN2-131-A:P0001,EVTOL_004,LYBE,DOR,before_boarding,selected_plan,repositioning_flight,repositioning_flight@LYBE,landing,1.0,1.0,0.0,2026-07-31T23:22:27.683807+02:00,2026-07-31T23:23:27.683807+02:00
84147.6838071639,84207.6838071639,SYN2-139-A:P0003,G:LYBE:DOR:SYN2-131-A:P0001,EVTOL_004,LYBE,DOR,before_boarding,selected_plan,repositioning_flight,repositioning_flight@LYBE,landing,1.0,0.0,0.0,2026-07-31T23:22:27.683807+02:00,2026-07-31T23:23:27.683807+02:00
84193.10147506387,84316.2149552646,SYN2-141-A:P0002,G:LYBE:BW:SYN2-141-A:P0002,EVTOL_002,LYBE,BW,before_boarding,selected_plan,aircraft_busy|group_formation,aircraft_busy@F000227|group_formation@LYBE,cruise,2.0518913366788185,0.0,0.0,2026-07-31T23:23:13.101475+02:00,2026-07-31T23:25:16.214955+02:00
84231.1814452646,84393.37256424905,SYN2-132-A:P0002,G:LYBE:JUG:SYN2-132-A:P0002,EVTOL_001,LYBE,JUG,before_boarding,selected_plan,battery_before_repositioning|group_formation,battery_before_repositioning@JUG|group_formation@LYBE,idle,2.7031853164073256,0.0,0.0,2026-07-31T23:23:51.181445+02:00,2026-07-31T23:26:33.372564+02:00
84314.36507870296,84316.2149552646,SYN2-142-A:P0001,G:LYBE:BW:SYN2-141-A:P0002,EVTOL_002,LYBE,BW,before_boarding,selected_plan,aircraft_busy|group_formation,aircraft_busy@F000227|group_formation@LYBE,cruise,0.030831276027311106,0.0,0.0,2026-07-31T23:25:14.365079+02:00,2026-07-31T23:25:16.214955+02:00
84316.2149552646,84376.2149552646,SYN2-141-A:P0002,G:LYBE:BW:SYN2-141-A:P0002,EVTOL_002,LYBE,BW,before_boarding,selected_plan,aircraft_busy|group_formation,aircraft_busy@F000227|group_formation@LYBE,landing,1.0,0.0,0.0,2026-07-31T23:25:16.214955+02:00,2026-07-31T23:26:16.214955+02:00
84316.2149552646,84376.2149552646,SYN2-142-A:P0001,G:LYBE:BW:SYN2-141-A:P0002,EVTOL_002,LYBE,BW,before_boarding,selected_plan,aircraft_busy|group_formation,aircraft_busy@F000227|group_formation@LYBE,landing,1.0,0.0,0.0,2026-07-31T23:25:16.214955+02:00,2026-07-31T23:26:16.214955+02:00
84376.2149552646,84568.2149552646,SYN2-141-A:P0002,G:LYBE:BW:SYN2-141-A:P0002,EVTOL_002,LYBE,BW,before_boarding,selected_plan,aircraft_busy|group_formation,aircraft_busy@F000227|group_formation@LYBE,disembarking,3.2,0.0,0.0,2026-07-31T23:26:16.214955+02:00,2026-07-31T23:29:28.214955+02:00
84376.2149552646,84568.2149552646,SYN2-142-A:P0001,G:LYBE:BW:SYN2-141-A:P0002,EVTOL_002,LYBE,BW,before_boarding,selected_plan,aircraft_busy|group_formation,aircraft_busy@F000227|group_formation@LYBE,disembarking,3.2,0.0,0.0,2026-07-31T23:26:16.214955+02:00,2026-07-31T23:29:28.214955+02:00
84380.03206250377,84430.55733516389,SYN2-143-A:P0001,G:LYBE:LYBV:SYN2-143-A:P0001,EVTOL_003,LYBE,LYBV,before_boarding,selected_plan,aircraft_busy|group_formation,aircraft_busy@F000228|group_formation@LYBE,boarding,0.8420878776686247,0.0,0.0,2026-07-31T23:26:20.032063+02:00,2026-07-31T23:27:10.557335+02:00
84393.37256424905,84531.04790816268,SYN2-132-A:P0002,G:LYBE:JUG:SYN2-132-A:P0002,EVTOL_001,LYBE,JUG,before_boarding,selected_plan,battery_before_repositioning,battery_before_repositioning@JUG,idle,2.294589065227289,2.294589065227289,0.0,2026-07-31T23:26:33.372564+02:00,2026-07-31T23:28:51.047908+02:00
84430.55733516389,84490.55733516389,SYN2-143-A:P0001,G:LYBE:LYBV:SYN2-143-A:P0001,EVTOL_003,LYBE,LYBV,before_boarding,selected_plan,aircraft_busy|group_formation,aircraft_busy@F000228|group_formation@LYBE,departure_finalization,1.0,0.0,0.0,2026-07-31T23:27:10.557335+02:00,2026-07-31T23:28:10.557335+02:00
84430.55733516389,84490.55733516389,SYN2-132-A:P0001,G:LYBE:LYBV:SYN2-132-A:P0001,EVTOL_003,LYBE,LYBV,departure_preparation,committed_flight,departure_preparation,departure_preparation@LYBE,departure_finalization,1.0,0.0,0.0,2026-07-31T23:27:10.557335+02:00,2026-07-31T23:28:10.557335+02:00
84430.55733516389,84490.55733516389,SYN2-139-A:P0001,G:LYBE:LYBV:SYN2-132-A:P0001,EVTOL_003,LYBE,LYBV,departure_preparation,committed_flight,departure_preparation,departure_preparation@LYBE,departure_finalization,1.0,0.0,0.0,2026-07-31T23:27:10.557335+02:00,2026-07-31T23:28:10.557335+02:00
84430.55733516389,84490.55733516389,SYN2-140-A:P0001,G:LYBE:LYBV:SYN2-132-A:P0001,EVTOL_003,LYBE,LYBV,departure_preparation,committed_flight,departure_preparation,departure_preparation@LYBE,departure_finalization,1.0,0.0,0.0,2026-07-31T23:27:10.557335+02:00,2026-07-31T23:28:10.557335+02:00
84430.55733516389,84490.55733516389,SYN2-134-A:P0002,G:LYBE:LYBV:SYN2-132-A:P0001,EVTOL_003,LYBE,LYBV,departure_preparation,committed_flight,departure_preparation,departure_preparation@LYBE,departure_finalization,1.0,0.0,0.0,2026-07-31T23:27:10.557335+02:00,2026-07-31T23:28:10.557335+02:00
84442.04792788079,84568.2149552646,SYN2-140-A:P0002,G:LYBE:BW:SYN2-141-A:P0002,EVTOL_002,LYBE,BW,before_boarding,selected_plan,aircraft_busy|group_formation,aircraft_busy@F000227|group_formation@LYBE,disembarking,2.1027837897301653,0.0,0.0,2026-07-31T23:27:22.047928+02:00,2026-07-31T23:29:28.214955+02:00
84490.55733516389,84530.55733516389,SYN2-143-A:P0001,G:LYBE:LYBV:SYN2-143-A:P0001,EVTOL_003,LYBE,LYBV,before_boarding,selected_plan,aircraft_busy|group_formation,aircraft_busy@F000228|group_formation@LYBE,takeoff,0.6666666666666666,0.0,0.0,2026-07-31T23:28:10.557335+02:00,2026-07-31T23:28:50.557335+02:00
84530.55733516389,84867.00552316388,SYN2-143-A:P0001,G:LYBE:LYBV:SYN2-143-A:P0001,EVTOL_003,LYBE,LYBV,before_boarding,selected_plan,aircraft_busy|group_formation,aircraft_busy@F000228|group_formation@LYBE,cruise,5.607469799999914,0.0,0.0,2026-07-31T23:28:50.557335+02:00,2026-07-31T23:34:27.005523+02:00
84531.04790816268,84591.04790816268,SYN2-132-A:P0002,G:LYBE:JUG:SYN2-132-A:P0002,EVTOL_001,LYBE,JUG,before_boarding,selected_plan,departure_preparation,departure_preparation@JUG,departure_finalization,1.0,1.0,0.0,2026-07-31T23:28:51.047908+02:00,2026-07-31T23:29:51.047908+02:00
84552.6838071639,84749.55095059778,SYN2-131-A:P0001,G:LYBE:DOR:SYN2-131-A:P0001,EVTOL_004,LYBE,DOR,after_boarding,committed_flight,battery_after_repositioning,battery_after_repositioning@LYBE,waiting_for_departure,3.2811190572312627,0.0,3.2811190572312627,2026-07-31T23:29:12.683807+02:00,2026-07-31T23:32:29.550951+02:00
84552.6838071639,84749.55095059778,SYN2-139-A:P0002,G:LYBE:DOR:SYN2-131-A:P0001,EVTOL_004,LYBE,DOR,after_boarding,committed_flight,battery_after_repositioning,battery_after_repositioning@LYBE,waiting_for_departure,3.2811190572312627,0.0,3.2811190572312627,2026-07-31T23:29:12.683807+02:00,2026-07-31T23:32:29.550951+02:00
84552.6838071639,84749.55095059778,SYN2-139-A:P0003,G:LYBE:DOR:SYN2-131-A:P0001,EVTOL_004,LYBE,DOR,after_boarding,committed_flight,battery_after_repositioning,battery_after_repositioning@LYBE,waiting_for_departure,3.2811190572312627,0.0,3.2811190572312627,2026-07-31T23:29:12.683807+02:00,2026-07-31T23:32:29.550951+02:00
84568.2149552646,84625.48643727807,SYN2-141-A:P0002,G:LYBE:BW:SYN2-141-A:P0002,EVTOL_002,LYBE,BW,before_boarding,selected_plan,battery_before_repositioning|group_formation,battery_before_repositioning@BW|group_formation@LYBE,idle,0.9545247002245257,0.0,0.0,2026-07-31T23:29:28.214955+02:00,2026-07-31T23:30:25.486437+02:00
84568.2149552646,84625.48643727807,SYN2-142-A:P0001,G:LYBE:BW:SYN2-141-A:P0002,EVTOL_002,LYBE,BW,before_boarding,selected_plan,battery_before_repositioning|group_formation,battery_before_repositioning@BW|group_formation@LYBE,idle,0.9545247002245257,0.0,0.0,2026-07-31T23:29:28.214955+02:00,2026-07-31T23:30:25.486437+02:00
84568.2149552646,84625.48643727807,SYN2-140-A:P0002,G:LYBE:BW:SYN2-141-A:P0002,EVTOL_002,LYBE,BW,before_boarding,selected_plan,battery_before_repositioning|group_formation,battery_before_repositioning@BW|group_formation@LYBE,idle,0.9545247002245257,0.0,0.0,2026-07-31T23:29:28.214955+02:00,2026-07-31T23:30:25.486437+02:00
84591.04790816268,84631.04790816268,SYN2-132-A:P0002,G:LYBE:JUG:SYN2-132-A:P0002,EVTOL_001,LYBE,JUG,before_boarding,selected_plan,repositioning_flight,repositioning_flight@LYBE,takeoff,0.6666666666666666,0.6666666666666666,0.0,2026-07-31T23:29:51.047908+02:00,2026-07-31T23:30:31.047908+02:00
84625.48643727807,84684.01439816269,SYN2-141-A:P0002,G:LYBE:BW:SYN2-141-A:P0002,EVTOL_002,LYBE,BW,before_boarding,selected_plan,destination_tlof|group_formation,destination_tlof@LYBE|group_formation@LYBE,idle,0.9754660147436274,0.0,0.0,2026-07-31T23:30:25.486437+02:00,2026-07-31T23:31:24.014398+02:00
84625.48643727807,84684.01439816269,SYN2-142-A:P0001,G:LYBE:BW:SYN2-141-A:P0002,EVTOL_002,LYBE,BW,before_boarding,selected_plan,destination_tlof|group_formation,destination_tlof@LYBE|group_formation@LYBE,idle,0.9754660147436274,0.0,0.0,2026-07-31T23:30:25.486437+02:00,2026-07-31T23:31:24.014398+02:00
84625.48643727807,84684.01439816269,SYN2-140-A:P0002,G:LYBE:BW:SYN2-141-A:P0002,EVTOL_002,LYBE,BW,before_boarding,selected_plan,destination_tlof|group_formation,destination_tlof@LYBE|group_formation@LYBE,idle,0.9754660147436274,0.0,0.0,2026-07-31T23:30:25.486437+02:00,2026-07-31T23:31:24.014398+02:00
84631.04790816268,84948.85022016268,SYN2-132-A:P0002,G:LYBE:JUG:SYN2-132-A:P0002,EVTOL_001,LYBE,JUG,before_boarding,selected_plan,repositioning_flight,repositioning_flight@LYBE,cruise,5.296705199999996,5.296705199999996,0.0,2026-07-31T23:30:31.047908+02:00,2026-07-31T23:35:48.850220+02:00
84684.01439816269,84744.01439816269,SYN2-141-A:P0002,G:LYBE:BW:SYN2-141-A:P0002,EVTOL_002,LYBE,BW,before_boarding,selected_plan,departure_preparation|group_formation,departure_preparation@BW|group_formation@LYBE,departure_finalization,1.0,0.0,0.0,2026-07-31T23:31:24.014398+02:00,2026-07-31T23:32:24.014398+02:00
84684.01439816269,84744.01439816269,SYN2-142-A:P0001,G:LYBE:BW:SYN2-141-A:P0002,EVTOL_002,LYBE,BW,before_boarding,selected_plan,departure_preparation|group_formation,departure_preparation@BW|group_formation@LYBE,departure_finalization,1.0,0.0,0.0,2026-07-31T23:31:24.014398+02:00,2026-07-31T23:32:24.014398+02:00
84684.01439816269,84744.01439816269,SYN2-140-A:P0002,G:LYBE:BW:SYN2-141-A:P0002,EVTOL_002,LYBE,BW,before_boarding,selected_plan,departure_preparation|group_formation,departure_preparation@BW|group_formation@LYBE,departure_finalization,1.0,0.0,0.0,2026-07-31T23:31:24.014398+02:00,2026-07-31T23:32:24.014398+02:00
84744.01439816269,84784.01439816269,SYN2-141-A:P0002,G:LYBE:BW:SYN2-141-A:P0002,EVTOL_002,LYBE,BW,before_boarding,selected_plan,group_formation|repositioning_flight,group_formation@LYBE|repositioning_flight@LYBE,takeoff,0.6666666666666666,0.0,0.0,2026-07-31T23:32:24.014398+02:00,2026-07-31T23:33:04.014398+02:00
84744.01439816269,84784.01439816269,SYN2-142-A:P0001,G:LYBE:BW:SYN2-141-A:P0002,EVTOL_002,LYBE,BW,before_boarding,selected_plan,group_formation|repositioning_flight,group_formation@LYBE|repositioning_flight@LYBE,takeoff,0.6666666666666666,0.0,0.0,2026-07-31T23:32:24.014398+02:00,2026-07-31T23:33:04.014398+02:00
84744.01439816269,84784.01439816269,SYN2-140-A:P0002,G:LYBE:BW:SYN2-141-A:P0002,EVTOL_002,LYBE,BW,before_boarding,selected_plan,group_formation|repositioning_flight,group_formation@LYBE|repositioning_flight@LYBE,takeoff,0.6666666666666666,0.0,0.0,2026-07-31T23:32:24.014398+02:00,2026-07-31T23:33:04.014398+02:00
84749.55095059778,84809.55095059778,SYN2-131-A:P0001,G:LYBE:DOR:SYN2-131-A:P0001,EVTOL_004,LYBE,DOR,departure_preparation,committed_flight,departure_preparation,departure_preparation@LYBE,departure_finalization,1.0,0.0,0.0,2026-07-31T23:32:29.550951+02:00,2026-07-31T23:33:29.550951+02:00
84749.55095059778,84809.55095059778,SYN2-139-A:P0002,G:LYBE:DOR:SYN2-131-A:P0001,EVTOL_004,LYBE,DOR,departure_preparation,committed_flight,departure_preparation,departure_preparation@LYBE,departure_finalization,1.0,0.0,0.0,2026-07-31T23:32:29.550951+02:00,2026-07-31T23:33:29.550951+02:00
84749.55095059778,84809.55095059778,SYN2-139-A:P0003,G:LYBE:DOR:SYN2-131-A:P0001,EVTOL_004,LYBE,DOR,departure_preparation,committed_flight,departure_preparation,departure_preparation@LYBE,departure_finalization,1.0,0.0,0.0,2026-07-31T23:32:29.550951+02:00,2026-07-31T23:33:29.550951+02:00
84784.01439816269,84927.57120678067,SYN2-141-A:P0002,G:LYBE:BW:SYN2-141-A:P0002,EVTOL_002,LYBE,BW,before_boarding,selected_plan,group_formation|repositioning_flight,group_formation@LYBE|repositioning_flight@LYBE,cruise,2.3926134769664107,0.0,0.0,2026-07-31T23:33:04.014398+02:00,2026-07-31T23:35:27.571207+02:00
84784.01439816269,84927.57120678067,SYN2-142-A:P0001,G:LYBE:BW:SYN2-141-A:P0002,EVTOL_002,LYBE,BW,before_boarding,selected_plan,group_formation|repositioning_flight,group_formation@LYBE|repositioning_flight@LYBE,cruise,2.3926134769664107,0.0,0.0,2026-07-31T23:33:04.014398+02:00,2026-07-31T23:35:27.571207+02:00
84784.01439816269,84927.57120678067,SYN2-140-A:P0002,G:LYBE:BW:SYN2-141-A:P0002,EVTOL_002,LYBE,BW,before_boarding,selected_plan,group_formation|repositioning_flight,group_formation@LYBE|repositioning_flight@LYBE,cruise,2.3926134769664107,0.0,0.0,2026-07-31T23:33:04.014398+02:00,2026-07-31T23:35:27.571207+02:00
84867.00552316388,84927.00552316388,SYN2-143-A:P0001,G:LYBE:LYBV:SYN2-143-A:P0001,EVTOL_003,LYBE,LYBV,before_boarding,selected_plan,aircraft_busy|group_formation,aircraft_busy@F000228|group_formation@LYBE,landing,1.0,0.0,0.0,2026-07-31T23:34:27.005523+02:00,2026-07-31T23:35:27.005523+02:00
84927.00552316388,85251.00552316388,SYN2-143-A:P0001,G:LYBE:LYBV:SYN2-143-A:P0001,EVTOL_003,LYBE,LYBV,before_boarding,selected_plan,aircraft_busy|group_formation,aircraft_busy@F000228|group_formation@LYBE,disembarking,5.4,0.0,0.0,2026-07-31T23:35:27.005523+02:00,2026-07-31T23:40:51.005523+02:00
84927.57120678067,85008.85022016268,SYN2-141-A:P0002,G:LYBE:BW:SYN2-141-A:P0002,EVTOL_002,LYBE,BW,before_boarding,selected_plan,repositioning_flight,repositioning_flight@LYBE,cruise,1.3546502230334834,0.0,0.0,2026-07-31T23:35:27.571207+02:00,2026-07-31T23:36:48.850220+02:00
84927.57120678067,85008.85022016268,SYN2-142-A:P0001,G:LYBE:BW:SYN2-141-A:P0002,EVTOL_002,LYBE,BW,before_boarding,selected_plan,repositioning_flight,repositioning_flight@LYBE,cruise,1.3546502230334834,0.0,0.0,2026-07-31T23:35:27.571207+02:00,2026-07-31T23:36:48.850220+02:00
84927.57120678067,85008.85022016268,SYN2-140-A:P0002,G:LYBE:BW:SYN2-141-A:P0002,EVTOL_002,LYBE,BW,before_boarding,selected_plan,repositioning_flight,repositioning_flight@LYBE,cruise,1.3546502230334834,0.0,0.0,2026-07-31T23:35:27.571207+02:00,2026-07-31T23:36:48.850220+02:00
84927.57120678067,85008.85022016268,SYN2-147-A:P0001,G:LYBE:BW:SYN2-141-A:P0002,EVTOL_002,LYBE,BW,before_boarding,selected_plan,repositioning_flight,repositioning_flight@LYBE,cruise,1.3546502230334834,0.0,0.0,2026-07-31T23:35:27.571207+02:00,2026-07-31T23:36:48.850220+02:00
84935.92826257873,85093.10147506387,SYN2-146-A:P0001,G:LYBE:BW:SYN2-146-A:P0001,EVTOL_004,LYBE,BW,before_boarding,selected_plan,aircraft_busy|group_formation,aircraft_busy@F000229|group_formation@LYBE,cruise,2.619553541419009,0.0,0.0,2026-07-31T23:35:35.928263+02:00,2026-07-31T23:38:13.101475+02:00
84948.85022016268,85008.85022016268,SYN2-132-A:P0002,G:LYBE:JUG:SYN2-132-A:P0002,EVTOL_001,LYBE,JUG,before_boarding,selected_plan,repositioning_flight,repositioning_flight@LYBE,landing,1.0,1.0,0.0,2026-07-31T23:35:48.850220+02:00,2026-07-31T23:36:48.850220+02:00
85008.85022016268,85068.85022016268,SYN2-141-A:P0002,G:LYBE:BW:SYN2-141-A:P0002,EVTOL_002,LYBE,BW,before_boarding,selected_plan,repositioning_flight,repositioning_flight@LYBE,landing,1.0,0.0,0.0,2026-07-31T23:36:48.850220+02:00,2026-07-31T23:37:48.850220+02:00
85008.85022016268,85068.85022016268,SYN2-142-A:P0001,G:LYBE:BW:SYN2-141-A:P0002,EVTOL_002,LYBE,BW,before_boarding,selected_plan,repositioning_flight,repositioning_flight@LYBE,landing,1.0,0.0,0.0,2026-07-31T23:36:48.850220+02:00,2026-07-31T23:37:48.850220+02:00
85008.85022016268,85068.85022016268,SYN2-140-A:P0002,G:LYBE:BW:SYN2-141-A:P0002,EVTOL_002,LYBE,BW,before_boarding,selected_plan,repositioning_flight,repositioning_flight@LYBE,landing,1.0,0.0,0.0,2026-07-31T23:36:48.850220+02:00,2026-07-31T23:37:48.850220+02:00
85008.85022016268,85068.85022016268,SYN2-147-A:P0001,G:LYBE:BW:SYN2-141-A:P0002,EVTOL_002,LYBE,BW,before_boarding,selected_plan,repositioning_flight,repositioning_flight@LYBE,landing,1.0,0.0,0.0,2026-07-31T23:36:48.850220+02:00,2026-07-31T23:37:48.850220+02:00
85093.10147506387,85488.85022016268,SYN2-146-A:P0001,G:LYBE:BW:SYN2-146-A:P0001,EVTOL_002,LYBE,BW,before_boarding,selected_plan,aircraft_busy|group_formation,aircraft_busy@F000233|group_formation@LYBE,boarding,6.595812418313532,0.0,0.0,2026-07-31T23:38:13.101475+02:00,2026-07-31T23:44:48.850220+02:00
85203.85022016268,85557.52798712565,SYN2-132-A:P0002,G:LYBE:JUG:SYN2-132-A:P0002,EVTOL_001,LYBE,JUG,after_boarding,committed_flight,battery_after_repositioning,battery_after_repositioning@LYBE,waiting_for_departure,5.894629449382774,0.0,5.894629449382774,2026-07-31T23:40:03.850220+02:00,2026-07-31T23:45:57.527987+02:00
85251.00552316388,85280.03206250377,SYN2-143-A:P0001,G:LYBE:LYBV:SYN2-143-A:P0001,EVTOL_003,LYBE,LYBV,before_boarding,selected_plan,departure_preparation|group_formation,departure_preparation@LYBV|group_formation@LYBE,departure_finalization,0.48377565566479463,0.0,0.0,2026-07-31T23:40:51.005523+02:00,2026-07-31T23:41:20.032063+02:00
85280.03206250377,85311.00552316388,SYN2-143-A:P0001,G:LYBE:LYBV:SYN2-143-A:P0001,EVTOL_003,LYBE,LYBV,before_boarding,selected_plan,departure_preparation,departure_preparation@LYBV,departure_finalization,0.5162243443352054,0.5162243443352054,0.0,2026-07-31T23:41:20.032063+02:00,2026-07-31T23:41:51.005523+02:00
85311.00552316388,85351.00552316388,SYN2-143-A:P0001,G:LYBE:LYBV:SYN2-143-A:P0001,EVTOL_003,LYBE,LYBV,before_boarding,selected_plan,repositioning_flight,repositioning_flight@LYBE,takeoff,0.6666666666666666,0.6666666666666666,0.0,2026-07-31T23:41:51.005523+02:00,2026-07-31T23:42:31.005523+02:00
85351.00552316388,85687.45371116388,SYN2-143-A:P0001,G:LYBE:LYBV:SYN2-143-A:P0001,EVTOL_003,LYBE,LYBV,before_boarding,selected_plan,repositioning_flight,repositioning_flight@LYBE,cruise,5.607469799999914,5.607469799999914,0.0,2026-07-31T23:42:31.005523+02:00,2026-07-31T23:48:07.453711+02:00
85402.0288440427,85488.85022016268,SYN2-148-A:P0001,G:LYBE:BW:SYN2-146-A:P0001,EVTOL_002,LYBE,BW,before_boarding,selected_plan,aircraft_busy|group_formation,aircraft_busy@F000233|group_formation@LYBE,boarding,1.447022935333128,0.0,0.0,2026-07-31T23:43:22.028844+02:00,2026-07-31T23:44:48.850220+02:00
85458.14957175628,85495.35116459779,SYN2-150-A:P0001,G:LYBE:JUG:SYN2-150-A:P0001,EVTOL_004,LYBE,JUG,before_boarding,selected_plan,aircraft_busy|group_formation,aircraft_busy@F000229|group_formation@LYBE,disembarking,0.6200265473584295,0.0,0.0,2026-07-31T23:44:18.149572+02:00,2026-07-31T23:44:55.351165+02:00
85488.85022016268,85548.85022016268,SYN2-146-A:P0001,G:LYBE:BW:SYN2-146-A:P0001,EVTOL_002,LYBE,BW,before_boarding,selected_plan,aircraft_busy|group_formation,aircraft_busy@F000233|group_formation@LYBE,departure_finalization,1.0,0.0,0.0,2026-07-31T23:44:48.850220+02:00,2026-07-31T23:45:48.850220+02:00
85488.85022016268,85548.85022016268,SYN2-148-A:P0001,G:LYBE:BW:SYN2-146-A:P0001,EVTOL_002,LYBE,BW,before_boarding,selected_plan,aircraft_busy|group_formation,aircraft_busy@F000233|group_formation@LYBE,departure_finalization,1.0,0.0,0.0,2026-07-31T23:44:48.850220+02:00,2026-07-31T23:45:48.850220+02:00
85488.85022016268,85548.85022016268,SYN2-141-A:P0002,G:LYBE:BW:SYN2-141-A:P0002,EVTOL_002,LYBE,BW,departure_preparation,committed_flight,departure_preparation,departure_preparation@LYBE,departure_finalization,1.0,0.0,0.0,2026-07-31T23:44:48.850220+02:00,2026-07-31T23:45:48.850220+02:00
85488.85022016268,85548.85022016268,SYN2-142-A:P0001,G:LYBE:BW:SYN2-141-A:P0002,EVTOL_002,LYBE,BW,departure_preparation,committed_flight,departure_preparation,departure_preparation@LYBE,departure_finalization,1.0,0.0,0.0,2026-07-31T23:44:48.850220+02:00,2026-07-31T23:45:48.850220+02:00
85488.85022016268,85548.85022016268,SYN2-140-A:P0002,G:LYBE:BW:SYN2-141-A:P0002,EVTOL_002,LYBE,BW,departure_preparation,committed_flight,departure_preparation,departure_preparation@LYBE,departure_finalization,1.0,0.0,0.0,2026-07-31T23:44:48.850220+02:00,2026-07-31T23:45:48.850220+02:00
85488.85022016268,85548.85022016268,SYN2-147-A:P0001,G:LYBE:BW:SYN2-141-A:P0002,EVTOL_002,LYBE,BW,departure_preparation,committed_flight,departure_preparation,departure_preparation@LYBE,departure_finalization,1.0,0.0,0.0,2026-07-31T23:44:48.850220+02:00,2026-07-31T23:45:48.850220+02:00
85495.35116459779,85793.99022389407,SYN2-150-A:P0001,G:LYBE:JUG:SYN2-150-A:P0001,EVTOL_004,LYBE,JUG,before_boarding,selected_plan,battery_before_repositioning|group_formation,battery_before_repositioning@DOR|group_formation@LYBE,idle,4.977317654938088,0.0,0.0,2026-07-31T23:44:55.351165+02:00,2026-07-31T23:49:53.990224+02:00
85548.85022016268,85588.85022016268,SYN2-146-A:P0001,G:LYBE:BW:SYN2-146-A:P0001,EVTOL_002,LYBE,BW,before_boarding,selected_plan,aircraft_busy|group_formation,aircraft_busy@F000233|group_formation@LYBE,takeoff,0.6666666666666666,0.0,0.0,2026-07-31T23:45:48.850220+02:00,2026-07-31T23:46:28.850220+02:00
85548.85022016268,85588.85022016268,SYN2-148-A:P0001,G:LYBE:BW:SYN2-146-A:P0001,EVTOL_002,LYBE,BW,before_boarding,selected_plan,aircraft_busy|group_formation,aircraft_busy@F000233|group_formation@LYBE,takeoff,0.6666666666666666,0.0,0.0,2026-07-31T23:45:48.850220+02:00,2026-07-31T23:46:28.850220+02:00
85557.52798712565,85617.52798712565,SYN2-132-A:P0002,G:LYBE:JUG:SYN2-132-A:P0002,EVTOL_001,LYBE,JUG,departure_preparation,committed_flight,departure_preparation,departure_preparation@LYBE,departure_finalization,1.0,0.0,0.0,2026-07-31T23:45:57.527987+02:00,2026-07-31T23:46:57.527987+02:00
85581.20504766508,85687.45371116388,SYN2-147-A:P0002,G:LYBE:LYBV:SYN2-143-A:P0001,EVTOL_003,LYBE,LYBV,before_boarding,selected_plan,repositioning_flight,repositioning_flight@LYBE,cruise,1.7708110583133627,0.0,0.0,2026-07-31T23:46:21.205048+02:00,2026-07-31T23:48:07.453711+02:00
85588.85022016268,85813.68604216268,SYN2-146-A:P0001,G:LYBE:BW:SYN2-146-A:P0001,EVTOL_002,LYBE,BW,before_boarding,selected_plan,aircraft_busy|group_formation,aircraft_busy@F000233|group_formation@LYBE,cruise,3.747263699999894,0.0,0.0,2026-07-31T23:46:28.850220+02:00,2026-07-31T23:50:13.686042+02:00
85588.85022016268,85813.68604216268,SYN2-148-A:P0001,G:LYBE:BW:SYN2-146-A:P0001,EVTOL_002,LYBE,BW,before_boarding,selected_plan,aircraft_busy|group_formation,aircraft_busy@F000233|group_formation@LYBE,cruise,3.747263699999894,0.0,0.0,2026-07-31T23:46:28.850220+02:00,2026-07-31T23:50:13.686042+02:00
85687.45371116388,85747.45371116388,SYN2-143-A:P0001,G:LYBE:LYBV:SYN2-143-A:P0001,EVTOL_003,LYBE,LYBV,before_boarding,selected_plan,repositioning_flight,repositioning_flight@LYBE,landing,1.0,1.0,0.0,2026-07-31T23:48:07.453711+02:00,2026-07-31T23:49:07.453711+02:00
85687.45371116388,85747.45371116388,SYN2-147-A:P0002,G:LYBE:LYBV:SYN2-143-A:P0001,EVTOL_003,LYBE,LYBV,before_boarding,selected_plan,repositioning_flight,repositioning_flight@LYBE,landing,1.0,0.0,0.0,2026-07-31T23:48:07.453711+02:00,2026-07-31T23:49:07.453711+02:00
85793.99022389407,85875.19675388916,SYN2-150-A:P0001,G:LYBE:JUG:SYN2-150-A:P0001,EVTOL_004,LYBE,JUG,before_boarding,selected_plan,destination_tlof|group_formation,destination_tlof@LYBE|group_formation@LYBE,idle,1.353442166584864,0.0,0.0,2026-07-31T23:49:53.990224+02:00,2026-07-31T23:51:15.196754+02:00
85813.68604216268,85835.92826257873,SYN2-146-A:P0001,G:LYBE:BW:SYN2-146-A:P0001,EVTOL_002,LYBE,BW,before_boarding,selected_plan,aircraft_busy|group_formation,aircraft_busy@F000233|group_formation@LYBE,landing,0.3707036736008983,0.0,0.0,2026-07-31T23:50:13.686042+02:00,2026-07-31T23:50:35.928263+02:00
85813.68604216268,85835.92826257873,SYN2-148-A:P0001,G:LYBE:BW:SYN2-146-A:P0001,EVTOL_002,LYBE,BW,before_boarding,selected_plan,aircraft_busy|group_formation,aircraft_busy@F000233|group_formation@LYBE,landing,0.3707036736008983,0.0,0.0,2026-07-31T23:50:13.686042+02:00,2026-07-31T23:50:35.928263+02:00
85835.92826257873,85873.68604216268,SYN2-146-A:P0001,G:LYBE:BW:SYN2-146-A:P0001,EVTOL_002,LYBE,BW,before_boarding,selected_plan,aircraft_busy,aircraft_busy@F000233,landing,0.6292963263991017,0.6292963263991017,0.0,2026-07-31T23:50:35.928263+02:00,2026-07-31T23:51:13.686042+02:00
85835.92826257873,85873.68604216268,SYN2-148-A:P0001,G:LYBE:BW:SYN2-146-A:P0001,EVTOL_002,LYBE,BW,before_boarding,selected_plan,aircraft_busy,aircraft_busy@F000233,landing,0.6292963263991017,0.0,0.0,2026-07-31T23:50:35.928263+02:00,2026-07-31T23:51:13.686042+02:00
85873.68604216268,86197.68604216268,SYN2-146-A:P0001,G:LYBE:BW:SYN2-146-A:P0001,EVTOL_002,LYBE,BW,before_boarding,selected_plan,aircraft_busy,aircraft_busy@F000233,disembarking,5.4,5.4,0.0,2026-07-31T23:51:13.686042+02:00,2026-07-31T23:56:37.686042+02:00
85873.68604216268,86197.68604216268,SYN2-148-A:P0001,G:LYBE:BW:SYN2-146-A:P0001,EVTOL_002,LYBE,BW,before_boarding,selected_plan,aircraft_busy,aircraft_busy@F000233,disembarking,5.4,0.0,0.0,2026-07-31T23:51:13.686042+02:00,2026-07-31T23:56:37.686042+02:00
85875.19675388916,85935.19675388916,SYN2-150-A:P0001,G:LYBE:JUG:SYN2-150-A:P0001,EVTOL_004,LYBE,JUG,before_boarding,selected_plan,departure_preparation|group_formation,departure_preparation@DOR|group_formation@LYBE,departure_finalization,1.0,0.0,0.0,2026-07-31T23:51:15.196754+02:00,2026-07-31T23:52:15.196754+02:00
85935.19675388916,85975.19675388916,SYN2-150-A:P0001,G:LYBE:JUG:SYN2-150-A:P0001,EVTOL_004,LYBE,JUG,before_boarding,selected_plan,group_formation|repositioning_flight,group_formation@LYBE|repositioning_flight@LYBE,takeoff,0.6666666666666666,0.0,0.0,2026-07-31T23:52:15.196754+02:00,2026-07-31T23:52:55.196754+02:00
85975.19675388916,86302.99696788916,SYN2-150-A:P0001,G:LYBE:JUG:SYN2-150-A:P0001,EVTOL_004,LYBE,JUG,before_boarding,selected_plan,group_formation|repositioning_flight,group_formation@LYBE|repositioning_flight@LYBE,cruise,5.463336900000043,0.0,0.0,2026-07-31T23:52:55.196754+02:00,2026-07-31T23:58:22.996968+02:00
86017.45371116388,86202.99696788916,SYN2-143-A:P0001,G:LYBE:LYBV:SYN2-143-A:P0001,EVTOL_003,LYBE,LYBV,after_boarding,committed_flight,battery_after_repositioning,battery_after_repositioning@LYBE,waiting_for_departure,3.092387612088108,0.0,3.092387612088108,2026-07-31T23:53:37.453711+02:00,2026-07-31T23:56:42.996968+02:00
86017.45371116388,86202.99696788916,SYN2-147-A:P0002,G:LYBE:LYBV:SYN2-143-A:P0001,EVTOL_003,LYBE,LYBV,after_boarding,committed_flight,battery_after_repositioning,battery_after_repositioning@LYBE,waiting_for_departure,3.092387612088108,0.0,3.092387612088108,2026-07-31T23:53:37.453711+02:00,2026-07-31T23:56:42.996968+02:00
86197.68604216268,86344.45587187064,SYN2-146-A:P0001,G:LYBE:BW:SYN2-146-A:P0001,EVTOL_002,LYBE,BW,before_boarding,selected_plan,battery_before_repositioning,battery_before_repositioning@BW,idle,2.446163828466039,2.446163828466039,0.0,2026-07-31T23:56:37.686042+02:00,2026-07-31T23:59:04.455872+02:00
86197.68604216268,86344.45587187064,SYN2-148-A:P0001,G:LYBE:BW:SYN2-146-A:P0001,EVTOL_002,LYBE,BW,before_boarding,selected_plan,battery_before_repositioning,battery_before_repositioning@BW,idle,2.446163828466039,0.7071171304657279,0.0,2026-07-31T23:56:37.686042+02:00,2026-07-31T23:59:04.455872+02:00
86202.99696788916,86262.99696788916,SYN2-143-A:P0001,G:LYBE:LYBV:SYN2-143-A:P0001,EVTOL_003,LYBE,LYBV,departure_preparation,committed_flight,departure_preparation,departure_preparation@LYBE,departure_finalization,1.0,0.0,0.0,2026-07-31T23:56:42.996968+02:00,2026-07-31T23:57:42.996968+02:00
86202.99696788916,86262.99696788916,SYN2-147-A:P0002,G:LYBE:LYBV:SYN2-143-A:P0001,EVTOL_003,LYBE,LYBV,departure_preparation,committed_flight,departure_preparation,departure_preparation@LYBE,departure_finalization,1.0,0.0,0.0,2026-07-31T23:56:42.996968+02:00,2026-07-31T23:57:42.996968+02:00
86302.99696788916,86358.14957175628,SYN2-150-A:P0001,G:LYBE:JUG:SYN2-150-A:P0001,EVTOL_004,LYBE,JUG,before_boarding,selected_plan,group_formation|repositioning_flight,group_formation@LYBE|repositioning_flight@LYBE,landing,0.9192100644519087,0.0,0.0,2026-07-31T23:58:22.996968+02:00,2026-07-31T23:59:18.149572+02:00
86344.45587187064,86404.45587187064,SYN2-146-A:P0001,G:LYBE:BW:SYN2-146-A:P0001,EVTOL_002,LYBE,BW,before_boarding,selected_plan,departure_preparation,departure_preparation@BW,departure_finalization,1.0,1.0,0.0,2026-07-31T23:59:04.455872+02:00,2026-08-01T00:00:04.455872+02:00
86344.45587187064,86404.45587187064,SYN2-148-A:P0001,G:LYBE:BW:SYN2-146-A:P0001,EVTOL_002,LYBE,BW,before_boarding,selected_plan,departure_preparation,departure_preparation@BW,departure_finalization,1.0,1.0,0.0,2026-07-31T23:59:04.455872+02:00,2026-08-01T00:00:04.455872+02:00
86358.14957175628,86362.99696788916,SYN2-150-A:P0001,G:LYBE:JUG:SYN2-150-A:P0001,EVTOL_004,LYBE,JUG,before_boarding,selected_plan,repositioning_flight,repositioning_flight@LYBE,landing,0.0807899355480913,0.0807899355480913,0.0,2026-07-31T23:59:18.149572+02:00,2026-07-31T23:59:22.996968+02:00
86362.99696788916,86962.99696788916,SYN2-150-A:P0001,G:LYBE:JUG:SYN2-150-A:P0001,EVTOL_004,LYBE,JUG,before_boarding,selected_plan,cleaning,cleaning@LYBE:cleaner:1,cleaning,10.0,10.0,0.0,2026-07-31T23:59:22.996968+02:00,2026-08-01T00:09:22.996968+02:00
86404.45587187064,86444.45587187064,SYN2-146-A:P0001,G:LYBE:BW:SYN2-146-A:P0001,EVTOL_002,LYBE,BW,before_boarding,selected_plan,repositioning_flight,repositioning_flight@LYBE,takeoff,0.6666666666666666,0.6666666666666666,0.0,2026-08-01T00:00:04.455872+02:00,2026-08-01T00:00:44.455872+02:00
86404.45587187064,86444.45587187064,SYN2-148-A:P0001,G:LYBE:BW:SYN2-146-A:P0001,EVTOL_002,LYBE,BW,before_boarding,selected_plan,repositioning_flight,repositioning_flight@LYBE,takeoff,0.6666666666666666,0.6666666666666666,0.0,2026-08-01T00:00:04.455872+02:00,2026-08-01T00:00:44.455872+02:00
86444.45587187064,86669.29169387063,SYN2-146-A:P0001,G:LYBE:BW:SYN2-146-A:P0001,EVTOL_002,LYBE,BW,before_boarding,selected_plan,repositioning_flight,repositioning_flight@LYBE,cruise,3.747263699999894,3.747263699999894,0.0,2026-08-01T00:00:44.455872+02:00,2026-08-01T00:04:29.291694+02:00
86444.45587187064,86669.29169387063,SYN2-148-A:P0001,G:LYBE:BW:SYN2-146-A:P0001,EVTOL_002,LYBE,BW,before_boarding,selected_plan,repositioning_flight,repositioning_flight@LYBE,cruise,3.747263699999894,3.747263699999894,0.0,2026-08-01T00:00:44.455872+02:00,2026-08-01T00:04:29.291694+02:00
86669.29169387063,86729.29169387063,SYN2-146-A:P0001,G:LYBE:BW:SYN2-146-A:P0001,EVTOL_002,LYBE,BW,before_boarding,selected_plan,repositioning_flight,repositioning_flight@LYBE,landing,1.0,1.0,0.0,2026-08-01T00:04:29.291694+02:00,2026-08-01T00:05:29.291694+02:00
86669.29169387063,86729.29169387063,SYN2-148-A:P0001,G:LYBE:BW:SYN2-146-A:P0001,EVTOL_002,LYBE,BW,before_boarding,selected_plan,repositioning_flight,repositioning_flight@LYBE,landing,1.0,1.0,0.0,2026-08-01T00:04:29.291694+02:00,2026-08-01T00:05:29.291694+02:00
86851.02884909864,86886.13827716693,SYN2-187-A:P0001,G:LYBE:BW:SYN2-187-A:P0001,EVTOL_001,LYBE,BW,before_boarding,selected_plan,destination_tlof|group_formation,destination_tlof@LYBE|group_formation@LYBE,idle,0.5851571344714709,0.0,0.0,2026-08-01T00:07:31.028849+02:00,2026-08-01T00:08:06.138277+02:00
86886.13827716693,86946.13827716693,SYN2-187-A:P0001,G:LYBE:BW:SYN2-187-A:P0001,EVTOL_001,LYBE,BW,before_boarding,selected_plan,departure_preparation|group_formation,departure_preparation@JUG|group_formation@LYBE,departure_finalization,1.0,0.0,0.0,2026-08-01T00:08:06.138277+02:00,2026-08-01T00:09:06.138277+02:00
86946.13827716693,86986.13827716693,SYN2-187-A:P0001,G:LYBE:BW:SYN2-187-A:P0001,EVTOL_001,LYBE,BW,before_boarding,selected_plan,group_formation|repositioning_flight,group_formation@LYBE|repositioning_flight@LYBE,takeoff,0.6666666666666666,0.0,0.0,2026-08-01T00:09:06.138277+02:00,2026-08-01T00:09:46.138277+02:00
86986.13827716693,87303.94058916693,SYN2-187-A:P0001,G:LYBE:BW:SYN2-187-A:P0001,EVTOL_001,LYBE,BW,before_boarding,selected_plan,group_formation|repositioning_flight,group_formation@LYBE|repositioning_flight@LYBE,cruise,5.296705199999996,0.0,0.0,2026-08-01T00:09:46.138277+02:00,2026-08-01T00:15:03.940589+02:00
86999.29169387063,87203.94058916693,SYN2-146-A:P0001,G:LYBE:BW:SYN2-146-A:P0001,EVTOL_002,LYBE,BW,after_boarding,committed_flight,battery_after_repositioning,battery_after_repositioning@LYBE,waiting_for_departure,3.4108149216049544,0.0,3.4108149216049544,2026-08-01T00:09:59.291694+02:00,2026-08-01T00:13:23.940589+02:00
86999.29169387063,87203.94058916693,SYN2-148-A:P0001,G:LYBE:BW:SYN2-146-A:P0001,EVTOL_002,LYBE,BW,after_boarding,committed_flight,battery_after_repositioning,battery_after_repositioning@LYBE,waiting_for_departure,3.4108149216049544,0.0,3.4108149216049544,2026-08-01T00:09:59.291694+02:00,2026-08-01T00:13:23.940589+02:00
87157.99696788916,87217.99696788916,SYN2-150-A:P0001,G:LYBE:JUG:SYN2-150-A:P0001,EVTOL_004,LYBE,JUG,departure_preparation,committed_flight,departure_preparation,departure_preparation@LYBE,departure_finalization,1.0,0.0,0.0,2026-08-01T00:12:37.996968+02:00,2026-08-01T00:13:37.996968+02:00
87203.94058916693,87263.94058916693,SYN2-146-A:P0001,G:LYBE:BW:SYN2-146-A:P0001,EVTOL_002,LYBE,BW,departure_preparation,committed_flight,departure_preparation,departure_preparation@LYBE,departure_finalization,1.0,0.0,0.0,2026-08-01T00:13:23.940589+02:00,2026-08-01T00:14:23.940589+02:00
87203.94058916693,87263.94058916693,SYN2-148-A:P0001,G:LYBE:BW:SYN2-146-A:P0001,EVTOL_002,LYBE,BW,departure_preparation,committed_flight,departure_preparation,departure_preparation@LYBE,departure_finalization,1.0,0.0,0.0,2026-08-01T00:13:23.940589+02:00,2026-08-01T00:14:23.940589+02:00
87303.94058916693,87363.94058916693,SYN2-187-A:P0001,G:LYBE:BW:SYN2-187-A:P0001,EVTOL_001,LYBE,BW,before_boarding,selected_plan,group_formation|repositioning_flight,group_formation@LYBE|repositioning_flight@LYBE,landing,1.0,0.0,0.0,2026-08-01T00:15:03.940589+02:00,2026-08-01T00:16:03.940589+02:00
87328.23447252683,87363.94058916693,SYN2-151-A:P0001,G:LYBE:BW:SYN2-187-A:P0001,EVTOL_001,LYBE,BW,before_boarding,selected_plan,group_formation|repositioning_flight,group_formation@LYBE|repositioning_flight@LYBE,landing,0.595101944001605,0.0,0.0,2026-08-01T00:15:28.234473+02:00,2026-08-01T00:16:03.940589+02:00
87342.83308048033,87402.83308048033,SYN2-152-A:P0002,G:LYBE:JUG:SYN2-152-A:P0002,EVTOL_003,LYBE,JUG,before_boarding,selected_plan,departure_preparation|group_formation,departure_preparation@LYBV|group_formation@LYBE,departure_finalization,1.0,0.0,0.0,2026-08-01T00:15:42.833080+02:00,2026-08-01T00:16:42.833080+02:00
87363.94058916693,87751.02884909864,SYN2-187-A:P0001,G:LYBE:BW:SYN2-187-A:P0001,EVTOL_001,LYBE,BW,before_boarding,selected_plan,group_formation,group_formation@LYBE,idle,6.451470998861866,0.0,0.0,2026-08-01T00:16:03.940589+02:00,2026-08-01T00:22:31.028849+02:00
87363.94058916693,87751.02884909864,SYN2-151-A:P0001,G:LYBE:BW:SYN2-187-A:P0001,EVTOL_001,LYBE,BW,before_boarding,selected_plan,group_formation,group_formation@LYBE,idle,6.451470998861866,0.0,0.0,2026-08-01T00:16:03.940589+02:00,2026-08-01T00:22:31.028849+02:00
87402.83308048033,87442.83308048033,SYN2-152-A:P0002,G:LYBE:JUG:SYN2-152-A:P0002,EVTOL_003,LYBE,JUG,before_boarding,selected_plan,group_formation|repositioning_flight,group_formation@LYBE|repositioning_flight@LYBE,takeoff,0.6666666666666666,0.0,0.0,2026-08-01T00:16:42.833080+02:00,2026-08-01T00:17:22.833080+02:00
87442.83308048033,87779.28126848032,SYN2-152-A:P0002,G:LYBE:JUG:SYN2-152-A:P0002,EVTOL_003,LYBE,JUG,before_boarding,selected_plan,group_formation|repositioning_flight,group_formation@LYBE|repositioning_flight@LYBE,cruise,5.607469799999914,0.0,0.0,2026-08-01T00:17:22.833080+02:00,2026-08-01T00:22:59.281268+02:00
87562.37136582255,87751.02884909864,SYN2-152-A:P0001,G:LYBE:BW:SYN2-187-A:P0001,EVTOL_001,LYBE,BW,before_boarding,selected_plan,group_formation,group_formation@LYBE,idle,3.144291387934936,0.0,0.0,2026-08-01T00:19:22.371366+02:00,2026-08-01T00:22:31.028849+02:00
87779.28126848032,87839.28126848032,SYN2-152-A:P0002,G:LYBE:JUG:SYN2-152-A:P0002,EVTOL_003,LYBE,JUG,before_boarding,selected_plan,group_formation|repositioning_flight,group_formation@LYBE|repositioning_flight@LYBE,landing,1.0,0.0,0.0,2026-08-01T00:22:59.281268+02:00,2026-08-01T00:23:59.281268+02:00
87839.28126848032,88242.83308048033,SYN2-152-A:P0002,G:LYBE:JUG:SYN2-152-A:P0002,EVTOL_003,LYBE,JUG,before_boarding,selected_plan,group_formation,group_formation@LYBE,idle,6.72586353333342,0.0,0.0,2026-08-01T00:23:59.281268+02:00,2026-08-01T00:30:42.833080+02:00
88096.02884909864,88156.02884909864,SYN2-187-A:P0001,G:LYBE:BW:SYN2-187-A:P0001,EVTOL_001,LYBE,BW,departure_preparation,committed_flight,departure_preparation,departure_preparation@LYBE,departure_finalization,1.0,0.0,0.0,2026-08-01T00:28:16.028849+02:00,2026-08-01T00:29:16.028849+02:00
88096.02884909864,88156.02884909864,SYN2-151-A:P0001,G:LYBE:BW:SYN2-187-A:P0001,EVTOL_001,LYBE,BW,departure_preparation,committed_flight,departure_preparation,departure_preparation@LYBE,departure_finalization,1.0,0.0,0.0,2026-08-01T00:28:16.028849+02:00,2026-08-01T00:29:16.028849+02:00
88096.02884909864,88156.02884909864,SYN2-152-A:P0001,G:LYBE:BW:SYN2-187-A:P0001,EVTOL_001,LYBE,BW,departure_preparation,committed_flight,departure_preparation,departure_preparation@LYBE,departure_finalization,1.0,0.0,0.0,2026-08-01T00:28:16.028849+02:00,2026-08-01T00:29:16.028849+02:00
88437.83308048033,88497.83308048033,SYN2-152-A:P0002,G:LYBE:JUG:SYN2-152-A:P0002,EVTOL_003,LYBE,JUG,departure_preparation,committed_flight,departure_preparation,departure_preparation@LYBE,departure_finalization,1.0,0.0,0.0,2026-08-01T00:33:57.833080+02:00,2026-08-01T00:34:57.833080+02:00
