id,airline_flight_id,origin,destination,request_time_s,latest_desired_takeoff_s,latest_terminal_arrival_s,terminal_access_duration_s,status,group_id,flight_id,boarding_start_s,takeoff_start_s,landing_end_s,disembarking_end_s,terminal_arrival_s,journey_end_s,boarding_end_s,waiting_time_min,within_wait_limit,wait_exceedance_min,request_to_takeoff_min,extra_after_boarding_min,journey_duration_min,terminal_target_lateness_min,wait_constraints,request_time_local,boarding_start_local,boarding_end_local,takeoff_start_local,landing_end_local,journey_end_local,terminal_arrival_local
SYN2-193-D:P0001,SYN2-193-D,BW,LYBE,-8589.685791410968,-7209.685791410967,-5873.583578934136,687.2663904768308,completed,G:BW:LYBE:SYN2-193-D:P0001,F000001,-7689.685791410968,-7434.685791410968,-7109.849969410968,-6983.849969410968,-6296.583578934137,-6296.583578934137,-7494.685791410968,15.0,True,0.0,19.25,0.0,38.218370207947174,0.0,group_formation,2026-07-30T21:36:50.314209+02:00,2026-07-30T21:51:50.314209+02:00,2026-07-30T21:55:05.314209+02:00,2026-07-30T21:56:05.314209+02:00,2026-07-30T22:01:30.150031+02:00,2026-07-30T22:15:03.416421+02:00,2026-07-30T22:15:03.416421+02:00
SYN2-197-D:P0002,SYN2-197-D,LYBV,LYBE,-7310.093753386209,-5930.093753386209,-4509.774395596523,659.871169789685,completed,G:LYBV:LYBE:SYN2-197-D:P0002,F000003,-6410.093753386209,-6155.093753386209,-5718.645565386209,-5592.645565386209,-4932.774395596523,-4932.774395596523,-6215.093753386209,15.0,True,0.0,19.25,0.0,39.62198929649476,0.0,departure_preparation|group_formation|repositioning_flight,2026-07-30T21:58:09.906247+02:00,2026-07-30T22:13:09.906247+02:00,2026-07-30T22:16:24.906247+02:00,2026-07-30T22:17:24.906247+02:00,2026-07-30T22:24:41.354435+02:00,2026-07-30T22:37:47.225604+02:00,2026-07-30T22:37:47.225604+02:00
SYN2-197-D:P0001,SYN2-197-D,JUG,LYBE,-4129.214763538449,-2749.214763538449,-1442.8316274976396,564.5808240408093,completed,G:JUG:LYBE:SYN2-197-D:P0001,F000005,-3229.214763538449,-2974.214763538449,-2556.412451538449,-2430.412451538449,-1865.83162749764,-1865.83162749764,-3034.214763538449,15.0,True,0.0,19.25,0.0,37.723052267346816,0.0,departure_preparation|group_formation|repositioning_flight,2026-07-30T22:51:10.785236+02:00,2026-07-30T23:06:10.785236+02:00,2026-07-30T23:09:25.785236+02:00,2026-07-30T23:10:25.785236+02:00,2026-07-30T23:17:23.587548+02:00,2026-07-30T23:28:54.168373+02:00,2026-07-30T23:28:54.168373+02:00
SYN2-001-A:P0002,SYN2-001-A,LYBE,BW,2943.008824710608,,,650.5927167517547,completed,G:LYBE:BW:SYN2-001-A:P0002,F000006,3843.008824710608,4098.008824710609,4422.844646710609,4548.844646710609,,4548.844646710609,4038.008824710608,15.0,True,0.0,19.250000000000007,7.579122514774402e-15,26.763930366666674,,group_formation,2026-07-31T00:49:03.008825+02:00,2026-07-31T01:04:03.008825+02:00,2026-07-31T01:07:18.008825+02:00,2026-07-31T01:08:18.008825+02:00,2026-07-31T01:13:42.844647+02:00,2026-07-31T01:15:48.844647+02:00,
SYN2-001-A:P0001,SYN2-001-A,LYBE,DOR,4074.571455082855,,,658.9042027209447,completed,G:LYBE:DOR:SYN2-001-A:P0001,F000007,4974.571455082855,5229.571455082855,5657.371669082855,5783.371669082855,,5783.371669082855,5169.571455082855,15.0,True,0.0,19.25,0.0,28.480003566666664,,group_formation,2026-07-31T01:07:54.571455+02:00,2026-07-31T01:22:54.571455+02:00,2026-07-31T01:26:09.571455+02:00,2026-07-31T01:27:09.571455+02:00,2026-07-31T01:34:17.371669+02:00,2026-07-31T01:36:23.371669+02:00,
SYN2-002-A:P0001,SYN2-002-A,LYBE,BW,5755.868405199968,,,619.0867264920442,completed,G:LYBE:BW:SYN2-002-A:P0001,F000008,6655.868405199968,6910.868405199968,7235.704227199968,7361.704227199968,,7361.704227199968,6850.868405199968,15.0,True,0.0,19.25,0.0,26.763930366666667,,group_formation,2026-07-31T01:35:55.868405+02:00,2026-07-31T01:50:55.868405+02:00,2026-07-31T01:54:10.868405+02:00,2026-07-31T01:55:10.868405+02:00,2026-07-31T02:00:35.704227+02:00,2026-07-31T02:02:41.704227+02:00,
SYN2-003-A:P0001,SYN2-003-A,LYBE,LYBV,6170.032260558674,,,591.3857490469112,completed,G:LYBE:LYBV:SYN2-003-A:P0001,F000010,7070.032260558674,7325.032260558674,7761.480448558675,7887.480448558675,,7887.480448558675,7265.032260558674,15.0,True,0.0,19.25,0.0,28.624136466666673,,group_formation,2026-07-31T01:42:50.032261+02:00,2026-07-31T01:57:50.032261+02:00,2026-07-31T02:01:05.032261+02:00,2026-07-31T02:02:05.032261+02:00,2026-07-31T02:09:21.480449+02:00,2026-07-31T02:11:27.480449+02:00,
SYN2-345-D:P0002,SYN2-345-D,BW,LYBE,6693.337270162404,8073.337270162404,9302.146865289134,579.9737731267314,completed,G:BW:LYBE:SYN2-345-D:P0002,F000011,7593.337270162404,7848.337270162404,8173.173092162404,8299.173092162404,8879.146865289134,8879.146865289134,7788.337270162404,15.0,True,0.0,19.25,0.0,36.43015991877884,0.0,aircraft_busy|group_formation,2026-07-31T01:51:33.337270+02:00,2026-07-31T02:06:33.337270+02:00,2026-07-31T02:09:48.337270+02:00,2026-07-31T02:10:48.337270+02:00,2026-07-31T02:16:13.173092+02:00,2026-07-31T02:27:59.146865+02:00,2026-07-31T02:27:59.146865+02:00
SYN2-003-A:P0002,SYN2-003-A,LYBE,DOR,6912.3373125306525,,,624.0091968671612,completed,G:LYBE:DOR:SYN2-003-A:P0002,F000012,7812.3373125306525,8067.3373125306525,8495.137526530652,8621.137526530652,,8621.137526530652,8007.3373125306525,15.0,True,0.0,19.25,0.0,28.480003566666664,,departure_preparation|group_formation|repositioning_flight,2026-07-31T01:55:12.337313+02:00,2026-07-31T02:10:12.337313+02:00,2026-07-31T02:13:27.337313+02:00,2026-07-31T02:14:27.337313+02:00,2026-07-31T02:21:35.137527+02:00,2026-07-31T02:23:41.137527+02:00,
SYN2-199-D:P0001,SYN2-199-D,DOR,LYBE,7344.532563914503,8724.532563914503,10102.659482923638,626.3267050091343,completed,G:DOR:LYBE:SYN2-199-D:P0001,F000013,8244.532563914503,8649.532563914503,9077.332777914504,9335.332777914504,9961.659482923638,9961.659482923638,8589.532563914503,15.0,True,0.0,21.75,0.0,43.61878198348559,0.0,group_formation,2026-07-31T02:02:24.532564+02:00,2026-07-31T02:17:24.532564+02:00,2026-07-31T02:23:09.532564+02:00,2026-07-31T02:24:09.532564+02:00,2026-07-31T02:31:17.332778+02:00,2026-07-31T02:46:01.659483+02:00,2026-07-31T02:46:01.659483+02:00
SYN2-005-A:P0001,SYN2-005-A,LYBE,JUG,7657.8445003874795,,,584.41903287749,completed,G:LYBE:JUG:SYN2-005-A:P0001,F000014,8557.84450038748,8812.84450038748,9230.64681238748,9356.64681238748,,9356.64681238748,8752.84450038748,15.000000000000016,True,1.5158245029548804e-14,19.250000000000014,0.0,28.313371866666678,,aircraft_busy|group_formation,2026-07-31T02:07:37.844500+02:00,2026-07-31T02:22:37.844500+02:00,2026-07-31T02:25:52.844500+02:00,2026-07-31T02:26:52.844500+02:00,2026-07-31T02:33:50.646812+02:00,2026-07-31T02:35:56.646812+02:00,
SYN2-344-D:P0001,SYN2-344-D,DOR,LYBE,8142.551607459009,9522.551607459009,10868.272177625677,593.920356166668,completed,G:DOR:LYBE:SYN2-199-D:P0001,F000013,8244.532563914503,8649.532563914503,9077.332777914504,9335.332777914504,9929.253134081171,9929.253134081171,8589.532563914503,1.699682607591573,True,0.0,8.449682607591573,0.0,29.77835877703604,0.0,group_formation,2026-07-31T02:15:42.551607+02:00,2026-07-31T02:17:24.532564+02:00,2026-07-31T02:23:09.532564+02:00,2026-07-31T02:24:09.532564+02:00,2026-07-31T02:31:17.332778+02:00,2026-07-31T02:45:29.253134+02:00,2026-07-31T02:45:29.253134+02:00
SYN2-345-D:P0001,SYN2-345-D,DOR,LYBE,8154.768293796771,9534.768293796771,10889.713924085803,603.1454162890316,completed,G:DOR:LYBE:SYN2-199-D:P0001,F000013,8244.532563914503,8649.532563914503,9077.332777914504,9335.332777914504,9938.478194203535,9938.478194203535,8589.532563914503,1.4960711686288657,True,0.0,8.246071168628866,0.0,29.728498340112733,0.0,group_formation,2026-07-31T02:15:54.768294+02:00,2026-07-31T02:17:24.532564+02:00,2026-07-31T02:23:09.532564+02:00,2026-07-31T02:24:09.532564+02:00,2026-07-31T02:31:17.332778+02:00,2026-07-31T02:45:38.478194+02:00,2026-07-31T02:45:38.478194+02:00
SYN2-198-D:P0001,SYN2-198-D,JUG,LYBE,8264.387477197839,9644.387477197839,10979.826455257371,593.6366660595315,completed,G:JUG:LYBE:SYN2-198-D:P0001,F000016,9164.387477197839,9419.387477197839,9837.189789197839,9963.189789197839,10556.826455257371,10556.826455257371,9359.387477197839,15.0,True,0.0,19.25,0.0,38.2073163009922,0.0,aircraft_busy|departure_preparation|group_formation|origin_tlof|repositioning_flight,2026-07-31T02:17:44.387477+02:00,2026-07-31T02:32:44.387477+02:00,2026-07-31T02:35:59.387477+02:00,2026-07-31T02:36:59.387477+02:00,2026-07-31T02:43:57.189789+02:00,2026-07-31T02:55:56.826455+02:00,2026-07-31T02:55:56.826455+02:00
SYN2-006-A:P0001,SYN2-006-A,LYBE,BW,8522.0806069149,,,615.2530517914503,completed,G:LYBE:BW:SYN2-006-A:P0001,F000017,9422.0806069149,9837.189789197839,10162.025611197838,10354.025611197838,,10354.025611197838,9692.0806069149,15.0,True,0.0,21.918486371382308,1.4184863713823082,30.53241673804896,,aircraft_busy|group_formation,2026-07-31T02:22:02.080607+02:00,2026-07-31T02:37:02.080607+02:00,2026-07-31T02:41:32.080607+02:00,2026-07-31T02:43:57.189789+02:00,2026-07-31T02:49:22.025611+02:00,2026-07-31T02:52:34.025611+02:00,
SYN2-198-D:P0002,SYN2-198-D,LYBV,LYBE,9038.022309284668,10418.022309284668,11824.181872384917,645.7113751002496,completed,G:LYBV:LYBE:SYN2-198-D:P0002,F000018,9938.022309284668,10268.022309284668,10704.470497284668,10896.470497284668,11542.181872384917,11542.181872384917,10208.022309284668,15.0,True,0.0,20.5,0.0,41.735992718337485,0.0,group_formation,2026-07-31T02:30:38.022309+02:00,2026-07-31T02:45:38.022309+02:00,2026-07-31T02:50:08.022309+02:00,2026-07-31T02:51:08.022309+02:00,2026-07-31T02:58:24.470497+02:00,2026-07-31T03:12:22.181872+02:00,2026-07-31T03:12:22.181872+02:00
SYN2-005-A:P0002,SYN2-005-A,LYBE,BW,9065.005922843404,,,636.7592480289999,completed,G:LYBE:BW:SYN2-006-A:P0001,F000017,9422.0806069149,9837.189789197839,10162.025611197838,10354.025611197838,,10354.025611197838,9692.0806069149,5.95124473452494,True,0.0,12.869731105907249,1.4184863713823082,21.4836614725739,,aircraft_busy|group_formation,2026-07-31T02:31:05.005923+02:00,2026-07-31T02:37:02.080607+02:00,2026-07-31T02:41:32.080607+02:00,2026-07-31T02:43:57.189789+02:00,2026-07-31T02:49:22.025611+02:00,2026-07-31T02:52:34.025611+02:00,
SYN2-207-D:P0002,SYN2-207-D,LYBV,LYBE,9582.420207753525,10962.420207753525,12353.085549910305,630.217154156781,completed,G:LYBV:LYBE:SYN2-198-D:P0002,F000018,9938.022309284668,10268.022309284668,10704.470497284668,10896.470497284668,11526.687651441449,11526.687651441449,10208.022309284668,5.926701692185725,True,0.0,11.426701692185725,0.0,32.40445739479874,0.0,group_formation,2026-07-31T02:39:42.420208+02:00,2026-07-31T02:45:38.022309+02:00,2026-07-31T02:50:08.022309+02:00,2026-07-31T02:51:08.022309+02:00,2026-07-31T02:58:24.470497+02:00,2026-07-31T03:12:06.687651+02:00,2026-07-31T03:12:06.687651+02:00
SYN2-348-D:P0001,SYN2-348-D,DOR,LYBE,10166.833371314906,11546.833371314906,12979.905081405921,681.2714960910147,completed,G:DOR:LYBE:SYN2-348-D:P0001,F000021,11066.833371314906,11471.833371314906,11899.633585314907,12157.633585314907,12838.905081405921,12838.905081405921,11411.833371314906,15.0,True,0.0,21.75,0.0,44.53452850151692,0.0,departure_preparation|group_formation|repositioning_flight,2026-07-31T02:49:26.833371+02:00,2026-07-31T03:04:26.833371+02:00,2026-07-31T03:10:11.833371+02:00,2026-07-31T03:11:11.833371+02:00,2026-07-31T03:18:19.633585+02:00,2026-07-31T03:33:58.905081+02:00,2026-07-31T03:33:58.905081+02:00
SYN2-200-D:P0001,SYN2-200-D,DOR,LYBE,10340.59644394764,11720.59644394764,13165.178151976808,692.7814940291688,completed,G:DOR:LYBE:SYN2-348-D:P0001,F000021,11066.833371314906,11471.833371314906,11899.633585314907,12157.633585314907,12850.415079344075,12850.415079344075,11411.833371314906,12.103948789454444,True,0.0,18.853948789454442,0.0,41.830310589940595,0.0,group_formation|repositioning_flight,2026-07-31T02:52:20.596444+02:00,2026-07-31T03:04:26.833371+02:00,2026-07-31T03:10:11.833371+02:00,2026-07-31T03:11:11.833371+02:00,2026-07-31T03:18:19.633585+02:00,2026-07-31T03:34:10.415079+02:00,2026-07-31T03:34:10.415079+02:00
SYN2-210-D:P0001,SYN2-210-D,BW,LYBE,10428.243821746415,11808.243821746415,13104.316908964247,647.2372652178323,completed,G:BW:LYBE:SYN2-210-D:P0001,F000022,11328.243821746415,11634.797763314906,11959.633585314907,12085.633585314907,12732.87085053274,12732.87085053274,11523.243821746415,15.0,True,0.0,20.109232359474845,0.859232359474845,38.410450479772074,0.0,group_formation,2026-07-31T02:53:48.243822+02:00,2026-07-31T03:08:48.243822+02:00,2026-07-31T03:12:03.243822+02:00,2026-07-31T03:13:54.797763+02:00,2026-07-31T03:19:19.633585+02:00,2026-07-31T03:32:12.870851+02:00,2026-07-31T03:32:12.870851+02:00
SYN2-202-D:P0002,SYN2-202-D,EXPO,LYBE,10714.555242255907,12094.555242255907,13216.4935342715,597.1758940155923,completed,G:EXPO:LYBE:SYN2-202-D:P0002,F000024,11614.555242255907,11869.555242255907,12070.317640255907,12196.317640255907,12793.4935342715,12793.4935342715,11809.555242255907,15.0,True,0.0,19.25,0.0,34.64897153359322,0.0,cleaning|departure_preparation|group_formation|repositioning_flight,2026-07-31T02:58:34.555242+02:00,2026-07-31T03:13:34.555242+02:00,2026-07-31T03:16:49.555242+02:00,2026-07-31T03:17:49.555242+02:00,2026-07-31T03:21:10.317640+02:00,2026-07-31T03:33:13.493534+02:00,2026-07-31T03:33:13.493534+02:00
SYN2-199-D:P0002,SYN2-199-D,DOR,LYBE,10960.21688734553,12340.21688734553,13681.457092044913,589.4399906993817,completed,G:DOR:LYBE:SYN2-348-D:P0001,F000021,11066.833371314906,11471.833371314906,11899.633585314907,12157.633585314907,12747.073576014289,12747.073576014289,11411.833371314906,1.7769413994895937,True,0.0,8.526941399489594,0.0,29.780944811145975,0.0,group_formation,2026-07-31T03:02:40.216887+02:00,2026-07-31T03:04:26.833371+02:00,2026-07-31T03:10:11.833371+02:00,2026-07-31T03:11:11.833371+02:00,2026-07-31T03:18:19.633585+02:00,2026-07-31T03:32:27.073576+02:00,2026-07-31T03:32:27.073576+02:00
SYN2-218-D:P0001,SYN2-218-D,JUG,LYBE,11372.362580784695,12752.362580784695,14113.137282180176,618.9723893954821,completed,G:JUG:LYBE:SYN2-218-D:P0001,F000028,12272.362580784695,12677.362580784695,13095.164892784695,13353.164892784695,13972.137282180176,13972.137282180176,12617.362580784695,15.0,True,0.0,21.75,0.0,43.329578356591355,0.0,departure_preparation|group_formation|repositioning_flight,2026-07-31T03:09:32.362581+02:00,2026-07-31T03:24:32.362581+02:00,2026-07-31T03:30:17.362581+02:00,2026-07-31T03:31:17.362581+02:00,2026-07-31T03:38:15.164893+02:00,2026-07-31T03:52:52.137282+02:00,2026-07-31T03:52:52.137282+02:00
SYN2-204-D:P0001,SYN2-204-D,DOR,LYBE,11614.437021647565,12994.437021647565,14325.344566382744,579.1073307351788,completed,G:DOR:LYBE:SYN2-204-D:P0001,F000029,12573.433799314907,12929.678137757444,13357.478351757445,13549.478351757445,14128.585682492623,14128.585682492623,12843.433799314907,15.983279627789035,False,0.9832796277890339,21.920685268497984,0.43740564070894833,41.90247768075096,0.0,aircraft_busy|departure_preparation|group_formation|repositioning_flight,2026-07-31T03:13:34.437022+02:00,2026-07-31T03:29:33.433799+02:00,2026-07-31T03:34:03.433799+02:00,2026-07-31T03:35:29.678138+02:00,2026-07-31T03:42:37.478352+02:00,2026-07-31T03:55:28.585682+02:00,2026-07-31T03:55:28.585682+02:00
SYN2-210-D:P0002,SYN2-210-D,LYBV,LYBE,11620.437447901018,13000.437447901018,14394.099879857877,633.2142439568585,completed,G:LYBV:LYBE:SYN2-210-D:P0002,F000030,12654.081773314907,13059.081773314907,13495.529961314907,13753.529961314907,14386.744205271765,14386.744205271765,12999.081773314907,17.227405423564807,False,2.2274054235648086,23.977405423564807,0.0,46.10511262284578,0.0,aircraft_busy|departure_preparation|group_formation|repositioning_flight,2026-07-31T03:13:40.437448+02:00,2026-07-31T03:30:54.081773+02:00,2026-07-31T03:36:39.081773+02:00,2026-07-31T03:37:39.081773+02:00,2026-07-31T03:44:55.529961+02:00,2026-07-31T03:59:46.744205+02:00,2026-07-31T03:59:46.744205+02:00
SYN2-202-D:P0003,SYN2-202-D,JUG,LYBE,11950.390967231511,13330.390967231511,14631.212421590175,559.0191423586643,completed,G:JUG:LYBE:SYN2-218-D:P0001,F000028,12272.362580784695,12677.362580784695,13095.164892784695,13353.164892784695,13912.184035143358,13912.184035143358,12617.362580784695,5.366193559219725,True,0.0,12.116193559219726,0.0,32.69655113186412,0.0,group_formation,2026-07-31T03:19:10.390967+02:00,2026-07-31T03:24:32.362581+02:00,2026-07-31T03:30:17.362581+02:00,2026-07-31T03:31:17.362581+02:00,2026-07-31T03:38:15.164893+02:00,2026-07-31T03:51:52.184035+02:00,2026-07-31T03:51:52.184035+02:00
SYN2-202-D:P0001,SYN2-202-D,BW,LYBE,12021.914256800188,13401.914256800188,14699.470331151504,648.7202523513173,completed,G:BW:LYBE:SYN2-202-D:P0001,F000031,12921.914256800188,13230.694139314906,13555.529961314907,13681.529961314907,14330.250213666224,14330.250213666224,13116.914256800188,15.0,True,0.0,20.146331375245307,0.8963313752453056,38.47226594776727,0.0,aircraft_busy|departure_preparation|group_formation|origin_tlof|repositioning_flight,2026-07-31T03:20:21.914257+02:00,2026-07-31T03:35:21.914257+02:00,2026-07-31T03:38:36.914257+02:00,2026-07-31T03:40:30.694139+02:00,2026-07-31T03:45:55.529961+02:00,2026-07-31T03:58:50.250214+02:00,2026-07-31T03:58:50.250214+02:00
SYN2-207-D:P0001,SYN2-207-D,LYBV,LYBE,12137.121267183806,13517.121267183806,14952.226073551008,674.6566183672018,completed,G:LYBV:LYBE:SYN2-210-D:P0002,F000030,12654.081773314907,13059.081773314907,13495.529961314907,13753.529961314907,14428.18657968211,14428.18657968211,12999.081773314907,8.616008435518355,True,0.0,15.366008435518355,0.0,38.184421874971726,0.0,aircraft_busy|departure_preparation|group_formation|repositioning_flight,2026-07-31T03:22:17.121267+02:00,2026-07-31T03:30:54.081773+02:00,2026-07-31T03:36:39.081773+02:00,2026-07-31T03:37:39.081773+02:00,2026-07-31T03:44:55.529961+02:00,2026-07-31T04:00:28.186580+02:00,2026-07-31T04:00:28.186580+02:00
SYN2-203-D:P0001,SYN2-203-D,JUG,LYBE,12268.289390718215,13648.289390718215,14962.531323466148,572.4396207479326,completed,G:JUG:LYBE:SYN2-218-D:P0001,F000028,12272.362580784695,12677.362580784695,13095.164892784695,13353.164892784695,13925.604513532628,13925.604513532628,12617.362580784695,0.06788650110799305,True,0.0,6.817886501107993,0.0,27.621918713573542,0.0,group_formation,2026-07-31T03:24:28.289391+02:00,2026-07-31T03:24:32.362581+02:00,2026-07-31T03:30:17.362581+02:00,2026-07-31T03:31:17.362581+02:00,2026-07-31T03:38:15.164893+02:00,2026-07-31T03:52:05.604514+02:00,2026-07-31T03:52:05.604514+02:00
SYN2-220-D:P0001,SYN2-220-D,DOR,LYBE,12305.544666783264,13685.544666783264,14998.796897936825,561.4520171535614,completed,G:DOR:LYBE:SYN2-204-D:P0001,F000029,12573.433799314907,12929.678137757444,13357.478351757445,13549.478351757445,14110.930368911006,14110.930368911006,12843.433799314907,4.464818875527393,True,0.0,10.402224516236341,0.43740564070894833,30.089761702129028,0.0,group_formation|repositioning_flight,2026-07-31T03:25:05.544667+02:00,2026-07-31T03:29:33.433799+02:00,2026-07-31T03:34:03.433799+02:00,2026-07-31T03:35:29.678138+02:00,2026-07-31T03:42:37.478352+02:00,2026-07-31T03:55:10.930369+02:00,2026-07-31T03:55:10.930369+02:00
SYN2-221-D:P0002,SYN2-221-D,LYBV,LYBE,12507.223340565497,13887.223340565497,15314.807120151232,667.1355915857357,completed,G:LYBV:LYBE:SYN2-210-D:P0002,F000030,12654.081773314907,13059.081773314907,13495.529961314907,13753.529961314907,14420.665552900642,14420.665552900642,12999.081773314907,2.4476405458234995,True,0.0,9.1976405458235,0.0,31.890703538919084,0.0,group_formation|repositioning_flight,2026-07-31T03:28:27.223341+02:00,2026-07-31T03:30:54.081773+02:00,2026-07-31T03:36:39.081773+02:00,2026-07-31T03:37:39.081773+02:00,2026-07-31T03:44:55.529961+02:00,2026-07-31T04:00:20.665553+02:00,2026-07-31T04:00:20.665553+02:00
SYN2-221-D:P0001,SYN2-221-D,JUG,LYBE,12857.994484698012,14237.994484698012,15575.737396319859,595.9405996218459,completed,G:JUG:LYBE:SYN2-221-D:P0001,F000035,13973.332273314907,14318.294576570526,14736.096888570526,14862.096888570526,15458.037488192373,15458.037488192373,14168.332273314907,18.58896314361491,False,3.5889631436149103,24.338334864541896,1.4993717209269866,43.334050058239335,0.0,aircraft_busy|departure_preparation|group_formation|origin_tlof|repositioning_flight,2026-07-31T03:34:17.994485+02:00,2026-07-31T03:52:53.332273+02:00,2026-07-31T03:56:08.332273+02:00,2026-07-31T03:58:38.294577+02:00,2026-07-31T04:05:36.096889+02:00,2026-07-31T04:17:38.037488+02:00,2026-07-31T04:17:38.037488+02:00
SYN2-226-D:P0001,SYN2-226-D,BW,LYBE,13238.36235604608,14618.36235604608,15928.024713158517,660.8265351124351,completed,G:BW:LYBE:SYN2-226-D:P0001,F000036,14138.36235604608,14588.744931083666,14913.580753083665,15171.580753083665,15832.4072881961,15832.4072881961,14483.36235604608,15.0,True,0.0,22.506376250626424,0.7563762506264236,43.23408220250033,0.0,aircraft_busy|departure_preparation|group_formation|repositioning_flight,2026-07-31T03:40:38.362356+02:00,2026-07-31T03:55:38.362356+02:00,2026-07-31T04:01:23.362356+02:00,2026-07-31T04:03:08.744931+02:00,2026-07-31T04:08:33.580753+02:00,2026-07-31T04:23:52.407288+02:00,2026-07-31T04:23:52.407288+02:00
SYN2-220-D:P0002,SYN2-220-D,LYBV,LYBE,13474.605790190613,14854.605790190613,16212.017090601385,596.9631124107717,completed,G:LYBV:LYBE:SYN2-220-D:P0002,F000037,14418.178142668925,15041.741110613739,15478.189298613739,15670.189298613739,16267.15241102451,16267.15241102451,14688.178142668925,15.726205874638527,False,0.7262058746385265,26.11892200705209,4.892716132413565,46.54244368056494,0.9189220070520908,aircraft_busy|battery_before_repositioning|departure_preparation|group_formation|repositioning_flight,2026-07-31T03:44:34.605790+02:00,2026-07-31T04:00:18.178143+02:00,2026-07-31T04:04:48.178143+02:00,2026-07-31T04:10:41.741111+02:00,2026-07-31T04:17:58.189299+02:00,2026-07-31T04:31:07.152411+02:00,2026-07-31T04:31:07.152411+02:00
SYN2-228-D:P0001,SYN2-228-D,BW,LYBE,13626.884152173992,15006.884152173992,16353.625588633724,697.9056144597331,completed,G:BW:LYBE:SYN2-226-D:P0001,F000036,14138.36235604608,14588.744931083666,14913.580753083665,15171.580753083665,15869.486367543397,15869.486367543397,14483.36235604608,8.524636731201463,True,0.0,16.031012981827885,0.7563762506264236,37.37670358949008,0.0,aircraft_busy|departure_preparation|group_formation|repositioning_flight,2026-07-31T03:47:06.884152+02:00,2026-07-31T03:55:38.362356+02:00,2026-07-31T04:01:23.362356+02:00,2026-07-31T04:03:08.744931+02:00,2026-07-31T04:08:33.580753+02:00,2026-07-31T04:24:29.486368+02:00,2026-07-31T04:24:29.486368+02:00
SYN2-225-D:P0001,SYN2-225-D,LYBV,LYBE,13919.981922747751,15299.981922747751,16606.490566507473,546.060455759721,completed,G:LYBV:LYBE:SYN2-220-D:P0002,F000037,14418.178142668925,15041.741110613739,15478.189298613739,15670.189298613739,16216.24975437346,16216.24975437346,14688.178142668925,8.303270332019565,True,0.0,18.69598646443313,4.892716132413565,38.27113052709516,0.0,battery_before_repositioning|departure_preparation|group_formation|repositioning_flight,2026-07-31T03:51:59.981923+02:00,2026-07-31T04:00:18.178143+02:00,2026-07-31T04:04:48.178143+02:00,2026-07-31T04:10:41.741111+02:00,2026-07-31T04:17:58.189299+02:00,2026-07-31T04:30:16.249754+02:00,2026-07-31T04:30:16.249754+02:00
SYN2-209-D:P0001,SYN2-209-D,BW,LYBE,14024.337826389452,15404.337826389452,16621.13276694485,567.9591185553988,completed,G:BW:LYBE:SYN2-226-D:P0001,F000036,14138.36235604608,14588.744931083666,14913.580753083665,15171.580753083665,15739.539871639063,15739.539871639063,14483.36235604608,1.9004088276104691,True,0.0,9.406785078236892,0.7563762506264236,28.58670075416018,0.0,group_formation|repositioning_flight,2026-07-31T03:53:44.337826+02:00,2026-07-31T03:55:38.362356+02:00,2026-07-31T04:01:23.362356+02:00,2026-07-31T04:03:08.744931+02:00,2026-07-31T04:08:33.580753+02:00,2026-07-31T04:22:19.539872+02:00,2026-07-31T04:22:19.539872+02:00
SYN2-224-D:P0001,SYN2-224-D,DOR,LYBE,14483.021399658415,15863.021399658415,17161.421452872604,546.599839214187,completed,G:DOR:LYBE:SYN2-224-D:P0001,F000040,15383.021399658415,15638.021399658415,16065.821613658416,16191.821613658416,16738.421452872604,16738.421452872604,15578.021399658415,15.0,True,0.0,19.25,0.0,37.59000088690315,0.0,departure_preparation|group_formation|repositioning_flight,2026-07-31T04:01:23.021400+02:00,2026-07-31T04:16:23.021400+02:00,2026-07-31T04:19:38.021400+02:00,2026-07-31T04:20:38.021400+02:00,2026-07-31T04:27:45.821614+02:00,2026-07-31T04:38:58.421453+02:00,2026-07-31T04:38:58.421453+02:00
SYN2-206-D:P0001,SYN2-206-D,LYBV,LYBE,14961.405699926736,16341.405699926736,17681.827186777366,579.9732988506306,completed,G:LYBV:LYBE:SYN2-206-D:P0001,F000042,15861.405699926736,16421.155776660155,16857.603964660153,17115.603964660153,17695.577263510782,17695.577263510782,16206.405699926736,15.0,True,0.0,24.32916794555698,2.5791679455569767,45.56952605973411,0.2291679455569465,battery_before_repositioning|departure_preparation|group_formation|repositioning_flight,2026-07-31T04:09:21.405700+02:00,2026-07-31T04:24:21.405700+02:00,2026-07-31T04:30:06.405700+02:00,2026-07-31T04:33:41.155777+02:00,2026-07-31T04:40:57.603965+02:00,2026-07-31T04:54:55.577264+02:00,2026-07-31T04:54:55.577264+02:00
SYN2-224-D:P0002,SYN2-224-D,LYBV,LYBE,15094.870004625744,16474.870004625744,17841.31975857162,606.0015659458766,completed,G:LYBV:LYBE:SYN2-206-D:P0001,F000042,15861.405699926736,16421.155776660155,16857.603964660153,17115.603964660153,17721.60553060603,17721.60553060603,16206.405699926736,12.775594921683204,True,0.0,22.104762867240183,2.5791679455569767,43.77892543300477,0.0,battery_before_repositioning|departure_preparation|group_formation|repositioning_flight,2026-07-31T04:11:34.870005+02:00,2026-07-31T04:24:21.405700+02:00,2026-07-31T04:30:06.405700+02:00,2026-07-31T04:33:41.155777+02:00,2026-07-31T04:40:57.603965+02:00,2026-07-31T04:55:21.605531+02:00,2026-07-31T04:55:21.605531+02:00
SYN2-212-D:P0001,SYN2-212-D,LYBV,LYBE,15269.98775525183,16649.98775525183,17973.37695755035,562.9410142985228,completed,G:LYBV:LYBE:SYN2-206-D:P0001,F000042,15861.405699926736,16421.155776660155,16857.603964660153,17115.603964660153,17678.544978958675,17678.544978958675,16206.405699926736,9.856965744581764,True,0.0,19.18613369013874,2.5791679455569767,40.14262039511407,0.0,battery_before_repositioning|departure_preparation|group_formation|repositioning_flight,2026-07-31T04:14:29.987755+02:00,2026-07-31T04:24:21.405700+02:00,2026-07-31T04:30:06.405700+02:00,2026-07-31T04:33:41.155777+02:00,2026-07-31T04:40:57.603965+02:00,2026-07-31T04:54:38.544979+02:00,2026-07-31T04:54:38.544979+02:00
SYN2-219-D:P0001,SYN2-219-D,JUG,LYBE,15350.759903847029,16730.75990384703,18046.37064425713,573.8084284101038,completed,G:JUG:LYBE:SYN2-219-D:P0001,F000045,16503.184613376703,17111.862380339666,17529.664692339666,17655.664692339666,18229.473120749768,18229.473120749768,16698.184613376703,19.207078492161237,False,4.207078492161235,29.35170794154395,5.894629449382713,47.97855361504565,3.0517079415439485,aircraft_busy|battery_before_repositioning|departure_preparation|group_formation|repositioning_flight,2026-07-31T04:15:50.759904+02:00,2026-07-31T04:35:03.184613+02:00,2026-07-31T04:38:18.184613+02:00,2026-07-31T04:45:11.862380+02:00,2026-07-31T04:52:09.664692+02:00,2026-07-31T05:03:49.473121+02:00,2026-07-31T05:03:49.473121+02:00
SYN2-232-D:P0001,SYN2-232-D,BW,LYBE,15450.931122238002,16830.931122238002,18037.344775730522,557.57783149252,completed,G:BW:LYBE:SYN2-232-D:P0001,F000043,15972.345690605773,16452.345690605773,16777.181512605774,17101.181512605774,17658.759344098293,17658.759344098293,16392.345690605773,8.690242806129511,True,0.0,16.69024280612951,0.0,36.797137031004844,0.0,departure_preparation|group_formation|repositioning_flight,2026-07-31T04:17:30.931122+02:00,2026-07-31T04:26:12.345691+02:00,2026-07-31T04:33:12.345691+02:00,2026-07-31T04:34:12.345691+02:00,2026-07-31T04:39:37.181513+02:00,2026-07-31T04:54:18.759344+02:00,2026-07-31T04:54:18.759344+02:00
SYN2-349-D:P0001,SYN2-349-D,BW,LYBE,15826.654859741007,17206.654859741007,18450.055553093916,594.5648713529087,completed,G:BW:LYBE:SYN2-232-D:P0001,F000043,15972.345690605773,16452.345690605773,16777.181512605774,17101.181512605774,17695.74638395868,17695.74638395868,16392.345690605773,2.428180514412755,True,0.0,10.428180514412755,0.0,31.151525403627904,0.0,group_formation|repositioning_flight,2026-07-31T04:23:46.654860+02:00,2026-07-31T04:26:12.345691+02:00,2026-07-31T04:33:12.345691+02:00,2026-07-31T04:34:12.345691+02:00,2026-07-31T04:39:37.181513+02:00,2026-07-31T04:54:55.746384+02:00,2026-07-31T04:54:55.746384+02:00
SYN2-232-D:P0002,SYN2-232-D,BW,LYBE,15951.502006898609,17331.50200689861,18525.518196946203,545.1803680475931,completed,G:BW:LYBE:SYN2-232-D:P0001,F000043,15972.345690605773,16452.345690605773,16777.181512605774,17101.181512605774,17646.361880653367,17646.361880653367,16392.345690605773,0.3473947284527336,True,0.0,8.347394728452734,0.0,28.247664562579303,0.0,group_formation,2026-07-31T04:25:51.502007+02:00,2026-07-31T04:26:12.345691+02:00,2026-07-31T04:33:12.345691+02:00,2026-07-31T04:34:12.345691+02:00,2026-07-31T04:39:37.181513+02:00,2026-07-31T04:54:06.361881+02:00,2026-07-31T04:54:06.361881+02:00
SYN2-229-D:P0001,SYN2-229-D,BW,LYBE,15972.345690605773,17352.345690605773,18634.156026910412,632.974514304639,completed,G:BW:LYBE:SYN2-232-D:P0001,F000043,15972.345690605773,16452.345690605773,16777.181512605774,17101.181512605774,17734.156026910412,17734.156026910412,16392.345690605773,0.0,True,0.0,8.0,0.0,29.36350560507732,0.0,,2026-07-31T04:26:12.345691+02:00,2026-07-31T04:26:12.345691+02:00,2026-07-31T04:33:12.345691+02:00,2026-07-31T04:34:12.345691+02:00,2026-07-31T04:39:37.181513+02:00,2026-07-31T04:55:34.156027+02:00,2026-07-31T04:55:34.156027+02:00
SYN2-231-D:P0001,SYN2-231-D,BW,LYBE,18370.99333536592,19750.99333536592,20944.938844475095,545.1096871091734,completed,G:BW:LYBE:SYN2-231-D:P0001,F000047,19270.99333536592,19525.99333536592,19850.829157365923,19976.829157365923,20521.938844475095,20521.938844475095,19465.99333536592,15.0,True,0.0,19.25,0.0,35.84909181848622,0.0,departure_preparation|group_formation|repositioning_flight,2026-07-31T05:06:10.993335+02:00,2026-07-31T05:21:10.993335+02:00,2026-07-31T05:24:25.993335+02:00,2026-07-31T05:25:25.993335+02:00,2026-07-31T05:30:50.829157+02:00,2026-07-31T05:42:01.938844+02:00,2026-07-31T05:42:01.938844+02:00
SYN2-008-A:P0001,SYN2-008-A,LYBE,LYBV,19431.54454650155,,,689.8413720361109,completed,G:LYBE:LYBV:SYN2-008-A:P0001,F000049,20331.54454650155,20586.54454650155,21022.99273450155,21148.99273450155,,21148.99273450155,20526.54454650155,15.0,True,0.0,19.25,0.0,28.62413646666664,,aircraft_busy|group_formation,2026-07-31T05:23:51.544547+02:00,2026-07-31T05:38:51.544547+02:00,2026-07-31T05:42:06.544547+02:00,2026-07-31T05:43:06.544547+02:00,2026-07-31T05:50:22.992735+02:00,2026-07-31T05:52:28.992735+02:00,
SYN2-236-D:P0002,SYN2-236-D,BW,LYBE,19782.79911142926,21162.79911142926,22376.651045748556,565.0161123192969,completed,G:BW:LYBE:SYN2-236-D:P0002,F000050,20682.79911142926,20937.79911142926,21262.63493342926,21388.63493342926,21953.651045748556,21953.651045748556,20877.79911142926,15.0,True,0.0,19.25,0.0,36.18086557198828,0.0,departure_preparation|group_formation|origin_tlof|repositioning_flight,2026-07-31T05:29:42.799111+02:00,2026-07-31T05:44:42.799111+02:00,2026-07-31T05:47:57.799111+02:00,2026-07-31T05:48:57.799111+02:00,2026-07-31T05:54:22.634933+02:00,2026-07-31T06:05:53.651046+02:00,2026-07-31T06:05:53.651046+02:00
SYN2-156-A:P0001,SYN2-156-A,LYBE,LYBV,20417.213126561765,,,590.671105780886,completed,G:LYBE:LYBV:SYN2-156-A:P0001,F000051,21317.213126561765,21572.213126561765,22008.661314561763,22134.661314561763,,22134.661314561763,21512.213126561765,15.0,True,0.0,19.25,0.0,28.62413646666664,,group_formation,2026-07-31T05:40:17.213127+02:00,2026-07-31T05:55:17.213127+02:00,2026-07-31T05:58:32.213127+02:00,2026-07-31T05:59:32.213127+02:00,2026-07-31T06:06:48.661315+02:00,2026-07-31T06:08:54.661315+02:00,
SYN2-012-A:P0001,SYN2-012-A,LYBE,BW,20902.072848999345,,,590.0354108511289,completed,G:LYBE:BW:SYN2-012-A:P0001,F000053,21802.072848999345,22132.072848999345,22456.908670999346,22648.908670999346,,22648.908670999346,22072.072848999345,15.0,True,0.0,20.5,0.0,29.113930366666683,,aircraft_busy|group_formation,2026-07-31T05:48:22.072849+02:00,2026-07-31T06:03:22.072849+02:00,2026-07-31T06:07:52.072849+02:00,2026-07-31T06:08:52.072849+02:00,2026-07-31T06:14:16.908671+02:00,2026-07-31T06:17:28.908671+02:00,
SYN2-010-A:P0001,SYN2-010-A,LYBE,BW,21002.348912225567,,,635.6605038787444,completed,G:LYBE:BW:SYN2-012-A:P0001,F000053,21802.072848999345,22132.072848999345,22456.908670999346,22648.908670999346,,22648.908670999346,22072.072848999345,13.328732279562974,True,0.0,18.828732279562974,0.0,27.442662646229657,,aircraft_busy|group_formation,2026-07-31T05:50:02.348912+02:00,2026-07-31T06:03:22.072849+02:00,2026-07-31T06:07:52.072849+02:00,2026-07-31T06:08:52.072849+02:00,2026-07-31T06:14:16.908671+02:00,2026-07-31T06:17:28.908671+02:00,
SYN2-012-A:P0002,SYN2-012-A,LYBE,DOR,21136.741452542094,,,580.3665436000979,completed,G:LYBE:DOR:SYN2-012-A:P0002,F000054,22036.741452542094,22291.741452542094,22719.541666542093,22845.541666542093,,22845.541666542093,22231.741452542094,15.0,True,0.0,19.25,0.0,28.48000356666665,,group_formation,2026-07-31T05:52:16.741453+02:00,2026-07-31T06:07:16.741453+02:00,2026-07-31T06:10:31.741453+02:00,2026-07-31T06:11:31.741453+02:00,2026-07-31T06:18:39.541667+02:00,2026-07-31T06:20:45.541667+02:00,
SYN2-241-D:P0001,SYN2-241-D,JUG,LYBE,21320.631268992245,22700.631268992245,24029.67473145031,587.241150458066,completed,G:JUG:LYBE:SYN2-241-D:P0001,F000055,22220.631268992245,22550.631268992245,22968.433580992245,23160.433580992245,23747.67473145031,23747.67473145031,22490.631268992245,15.0,True,0.0,20.5,0.0,40.45072437430111,0.0,cleaning|departure_preparation|group_formation|repositioning_flight,2026-07-31T05:55:20.631269+02:00,2026-07-31T06:10:20.631269+02:00,2026-07-31T06:14:50.631269+02:00,2026-07-31T06:15:50.631269+02:00,2026-07-31T06:22:48.433581+02:00,2026-07-31T06:35:47.674731+02:00,2026-07-31T06:35:47.674731+02:00
SYN2-236-D:P0001,SYN2-236-D,JUG,LYBE,21710.590117559954,23090.590117559954,24396.326801010626,563.9343714506715,completed,G:JUG:LYBE:SYN2-241-D:P0001,F000055,22220.631268992245,22550.631268992245,22968.433580992245,23160.433580992245,23724.367952442917,23724.367952442917,22490.631268992245,8.500685857204855,True,0.0,14.000685857204855,0.0,33.56296391471606,0.0,cleaning|departure_preparation|group_formation|repositioning_flight,2026-07-31T06:01:50.590118+02:00,2026-07-31T06:10:20.631269+02:00,2026-07-31T06:14:50.631269+02:00,2026-07-31T06:15:50.631269+02:00,2026-07-31T06:22:48.433581+02:00,2026-07-31T06:35:24.367952+02:00,2026-07-31T06:35:24.367952+02:00
SYN2-353-D:P0001,SYN2-353-D,BW,LYBE,23594.117520299464,24974.117520299464,26255.931320193657,632.9779778941938,completed,G:BW:LYBE:SYN2-353-D:P0001,F000056,24494.117520299464,24824.117520299464,25148.953342299465,25340.953342299465,25973.93132019366,25973.93132019366,24764.117520299464,15.0,True,0.0,20.5,0.0,39.66356333156994,0.0,group_formation,2026-07-31T06:33:14.117520+02:00,2026-07-31T06:48:14.117520+02:00,2026-07-31T06:52:44.117520+02:00,2026-07-31T06:53:44.117520+02:00,2026-07-31T06:59:08.953342+02:00,2026-07-31T07:12:53.931320+02:00,2026-07-31T07:12:53.931320+02:00
SYN2-238-D:P0001,SYN2-238-D,BW,LYBE,23604.151459232893,24984.151459232893,26226.08105617203,593.0937749391337,completed,G:BW:LYBE:SYN2-353-D:P0001,F000056,24494.117520299464,24824.117520299464,25148.953342299465,25340.953342299465,25934.0471172386,25934.0471172386,24764.117520299464,14.832767684442842,True,0.0,20.332767684442842,0.0,38.83159430009509,0.0,group_formation,2026-07-31T06:33:24.151459+02:00,2026-07-31T06:48:14.117520+02:00,2026-07-31T06:52:44.117520+02:00,2026-07-31T06:53:44.117520+02:00,2026-07-31T06:59:08.953342+02:00,2026-07-31T07:12:14.047117+02:00,2026-07-31T07:12:14.047117+02:00
SYN2-020-A:P0001,SYN2-020-A,LYBE,BW,23628.75505051638,,,549.2500928358069,completed,G:LYBE:BW:SYN2-020-A:P0001,F000057,24528.75505051638,24783.75505051638,25108.590872516383,25234.590872516383,,25234.590872516383,24723.75505051638,15.0,True,0.0,19.25,0.0,26.76393036666668,,group_formation,2026-07-31T06:33:48.755051+02:00,2026-07-31T06:48:48.755051+02:00,2026-07-31T06:52:03.755051+02:00,2026-07-31T06:53:03.755051+02:00,2026-07-31T06:58:28.590873+02:00,2026-07-31T07:00:34.590873+02:00,
SYN2-245-D:P0002,SYN2-245-D,BW,LYBE,25633.206098884217,27013.206098884217,28237.57985556502,575.5379346808035,completed,G:BW:LYBE:SYN2-245-D:P0002,F000058,26533.206098884217,26788.206098884217,27113.041920884218,27239.041920884218,27814.57985556502,27814.57985556502,26728.206098884217,15.0,True,0.0,19.25,0.0,36.356229278013416,0.0,group_formation,2026-07-31T07:07:13.206099+02:00,2026-07-31T07:22:13.206099+02:00,2026-07-31T07:25:28.206099+02:00,2026-07-31T07:26:28.206099+02:00,2026-07-31T07:31:53.041921+02:00,2026-07-31T07:43:34.579856+02:00,2026-07-31T07:43:34.579856+02:00
SYN2-244-D:P0001,SYN2-244-D,LYBV,LYBE,26428.639534150047,27808.639534150047,29153.068382297515,583.980660147469,completed,G:LYBV:LYBE:SYN2-244-D:P0001,F000061,27328.639534150047,27583.639534150047,28020.087722150045,28146.087722150045,28730.068382297515,28730.068382297515,27523.639534150047,15.0,True,0.0,19.25,0.0,38.35714746912448,0.0,group_formation,2026-07-31T07:20:28.639534+02:00,2026-07-31T07:35:28.639534+02:00,2026-07-31T07:38:43.639534+02:00,2026-07-31T07:39:43.639534+02:00,2026-07-31T07:47:00.087722+02:00,2026-07-31T07:58:50.068382+02:00,2026-07-31T07:58:50.068382+02:00
SYN2-245-D:P0001,SYN2-245-D,DOR,LYBE,26557.110206249403,27937.110206249403,29387.610594768572,698.700174519171,completed,G:DOR:LYBE:SYN2-245-D:P0001,F000062,27812.795435116223,28083.449386932112,28511.24960093211,28637.24960093211,29335.94977545128,29335.94977545128,28007.795435116223,20.928087147780328,False,5.928087147780328,25.438986344711825,0.26089919693149566,46.31399282003131,0.0,departure_preparation|group_formation|repositioning_flight,2026-07-31T07:22:37.110206+02:00,2026-07-31T07:43:32.795435+02:00,2026-07-31T07:46:47.795435+02:00,2026-07-31T07:48:03.449387+02:00,2026-07-31T07:55:11.249601+02:00,2026-07-31T08:08:55.949775+02:00,2026-07-31T08:08:55.949775+02:00
SYN2-244-D:P0002,SYN2-244-D,BW,LYBE,27324.995221116224,28704.995221116224,29982.241636888048,628.410593771822,completed,G:BW:LYBE:SYN2-244-D:P0002,F000063,28224.995221116224,28554.995221116224,28879.831043116224,29071.831043116224,29700.241636888048,29700.241636888048,28494.995221116224,15.0,True,0.0,20.5,0.0,39.58744026286374,0.0,departure_preparation|group_formation|repositioning_flight,2026-07-31T07:35:24.995221+02:00,2026-07-31T07:50:24.995221+02:00,2026-07-31T07:54:54.995221+02:00,2026-07-31T07:55:54.995221+02:00,2026-07-31T08:01:19.831043+02:00,2026-07-31T08:15:00.241637+02:00,2026-07-31T08:15:00.241637+02:00
SYN2-243-D:P0001,SYN2-243-D,BW,LYBE,27468.985653772204,28848.985653772204,30172.32898135399,674.5075055817825,completed,G:BW:LYBE:SYN2-244-D:P0002,F000063,28224.995221116224,28554.995221116224,28879.831043116224,29071.831043116224,29746.338548698008,29746.338548698008,28494.995221116224,12.600159455733653,True,0.0,18.100159455733653,0.0,37.95588158209672,0.0,group_formation|repositioning_flight,2026-07-31T07:37:48.985654+02:00,2026-07-31T07:50:24.995221+02:00,2026-07-31T07:54:54.995221+02:00,2026-07-31T07:55:54.995221+02:00,2026-07-31T08:01:19.831043+02:00,2026-07-31T08:15:46.338549+02:00,2026-07-31T08:15:46.338549+02:00
SYN2-247-D:P0001,SYN2-247-D,JUG,LYBE,29506.335018842095,30886.335018842095,32253.979204462594,625.8418736204999,completed,G:JUG:LYBE:SYN2-247-D:P0001,F000065,30406.335018842095,30661.335018842095,31079.137330842095,31205.137330842095,31830.979204462594,31830.979204462594,30601.335018842095,15.0,True,0.0,19.25,0.0,38.74406976034164,0.0,departure_preparation|group_formation|repositioning_flight,2026-07-31T08:11:46.335019+02:00,2026-07-31T08:26:46.335019+02:00,2026-07-31T08:30:01.335019+02:00,2026-07-31T08:31:01.335019+02:00,2026-07-31T08:37:59.137331+02:00,2026-07-31T08:50:30.979204+02:00,2026-07-31T08:50:30.979204+02:00
SYN2-255-D:P0001,SYN2-255-D,DOR,LYBE,30522.154594672364,31902.154594672364,33259.36399021112,605.409181538756,completed,G:DOR:LYBE:SYN2-255-D:P0001,F000067,31422.154594672364,31677.154594672364,32104.954808672363,32230.954808672363,32836.36399021112,32836.36399021112,31617.154594672364,15.0,True,0.0,19.25,0.0,38.57015659231256,0.0,departure_preparation|group_formation|repositioning_flight,2026-07-31T08:28:42.154595+02:00,2026-07-31T08:43:42.154595+02:00,2026-07-31T08:46:57.154595+02:00,2026-07-31T08:47:57.154595+02:00,2026-07-31T08:55:04.954809+02:00,2026-07-31T09:07:16.363990+02:00,2026-07-31T09:07:16.363990+02:00
SYN2-157-A:P0003,SYN2-157-A,LYBE,LYBV,31972.000505572963,,,602.8944261328949,completed,G:LYBE:LYBV:SYN2-157-A:P0003,F000069,32872.00050557296,33202.00050557296,33638.448693572966,33830.448693572966,,33830.448693572966,33142.00050557296,15.0,True,0.0,20.5,0.0,30.974136466666703,,group_formation,2026-07-31T08:52:52.000506+02:00,2026-07-31T09:07:52.000506+02:00,2026-07-31T09:12:22.000506+02:00,2026-07-31T09:13:22.000506+02:00,2026-07-31T09:20:38.448694+02:00,2026-07-31T09:23:50.448694+02:00,
SYN2-023-A:P0001,SYN2-023-A,LYBE,LYBV,32031.03106731104,,,641.4838018786494,completed,G:LYBE:LYBV:SYN2-157-A:P0003,F000069,32872.00050557296,33202.00050557296,33638.448693572966,33830.448693572966,,33830.448693572966,33142.00050557296,14.016157304365395,True,0.0,19.516157304365393,0.0,29.990293771032096,,group_formation,2026-07-31T08:53:51.031067+02:00,2026-07-31T09:07:52.000506+02:00,2026-07-31T09:12:22.000506+02:00,2026-07-31T09:13:22.000506+02:00,2026-07-31T09:20:38.448694+02:00,2026-07-31T09:23:50.448694+02:00,
SYN2-255-D:P0003,SYN2-255-D,EXPO,LYBE,32210.148297975,33590.148297975,34749.30874012302,634.3980441480229,completed,G:EXPO:LYBE:SYN2-255-D:P0003,F000070,33110.148297975,33365.148297975,33565.910695975,33691.910695975,34326.30874012302,34326.30874012302,33305.148297975,15.0,True,0.0,19.25,0.0,35.26934070246704,0.0,aircraft_busy|departure_preparation|group_formation|repositioning_flight,2026-07-31T08:56:50.148298+02:00,2026-07-31T09:11:50.148298+02:00,2026-07-31T09:15:05.148298+02:00,2026-07-31T09:16:05.148298+02:00,2026-07-31T09:19:25.910696+02:00,2026-07-31T09:32:06.308740+02:00,2026-07-31T09:32:06.308740+02:00
SYN2-024-A:P0001,SYN2-024-A,LYBE,BW,32216.90298943206,,,634.1042312661912,completed,G:LYBE:BW:SYN2-024-A:P0001,F000071,33116.902989432056,33446.902989432056,33771.73881143206,33963.73881143206,,33963.73881143206,33386.902989432056,14.99999999999994,True,0.0,20.49999999999994,0.0,29.113930366666622,,aircraft_busy|group_formation,2026-07-31T08:56:56.902989+02:00,2026-07-31T09:11:56.902989+02:00,2026-07-31T09:16:26.902989+02:00,2026-07-31T09:17:26.902989+02:00,2026-07-31T09:22:51.738811+02:00,2026-07-31T09:26:03.738811+02:00,
SYN2-025-A:P0001,SYN2-025-A,LYBE,JUG,32374.98282377517,,,605.7403960397036,completed,G:LYBE:JUG:SYN2-025-A:P0001,F000072,33274.98282377517,33565.910695975,33983.713007975,34109.713007975,,34109.713007975,33469.98282377517,15.0,True,0.0,19.848797869997117,0.5987978699971185,28.91216973666378,,group_formation,2026-07-31T08:59:34.982824+02:00,2026-07-31T09:14:34.982824+02:00,2026-07-31T09:17:49.982824+02:00,2026-07-31T09:19:25.910696+02:00,2026-07-31T09:26:23.713008+02:00,2026-07-31T09:28:29.713008+02:00,
SYN2-157-A:P0002,SYN2-157-A,LYBE,BW,32546.581703424687,,,630.2567231690995,completed,G:LYBE:BW:SYN2-024-A:P0001,F000071,33116.902989432056,33446.902989432056,33771.73881143206,33963.73881143206,,33963.73881143206,33386.902989432056,9.505354766789484,True,0.0,15.005354766789484,0.0,23.619285133456167,,group_formation,2026-07-31T09:02:26.581703+02:00,2026-07-31T09:11:56.902989+02:00,2026-07-31T09:16:26.902989+02:00,2026-07-31T09:17:26.902989+02:00,2026-07-31T09:22:51.738811+02:00,2026-07-31T09:26:03.738811+02:00,
SYN2-267-D:P0001,SYN2-267-D,DOR,LYBE,33088.777022947965,34468.777022947965,35832.805336469086,612.2280995211186,completed,G:DOR:LYBE:SYN2-267-D:P0001,F000078,34787.02545157297,35117.02545157297,35544.82566557297,35736.82566557297,36349.05376509409,36349.05376509409,35057.02545157297,28.304140477083397,False,13.304140477083395,33.80414047708339,0.0,54.33794570243541,8.604140477083396,aircraft_busy|cleaning|departure_preparation|group_formation|repositioning_flight,2026-07-31T09:11:28.777023+02:00,2026-07-31T09:39:47.025452+02:00,2026-07-31T09:44:17.025452+02:00,2026-07-31T09:45:17.025452+02:00,2026-07-31T09:52:24.825666+02:00,2026-07-31T10:05:49.053765+02:00,2026-07-31T10:05:49.053765+02:00
SYN2-265-D:P0001,SYN2-265-D,DOR,LYBE,33310.11919589054,34690.11919589054,36026.49111176395,584.5717018734072,completed,G:DOR:LYBE:SYN2-267-D:P0001,F000078,34787.02545157297,35117.02545157297,35544.82566557297,35736.82566557297,36321.39736744638,36321.39736744638,35057.02545157297,24.615104261373805,False,9.615104261373805,30.115104261373805,0.0,50.187969525930626,4.915104261373805,aircraft_busy|cleaning|departure_preparation|group_formation|repositioning_flight,2026-07-31T09:15:10.119196+02:00,2026-07-31T09:39:47.025452+02:00,2026-07-31T09:44:17.025452+02:00,2026-07-31T09:45:17.025452+02:00,2026-07-31T09:52:24.825666+02:00,2026-07-31T10:05:21.397367+02:00,2026-07-31T10:05:21.397367+02:00
SYN2-157-A:P0001,SYN2-157-A,LYBE,BW,33354.50623716579,,,637.0377726456686,completed,G:LYBE:BW:SYN2-157-A:P0001,F000076,34254.50623716579,34587.515319975,34912.351141975,35038.351141975,,35038.351141975,34449.50623716579,15.0,True,0.0,20.55015138015345,1.3001513801534506,28.064081746820133,,aircraft_busy|group_formation,2026-07-31T09:15:54.506237+02:00,2026-07-31T09:30:54.506237+02:00,2026-07-31T09:34:09.506237+02:00,2026-07-31T09:36:27.515320+02:00,2026-07-31T09:41:52.351142+02:00,2026-07-31T09:43:58.351142+02:00,
SYN2-264-D:P0001,SYN2-264-D,BW,LYBE,33441.21319267613,34821.21319267613,36058.35093754943,588.3019228733003,completed,G:BW:LYBE:SYN2-264-D:P0001,F000080,35038.351141975,35443.351141975,35768.186963975,36026.186963975,36614.4888868483,36614.4888868483,35383.351141975,26.618965821647848,False,11.618965821647846,33.36896582164785,0.0,52.88792823620291,9.268965821647846,aircraft_busy|group_formation|priority_other_group,2026-07-31T09:17:21.213193+02:00,2026-07-31T09:43:58.351142+02:00,2026-07-31T09:49:43.351142+02:00,2026-07-31T09:50:43.351142+02:00,2026-07-31T09:56:08.186964+02:00,2026-07-31T10:10:14.488887+02:00,2026-07-31T10:10:14.488887+02:00
SYN2-026-A:P0001,SYN2-026-A,LYBE,DOR,33462.15207426216,,,614.9357244488061,completed,G:LYBE:DOR:SYN2-026-A:P0001,F000077,34362.15207426216,34627.515319975,35055.315533975,35181.315533975,,35181.315533975,34557.15207426216,15.0,True,0.0,19.422720761880676,0.17272076188067634,28.652724328547386,,aircraft_busy|departure_preparation|group_formation|repositioning_flight,2026-07-31T09:17:42.152074+02:00,2026-07-31T09:32:42.152074+02:00,2026-07-31T09:35:57.152074+02:00,2026-07-31T09:37:07.515320+02:00,2026-07-31T09:44:15.315534+02:00,2026-07-31T09:46:21.315534+02:00,
SYN2-027-A:P0002,SYN2-027-A,LYBE,LYBV,34089.15594322345,,,575.7071695748527,completed,G:LYBE:LYBV:SYN2-027-A:P0002,F000079,34989.15594322345,35244.15594322345,35680.60413122345,35806.60413122345,,35806.60413122345,35184.15594322345,15.0,True,0.0,19.25,0.0,28.6241364666667,,aircraft_busy|departure_preparation|group_formation|repositioning_flight,2026-07-31T09:28:09.155943+02:00,2026-07-31T09:43:09.155943+02:00,2026-07-31T09:46:24.155943+02:00,2026-07-31T09:47:24.155943+02:00,2026-07-31T09:54:40.604131+02:00,2026-07-31T09:56:46.604131+02:00,
SYN2-265-D:P0002,SYN2-265-D,BW,LYBE,34100.70696096062,35480.70696096062,36734.15711467963,604.6143317190042,completed,G:BW:LYBE:SYN2-264-D:P0001,F000080,35038.351141975,35443.351141975,35768.186963975,36026.186963975,36630.80129569401,36630.80129569401,35383.351141975,15.627403016906344,False,0.6274030169063433,22.377403016906342,0.0,42.168238912223146,0.0,aircraft_busy|group_formation|priority_other_group,2026-07-31T09:28:20.706961+02:00,2026-07-31T09:43:58.351142+02:00,2026-07-31T09:49:43.351142+02:00,2026-07-31T09:50:43.351142+02:00,2026-07-31T09:56:08.186964+02:00,2026-07-31T10:10:30.801296+02:00,2026-07-31T10:10:30.801296+02:00
SYN2-262-D:P0001,SYN2-262-D,BW,LYBE,34832.022751683435,36212.022751683435,37500.760927761556,639.9023540781217,completed,G:BW:LYBE:SYN2-264-D:P0001,F000080,35038.351141975,35443.351141975,35768.186963975,36026.186963975,36666.08931805312,36666.08931805312,35383.351141975,3.4388065048594094,True,0.0,10.188806504859409,0.0,30.567776106161425,0.0,aircraft_busy,2026-07-31T09:40:32.022752+02:00,2026-07-31T09:43:58.351142+02:00,2026-07-31T09:49:43.351142+02:00,2026-07-31T09:50:43.351142+02:00,2026-07-31T09:56:08.186964+02:00,2026-07-31T10:11:06.089318+02:00,2026-07-31T10:11:06.089318+02:00
SYN2-027-A:P0001,SYN2-027-A,LYBE,DOR,35085.19806199504,,,648.8783577278531,completed,G:LYBE:DOR:SYN2-027-A:P0001,F000081,35985.19806199504,36240.19806199504,36667.99827599504,36793.99827599504,,36793.99827599504,36180.19806199504,15.0,True,0.0,19.25,0.0,28.48000356666671,,aircraft_busy|group_formation,2026-07-31T09:44:45.198062+02:00,2026-07-31T09:59:45.198062+02:00,2026-07-31T10:03:00.198062+02:00,2026-07-31T10:04:00.198062+02:00,2026-07-31T10:11:07.998276+02:00,2026-07-31T10:13:13.998276+02:00,
SYN2-258-D:P0001,SYN2-258-D,DOR,LYBE,35523.817762518636,36903.817762518636,38288.004916505604,632.3869399869651,completed,G:DOR:LYBE:SYN2-258-D:P0001,F000082,36423.817762518636,36753.817762518636,37181.61797651864,37373.61797651864,38006.004916505604,38006.004916505604,36693.817762518636,15.0,True,0.0,20.5,0.0,41.3697858997828,0.0,group_formation,2026-07-31T09:52:03.817763+02:00,2026-07-31T10:07:03.817763+02:00,2026-07-31T10:11:33.817763+02:00,2026-07-31T10:12:33.817763+02:00,2026-07-31T10:19:41.617977+02:00,2026-07-31T10:33:26.004917+02:00,2026-07-31T10:33:26.004917+02:00
SYN2-262-D:P0002,SYN2-262-D,DOR,LYBE,36005.6503103007,37385.6503103007,38745.0040254085,607.5535011078048,completed,G:DOR:LYBE:SYN2-258-D:P0001,F000082,36423.817762518636,36753.817762518636,37181.61797651864,37373.61797651864,37981.17147762644,37981.17147762644,36693.817762518636,6.9694575369656375,True,0.0,12.469457536965638,0.0,32.925352788762396,0.0,group_formation,2026-07-31T10:00:05.650310+02:00,2026-07-31T10:07:03.817763+02:00,2026-07-31T10:11:33.817763+02:00,2026-07-31T10:12:33.817763+02:00,2026-07-31T10:19:41.617977+02:00,2026-07-31T10:33:01.171478+02:00,2026-07-31T10:33:01.171478+02:00
SYN2-255-D:P0002,SYN2-255-D,JUG,LYBE,36795.9140135983,38175.9140135983,39531.35252486603,613.6361992677284,completed,G:JUG:LYBE:SYN2-255-D:P0002,F000086,37695.9140135983,37950.9140135983,38368.7163255983,38494.7163255983,39108.35252486603,39108.35252486603,37890.9140135983,15.0,True,0.0,19.25,0.0,38.54064185446211,0.0,departure_preparation|group_formation|repositioning_flight,2026-07-31T10:13:15.914014+02:00,2026-07-31T10:28:15.914014+02:00,2026-07-31T10:31:30.914014+02:00,2026-07-31T10:32:30.914014+02:00,2026-07-31T10:39:28.716326+02:00,2026-07-31T10:51:48.352525+02:00,2026-07-31T10:51:48.352525+02:00
SYN2-275-D:P0001,SYN2-275-D,LYBV,LYBE,37207.24809753941,38587.24809753941,39921.814915945615,574.11863040621,completed,G:LYBV:LYBE:SYN2-275-D:P0001,F000089,38470.06616451864,38800.06616451864,39236.51435251864,39428.51435251864,40002.63298292485,40002.63298292485,38740.06616451864,21.04696778298724,False,6.046967782987243,26.54696778298724,0.0,46.589748089757386,1.3469677829872428,cleaning|departure_preparation|group_formation|repositioning_flight,2026-07-31T10:20:07.248098+02:00,2026-07-31T10:41:10.066165+02:00,2026-07-31T10:45:40.066165+02:00,2026-07-31T10:46:40.066165+02:00,2026-07-31T10:53:56.514353+02:00,2026-07-31T11:06:42.632983+02:00,2026-07-31T11:06:42.632983+02:00
SYN2-274-D:P0001,SYN2-274-D,DOR,LYBE,37210.3353883367,38590.3353883367,39954.55546241611,612.4198600794066,completed,G:DOR:LYBE:SYN2-274-D:P0001,F000088,38110.3353883367,38365.3353883367,38793.135602336704,38919.135602336704,39531.55546241611,39531.55546241611,38305.3353883367,15.0,True,0.0,19.25,0.0,38.68700123465678,0.0,departure_preparation|group_formation|repositioning_flight,2026-07-31T10:20:10.335388+02:00,2026-07-31T10:35:10.335388+02:00,2026-07-31T10:38:25.335388+02:00,2026-07-31T10:39:25.335388+02:00,2026-07-31T10:46:33.135602+02:00,2026-07-31T10:58:51.555462+02:00,2026-07-31T10:58:51.555462+02:00
SYN2-285-D:P0001,SYN2-285-D,BW,LYBE,37617.27118187957,38997.27118187957,40194.94773544827,548.840731568702,completed,G:BW:LYBE:SYN2-285-D:P0001,F000090,38517.27118187957,38772.27118187957,39097.10700387957,39223.10700387957,39771.94773544827,39771.94773544827,38712.27118187957,15.0,True,0.0,19.25,0.0,35.91127589281168,0.0,departure_preparation|group_formation|repositioning_flight,2026-07-31T10:26:57.271182+02:00,2026-07-31T10:41:57.271182+02:00,2026-07-31T10:45:12.271182+02:00,2026-07-31T10:46:12.271182+02:00,2026-07-31T10:51:37.107004+02:00,2026-07-31T11:02:51.947735+02:00,2026-07-31T11:02:51.947735+02:00
SYN2-270-D:P0001,SYN2-270-D,LYBV,LYBE,38190.25215530609,39570.25215530609,40918.94750479545,588.2471614893574,completed,G:LYBV:LYBE:SYN2-275-D:P0001,F000089,38470.06616451864,38800.06616451864,39236.51435251864,39428.51435251864,40016.761514008,40016.761514008,38740.06616451864,4.663566820209235,True,0.0,10.163566820209235,0.0,30.44182264503191,0.0,repositioning_flight,2026-07-31T10:36:30.252155+02:00,2026-07-31T10:41:10.066165+02:00,2026-07-31T10:45:40.066165+02:00,2026-07-31T10:46:40.066165+02:00,2026-07-31T10:53:56.514353+02:00,2026-07-31T11:06:56.761514+02:00,2026-07-31T11:06:56.761514+02:00
SYN2-276-D:P0001,SYN2-276-D,LYBV,LYBE,38969.37502864837,40349.37502864837,41762.81147805095,652.9882614025751,completed,G:LYBV:LYBE:SYN2-276-D:P0001,F000094,39869.37502864837,40199.37502864837,40635.82321664837,40827.82321664837,41480.81147805095,41480.81147805095,40139.37502864837,15.0,True,0.0,20.5,0.0,41.85727415670966,0.0,departure_preparation|group_formation|origin_tlof|repositioning_flight,2026-07-31T10:49:29.375029+02:00,2026-07-31T11:04:29.375029+02:00,2026-07-31T11:08:59.375029+02:00,2026-07-31T11:09:59.375029+02:00,2026-07-31T11:17:15.823217+02:00,2026-07-31T11:31:20.811478+02:00,2026-07-31T11:31:20.811478+02:00
SYN2-159-A:P0001,SYN2-159-A,LYBE,BW,39113.20831860505,,,632.6290471834419,completed,G:LYBE:BW:SYN2-159-A:P0001,F000093,39860.3869302283,40340.3869302283,40665.2227522283,40989.2227522283,,40989.2227522283,40280.3869302283,12.45297686038745,True,0.0,20.452976860387448,0.0,31.26690722705413,,aircraft_busy|group_formation,2026-07-31T10:51:53.208319+02:00,2026-07-31T11:04:20.386930+02:00,2026-07-31T11:11:20.386930+02:00,2026-07-31T11:12:20.386930+02:00,2026-07-31T11:17:45.222752+02:00,2026-07-31T11:23:09.222752+02:00,
SYN2-272-D:P0001,SYN2-272-D,EXPO,LYBE,39216.59859156666,40596.59859156666,41745.954539384395,624.593549817734,completed,G:EXPO:LYBE:SYN2-272-D:P0001,F000095,40116.59859156666,40495.06081864837,40695.82321664837,40887.82321664837,41512.41676646611,41512.41676646611,40386.59859156666,15.0,True,0.0,21.30770378469521,0.8077037846952104,38.26363624832411,0.0,departure_preparation|group_formation|repositioning_flight,2026-07-31T10:53:36.598592+02:00,2026-07-31T11:08:36.598592+02:00,2026-07-31T11:13:06.598592+02:00,2026-07-31T11:14:55.060819+02:00,2026-07-31T11:18:15.823217+02:00,2026-07-31T11:31:52.416766+02:00,2026-07-31T11:31:52.416766+02:00
SYN2-031-A:P0005,SYN2-031-A,LYBE,BW,39304.4148873833,,,655.8388387239843,completed,G:LYBE:BW:SYN2-159-A:P0001,F000093,39860.3869302283,40340.3869302283,40665.2227522283,40989.2227522283,,40989.2227522283,40280.3869302283,9.266200714083364,True,0.0,17.266200714083364,0.0,28.080131080750046,,aircraft_busy|group_formation,2026-07-31T10:55:04.414887+02:00,2026-07-31T11:04:20.386930+02:00,2026-07-31T11:11:20.386930+02:00,2026-07-31T11:12:20.386930+02:00,2026-07-31T11:17:45.222752+02:00,2026-07-31T11:23:09.222752+02:00,
SYN2-031-A:P0004,SYN2-031-A,LYBE,JUG,39308.35180913415,,,620.4733652955817,completed,G:LYBE:JUG:SYN2-031-A:P0004,F000096,40208.35180913415,40695.82321664837,41113.62552864837,41305.62552864837,,41305.62552864837,40478.35180913415,15.0,True,0.0,23.124523458570426,2.6245234585704265,33.28789532523709,,group_formation,2026-07-31T10:55:08.351809+02:00,2026-07-31T11:10:08.351809+02:00,2026-07-31T11:14:38.351809+02:00,2026-07-31T11:18:15.823217+02:00,2026-07-31T11:25:13.625529+02:00,2026-07-31T11:28:25.625529+02:00,
SYN2-031-A:P0001,SYN2-031-A,LYBE,EXPO,39452.639627774035,,,595.7862278857332,completed,G:LYBE:EXPO:SYN2-031-A:P0001,F000097,40827.82321664837,41232.82321664837,41433.58561464837,41691.58561464837,,41691.58561464837,41172.82321664837,22.919726481238953,False,7.9197264812389525,29.669726481238953,0.0,37.3157664479056,,aircraft_busy|group_formation|priority_other_group,2026-07-31T10:57:32.639628+02:00,2026-07-31T11:20:27.823217+02:00,2026-07-31T11:26:12.823217+02:00,2026-07-31T11:27:12.823217+02:00,2026-07-31T11:30:33.585615+02:00,2026-07-31T11:34:51.585615+02:00,
SYN2-276-D:P0002,SYN2-276-D,BW,LYBE,39585.549908335284,40965.549908335284,42276.92344177183,662.5377114365476,completed,G:BW:LYBE:SYN2-276-D:P0002,F000119,45359.22877864132,45816.66581540181,46141.50163740181,46333.50163740181,46996.039348838356,46996.039348838356,45629.22877864132,96.2279811717673,False,81.2279811717673,103.85193178444206,2.123950612674768,123.50815734171786,78.65193178444206,aircraft_busy|departure_preparation|group_formation|priority_other_group|repositioning_flight,2026-07-31T10:59:45.549908+02:00,2026-07-31T12:35:59.228779+02:00,2026-07-31T12:40:29.228779+02:00,2026-07-31T12:43:36.665815+02:00,2026-07-31T12:49:01.501637+02:00,2026-07-31T13:03:16.039349+02:00,2026-07-31T13:03:16.039349+02:00
SYN2-031-A:P0002,SYN2-031-A,LYBE,JUG,39599.073122443195,,,582.2769271914653,completed,G:LYBE:JUG:SYN2-031-A:P0004,F000096,40208.35180913415,40695.82321664837,41113.62552864837,41305.62552864837,,41305.62552864837,40478.35180913415,10.154644778182531,True,0.0,18.27916823675296,2.6245234585704265,28.44254010341962,,group_formation,2026-07-31T10:59:59.073122+02:00,2026-07-31T11:10:08.351809+02:00,2026-07-31T11:14:38.351809+02:00,2026-07-31T11:18:15.823217+02:00,2026-07-31T11:25:13.625529+02:00,2026-07-31T11:28:25.625529+02:00,
SYN2-031-A:P0003,SYN2-031-A,LYBE,BW,39776.35407061154,,,576.948299143103,completed,G:LYBE:BW:SYN2-159-A:P0001,F000093,39860.3869302283,40340.3869302283,40665.2227522283,40989.2227522283,,40989.2227522283,40280.3869302283,1.4005476602793352,True,0.0,9.400547660279335,0.0,20.21447802694602,,group_formation,2026-07-31T11:02:56.354071+02:00,2026-07-31T11:04:20.386930+02:00,2026-07-31T11:11:20.386930+02:00,2026-07-31T11:12:20.386930+02:00,2026-07-31T11:17:45.222752+02:00,2026-07-31T11:23:09.222752+02:00,
SYN2-286-D:P0001,SYN2-286-D,LYBV,LYBE,39784.121934181836,41164.121934181836,42516.981777324334,592.4116551424928,completed,G:LYBV:LYBE:SYN2-276-D:P0001,F000094,39869.37502864837,40199.37502864837,40635.82321664837,40827.82321664837,41420.23487179087,41420.23487179087,40139.37502864837,1.4208849077755683,True,0.0,6.9208849077755685,0.0,27.268548960150536,0.0,group_formation,2026-07-31T11:03:04.121934+02:00,2026-07-31T11:04:29.375029+02:00,2026-07-31T11:08:59.375029+02:00,2026-07-31T11:09:59.375029+02:00,2026-07-31T11:17:15.823217+02:00,2026-07-31T11:30:20.234872+02:00,2026-07-31T11:30:20.234872+02:00
SYN2-268-D:P0001,SYN2-268-D,EXPO,LYBE,39818.29759372917,41198.29759372917,42302.450906017286,579.3909142881175,completed,G:EXPO:LYBE:SYN2-272-D:P0001,F000095,40116.59859156666,40495.06081864837,40695.82321664837,40887.82321664837,41467.21413093649,41467.21413093649,40386.59859156666,4.971683297291505,True,0.0,11.279387081986716,0.8077037846952104,27.48194228678864,0.0,group_formation,2026-07-31T11:03:38.297594+02:00,2026-07-31T11:08:36.598592+02:00,2026-07-31T11:13:06.598592+02:00,2026-07-31T11:14:55.060819+02:00,2026-07-31T11:18:15.823217+02:00,2026-07-31T11:31:07.214131+02:00,2026-07-31T11:31:07.214131+02:00
SYN2-033-A:P0001,SYN2-033-A,LYBE,BW,39860.3869302283,,,589.1885394332533,completed,G:LYBE:BW:SYN2-159-A:P0001,F000093,39860.3869302283,40340.3869302283,40665.2227522283,40989.2227522283,,40989.2227522283,40280.3869302283,0.0,True,0.0,8.0,0.0,18.813930366666682,,,2026-07-31T11:04:20.386930+02:00,2026-07-31T11:04:20.386930+02:00,2026-07-31T11:11:20.386930+02:00,2026-07-31T11:12:20.386930+02:00,2026-07-31T11:17:45.222752+02:00,2026-07-31T11:23:09.222752+02:00,
SYN2-033-A:P0002,SYN2-033-A,LYBE,EXPO,40119.2559614849,,,622.5675531957204,completed,G:LYBE:EXPO:SYN2-031-A:P0001,F000097,40827.82321664837,41232.82321664837,41433.58561464837,41691.58561464837,,41691.58561464837,41172.82321664837,11.809454252724512,True,0.0,18.55945425272451,0.0,26.20549421939116,,aircraft_busy|group_formation,2026-07-31T11:08:39.255961+02:00,2026-07-31T11:20:27.823217+02:00,2026-07-31T11:26:12.823217+02:00,2026-07-31T11:27:12.823217+02:00,2026-07-31T11:30:33.585615+02:00,2026-07-31T11:34:51.585615+02:00,
SYN2-160-A:P0001,SYN2-160-A,LYBE,BW,40236.99661748845,,,612.6872143825501,completed,G:LYBE:BW:SYN2-160-A:P0001,F000099,41136.99661748845,41391.99661748845,41716.83243948845,41842.83243948845,,41842.83243948845,41331.99661748845,15.0,True,0.0,19.25,0.0,26.76393036666668,,aircraft_busy|group_formation,2026-07-31T11:10:36.996617+02:00,2026-07-31T11:25:36.996617+02:00,2026-07-31T11:28:51.996617+02:00,2026-07-31T11:29:51.996617+02:00,2026-07-31T11:35:16.832439+02:00,2026-07-31T11:37:22.832439+02:00,
SYN2-034-A:P0001,SYN2-034-A,LYBE,LYBV,40279.41254870017,,,591.1389701620751,completed,G:LYBE:LYBV:SYN2-034-A:P0001,F000101,41374.0585742283,41783.42784064837,42219.876028648374,42411.876028648374,,42411.876028648374,41644.0585742283,18.244100425468787,False,3.244100425468787,25.06692153246998,1.3228211070011942,35.54105799913668,,aircraft_busy|departure_preparation|group_formation|repositioning_flight,2026-07-31T11:11:19.412549+02:00,2026-07-31T11:29:34.058574+02:00,2026-07-31T11:34:04.058574+02:00,2026-07-31T11:36:23.427841+02:00,2026-07-31T11:43:39.876029+02:00,2026-07-31T11:46:51.876029+02:00,
SYN2-161-A:P0001,SYN2-161-A,LYBE,JUG,40695.0944729708,,,601.3147609106923,completed,G:LYBE:JUG:SYN2-161-A:P0001,F000103,41783.42784064837,42125.766985603965,42543.569297603965,42735.569297603965,,42735.569297603965,42053.42784064837,18.13888946129288,False,3.1388894612928806,23.84454187721943,0.20565241592654881,34.00791374388609,,aircraft_busy|departure_preparation|group_formation|repositioning_flight,2026-07-31T11:18:15.094473+02:00,2026-07-31T11:36:23.427841+02:00,2026-07-31T11:40:53.427841+02:00,2026-07-31T11:42:05.766986+02:00,2026-07-31T11:49:03.569298+02:00,2026-07-31T11:52:15.569298+02:00,
SYN2-160-A:P0002,SYN2-160-A,LYBE,EXPO,40717.74549335208,,,622.6374118250095,completed,G:LYBE:EXPO:SYN2-031-A:P0001,F000097,40827.82321664837,41232.82321664837,41433.58561464837,41691.58561464837,,41691.58561464837,41172.82321664837,1.8346287216048949,True,0.0,8.584628721604895,0.0,16.230668688271543,,aircraft_busy,2026-07-31T11:18:37.745493+02:00,2026-07-31T11:20:27.823217+02:00,2026-07-31T11:26:12.823217+02:00,2026-07-31T11:27:12.823217+02:00,2026-07-31T11:30:33.585615+02:00,2026-07-31T11:34:51.585615+02:00,
SYN2-361-D:P0001,SYN2-361-D,BW,LYBE,40730.614492476954,42110.614492476954,43350.04269854843,590.5923840714746,completed,G:BW:LYBE:SYN2-276-D:P0002,F000119,45359.22877864132,45816.66581540181,46141.50163740181,46333.50163740181,46924.094021473284,46924.094021473284,45629.22877864132,77.14357143607279,False,62.14357143607279,84.76752204874757,2.123950612674768,103.2246588166055,59.56752204874756,aircraft_busy|departure_preparation|priority_other_group|repositioning_flight,2026-07-31T11:18:50.614492+02:00,2026-07-31T12:35:59.228779+02:00,2026-07-31T12:40:29.228779+02:00,2026-07-31T12:43:36.665815+02:00,2026-07-31T12:49:01.501637+02:00,2026-07-31T13:02:04.094021+02:00,2026-07-31T13:02:04.094021+02:00
SYN2-036-A:P0001,SYN2-036-A,LYBE,JUG,40762.204271290444,,,594.0484858820085,completed,G:LYBE:JUG:SYN2-161-A:P0001,F000103,41783.42784064837,42125.766985603965,42543.569297603965,42735.569297603965,,42735.569297603965,42053.42784064837,17.02039282263213,False,2.0203928226321297,22.72604523855868,0.20565241592654881,32.88941710522534,,aircraft_busy|departure_preparation|group_formation|repositioning_flight,2026-07-31T11:19:22.204271+02:00,2026-07-31T11:36:23.427841+02:00,2026-07-31T11:40:53.427841+02:00,2026-07-31T11:42:05.766986+02:00,2026-07-31T11:49:03.569298+02:00,2026-07-31T11:52:15.569298+02:00,
SYN2-037-A:P0002,SYN2-037-A,LYBE,LYBV,41065.35375988457,,,604.7490564814947,completed,G:LYBE:LYBV:SYN2-034-A:P0001,F000101,41374.0585742283,41783.42784064837,42219.876028648374,42411.876028648374,,42411.876028648374,41644.0585742283,5.145080239062129,True,0.0,11.967901346063323,1.3228211070011942,22.442037812730025,,group_formation|repositioning_flight,2026-07-31T11:24:25.353760+02:00,2026-07-31T11:29:34.058574+02:00,2026-07-31T11:34:04.058574+02:00,2026-07-31T11:36:23.427841+02:00,2026-07-31T11:43:39.876029+02:00,2026-07-31T11:46:51.876029+02:00,
SYN2-037-A:P0001,SYN2-037-A,LYBE,DOR,41090.3865796443,,,690.4248194222073,completed,G:LYBE:DOR:SYN2-037-A:P0001,F000104,41990.3865796443,42290.46852986355,42718.268743863555,42844.268743863555,,42844.268743863555,42185.3865796443,15.0,True,0.0,20.001365836987556,0.7513658369875581,29.231369403654266,,aircraft_busy|departure_preparation|group_formation|repositioning_flight,2026-07-31T11:24:50.386580+02:00,2026-07-31T11:39:50.386580+02:00,2026-07-31T11:43:05.386580+02:00,2026-07-31T11:44:50.468530+02:00,2026-07-31T11:51:58.268744+02:00,2026-07-31T11:54:04.268744+02:00,
SYN2-043-A:P0001,SYN2-043-A,LYBE,LYBV,41579.644645672226,,,616.0655065530202,completed,G:LYBE:LYBV:SYN2-043-A:P0001,F000107,42827.66826148845,43082.66826148845,43519.11644948845,43645.11644948845,,43645.11644948845,43022.66826148845,20.80039359693704,False,5.800393596937041,25.05039359693704,0.0,34.42453006360374,,aircraft_busy|cleaning|departure_preparation|group_formation|repositioning_flight,2026-07-31T11:32:59.644646+02:00,2026-07-31T11:53:47.668261+02:00,2026-07-31T11:57:02.668261+02:00,2026-07-31T11:58:02.668261+02:00,2026-07-31T12:05:19.116449+02:00,2026-07-31T12:07:25.116449+02:00,
SYN2-162-A:P0001,SYN2-162-A,LYBE,BW,41627.874469990966,,,594.9529604603321,completed,G:LYBE:BW:SYN2-162-A:P0001,F000108,43196.70292871169,43722.46417264132,44047.29999464132,44371.29999464132,,44371.29999464132,43616.70292871169,26.147140978678728,False,11.147140978678726,34.90982837750586,0.7626873988271351,45.72375874417254,,aircraft_busy|battery_before_repositioning|departure_preparation|group_formation|repositioning_flight,2026-07-31T11:33:47.874470+02:00,2026-07-31T11:59:56.702929+02:00,2026-07-31T12:06:56.702929+02:00,2026-07-31T12:08:42.464173+02:00,2026-07-31T12:14:07.299995+02:00,2026-07-31T12:19:31.299995+02:00,
SYN2-037-A:P0003,SYN2-037-A,LYBE,DOR,42155.04255394638,,,601.227221347571,completed,G:LYBE:DOR:SYN2-037-A:P0003,F000111,43882.46417264132,44362.46417264132,44790.26438664132,45114.26438664132,,45114.26438664132,44302.46417264132,28.790360311582237,False,13.790360311582239,36.79036031158224,0.0,49.32036387824895,,aircraft_busy|cleaning|departure_preparation|destination_tlof|group_formation|repositioning_flight,2026-07-31T11:42:35.042554+02:00,2026-07-31T12:11:22.464173+02:00,2026-07-31T12:18:22.464173+02:00,2026-07-31T12:19:22.464173+02:00,2026-07-31T12:26:30.264387+02:00,2026-07-31T12:31:54.264387+02:00,
SYN2-163-A:P0001,SYN2-163-A,LYBE,BW,42157.87258100324,,,608.9747288803516,completed,G:LYBE:BW:SYN2-162-A:P0001,F000108,43196.70292871169,43722.46417264132,44047.29999464132,44371.29999464132,,44371.29999464132,43616.70292871169,17.313839128474136,False,2.3138391284741373,26.076526527301272,0.7626873988271351,36.89045689396796,,aircraft_busy|battery_before_repositioning|departure_preparation|group_formation|repositioning_flight,2026-07-31T11:42:37.872581+02:00,2026-07-31T11:59:56.702929+02:00,2026-07-31T12:06:56.702929+02:00,2026-07-31T12:08:42.464173+02:00,2026-07-31T12:14:07.299995+02:00,2026-07-31T12:19:31.299995+02:00,
SYN2-045-A:P0001,SYN2-045-A,LYBE,BW,42180.6929316628,,,574.8423982361581,completed,G:LYBE:BW:SYN2-162-A:P0001,F000108,43196.70292871169,43722.46417264132,44047.29999464132,44371.29999464132,,44371.29999464132,43616.70292871169,16.933499950814802,False,1.933499950814803,25.69618734964194,0.7626873988271351,36.51011771630862,,aircraft_busy|battery_before_repositioning|departure_preparation|group_formation|repositioning_flight,2026-07-31T11:43:00.692932+02:00,2026-07-31T11:59:56.702929+02:00,2026-07-31T12:06:56.702929+02:00,2026-07-31T12:08:42.464173+02:00,2026-07-31T12:14:07.299995+02:00,2026-07-31T12:19:31.299995+02:00,
SYN2-164-A:P0001,SYN2-164-A,LYBE,EXPO,42255.118600744354,,,631.2837963454117,completed,G:LYBE:EXPO:SYN2-164-A:P0001,F000113,44422.46417264132,44677.46417264132,44878.226570641316,45004.226570641316,,45004.226570641316,44617.46417264132,36.122426198282724,False,21.122426198282724,40.372426198282724,0.0,45.81846616494938,,aircraft_busy|battery_before_repositioning|cleaning|departure_preparation|destination_tlof|group_formation|repositioning_flight,2026-07-31T11:44:15.118601+02:00,2026-07-31T12:20:22.464173+02:00,2026-07-31T12:23:37.464173+02:00,2026-07-31T12:24:37.464173+02:00,2026-07-31T12:27:58.226571+02:00,2026-07-31T12:30:04.226571+02:00,
SYN2-286-D:P0002,SYN2-286-D,LYBV,LYBE,42694.94395632018,44074.94395632018,45470.0497172713,634.6575729511202,completed,G:LYBV:LYBE:SYN2-286-D:P0002,F000128,47210.40044471329,47833.96341265811,48270.41160065811,48462.41160065811,49097.06917360923,49097.06917360923,47480.40044471329,75.25760813988515,False,60.25760813988515,85.65032427229877,4.892716132413625,106.70208695481742,60.45032427229877,aircraft_busy|battery_before_repositioning|departure_preparation|group_formation|priority_other_group|repositioning_flight,2026-07-31T11:51:34.943956+02:00,2026-07-31T13:06:50.400445+02:00,2026-07-31T13:11:20.400445+02:00,2026-07-31T13:17:13.963413+02:00,2026-07-31T13:24:30.411601+02:00,2026-07-31T13:38:17.069174+02:00,2026-07-31T13:38:17.069174+02:00
SYN2-047-A:P0001,SYN2-047-A,LYBE,DOR,42738.74354829694,,,591.2270606370871,completed,G:LYBE:DOR:SYN2-037-A:P0003,F000111,43882.46417264132,44362.46417264132,44790.26438664132,45114.26438664132,,45114.26438664132,44302.46417264132,19.062010405739663,False,4.062010405739662,27.062010405739663,0.0,39.59201397240637,,cleaning|departure_preparation|destination_tlof|group_formation|repositioning_flight,2026-07-31T11:52:18.743548+02:00,2026-07-31T12:11:22.464173+02:00,2026-07-31T12:18:22.464173+02:00,2026-07-31T12:19:22.464173+02:00,2026-07-31T12:26:30.264387+02:00,2026-07-31T12:31:54.264387+02:00,
SYN2-041-A:P0001,SYN2-041-A,LYBE,BW,42849.705429025074,,,593.7659302815562,completed,G:LYBE:BW:SYN2-162-A:P0001,F000108,43196.70292871169,43722.46417264132,44047.29999464132,44371.29999464132,,44371.29999464132,43616.70292871169,5.783291661443582,True,0.0,14.545979060270717,0.7626873988271351,25.3599094269374,,repositioning_flight,2026-07-31T11:54:09.705429+02:00,2026-07-31T11:59:56.702929+02:00,2026-07-31T12:06:56.702929+02:00,2026-07-31T12:08:42.464173+02:00,2026-07-31T12:14:07.299995+02:00,2026-07-31T12:19:31.299995+02:00,
SYN2-046-A:P0001,SYN2-046-A,LYBE,BW,42855.02432728561,,,577.478215172378,completed,G:LYBE:BW:SYN2-046-A:P0001,F000114,44462.46417264132,44962.305344496475,45287.141166496476,45479.141166496476,,45479.141166496476,44732.46417264132,26.790664089261796,False,11.790664089261798,35.121350286847765,2.8306861975859645,43.735280653514444,,aircraft_busy|battery_before_repositioning|departure_preparation|destination_tlof|group_formation|repositioning_flight,2026-07-31T11:54:15.024327+02:00,2026-07-31T12:21:02.464173+02:00,2026-07-31T12:25:32.464173+02:00,2026-07-31T12:29:22.305344+02:00,2026-07-31T12:34:47.141166+02:00,2026-07-31T12:37:59.141166+02:00,
SYN2-048-A:P0002,SYN2-048-A,LYBE,DOR,43047.96947061337,,,609.5347088920154,completed,G:LYBE:DOR:SYN2-037-A:P0003,F000111,43882.46417264132,44362.46417264132,44790.26438664132,45114.26438664132,,45114.26438664132,44302.46417264132,13.908245033799176,True,0.0,21.908245033799176,0.0,34.43824860046588,,cleaning|departure_preparation|destination_tlof|group_formation|repositioning_flight,2026-07-31T11:57:27.969471+02:00,2026-07-31T12:11:22.464173+02:00,2026-07-31T12:18:22.464173+02:00,2026-07-31T12:19:22.464173+02:00,2026-07-31T12:26:30.264387+02:00,2026-07-31T12:31:54.264387+02:00,
SYN2-048-A:P0001,SYN2-048-A,LYBE,DOR,43053.61335618655,,,599.1051329368029,completed,G:LYBE:DOR:SYN2-037-A:P0003,F000111,43882.46417264132,44362.46417264132,44790.26438664132,45114.26438664132,,45114.26438664132,44302.46417264132,13.814180274246125,True,0.0,21.814180274246123,0.0,34.344183840912834,,cleaning|departure_preparation|destination_tlof|repositioning_flight,2026-07-31T11:57:33.613356+02:00,2026-07-31T12:11:22.464173+02:00,2026-07-31T12:18:22.464173+02:00,2026-07-31T12:19:22.464173+02:00,2026-07-31T12:26:30.264387+02:00,2026-07-31T12:31:54.264387+02:00,
SYN2-050-A:P0001,SYN2-050-A,LYBE,BW,43472.39818858472,,,578.0745793202932,completed,G:LYBE:BW:SYN2-046-A:P0001,F000114,44462.46417264132,44962.305344496475,45287.141166496476,45479.141166496476,,45479.141166496476,44732.46417264132,16.501099734276675,False,1.5010997342766739,24.831785931862637,2.8306861975859645,33.44571629852932,,aircraft_busy|battery_before_repositioning|departure_preparation|destination_tlof|group_formation|repositioning_flight,2026-07-31T12:04:32.398189+02:00,2026-07-31T12:21:02.464173+02:00,2026-07-31T12:25:32.464173+02:00,2026-07-31T12:29:22.305344+02:00,2026-07-31T12:34:47.141166+02:00,2026-07-31T12:37:59.141166+02:00,
SYN2-291-D:P0002,SYN2-291-D,JUG,LYBE,43809.13701839535,45189.13701839535,46514.41846441776,583.4791340224115,completed,G:JUG:LYBE:SYN2-291-D:P0002,F000127,47083.624441663545,47338.624441663545,47756.426753663545,47882.426753663545,48465.905887685956,48465.905887685956,47278.624441663545,54.5747903878033,False,39.5747903878033,58.8247903878033,0.0,77.61281448817681,32.52479038780329,aircraft_busy|battery_before_repositioning|cleaning|departure_preparation|group_formation|priority_other_group|repositioning_flight,2026-07-31T12:10:09.137018+02:00,2026-07-31T13:04:43.624442+02:00,2026-07-31T13:07:58.624442+02:00,2026-07-31T13:08:58.624442+02:00,2026-07-31T13:15:56.426754+02:00,2026-07-31T13:27:45.905888+02:00,2026-07-31T13:27:45.905888+02:00
SYN2-054-A:P0001,SYN2-054-A,LYBE,DOR,44036.613246605826,,,569.6114426658452,completed,G:LYBE:DOR:SYN2-054-A:P0001,F000116,44936.613246605826,45531.62278763391,45959.42300163391,46085.42300163391,,46085.42300163391,45131.613246605826,15.0,True,0.0,24.91682568380141,5.66682568380141,34.14682925046812,,aircraft_busy|battery_before_repositioning|departure_preparation|group_formation|repositioning_flight,2026-07-31T12:13:56.613247+02:00,2026-07-31T12:28:56.613247+02:00,2026-07-31T12:32:11.613247+02:00,2026-07-31T12:38:51.622788+02:00,2026-07-31T12:45:59.423002+02:00,2026-07-31T12:48:05.423002+02:00,
SYN2-053-A:P0001,SYN2-053-A,LYBE,JUG,44605.380266477965,,,642.7674309768732,completed,G:LYBE:JUG:SYN2-053-A:P0001,F000120,45505.380266477965,45760.380266477965,46178.182578477965,46304.182578477965,,46304.182578477965,45700.380266477965,15.0,True,0.0,19.25,0.0,28.313371866666664,,aircraft_busy|departure_preparation|group_formation|repositioning_flight,2026-07-31T12:23:25.380266+02:00,2026-07-31T12:38:25.380266+02:00,2026-07-31T12:41:40.380266+02:00,2026-07-31T12:42:40.380266+02:00,2026-07-31T12:49:38.182578+02:00,2026-07-31T12:51:44.182578+02:00,
SYN2-290-D:P0001,SYN2-290-D,LYBV,LYBE,44669.80393560377,46049.80393560377,47477.606544078415,667.354420474646,completed,G:LYBV:LYBE:SYN2-286-D:P0002,F000128,47210.40044471329,47833.96341265811,48270.41160065811,48462.41160065811,49129.76602113275,49129.76602113275,47480.40044471329,42.34327515182534,False,27.343275151825342,52.73599128423896,4.892716132413625,74.33270142548305,27.535991284238964,aircraft_busy|battery_before_repositioning|departure_preparation|repositioning_flight,2026-07-31T12:24:29.803936+02:00,2026-07-31T13:06:50.400445+02:00,2026-07-31T13:11:20.400445+02:00,2026-07-31T13:17:13.963413+02:00,2026-07-31T13:24:30.411601+02:00,2026-07-31T13:38:49.766021+02:00,2026-07-31T13:38:49.766021+02:00
SYN2-058-A:P0001,SYN2-058-A,LYBE,BW,45334.32674786566,,,620.7843605196464,completed,G:LYBE:BW:SYN2-058-A:P0001,F000122,46234.32674786566,46681.27477908907,47006.11060108907,47132.11060108907,,47132.11060108907,46429.32674786566,15.0,True,0.0,22.44913385372347,3.1991338537234695,29.96306422039015,,aircraft_busy|battery_before_repositioning|departure_preparation|destination_tlof|group_formation|origin_tlof|repositioning_flight,2026-07-31T12:35:34.326748+02:00,2026-07-31T12:50:34.326748+02:00,2026-07-31T12:53:49.326748+02:00,2026-07-31T12:58:01.274779+02:00,2026-07-31T13:03:26.110601+02:00,2026-07-31T13:05:32.110601+02:00,
SYN2-291-D:P0001,SYN2-291-D,BW,LYBE,46154.27015562746,47534.27015562746,48834.58565881912,651.4796811916586,completed,G:BW:LYBE:SYN2-291-D:P0001,F000126,47054.27015562746,47309.27015562746,47634.10597762746,47760.10597762746,48411.58565881912,48411.58565881912,47249.27015562746,15.0,True,0.0,19.25,0.0,37.62192505319435,0.0,aircraft_busy|battery_before_repositioning|departure_preparation|group_formation|repositioning_flight,2026-07-31T12:49:14.270156+02:00,2026-07-31T13:04:14.270156+02:00,2026-07-31T13:07:29.270156+02:00,2026-07-31T13:08:29.270156+02:00,2026-07-31T13:13:54.105978+02:00,2026-07-31T13:26:51.585659+02:00,2026-07-31T13:26:51.585659+02:00
SYN2-052-A:P0001,SYN2-052-A,LYBE,BW,46745.56795234651,,,644.5463663626224,completed,G:LYBE:BW:SYN2-052-A:P0001,F000130,47760.10597762746,48097.43555507222,48422.27137707222,48614.27137707222,,48614.27137707222,48030.10597762746,16.908967088015924,False,1.9089670880159246,22.531126712095162,0.1221596240792375,31.145057078761845,,aircraft_busy|group_formation,2026-07-31T12:59:05.567952+02:00,2026-07-31T13:16:00.105978+02:00,2026-07-31T13:20:30.105978+02:00,2026-07-31T13:21:37.435555+02:00,2026-07-31T13:27:02.271377+02:00,2026-07-31T13:30:14.271377+02:00,
SYN2-166-A:P0001,SYN2-166-A,LYBE,DOR,46758.296961670974,,,619.9817580398543,completed,G:LYBE:DOR:SYN2-166-A:P0001,F000131,47865.59531838536,48490.433394081665,48918.23360808167,49044.23360808167,,49044.23360808167,48060.59531838536,18.454972611906488,False,3.454972611906487,28.86894054017818,6.163967928271692,38.09894410684489,,aircraft_busy|battery_before_repositioning|departure_preparation|group_formation|priority_other_group|repositioning_flight,2026-07-31T12:59:18.296962+02:00,2026-07-31T13:17:45.595318+02:00,2026-07-31T13:21:00.595318+02:00,2026-07-31T13:28:10.433394+02:00,2026-07-31T13:35:18.233608+02:00,2026-07-31T13:37:24.233608+02:00,
SYN2-065-A:P0001,SYN2-065-A,LYBE,JUG,46847.60549599241,,,585.281381472297,completed,G:LYBE:JUG:SYN2-065-A:P0001,F000132,47882.426753663545,48270.41160065811,48688.21391265811,48880.21391265811,,48880.21391265811,48152.426753663545,17.247020961185626,False,2.247020961185626,23.7134350777617,0.9664141165760763,33.87680694442837,,aircraft_busy|group_formation|priority_other_group,2026-07-31T13:00:47.605496+02:00,2026-07-31T13:18:02.426754+02:00,2026-07-31T13:22:32.426754+02:00,2026-07-31T13:24:30.411601+02:00,2026-07-31T13:31:28.213913+02:00,2026-07-31T13:34:40.213913+02:00,
SYN2-065-A:P0002,SYN2-065-A,LYBE,LYBV,47133.05916909178,,,601.8131986564501,completed,G:LYBE:LYBV:SYN2-065-A:P0002,F000133,48462.41160065811,48893.97456860292,49330.42275660292,49456.42275660292,,49456.42275660292,48657.41160065811,22.155873859438845,False,7.155873859438846,29.34858999185235,2.9427161324135036,38.722726458519055,,aircraft_busy|group_formation|priority_other_group,2026-07-31T13:05:33.059169+02:00,2026-07-31T13:27:42.411601+02:00,2026-07-31T13:30:57.411601+02:00,2026-07-31T13:34:53.974569+02:00,2026-07-31T13:42:10.422757+02:00,2026-07-31T13:44:16.422757+02:00,
SYN2-367-D:P0002,SYN2-367-D,BW,LYBE,47301.153769267185,48681.153769267185,49954.91668514534,624.9270938781552,completed,G:BW:LYBE:SYN2-367-D:P0002,F000143,50886.57712522778,51433.16005992407,51757.99588192407,52081.99588192407,52706.92297580223,52706.92297580223,51306.57712522778,59.75705593267654,False,44.75705593267654,68.8667715109481,1.1097155782715467,90.0961534422507,45.86677151094809,aircraft_busy|battery_before_repositioning|departure_preparation|group_formation|priority_other_group|repositioning_flight,2026-07-31T13:08:21.153769+02:00,2026-07-31T14:08:06.577125+02:00,2026-07-31T14:15:06.577125+02:00,2026-07-31T14:17:13.160060+02:00,2026-07-31T14:22:37.995882+02:00,2026-07-31T14:38:26.922976+02:00,2026-07-31T14:38:26.922976+02:00
SYN2-069-A:P0001,SYN2-069-A,LYBE,BW,47531.66902111498,,,703.8272788983224,completed,G:LYBE:BW:SYN2-052-A:P0001,F000130,47760.10597762746,48097.43555507222,48422.27137707222,48614.27137707222,,48614.27137707222,48030.10597762746,3.80728260854133,True,0.0,9.429442232620568,0.1221596240792375,18.04337259928725,,aircraft_busy|group_formation,2026-07-31T13:12:11.669021+02:00,2026-07-31T13:16:00.105978+02:00,2026-07-31T13:20:30.105978+02:00,2026-07-31T13:21:37.435555+02:00,2026-07-31T13:27:02.271377+02:00,2026-07-31T13:30:14.271377+02:00,
SYN2-168-A:P0001,SYN2-168-A,LYBE,JUG,47840.49049350917,,,572.224055479677,completed,G:LYBE:JUG:SYN2-065-A:P0001,F000132,47882.426753663545,48270.41160065811,48688.21391265811,48880.21391265811,,48880.21391265811,48152.426753663545,0.6989376692396035,True,0.0,7.165351785815679,0.9664141165760763,17.328723652482342,,aircraft_busy,2026-07-31T13:17:20.490494+02:00,2026-07-31T13:18:02.426754+02:00,2026-07-31T13:22:32.426754+02:00,2026-07-31T13:24:30.411601+02:00,2026-07-31T13:31:28.213913+02:00,2026-07-31T13:34:40.213913+02:00,
SYN2-367-D:P0001,SYN2-367-D,BW,LYBE,47855.89531905467,49235.89531905467,50500.20974414399,615.4786030893205,completed,G:BW:LYBE:SYN2-367-D:P0002,F000143,50886.57712522778,51433.16005992407,51757.99588192407,52081.99588192407,52697.474485013394,52697.474485013394,51306.57712522778,50.5113634362185,False,35.5113634362185,59.62107901449005,1.1097155782715467,80.69298609931211,36.62107901449005,aircraft_busy|battery_before_repositioning|departure_preparation|group_formation|priority_other_group|repositioning_flight,2026-07-31T13:17:35.895319+02:00,2026-07-31T14:08:06.577125+02:00,2026-07-31T14:15:06.577125+02:00,2026-07-31T14:17:13.160060+02:00,2026-07-31T14:22:37.995882+02:00,2026-07-31T14:38:17.474485+02:00,2026-07-31T14:38:17.474485+02:00
SYN2-066-A:P0001,SYN2-066-A,LYBE,JUG,47996.76825815561,,,576.9609112792042,completed,G:LYBE:JUG:SYN2-066-A:P0001,F000136,49281.75609436852,49897.83674849815,50315.63906049815,50441.63906049815,,50441.63906049815,49476.75609436852,21.416463936881822,False,6.416463936881822,31.684474839042377,6.0180109021605555,40.747846705709044,,aircraft_busy|battery_before_repositioning|departure_preparation|group_formation|repositioning_flight,2026-07-31T13:19:56.768258+02:00,2026-07-31T13:41:21.756094+02:00,2026-07-31T13:44:36.756094+02:00,2026-07-31T13:51:37.836748+02:00,2026-07-31T13:58:35.639060+02:00,2026-07-31T14:00:41.639060+02:00,
SYN2-070-A:P0001,SYN2-070-A,LYBE,BW,48616.130371121886,,,574.3726956810265,completed,G:LYBE:BW:SYN2-070-A:P0001,F000138,49620.276576470955,50147.522584600585,50472.358406600586,50598.358406600586,,50598.358406600586,49815.276576470955,16.735770089151142,False,1.7357700891511436,25.523203557978317,4.537433468827173,33.037133924645,,aircraft_busy|battery_before_repositioning|departure_preparation|group_formation|repositioning_flight,2026-07-31T13:30:16.130371+02:00,2026-07-31T13:47:00.276576+02:00,2026-07-31T13:50:15.276576+02:00,2026-07-31T13:55:47.522585+02:00,2026-07-31T14:01:12.358407+02:00,2026-07-31T14:03:18.358407+02:00,
SYN2-071-A:P0002,SYN2-071-A,LYBE,DOR,49071.55408829247,,,631.8642093877716,completed,G:LYBE:DOR:SYN2-071-A:P0002,F000140,49997.83674849815,50580.16631120187,51007.966525201875,51133.966525201875,,51133.966525201875,50192.83674849815,15.438044336761353,False,0.4380443367613528,25.143537048490057,5.455492711728706,34.37354061515677,,battery_before_repositioning|departure_preparation|destination_tlof|group_formation|repositioning_flight,2026-07-31T13:37:51.554088+02:00,2026-07-31T13:53:17.836748+02:00,2026-07-31T13:56:32.836748+02:00,2026-07-31T14:03:00.166311+02:00,2026-07-31T14:10:07.966525+02:00,2026-07-31T14:12:13.966525+02:00,
SYN2-169-A:P0001,SYN2-169-A,LYBE,LYBV,49097.58317143745,,,590.5221724568672,completed,G:LYBE:LYBV:SYN2-169-A:P0001,F000141,50390.43391254774,51013.99688049255,51450.445068492554,51576.445068492554,,51576.445068492554,50585.43391254774,21.547512351838183,False,6.547512351838183,31.940228484251687,6.142716132413503,41.31436495091839,,aircraft_busy|battery_before_repositioning|departure_preparation|group_formation|repositioning_flight,2026-07-31T13:38:17.583171+02:00,2026-07-31T13:59:50.433913+02:00,2026-07-31T14:03:05.433913+02:00,2026-07-31T14:10:13.996880+02:00,2026-07-31T14:17:30.445068+02:00,2026-07-31T14:19:36.445068+02:00,
SYN2-300-D:P0003,SYN2-300-D,JUG,LYBE,49149.79057519288,50529.79057519288,51822.12055815838,550.5276709654972,completed,G:JUG:LYBE:SYN2-300-D:P0003,F000149,52491.72609002651,52974.40385698948,53392.206168989476,53650.206168989476,54200.73383995498,54200.73383995498,52836.72609002651,55.69892524722721,False,40.69892524722721,63.74355469660998,1.2946294493827737,84.18238774603499,39.64355469660998,aircraft_busy|group_formation|priority_other_group,2026-07-31T13:39:09.790575+02:00,2026-07-31T14:34:51.726090+02:00,2026-07-31T14:40:36.726090+02:00,2026-07-31T14:42:54.403857+02:00,2026-07-31T14:49:52.206169+02:00,2026-07-31T15:03:20.733840+02:00,2026-07-31T15:03:20.733840+02:00
SYN2-300-D:P0001,SYN2-300-D,BW,LYBE,49593.990616869174,50973.990616869174,52298.13526345402,675.3088245848489,completed,G:BW:LYBE:SYN2-367-D:P0002,F000143,50886.57712522778,51433.16005992407,51757.99588192407,52081.99588192407,52757.30470650892,52757.30470650892,51306.57712522778,21.543108472643386,False,6.543108472643386,30.652824050914933,1.1097155782715467,52.72190149399576,7.652824050914933,aircraft_busy|battery_before_repositioning|departure_preparation|repositioning_flight,2026-07-31T13:46:33.990617+02:00,2026-07-31T14:08:06.577125+02:00,2026-07-31T14:15:06.577125+02:00,2026-07-31T14:17:13.160060+02:00,2026-07-31T14:22:37.995882+02:00,2026-07-31T14:39:17.304707+02:00,2026-07-31T14:39:17.304707+02:00
SYN2-299-D:P0001,SYN2-299-D,BW,LYBE,49676.34847888427,51056.34847888427,52354.57819899101,649.3938981067412,completed,G:BW:LYBE:SYN2-367-D:P0002,F000143,50886.57712522778,51433.16005992407,51757.99588192407,52081.99588192407,52731.38978003081,52731.38978003081,51306.57712522778,20.170477439058473,False,5.170477439058474,29.28019301733002,1.1097155782715467,50.917355019109046,6.280193017330021,aircraft_busy|battery_before_repositioning|departure_preparation|repositioning_flight,2026-07-31T13:47:56.348479+02:00,2026-07-31T14:08:06.577125+02:00,2026-07-31T14:15:06.577125+02:00,2026-07-31T14:17:13.160060+02:00,2026-07-31T14:22:37.995882+02:00,2026-07-31T14:38:51.389780+02:00,2026-07-31T14:38:51.389780+02:00
SYN2-071-A:P0001,SYN2-071-A,LYBE,JUG,50038.99321625003,,,596.3345047201838,completed,G:LYBE:JUG:SYN2-071-A:P0001,F000145,51331.843123896884,51947.92377802651,52365.72609002651,52491.72609002651,,52491.72609002651,51526.843123896884,21.547498460780844,False,6.547498460780844,31.815509362941278,6.018010902160435,40.87888122960794,,aircraft_busy|battery_before_repositioning|departure_preparation|group_formation|repositioning_flight,2026-07-31T13:53:58.993216+02:00,2026-07-31T14:15:31.843124+02:00,2026-07-31T14:18:46.843124+02:00,2026-07-31T14:25:47.923778+02:00,2026-07-31T14:32:45.726090+02:00,2026-07-31T14:34:51.726090+02:00,
SYN2-293-D:P0001,SYN2-293-D,DOR,LYBE,50269.307122918435,51649.307122918435,53088.954883419974,687.8475465015347,completed,G:DOR:LYBE:SYN2-293-D:P0001,F000151,52848.03022362219,53103.03022362219,53530.83043762219,53656.83043762219,54344.67798412373,54344.67798412373,53043.03022362219,42.97871834506259,False,27.97871834506259,47.22871834506259,0.0,67.9228476867549,20.928718345062588,aircraft_busy|battery_before_repositioning|cleaning|departure_preparation|group_formation|priority_other_group|repositioning_flight,2026-07-31T13:57:49.307123+02:00,2026-07-31T14:40:48.030224+02:00,2026-07-31T14:44:03.030224+02:00,2026-07-31T14:45:03.030224+02:00,2026-07-31T14:52:10.830438+02:00,2026-07-31T15:05:44.677984+02:00,2026-07-31T15:05:44.677984+02:00
SYN2-294-D:P0002,SYN2-294-D,BW,LYBE,50341.48470800391,51721.48470800391,52952.11063380097,581.7901037970563,completed,G:BW:LYBE:SYN2-294-D:P0002,F000148,51978.93091720188,52308.93091720188,52633.76673920188,52825.76673920188,53407.556842998936,53407.556842998936,52248.93091720188,27.29077015329943,False,12.29077015329943,32.79077015329943,0.0,51.10120224991709,7.59077015329943,aircraft_busy|cleaning|departure_preparation|group_formation|repositioning_flight,2026-07-31T13:59:01.484708+02:00,2026-07-31T14:26:18.930917+02:00,2026-07-31T14:30:48.930917+02:00,2026-07-31T14:31:48.930917+02:00,2026-07-31T14:37:13.766739+02:00,2026-07-31T14:50:07.556843+02:00,2026-07-31T14:50:07.556843+02:00
SYN2-303-D:P0001,SYN2-303-D,LYBV,LYBE,50662.38544333992,52042.38544333992,53420.18069348239,617.3470621424678,completed,G:LYBV:LYBE:SYN2-303-D:P0001,F000153,53557.563276277026,54181.12624422184,54617.574432221845,54809.574432221845,55426.92149436432,55426.92149436432,53827.563276277026,48.25296388228514,False,33.25296388228514,58.64568001469876,4.892716132413625,79.40893418373999,33.44568001469876,aircraft_busy|battery_before_repositioning|departure_preparation|group_formation|priority_other_group|repositioning_flight,2026-07-31T14:04:22.385443+02:00,2026-07-31T14:52:37.563276+02:00,2026-07-31T14:57:07.563276+02:00,2026-07-31T15:03:01.126244+02:00,2026-07-31T15:10:17.574432+02:00,2026-07-31T15:23:46.921494+02:00,2026-07-31T15:23:46.921494+02:00
SYN2-294-D:P0003,SYN2-294-D,JUG,LYBE,50868.879841879505,52248.879841879505,53556.767363722916,566.0852098434104,completed,G:JUG:LYBE:SYN2-300-D:P0003,F000149,52491.72609002651,52974.40385698948,53392.206168989476,53650.206168989476,54216.29137883289,54216.29137883289,52836.72609002651,27.04743746911675,False,12.047437469116751,35.092066918499526,1.2946294493827737,55.79019228255638,10.992066918499525,aircraft_busy,2026-07-31T14:07:48.879842+02:00,2026-07-31T14:34:51.726090+02:00,2026-07-31T14:40:36.726090+02:00,2026-07-31T14:42:54.403857+02:00,2026-07-31T14:49:52.206169+02:00,2026-07-31T15:03:36.291379+02:00,2026-07-31T15:03:36.291379+02:00
SYN2-294-D:P0001,SYN2-294-D,BW,LYBE,51057.42065098793,52437.42065098793,53699.699914665915,613.443441677985,completed,G:BW:LYBE:SYN2-294-D:P0002,F000148,51978.93091720188,52308.93091720188,52633.76673920188,52825.76673920188,53439.21018087986,53439.21018087986,52248.93091720188,15.358504436899118,False,0.3585044368991172,20.858504436899118,0.0,39.69649216486553,0.0,aircraft_busy|cleaning|departure_preparation|group_formation|repositioning_flight,2026-07-31T14:10:57.420651+02:00,2026-07-31T14:26:18.930917+02:00,2026-07-31T14:30:48.930917+02:00,2026-07-31T14:31:48.930917+02:00,2026-07-31T14:37:13.766739+02:00,2026-07-31T14:50:39.210181+02:00,2026-07-31T14:50:39.210181+02:00
SYN2-295-D:P0001,SYN2-295-D,JUG,LYBE,51218.10558776272,52598.10558776272,53998.86561974636,658.9577199836375,completed,G:JUG:LYBE:SYN2-300-D:P0003,F000149,52491.72609002651,52974.40385698948,53392.206168989476,53650.206168989476,54309.16388897311,54309.16388897311,52836.72609002651,21.22700837106313,False,6.22700837106313,29.271637820445903,1.2946294493827737,51.517638353506484,5.171637820445904,aircraft_busy,2026-07-31T14:13:38.105588+02:00,2026-07-31T14:34:51.726090+02:00,2026-07-31T14:40:36.726090+02:00,2026-07-31T14:42:54.403857+02:00,2026-07-31T14:49:52.206169+02:00,2026-07-31T15:05:09.163889+02:00,2026-07-31T15:05:09.163889+02:00
SYN2-300-D:P0002,SYN2-300-D,LYBV,LYBE,51375.5108939951,52755.5108939951,54075.86349599675,559.904414001647,completed,G:LYBV:LYBE:SYN2-303-D:P0001,F000153,53557.563276277026,54181.12624422184,54617.574432221845,54809.574432221845,55369.478846223494,55369.478846223494,53827.563276277026,36.36753970469872,False,21.36753970469872,46.76025583711235,4.892716132413625,66.56613253713985,21.560255837112344,aircraft_busy|battery_before_repositioning|departure_preparation|group_formation|priority_other_group|repositioning_flight,2026-07-31T14:16:15.510894+02:00,2026-07-31T14:52:37.563276+02:00,2026-07-31T14:57:07.563276+02:00,2026-07-31T15:03:01.126244+02:00,2026-07-31T15:10:17.574432+02:00,2026-07-31T15:22:49.478846+02:00,2026-07-31T15:22:49.478846+02:00
SYN2-073-A:P0001,SYN2-073-A,LYBE,DOR,51800.089715013106,,,594.2831998361107,completed,G:LYBE:DOR:SYN2-073-A:P0001,F000150,52700.089715013106,52955.089715013106,53382.88992901311,53508.88992901311,,53508.88992901311,52895.089715013106,15.0,True,0.0,19.25,0.0,28.48000356666671,,aircraft_busy|cleaning|group_formation,2026-07-31T14:23:20.089715+02:00,2026-07-31T14:38:20.089715+02:00,2026-07-31T14:41:35.089715+02:00,2026-07-31T14:42:35.089715+02:00,2026-07-31T14:49:42.889929+02:00,2026-07-31T14:51:48.889929+02:00,
SYN2-308-D:P0001,SYN2-308-D,BW,LYBE,53801.69801594381,55181.69801594381,56405.80389422919,575.2700562853774,completed,G:BW:LYBE:SYN2-308-D:P0001,F000156,54701.69801594381,54956.69801594381,55281.53383794381,55407.53383794381,55982.80389422919,55982.80389422919,54896.69801594381,15.0,True,0.0,19.25,0.0,36.35176463808966,0.0,departure_preparation|group_formation|repositioning_flight,2026-07-31T14:56:41.698016+02:00,2026-07-31T15:11:41.698016+02:00,2026-07-31T15:14:56.698016+02:00,2026-07-31T15:15:56.698016+02:00,2026-07-31T15:21:21.533838+02:00,2026-07-31T15:33:02.803894+02:00,2026-07-31T15:33:02.803894+02:00
SYN2-324-D:P0001,SYN2-324-D,LYBV,LYBE,54134.32072435531,55514.32072435531,56874.62535497623,599.8564426209223,completed,G:LYBV:LYBE:SYN2-324-D:P0001,F000157,55034.32072435531,55364.32072435531,55800.768912355314,55992.768912355314,56592.62535497623,56592.62535497623,55304.32072435531,15.0,True,0.0,20.5,0.0,40.97174384368203,0.0,departure_preparation|group_formation|repositioning_flight,2026-07-31T15:02:14.320724+02:00,2026-07-31T15:17:14.320724+02:00,2026-07-31T15:21:44.320724+02:00,2026-07-31T15:22:44.320724+02:00,2026-07-31T15:30:00.768912+02:00,2026-07-31T15:43:12.625355+02:00,2026-07-31T15:43:12.625355+02:00
SYN2-326-D:P0001,SYN2-326-D,LYBV,LYBE,54675.52211769849,56055.52211769849,57475.360045942536,659.389740244041,completed,G:LYBV:LYBE:SYN2-324-D:P0001,F000157,55034.32072435531,55364.32072435531,55800.768912355314,55992.768912355314,56652.158652599355,56652.158652599355,55304.32072435531,5.979976777613653,True,0.0,11.479976777613652,0.0,32.94394224834772,0.0,group_formation,2026-07-31T15:11:15.522118+02:00,2026-07-31T15:17:14.320724+02:00,2026-07-31T15:21:44.320724+02:00,2026-07-31T15:22:44.320724+02:00,2026-07-31T15:30:00.768912+02:00,2026-07-31T15:44:12.158653+02:00,2026-07-31T15:44:12.158653+02:00
SYN2-301-D:P0001,SYN2-301-D,DOR,LYBE,54865.099825708356,56245.099825708356,57610.81821158985,613.9181718814907,completed,G:DOR:LYBE:SYN2-301-D:P0001,F000161,55765.099825708356,56279.55590618177,56707.35612018177,56899.35612018177,57513.27429206326,57513.27429206326,56035.099825708356,15.0,True,0.0,23.57426800789023,3.0742680078902294,44.136241105915055,0.0,battery_before_repositioning|departure_preparation|group_formation|origin_tlof|repositioning_flight,2026-07-31T15:14:25.099826+02:00,2026-07-31T15:29:25.099826+02:00,2026-07-31T15:33:55.099826+02:00,2026-07-31T15:37:59.555906+02:00,2026-07-31T15:45:07.356120+02:00,2026-07-31T15:58:33.274292+02:00,2026-07-31T15:58:33.274292+02:00
SYN2-305-D:P0001,SYN2-305-D,DOR,LYBE,55084.326103521,56464.326103521,57799.38221640909,583.2558988880883,completed,G:DOR:LYBE:SYN2-301-D:P0001,F000161,55765.099825708356,56279.55590618177,56707.35612018177,56899.35612018177,57482.61201906986,57482.61201906986,56035.099825708356,11.346228703122566,True,0.0,19.920496711012795,3.0742680078902294,39.97143192581425,0.0,battery_before_repositioning|departure_preparation|group_formation|origin_tlof|repositioning_flight,2026-07-31T15:18:04.326104+02:00,2026-07-31T15:29:25.099826+02:00,2026-07-31T15:33:55.099826+02:00,2026-07-31T15:37:59.555906+02:00,2026-07-31T15:45:07.356120+02:00,2026-07-31T15:58:02.612019+02:00,2026-07-31T15:58:02.612019+02:00
SYN2-319-D:P0001,SYN2-319-D,BW,LYBE,55295.17206431417,56675.17206431417,57887.640766452445,563.6328801382768,completed,G:BW:LYBE:SYN2-319-D:P0001,F000162,56195.17206431417,56525.17206431417,56850.00788631417,57042.00788631417,57605.640766452445,57605.640766452445,56465.17206431417,15.0,True,0.0,20.5,0.0,38.50781170230463,0.0,aircraft_busy|departure_preparation|group_formation|repositioning_flight,2026-07-31T15:21:35.172064+02:00,2026-07-31T15:36:35.172064+02:00,2026-07-31T15:41:05.172064+02:00,2026-07-31T15:42:05.172064+02:00,2026-07-31T15:47:30.007886+02:00,2026-07-31T16:00:05.640766+02:00,2026-07-31T16:00:05.640766+02:00
SYN2-317-D:P0001,SYN2-317-D,JUG,LYBE,55632.53522227984,57012.53522227984,58355.60430682813,601.2667725482862,completed,G:JUG:LYBE:SYN2-317-D:P0001,F000163,56532.53522227984,56787.53522227984,57205.33753427984,57331.33753427984,57932.60430682813,57932.60430682813,56727.53522227984,15.0,True,0.0,19.25,0.0,38.334484742471496,0.0,departure_preparation|group_formation|repositioning_flight,2026-07-31T15:27:12.535222+02:00,2026-07-31T15:42:12.535222+02:00,2026-07-31T15:45:27.535222+02:00,2026-07-31T15:46:27.535222+02:00,2026-07-31T15:53:25.337534+02:00,2026-07-31T16:05:32.604307+02:00,2026-07-31T16:05:32.604307+02:00
SYN2-075-A:P0001,SYN2-075-A,LYBE,BW,55709.927771648814,,,631.5086038280114,completed,G:LYBE:BW:SYN2-075-A:P0001,F000164,56609.927771648814,57014.927771648814,57339.763593648815,57597.763593648815,,57597.763593648815,56954.927771648814,15.0,True,0.0,21.75,0.0,31.46393036666668,,aircraft_busy|group_formation,2026-07-31T15:28:29.927772+02:00,2026-07-31T15:43:29.927772+02:00,2026-07-31T15:49:14.927772+02:00,2026-07-31T15:50:14.927772+02:00,2026-07-31T15:55:39.763594+02:00,2026-07-31T15:59:57.763594+02:00,
SYN2-075-A:P0003,SYN2-075-A,LYBE,BW,55721.63478054603,,,654.0709719341168,completed,G:LYBE:BW:SYN2-075-A:P0001,F000164,56609.927771648814,57014.927771648814,57339.763593648815,57597.763593648815,,57597.763593648815,56954.927771648814,14.804883185046371,True,0.0,21.55488318504637,0.0,31.268813551713052,,aircraft_busy|group_formation,2026-07-31T15:28:41.634781+02:00,2026-07-31T15:43:29.927772+02:00,2026-07-31T15:49:14.927772+02:00,2026-07-31T15:50:14.927772+02:00,2026-07-31T15:55:39.763594+02:00,2026-07-31T15:59:57.763594+02:00,
SYN2-310-D:P0001,SYN2-310-D,BW,LYBE,56138.31164700396,57518.31164700396,58771.286124844424,604.1386558404627,completed,G:BW:LYBE:SYN2-319-D:P0001,F000162,56195.17206431417,56525.17206431417,56850.00788631417,57042.00788631417,57646.14654215463,57646.14654215463,56465.17206431417,0.9476736218367781,True,0.0,6.4476736218367785,0.0,25.130581585844507,0.0,group_formation,2026-07-31T15:35:38.311647+02:00,2026-07-31T15:36:35.172064+02:00,2026-07-31T15:41:05.172064+02:00,2026-07-31T15:42:05.172064+02:00,2026-07-31T15:47:30.007886+02:00,2026-07-31T16:00:46.146542+02:00,2026-07-31T16:00:46.146542+02:00
SYN2-322-D:P0001,SYN2-322-D,LYBV,LYBE,56283.91491629288,57663.91491629288,59024.30740867066,599.9443043777758,completed,G:LYBV:LYBE:SYN2-322-D:P0001,F000166,57641.78572227984,58219.884130450155,58656.33231845016,58782.33231845016,59382.276622827936,59382.276622827936,57836.78572227984,22.631180099782675,False,7.631180099782674,32.2661535692879,5.384973469505227,51.639361775584256,5.9661535692879015,aircraft_busy|battery_before_repositioning|departure_preparation|group_formation|origin_tlof|repositioning_flight,2026-07-31T15:38:03.914916+02:00,2026-07-31T16:00:41.785722+02:00,2026-07-31T16:03:56.785722+02:00,2026-07-31T16:10:19.884130+02:00,2026-07-31T16:17:36.332318+02:00,2026-07-31T16:29:42.276623+02:00,2026-07-31T16:29:42.276623+02:00
SYN2-075-A:P0002,SYN2-075-A,LYBE,BW,56606.16160234108,,,624.5126072189291,completed,G:LYBE:BW:SYN2-075-A:P0001,F000164,56609.927771648814,57014.927771648814,57339.763593648815,57597.763593648815,,57597.763593648815,56954.927771648814,0.0627694884621936,True,0.0,6.812769488462194,0.0,16.526699855128875,,group_formation,2026-07-31T15:43:26.161602+02:00,2026-07-31T15:43:29.927772+02:00,2026-07-31T15:49:14.927772+02:00,2026-07-31T15:50:14.927772+02:00,2026-07-31T15:55:39.763594+02:00,2026-07-31T15:59:57.763594+02:00,
SYN2-079-A:P0001,SYN2-079-A,LYBE,BW,57693.466341805244,,,613.4829493161268,completed,G:LYBE:BW:SYN2-079-A:P0001,F000168,58593.466341805244,58848.466341805244,59173.302163805245,59299.302163805245,,59299.302163805245,58788.466341805244,15.0,True,0.0,19.25,0.0,26.76393036666668,,group_formation,2026-07-31T16:01:33.466342+02:00,2026-07-31T16:16:33.466342+02:00,2026-07-31T16:19:48.466342+02:00,2026-07-31T16:20:48.466342+02:00,2026-07-31T16:26:13.302164+02:00,2026-07-31T16:28:19.302164+02:00,
SYN2-326-D:P0002,SYN2-326-D,JUG,LYBE,58456.46435091021,59836.46435091021,61168.42891782629,590.1622549160838,completed,G:JUG:LYBE:SYN2-326-D:P0002,F000171,59356.46435091021,59611.46435091021,60029.26666291021,60155.26666291021,60745.42891782629,60745.42891782629,59551.46435091021,15.0,True,0.0,19.25,0.0,38.14940944860136,0.0,departure_preparation|group_formation|repositioning_flight,2026-07-31T16:14:16.464351+02:00,2026-07-31T16:29:16.464351+02:00,2026-07-31T16:32:31.464351+02:00,2026-07-31T16:33:31.464351+02:00,2026-07-31T16:40:29.266663+02:00,2026-07-31T16:52:25.428918+02:00,2026-07-31T16:52:25.428918+02:00
SYN2-328-D:P0001,SYN2-328-D,LYBV,LYBE,58639.46884968134,60019.46884968134,61424.47236761387,644.5553299325221,completed,G:LYBV:LYBE:SYN2-328-D:P0001,F000172,59539.46884968134,59869.46884968134,60305.91703768134,60497.91703768134,61142.47236761387,61142.47236761387,59809.46884968134,15.0,True,0.0,20.5,0.0,41.71672529887546,0.0,departure_preparation|group_formation|repositioning_flight,2026-07-31T16:17:19.468850+02:00,2026-07-31T16:32:19.468850+02:00,2026-07-31T16:36:49.468850+02:00,2026-07-31T16:37:49.468850+02:00,2026-07-31T16:45:05.917038+02:00,2026-07-31T16:59:02.472368+02:00,2026-07-31T16:59:02.472368+02:00
SYN2-327-D:P0001,SYN2-327-D,DOR,LYBE,58699.843831469225,60079.843831469225,61408.014823702724,576.3707782334969,completed,G:DOR:LYBE:SYN2-327-D:P0001,F000173,59700.08295677979,60316.722016076084,60744.52223007609,60870.52223007609,61446.893008309584,61446.893008309584,59895.08295677979,16.67065208850945,False,1.6706520885094505,26.94796974344766,6.0273176549382095,45.784152947339315,0.6479697434476596,aircraft_busy|battery_before_repositioning|departure_preparation|group_formation|repositioning_flight,2026-07-31T16:18:19.843831+02:00,2026-07-31T16:35:00.082957+02:00,2026-07-31T16:38:15.082957+02:00,2026-07-31T16:45:16.722016+02:00,2026-07-31T16:52:24.522230+02:00,2026-07-31T17:04:06.893008+02:00,2026-07-31T17:04:06.893008+02:00
SYN2-375-D:P0001,SYN2-375-D,BW,LYBE,58911.52015708043,60291.52015708043,61519.63550553053,579.2795264501055,completed,G:BW:LYBE:SYN2-375-D:P0001,F000174,59811.52015708043,60066.52015708043,60391.35597908043,60517.35597908043,61096.63550553053,61096.63550553053,60006.52015708043,15.0,True,0.0,19.25,0.0,36.418589140835074,0.0,aircraft_busy|group_formation,2026-07-31T16:21:51.520157+02:00,2026-07-31T16:36:51.520157+02:00,2026-07-31T16:40:06.520157+02:00,2026-07-31T16:41:06.520157+02:00,2026-07-31T16:46:31.355979+02:00,2026-07-31T16:58:16.635506+02:00,2026-07-31T16:58:16.635506+02:00
SYN2-328-D:P0002,SYN2-328-D,LYBV,LYBE,59213.680150901244,60593.680150901244,61990.821131246215,636.6927923449668,completed,G:LYBV:LYBE:SYN2-328-D:P0001,F000172,59539.46884968134,59869.46884968134,60305.91703768134,60497.91703768134,61134.60983002631,61134.60983002631,59809.46884968134,5.429811646334929,True,0.0,10.92981164633493,0.0,32.015494652084456,0.0,group_formation,2026-07-31T16:26:53.680151+02:00,2026-07-31T16:32:19.468850+02:00,2026-07-31T16:36:49.468850+02:00,2026-07-31T16:37:49.468850+02:00,2026-07-31T16:45:05.917038+02:00,2026-07-31T16:58:54.609830+02:00,2026-07-31T16:58:54.609830+02:00
SYN2-085-A:P0001,SYN2-085-A,LYBE,BW,60532.52372209914,,,612.7188275049821,completed,G:LYBE:BW:SYN2-085-A:P0001,F000175,61164.56153201922,61644.56153201922,61969.397354019224,62293.397354019224,,62293.397354019224,61584.56153201922,10.533963498668042,True,0.0,18.53396349866804,0.0,29.347893865334722,,aircraft_busy|group_formation,2026-07-31T16:48:52.523722+02:00,2026-07-31T16:59:24.561532+02:00,2026-07-31T17:06:24.561532+02:00,2026-07-31T17:07:24.561532+02:00,2026-07-31T17:12:49.397354+02:00,2026-07-31T17:18:13.397354+02:00,
SYN2-091-A:P0001,SYN2-091-A,LYBE,BW,60679.76774160635,,,609.2523784302522,completed,G:LYBE:BW:SYN2-085-A:P0001,F000175,61164.56153201922,61644.56153201922,61969.397354019224,62293.397354019224,,62293.397354019224,61584.56153201922,8.079896506881171,True,0.0,16.079896506881173,0.0,26.893826873547855,,aircraft_busy|group_formation,2026-07-31T16:51:19.767742+02:00,2026-07-31T16:59:24.561532+02:00,2026-07-31T17:06:24.561532+02:00,2026-07-31T17:07:24.561532+02:00,2026-07-31T17:12:49.397354+02:00,2026-07-31T17:18:13.397354+02:00,
SYN2-096-A:P0001,SYN2-096-A,LYBE,LYBV,60758.04982723885,,,641.0160898062851,completed,G:LYBE:LYBV:SYN2-096-A:P0001,F000176,61658.04982723885,61988.04982723885,62424.49801523885,62616.49801523885,,62616.49801523885,61928.04982723885,15.0,True,0.0,20.5,0.0,30.974136466666703,,group_formation,2026-07-31T16:52:38.049827+02:00,2026-07-31T17:07:38.049827+02:00,2026-07-31T17:12:08.049827+02:00,2026-07-31T17:13:08.049827+02:00,2026-07-31T17:20:24.498015+02:00,2026-07-31T17:23:36.498015+02:00,
SYN2-096-A:P0002,SYN2-096-A,LYBE,BW,60976.873754802495,,,616.5216658089797,completed,G:LYBE:BW:SYN2-085-A:P0001,F000175,61164.56153201922,61644.56153201922,61969.397354019224,62293.397354019224,,62293.397354019224,61584.56153201922,3.1281296202788025,True,0.0,11.128129620278802,0.0,21.942059986945484,,group_formation,2026-07-31T16:56:16.873755+02:00,2026-07-31T16:59:24.561532+02:00,2026-07-31T17:06:24.561532+02:00,2026-07-31T17:07:24.561532+02:00,2026-07-31T17:12:49.397354+02:00,2026-07-31T17:18:13.397354+02:00,
SYN2-087-A:P0001,SYN2-087-A,LYBE,BW,61164.56153201922,,,560.0896620345944,completed,G:LYBE:BW:SYN2-085-A:P0001,F000175,61164.56153201922,61644.56153201922,61969.397354019224,62293.397354019224,,62293.397354019224,61584.56153201922,0.0,True,0.0,8.0,0.0,18.813930366666682,,,2026-07-31T16:59:24.561532+02:00,2026-07-31T16:59:24.561532+02:00,2026-07-31T17:06:24.561532+02:00,2026-07-31T17:07:24.561532+02:00,2026-07-31T17:12:49.397354+02:00,2026-07-31T17:18:13.397354+02:00,
SYN2-097-A:P0001,SYN2-097-A,LYBE,LYBV,61246.282496645945,,,662.0904325087344,completed,G:LYBE:LYBV:SYN2-096-A:P0001,F000176,61658.04982723885,61988.04982723885,62424.49801523885,62616.49801523885,,62616.49801523885,61928.04982723885,6.862788843215094,True,0.0,12.362788843215094,0.0,22.836925309881796,,group_formation,2026-07-31T17:00:46.282497+02:00,2026-07-31T17:07:38.049827+02:00,2026-07-31T17:12:08.049827+02:00,2026-07-31T17:13:08.049827+02:00,2026-07-31T17:20:24.498015+02:00,2026-07-31T17:23:36.498015+02:00,
SYN2-106-A:P0001,SYN2-106-A,LYBE,BW,61572.29123681237,,,636.660769549551,completed,G:LYBE:BW:SYN2-106-A:P0001,F000178,62472.29123681237,62727.29123681237,63052.12705881237,63178.12705881237,,63178.12705881237,62667.29123681237,15.0,True,0.0,19.25,0.0,26.76393036666668,,group_formation,2026-07-31T17:06:12.291237+02:00,2026-07-31T17:21:12.291237+02:00,2026-07-31T17:24:27.291237+02:00,2026-07-31T17:25:27.291237+02:00,2026-07-31T17:30:52.127059+02:00,2026-07-31T17:32:58.127059+02:00,
SYN2-329-D:P0001,SYN2-329-D,DOR,LYBE,61904.050724332155,63284.050724332155,64611.11528177539,575.2643434432333,completed,G:DOR:LYBE:SYN2-329-D:P0001,F000180,62804.050724332155,63059.050724332155,63486.85093833216,63612.85093833216,64188.11528177539,64188.11528177539,62999.050724332155,15.0,True,0.0,19.25,0.0,38.06774262405391,0.0,departure_preparation|group_formation|origin_tlof|repositioning_flight,2026-07-31T17:11:44.050724+02:00,2026-07-31T17:26:44.050724+02:00,2026-07-31T17:29:59.050724+02:00,2026-07-31T17:30:59.050724+02:00,2026-07-31T17:38:06.850938+02:00,2026-07-31T17:49:48.115282+02:00,2026-07-31T17:49:48.115282+02:00
SYN2-105-A:P0001,SYN2-105-A,LYBE,LYBV,62373.87100156278,,,604.4924072021051,completed,G:LYBE:LYBV:SYN2-105-A:P0001,F000182,63273.87100156278,63528.87100156278,63965.31918956278,64091.31918956278,,64091.31918956278,63468.87100156278,15.0,True,0.0,19.25,0.0,28.6241364666667,,aircraft_busy|departure_preparation|group_formation|repositioning_flight,2026-07-31T17:19:33.871002+02:00,2026-07-31T17:34:33.871002+02:00,2026-07-31T17:37:48.871002+02:00,2026-07-31T17:38:48.871002+02:00,2026-07-31T17:46:05.319190+02:00,2026-07-31T17:48:11.319190+02:00,
SYN2-333-D:P0001,SYN2-333-D,LYBV,LYBE,62381.63091570119,63761.63091570119,65119.21346865621,597.134364955021,completed,G:LYBV:LYBE:SYN2-333-D:P0001,F000183,63281.63091570119,63536.63091570119,63973.079103701195,64099.079103701195,64696.21346865621,64696.21346865621,63476.63091570119,15.0,True,0.0,19.25,0.0,38.57637588258367,0.0,cleaning|departure_preparation|group_formation|origin_tlof|repositioning_flight,2026-07-31T17:19:41.630916+02:00,2026-07-31T17:34:41.630916+02:00,2026-07-31T17:37:56.630916+02:00,2026-07-31T17:38:56.630916+02:00,2026-07-31T17:46:13.079104+02:00,2026-07-31T17:58:16.213469+02:00,2026-07-31T17:58:16.213469+02:00
SYN2-109-A:P0001,SYN2-109-A,LYBE,JUG,63563.04186739216,,,632.1792146639774,completed,G:LYBE:JUG:SYN2-109-A:P0001,F000184,64463.04186739216,64793.04186739216,65210.84417939216,65402.84417939216,,65402.84417939216,64733.04186739216,15.0,True,0.0,20.5,0.0,30.66337186666666,,aircraft_busy|group_formation,2026-07-31T17:39:23.041867+02:00,2026-07-31T17:54:23.041867+02:00,2026-07-31T17:58:53.041867+02:00,2026-07-31T17:59:53.041867+02:00,2026-07-31T18:06:50.844179+02:00,2026-07-31T18:10:02.844179+02:00,
SYN2-111-A:P0001,SYN2-111-A,LYBE,JUG,64040.26853351937,,,610.2286379879743,completed,G:LYBE:JUG:SYN2-109-A:P0001,F000184,64463.04186739216,64793.04186739216,65210.84417939216,65402.84417939216,,65402.84417939216,64733.04186739216,7.046222231213203,True,0.0,12.546222231213202,0.0,22.709594097879865,,aircraft_busy|group_formation,2026-07-31T17:47:20.268534+02:00,2026-07-31T17:54:23.041867+02:00,2026-07-31T17:58:53.041867+02:00,2026-07-31T17:59:53.041867+02:00,2026-07-31T18:06:50.844179+02:00,2026-07-31T18:10:02.844179+02:00,
SYN2-110-A:P0001,SYN2-110-A,LYBE,LYBV,64338.99767623288,,,709.5961233995629,completed,G:LYBE:LYBV:SYN2-110-A:P0001,F000185,65238.99767623288,65493.99767623288,65930.44586423288,66056.44586423288,,66056.44586423288,65433.99767623288,15.0,True,0.0,19.25,0.0,28.6241364666667,,group_formation,2026-07-31T17:52:18.997676+02:00,2026-07-31T18:07:18.997676+02:00,2026-07-31T18:10:33.997676+02:00,2026-07-31T18:11:33.997676+02:00,2026-07-31T18:18:50.445864+02:00,2026-07-31T18:20:56.445864+02:00,
SYN2-333-D:P0002,SYN2-333-D,JUG,LYBE,65708.12651290331,67088.12651290331,68413.221031361,583.2922064576866,completed,G:JUG:LYBE:SYN2-333-D:P0002,F000187,66608.12651290331,66863.12651290331,67280.92882490331,67406.92882490331,67990.221031361,67990.221031361,66803.12651290331,15.0,True,0.0,19.25,0.0,38.03490864096141,0.0,group_formation,2026-07-31T18:15:08.126513+02:00,2026-07-31T18:30:08.126513+02:00,2026-07-31T18:33:23.126513+02:00,2026-07-31T18:34:23.126513+02:00,2026-07-31T18:41:20.928825+02:00,2026-07-31T18:53:10.221031+02:00,2026-07-31T18:53:10.221031+02:00
SYN2-330-D:P0001,SYN2-330-D,BW,LYBE,65822.42371652849,67202.42371652849,68559.75044936372,708.490910835242,completed,G:BW:LYBE:SYN2-330-D:P0001,F000188,66722.42371652849,67127.42371652849,67452.25953852848,67710.25953852848,68418.75044936372,68418.75044936372,67067.42371652849,15.0,True,0.0,21.75,0.0,43.27211221392063,0.0,group_formation,2026-07-31T18:17:02.423717+02:00,2026-07-31T18:32:02.423717+02:00,2026-07-31T18:37:47.423717+02:00,2026-07-31T18:38:47.423717+02:00,2026-07-31T18:44:12.259539+02:00,2026-07-31T19:00:18.750449+02:00,2026-07-31T19:00:18.750449+02:00
SYN2-332-D:P0001,SYN2-332-D,BW,LYBE,65910.57205051741,67290.57205051741,68573.14994000754,633.7420674901363,completed,G:BW:LYBE:SYN2-330-D:P0001,F000188,66722.42371652849,67127.42371652849,67452.25953852848,67710.25953852848,68344.00160601862,68344.00160601862,67067.42371652849,13.530861100184605,True,0.0,20.280861100184605,0.0,40.557159258353444,0.0,group_formation,2026-07-31T18:18:30.572051+02:00,2026-07-31T18:32:02.423717+02:00,2026-07-31T18:37:47.423717+02:00,2026-07-31T18:38:47.423717+02:00,2026-07-31T18:44:12.259539+02:00,2026-07-31T18:59:04.001606+02:00,2026-07-31T18:59:04.001606+02:00
SYN2-112-A:P0002,SYN2-112-A,LYBE,LYBV,66135.75229621665,,,596.6188740571465,completed,G:LYBE:LYBV:SYN2-112-A:P0002,F000189,67035.75229621665,67452.25953852848,67888.70772652848,68080.70772652848,,68080.70772652848,67305.75229621665,15.0,True,0.0,21.941787371863757,1.4417873718637566,32.41592383853034,,departure_preparation|group_formation|repositioning_flight,2026-07-31T18:22:15.752296+02:00,2026-07-31T18:37:15.752296+02:00,2026-07-31T18:41:45.752296+02:00,2026-07-31T18:44:12.259539+02:00,2026-07-31T18:51:28.707727+02:00,2026-07-31T18:54:40.707727+02:00,
SYN2-335-D:P0001,SYN2-335-D,BW,LYBE,66240.1103010612,67620.1103010612,68830.78700531714,561.8408822559378,completed,G:BW:LYBE:SYN2-330-D:P0001,F000188,66722.42371652849,67127.42371652849,67452.25953852848,67710.25953852848,68272.10042078442,68272.10042078442,67067.42371652849,8.0385569244548,True,0.0,14.7885569244548,0.0,33.86650199538708,0.0,group_formation,2026-07-31T18:24:00.110301+02:00,2026-07-31T18:32:02.423717+02:00,2026-07-31T18:37:47.423717+02:00,2026-07-31T18:38:47.423717+02:00,2026-07-31T18:44:12.259539+02:00,2026-07-31T18:57:52.100421+02:00,2026-07-31T18:57:52.100421+02:00
SYN2-112-A:P0001,SYN2-112-A,LYBE,JUG,66868.331753458,,,590.665488786077,completed,G:LYBE:JUG:SYN2-112-A:P0001,F000191,67650.22199746499,68130.22199746499,68548.02430946499,68872.02430946499,,68872.02430946499,68070.22199746499,13.031504066783237,True,0.0,21.031504066783235,0.0,33.3948759334499,,aircraft_busy|group_formation,2026-07-31T18:34:28.331753+02:00,2026-07-31T18:47:30.221997+02:00,2026-07-31T18:54:30.221997+02:00,2026-07-31T18:55:30.221997+02:00,2026-07-31T19:02:28.024309+02:00,2026-07-31T19:07:52.024309+02:00,
SYN2-113-A:P0003,SYN2-113-A,LYBE,JUG,66879.79907423501,,,620.504588091891,completed,G:LYBE:JUG:SYN2-112-A:P0001,F000191,67650.22199746499,68130.22199746499,68548.02430946499,68872.02430946499,,68872.02430946499,68070.22199746499,12.840382053833066,True,0.0,20.840382053833068,0.0,33.20375392049973,,aircraft_busy|group_formation,2026-07-31T18:34:39.799074+02:00,2026-07-31T18:47:30.221997+02:00,2026-07-31T18:54:30.221997+02:00,2026-07-31T18:55:30.221997+02:00,2026-07-31T19:02:28.024309+02:00,2026-07-31T19:07:52.024309+02:00,
SYN2-113-A:P0004,SYN2-113-A,LYBE,LYBV,66987.69491750377,,,642.2276352986241,completed,G:LYBE:LYBV:SYN2-112-A:P0002,F000189,67035.75229621665,67452.25953852848,67888.70772652848,68080.70772652848,,68080.70772652848,67305.75229621665,0.8009563118813579,True,0.0,7.742743683745115,1.4417873718637566,18.216880150411694,,group_formation,2026-07-31T18:36:27.694918+02:00,2026-07-31T18:37:15.752296+02:00,2026-07-31T18:41:45.752296+02:00,2026-07-31T18:44:12.259539+02:00,2026-07-31T18:51:28.707727+02:00,2026-07-31T18:54:40.707727+02:00,
SYN2-178-A:P0001,SYN2-178-A,LYBE,DOR,67195.75801265058,,,649.2955148678982,completed,G:LYBE:DOR:SYN2-178-A:P0001,F000192,68095.75801265058,68350.75801265058,68778.55822665058,68904.55822665058,,68904.55822665058,68290.75801265058,15.0,True,0.0,19.25,0.0,28.48000356666671,,departure_preparation|group_formation|repositioning_flight,2026-07-31T18:39:55.758013+02:00,2026-07-31T18:54:55.758013+02:00,2026-07-31T18:58:10.758013+02:00,2026-07-31T18:59:10.758013+02:00,2026-07-31T19:06:18.558227+02:00,2026-07-31T19:08:24.558227+02:00,
SYN2-113-A:P0002,SYN2-113-A,LYBE,BW,67205.94679581649,,,696.763646002239,completed,G:LYBE:BW:SYN2-113-A:P0002,F000194,68310.25953852848,68612.205174869,68937.040996869,69063.040996869,,69063.040996869,68505.25953852848,18.40521237853318,False,3.4052123785331787,23.43763965087516,0.7824272723419805,30.95157001754172,,aircraft_busy|cleaning|group_formation,2026-07-31T18:40:05.946796+02:00,2026-07-31T18:58:30.259539+02:00,2026-07-31T19:01:45.259539+02:00,2026-07-31T19:03:32.205175+02:00,2026-07-31T19:08:57.040997+02:00,2026-07-31T19:11:03.040997+02:00,
SYN2-113-A:P0001,SYN2-113-A,LYBE,JUG,67273.38639987921,,,608.7776580954836,completed,G:LYBE:JUG:SYN2-112-A:P0001,F000191,67650.22199746499,68130.22199746499,68548.02430946499,68872.02430946499,,68872.02430946499,68070.22199746499,6.280593293096414,True,0.0,14.280593293096414,0.0,26.643965159763077,,aircraft_busy|group_formation,2026-07-31T18:41:13.386400+02:00,2026-07-31T18:47:30.221997+02:00,2026-07-31T18:54:30.221997+02:00,2026-07-31T18:55:30.221997+02:00,2026-07-31T19:02:28.024309+02:00,2026-07-31T19:07:52.024309+02:00,
SYN2-113-A:P0005,SYN2-113-A,LYBE,JUG,67650.22199746499,,,681.7175804472496,completed,G:LYBE:JUG:SYN2-112-A:P0001,F000191,67650.22199746499,68130.22199746499,68548.02430946499,68872.02430946499,,68872.02430946499,68070.22199746499,0.0,True,0.0,8.0,0.0,20.363371866666665,,,2026-07-31T18:47:30.221997+02:00,2026-07-31T18:47:30.221997+02:00,2026-07-31T18:54:30.221997+02:00,2026-07-31T18:55:30.221997+02:00,2026-07-31T19:02:28.024309+02:00,2026-07-31T19:07:52.024309+02:00,
SYN2-178-A:P0002,SYN2-178-A,LYBE,JUG,68115.756986869,,,640.0053543040664,completed,G:LYBE:JUG:SYN2-178-A:P0002,F000195,69015.756986869,69270.756986869,69688.559298869,69814.559298869,,69814.559298869,69210.756986869,15.0,True,0.0,19.25,0.0,28.313371866666664,,departure_preparation|group_formation|repositioning_flight,2026-07-31T18:55:15.756987+02:00,2026-07-31T19:10:15.756987+02:00,2026-07-31T19:13:30.756987+02:00,2026-07-31T19:14:30.756987+02:00,2026-07-31T19:21:28.559299+02:00,2026-07-31T19:23:34.559299+02:00,
SYN2-114-A:P0001,SYN2-114-A,LYBE,LYBV,68675.02932403152,,,641.5419069135859,completed,G:LYBE:LYBV:SYN2-114-A:P0001,F000197,69575.02932403152,69830.02932403152,70266.47751203152,70392.47751203152,,70392.47751203152,69770.02932403152,15.0,True,0.0,19.25,0.0,28.62413646666658,,aircraft_busy|departure_preparation|group_formation|repositioning_flight,2026-07-31T19:04:35.029324+02:00,2026-07-31T19:19:35.029324+02:00,2026-07-31T19:22:50.029324+02:00,2026-07-31T19:23:50.029324+02:00,2026-07-31T19:31:06.477512+02:00,2026-07-31T19:33:12.477512+02:00,
SYN2-338-D:P0001,SYN2-338-D,LYBV,LYBE,70312.19144560437,71692.19144560437,73015.29985057548,562.6602169711132,completed,G:LYBV:LYBE:SYN2-338-D:P0001,F000198,71212.19144560437,71467.19144560437,71903.63963360437,72029.63963360437,72592.29985057548,72592.29985057548,71407.19144560437,15.0,True,0.0,19.25,0.0,38.00180674951844,0.0,aircraft_busy|group_formation,2026-07-31T19:31:52.191446+02:00,2026-07-31T19:46:52.191446+02:00,2026-07-31T19:50:07.191446+02:00,2026-07-31T19:51:07.191446+02:00,2026-07-31T19:58:23.639634+02:00,2026-07-31T20:09:52.299851+02:00,2026-07-31T20:09:52.299851+02:00
SYN2-378-D:P0001,SYN2-378-D,LYBV,LYBE,72822.3132147912,74202.3132147912,75529.40652789948,566.6451251082906,completed,G:LYBV:LYBE:SYN2-378-D:P0001,F000201,73722.3132147912,73977.3132147912,74413.76140279119,74539.76140279119,75106.40652789948,75106.40652789948,73917.3132147912,15.0,True,0.0,19.25,0.0,38.068221885138094,0.0,departure_preparation|group_formation|repositioning_flight,2026-07-31T20:13:42.313215+02:00,2026-07-31T20:28:42.313215+02:00,2026-07-31T20:31:57.313215+02:00,2026-07-31T20:32:57.313215+02:00,2026-07-31T20:40:13.761403+02:00,2026-07-31T20:51:46.406528+02:00,2026-07-31T20:51:46.406528+02:00
SYN2-118-A:P0001,SYN2-118-A,LYBE,BW,73074.79042692418,,,554.9797658214446,completed,G:LYBE:BW:SYN2-118-A:P0001,F000202,73974.79042692418,74229.79042692418,74554.62624892418,74680.62624892418,,74680.62624892418,74169.79042692418,15.0,True,0.0,19.25,0.0,26.76393036666656,,group_formation,2026-07-31T20:17:54.790427+02:00,2026-07-31T20:32:54.790427+02:00,2026-07-31T20:36:09.790427+02:00,2026-07-31T20:37:09.790427+02:00,2026-07-31T20:42:34.626249+02:00,2026-07-31T20:44:40.626249+02:00,
SYN2-119-A:P0001,SYN2-119-A,LYBE,JUG,73167.6920201456,,,589.963597487869,completed,G:LYBE:JUG:SYN2-119-A:P0001,F000203,74067.6920201456,74413.76140279119,74831.56371479119,74957.56371479119,,74957.56371479119,74262.6920201456,15.0,True,0.0,20.767823044093287,1.517823044093287,29.83119491075995,,departure_preparation|group_formation|repositioning_flight,2026-07-31T20:19:27.692020+02:00,2026-07-31T20:34:27.692020+02:00,2026-07-31T20:37:42.692020+02:00,2026-07-31T20:40:13.761403+02:00,2026-07-31T20:47:11.563715+02:00,2026-07-31T20:49:17.563715+02:00,
SYN2-120-A:P0002,SYN2-120-A,LYBE,DOR,76449.33931912016,,,582.1013496663215,completed,G:LYBE:DOR:SYN2-120-A:P0002,F000204,77349.33931912016,77679.33931912016,78107.13953312016,78299.13953312016,,78299.13953312016,77619.33931912016,15.0,True,0.0,20.5,0.0,30.83000356666671,,group_formation,2026-07-31T21:14:09.339319+02:00,2026-07-31T21:29:09.339319+02:00,2026-07-31T21:33:39.339319+02:00,2026-07-31T21:34:39.339319+02:00,2026-07-31T21:41:47.139533+02:00,2026-07-31T21:44:59.139533+02:00,
SYN2-120-A:P0001,SYN2-120-A,LYBE,DOR,76653.12634063415,,,634.1076458339561,completed,G:LYBE:DOR:SYN2-120-A:P0002,F000204,77349.33931912016,77679.33931912016,78107.13953312016,78299.13953312016,,78299.13953312016,77619.33931912016,11.60354964143359,True,0.0,17.103549641433588,0.0,27.4335532081003,,group_formation,2026-07-31T21:17:33.126341+02:00,2026-07-31T21:29:09.339319+02:00,2026-07-31T21:33:39.339319+02:00,2026-07-31T21:34:39.339319+02:00,2026-07-31T21:41:47.139533+02:00,2026-07-31T21:44:59.139533+02:00,
SYN2-340-D:P0002,SYN2-340-D,BW,LYBE,77235.63257846772,78615.63257846772,79847.26904598324,582.8006455155308,completed,G:BW:LYBE:SYN2-340-D:P0002,F000208,78135.63257846772,78390.63257846772,78715.46840046771,78841.46840046771,79424.26904598324,79424.26904598324,78330.63257846772,15.0,True,0.0,19.25,0.0,36.477274458592,0.0,departure_preparation|group_formation|repositioning_flight,2026-07-31T21:27:15.632578+02:00,2026-07-31T21:42:15.632578+02:00,2026-07-31T21:45:30.632578+02:00,2026-07-31T21:46:30.632578+02:00,2026-07-31T21:51:55.468400+02:00,2026-07-31T22:03:44.269046+02:00,2026-07-31T22:03:44.269046+02:00
SYN2-180-A:P0001,SYN2-180-A,LYBE,BW,77557.35677652789,,,632.3440814175482,completed,G:LYBE:BW:SYN2-180-A:P0001,F000210,78457.35677652789,78715.46840046771,79040.3042224677,79166.3042224677,,79166.3042224677,78652.35677652789,15.0,True,0.0,19.301860398997086,0.05186039899708703,26.815790765663646,,departure_preparation|group_formation|repositioning_flight,2026-07-31T21:32:37.356777+02:00,2026-07-31T21:47:37.356777+02:00,2026-07-31T21:50:52.356777+02:00,2026-07-31T21:51:55.468400+02:00,2026-07-31T21:57:20.304222+02:00,2026-07-31T21:59:26.304222+02:00,
SYN2-180-A:P0002,SYN2-180-A,LYBE,JUG,77571.84189163242,,,582.8019049927516,completed,G:LYBE:JUG:SYN2-180-A:P0002,F000211,78675.15908852789,78930.15908852789,79347.96140052789,79473.96140052789,,79473.96140052789,78870.15908852789,18.388619948257837,False,3.388619948257838,22.638619948257837,0.0,31.7019918149245,,cleaning|departure_preparation|group_formation|origin_tlof|repositioning_flight,2026-07-31T21:32:51.841892+02:00,2026-07-31T21:51:15.159089+02:00,2026-07-31T21:54:30.159089+02:00,2026-07-31T21:55:30.159089+02:00,2026-07-31T22:02:27.961401+02:00,2026-07-31T22:04:33.961401+02:00,
SYN2-340-D:P0003,SYN2-340-D,EXPO,LYBE,77872.83616863024,79252.83616863024,80436.80416787343,659.2056012431838,completed,G:EXPO:LYBE:SYN2-340-D:P0003,F000214,79545.3278624677,79800.3278624677,80001.09026046771,80127.09026046771,80786.2958617109,80786.2958617109,79740.3278624677,27.874861563957772,False,12.874861563957772,32.12486156395777,0.0,48.5576615513443,5.824861563957771,aircraft_busy|departure_preparation|group_formation|origin_tlof|priority_other_group|repositioning_flight,2026-07-31T21:37:52.836169+02:00,2026-07-31T22:05:45.327862+02:00,2026-07-31T22:09:00.327862+02:00,2026-07-31T22:10:00.327862+02:00,2026-07-31T22:13:21.090260+02:00,2026-07-31T22:26:26.295862+02:00,2026-07-31T22:26:26.295862+02:00
SYN2-340-D:P0001,SYN2-340-D,JUG,LYBE,77927.86833325229,79307.86833325229,80652.85456407195,603.1839188196598,completed,G:JUG:LYBE:SYN2-340-D:P0001,F000212,78827.86833325229,79082.86833325229,79500.67064525229,79626.67064525229,80229.85456407195,80229.85456407195,79022.86833325229,15.0,True,0.0,19.25,0.0,38.36643718032768,0.0,aircraft_busy|departure_preparation|group_formation|repositioning_flight,2026-07-31T21:38:47.868333+02:00,2026-07-31T21:53:47.868333+02:00,2026-07-31T21:57:02.868333+02:00,2026-07-31T21:58:02.868333+02:00,2026-07-31T22:05:00.670645+02:00,2026-07-31T22:17:09.854564+02:00,2026-07-31T22:17:09.854564+02:00
SYN2-123-A:P0001,SYN2-123-A,LYBE,DOR,78853.83148174085,,,588.486494901461,completed,G:LYBE:DOR:SYN2-123-A:P0001,F000215,79753.83148174085,80008.83148174085,80436.63169574086,80562.63169574086,,80562.63169574086,79948.83148174085,15.0,True,0.0,19.25,0.0,28.48000356666671,,group_formation,2026-07-31T21:54:13.831482+02:00,2026-07-31T22:09:13.831482+02:00,2026-07-31T22:12:28.831482+02:00,2026-07-31T22:13:28.831482+02:00,2026-07-31T22:20:36.631696+02:00,2026-07-31T22:22:42.631696+02:00,
SYN2-126-A:P0001,SYN2-126-A,LYBE,JUG,81114.77450926461,,,564.0738242484786,completed,G:LYBE:JUG:SYN2-126-A:P0001,F000217,82014.77450926461,82269.77450926461,82687.5768212646,82813.5768212646,,82813.5768212646,82209.77450926461,15.0,True,0.0,19.25,0.0,28.313371866666664,,group_formation,2026-07-31T22:31:54.774509+02:00,2026-07-31T22:46:54.774509+02:00,2026-07-31T22:50:09.774509+02:00,2026-07-31T22:51:09.774509+02:00,2026-07-31T22:58:07.576821+02:00,2026-07-31T23:00:13.576821+02:00,
SYN2-124-A:P0001,SYN2-124-A,LYBE,BW,81154.41744318343,,,628.8761533804937,completed,G:LYBE:BW:SYN2-124-A:P0001,F000219,82054.41744318343,82508.8856911639,82833.7215131639,83025.7215131639,,83025.7215131639,82324.41744318343,15.0,True,0.0,22.5744707996746,2.0744707996746,31.188401166341162,,group_formation,2026-07-31T22:32:34.417443+02:00,2026-07-31T22:47:34.417443+02:00,2026-07-31T22:52:04.417443+02:00,2026-07-31T22:55:08.885691+02:00,2026-07-31T23:00:33.721513+02:00,2026-07-31T23:03:45.721513+02:00,
SYN2-184-A:P0001,SYN2-184-A,LYBE,BW,81236.40657877366,,,564.7825980645615,completed,G:LYBE:BW:SYN2-124-A:P0001,F000219,82054.41744318343,82508.8856911639,82833.7215131639,83025.7215131639,,83025.7215131639,82324.41744318343,13.633514406829393,True,0.0,21.207985206503995,2.0744707996746,29.821915573170553,,group_formation,2026-07-31T22:33:56.406579+02:00,2026-07-31T22:47:34.417443+02:00,2026-07-31T22:52:04.417443+02:00,2026-07-31T22:55:08.885691+02:00,2026-07-31T23:00:33.721513+02:00,2026-07-31T23:03:45.721513+02:00,
SYN2-182-A:P0001,SYN2-182-A,LYBE,EXPO,81971.0833791639,,,657.0695687154548,completed,G:LYBE:EXPO:SYN2-182-A:P0001,F000221,82871.0833791639,83126.0833791639,83326.84577716391,83452.84577716391,,83452.84577716391,83066.0833791639,15.0,True,0.0,19.25,0.0,24.69603996666677,,departure_preparation|group_formation|repositioning_flight,2026-07-31T22:46:11.083379+02:00,2026-07-31T23:01:11.083379+02:00,2026-07-31T23:04:26.083379+02:00,2026-07-31T23:05:26.083379+02:00,2026-07-31T23:08:46.845777+02:00,2026-07-31T23:10:52.845777+02:00,
SYN2-183-A:P0001,SYN2-183-A,LYBE,DOR,81990.48439841223,,,570.6098337703169,completed,G:LYBE:DOR:SYN2-183-A:P0001,F000222,82890.48439841223,83166.0833791639,83593.8835931639,83719.8835931639,,83719.8835931639,83085.48439841223,15.0,True,0.0,19.59331634586124,0.3433163458612398,28.82331991252795,,departure_preparation|destination_tlof|group_formation|repositioning_flight,2026-07-31T22:46:30.484398+02:00,2026-07-31T23:01:30.484398+02:00,2026-07-31T23:04:45.484398+02:00,2026-07-31T23:06:06.083379+02:00,2026-07-31T23:13:13.883593+02:00,2026-07-31T23:15:19.883593+02:00,
SYN2-132-A:P0003,SYN2-132-A,LYBE,JUG,82144.20553339411,,,620.7063567675768,completed,G:LYBE:JUG:SYN2-132-A:P0003,F000223,83291.3791332646,83621.3791332646,84039.1814452646,84231.1814452646,,84231.1814452646,83561.3791332646,19.11955999784162,False,4.119559997841619,24.61955999784162,0.0,34.782931864508285,,aircraft_busy|departure_preparation|group_formation|repositioning_flight,2026-07-31T22:49:04.205533+02:00,2026-07-31T23:08:11.379133+02:00,2026-07-31T23:12:41.379133+02:00,2026-07-31T23:13:41.379133+02:00,2026-07-31T23:20:39.181445+02:00,2026-07-31T23:23:51.181445+02:00,
SYN2-130-A:P0001,SYN2-130-A,LYBE,BW,82496.86345312359,,,604.7673745060406,completed,G:LYBE:BW:SYN2-130-A:P0001,F000227,83721.3791332646,84051.3791332646,84376.2149552646,84568.2149552646,,84568.2149552646,83991.3791332646,20.40859466901699,False,5.40859466901699,25.90859466901699,0.0,34.52252503568355,,aircraft_busy|departure_preparation|destination_tlof|group_formation|repositioning_flight,2026-07-31T22:54:56.863453+02:00,2026-07-31T23:15:21.379133+02:00,2026-07-31T23:19:51.379133+02:00,2026-07-31T23:20:51.379133+02:00,2026-07-31T23:26:16.214955+02:00,2026-07-31T23:29:28.214955+02:00,
SYN2-132-A:P0001,SYN2-132-A,LYBE,LYBV,82565.73870376422,,,660.1972244148144,completed,G:LYBE:LYBV:SYN2-132-A:P0001,F000228,84010.55733516389,84490.55733516389,84927.00552316388,85251.00552316388,,85251.00552316388,84430.55733516389,24.08031052332784,False,9.080310523327837,32.08031052332784,0.0,44.75444698999442,,aircraft_busy|cleaning|departure_preparation|group_formation|priority_other_group|repositioning_flight,2026-07-31T22:56:05.738704+02:00,2026-07-31T23:20:10.557335+02:00,2026-07-31T23:27:10.557335+02:00,2026-07-31T23:28:10.557335+02:00,2026-07-31T23:35:27.005523+02:00,2026-07-31T23:40:51.005523+02:00,
SYN2-134-A:P0001,SYN2-134-A,LYBE,JUG,82692.0834319129,,,602.5137603322604,completed,G:LYBE:JUG:SYN2-132-A:P0003,F000223,83291.3791332646,83621.3791332646,84039.1814452646,84231.1814452646,,84231.1814452646,83561.3791332646,9.988261689195012,True,0.0,15.488261689195012,0.0,25.651633555861675,,aircraft_busy|departure_preparation|group_formation|repositioning_flight,2026-07-31T22:58:12.083432+02:00,2026-07-31T23:08:11.379133+02:00,2026-07-31T23:12:41.379133+02:00,2026-07-31T23:13:41.379133+02:00,2026-07-31T23:20:39.181445+02:00,2026-07-31T23:23:51.181445+02:00,
SYN2-131-A:P0001,SYN2-131-A,LYBE,DOR,82907.35978199657,,,549.8236391855842,completed,G:LYBE:DOR:SYN2-131-A:P0001,F000229,84207.6838071639,84809.55095059778,85237.35116459779,85495.35116459779,,85495.35116459779,84552.6838071639,21.672067086122357,False,6.672067086122357,31.70318614335362,3.2811190572312627,43.13318971002033,,aircraft_busy|departure_preparation|group_formation|repositioning_flight,2026-07-31T23:01:47.359782+02:00,2026-07-31T23:23:27.683807+02:00,2026-07-31T23:29:12.683807+02:00,2026-07-31T23:33:29.550951+02:00,2026-07-31T23:40:37.351165+02:00,2026-07-31T23:44:55.351165+02:00,
SYN2-139-A:P0002,SYN2-139-A,LYBE,DOR,83162.36698048236,,,612.7955366115547,completed,G:LYBE:DOR:SYN2-131-A:P0001,F000229,84207.6838071639,84809.55095059778,85237.35116459779,85495.35116459779,,85495.35116459779,84552.6838071639,17.421947111359138,False,2.4219471113591378,27.4530661685904,3.2811190572312627,38.88306973525711,,aircraft_busy|departure_preparation|group_formation|repositioning_flight,2026-07-31T23:06:02.366980+02:00,2026-07-31T23:23:27.683807+02:00,2026-07-31T23:29:12.683807+02:00,2026-07-31T23:33:29.550951+02:00,2026-07-31T23:40:37.351165+02:00,2026-07-31T23:44:55.351165+02:00,
SYN2-139-A:P0001,SYN2-139-A,LYBE,LYBV,83206.4750072857,,,633.1758216853976,completed,G:LYBE:LYBV:SYN2-132-A:P0001,F000228,84010.55733516389,84490.55733516389,84927.00552316388,85251.00552316388,,85251.00552316388,84430.55733516389,13.401372131303166,True,0.0,21.401372131303166,0.0,34.075508597969744,,cleaning|departure_preparation|group_formation|repositioning_flight,2026-07-31T23:06:46.475007+02:00,2026-07-31T23:20:10.557335+02:00,2026-07-31T23:27:10.557335+02:00,2026-07-31T23:28:10.557335+02:00,2026-07-31T23:35:27.005523+02:00,2026-07-31T23:40:51.005523+02:00,
SYN2-132-A:P0002,SYN2-132-A,LYBE,JUG,83493.37256424905,,,579.15759935199,completed,G:LYBE:JUG:SYN2-132-A:P0002,F000232,85008.85022016268,85617.52798712565,86035.33029912565,86161.33029912565,,86161.33029912565,85203.85022016268,25.25796093189395,False,10.257960931893953,35.402590381276724,5.894629449382774,44.46596224794339,,aircraft_busy|battery_before_repositioning|departure_preparation|group_formation|repositioning_flight,2026-07-31T23:11:33.372564+02:00,2026-07-31T23:36:48.850220+02:00,2026-07-31T23:40:03.850220+02:00,2026-07-31T23:46:57.527987+02:00,2026-07-31T23:53:55.330299+02:00,2026-07-31T23:56:01.330299+02:00,
SYN2-141-A:P0001,SYN2-141-A,LYBE,BW,83520.2998886398,,,581.7876608655838,completed,G:LYBE:BW:SYN2-130-A:P0001,F000227,83721.3791332646,84051.3791332646,84376.2149552646,84568.2149552646,,84568.2149552646,83991.3791332646,3.351320743746813,True,0.0,8.851320743746813,0.0,17.465251110413373,,departure_preparation|repositioning_flight,2026-07-31T23:12:00.299889+02:00,2026-07-31T23:15:21.379133+02:00,2026-07-31T23:19:51.379133+02:00,2026-07-31T23:20:51.379133+02:00,2026-07-31T23:26:16.214955+02:00,2026-07-31T23:29:28.214955+02:00,
SYN2-140-A:P0001,SYN2-140-A,LYBE,LYBV,83600.34489702026,,,631.1794753959108,completed,G:LYBE:LYBV:SYN2-132-A:P0001,F000228,84010.55733516389,84490.55733516389,84927.00552316388,85251.00552316388,,85251.00552316388,84430.55733516389,6.836873969060495,True,0.0,14.836873969060495,0.0,27.511010435727076,,cleaning|departure_preparation|repositioning_flight,2026-07-31T23:13:20.344897+02:00,2026-07-31T23:20:10.557335+02:00,2026-07-31T23:27:10.557335+02:00,2026-07-31T23:28:10.557335+02:00,2026-07-31T23:35:27.005523+02:00,2026-07-31T23:40:51.005523+02:00,
SYN2-134-A:P0002,SYN2-134-A,LYBE,LYBV,83913.65422747734,,,560.1169396786001,completed,G:LYBE:LYBV:SYN2-132-A:P0001,F000228,84010.55733516389,84490.55733516389,84927.00552316388,85251.00552316388,,85251.00552316388,84430.55733516389,1.6150517947758394,True,0.0,9.61505179477584,0.0,22.28918826144242,,repositioning_flight,2026-07-31T23:18:33.654227+02:00,2026-07-31T23:20:10.557335+02:00,2026-07-31T23:27:10.557335+02:00,2026-07-31T23:28:10.557335+02:00,2026-07-31T23:35:27.005523+02:00,2026-07-31T23:40:51.005523+02:00,
SYN2-139-A:P0003,SYN2-139-A,LYBE,DOR,83940.80344236956,,,644.286143463812,completed,G:LYBE:DOR:SYN2-131-A:P0001,F000229,84207.6838071639,84809.55095059778,85237.35116459779,85495.35116459779,,85495.35116459779,84552.6838071639,4.4480060799057055,True,0.0,14.479125137136968,3.2811190572312627,25.909128703803677,,repositioning_flight,2026-07-31T23:19:00.803442+02:00,2026-07-31T23:23:27.683807+02:00,2026-07-31T23:29:12.683807+02:00,2026-07-31T23:33:29.550951+02:00,2026-07-31T23:40:37.351165+02:00,2026-07-31T23:44:55.351165+02:00,
SYN2-141-A:P0002,SYN2-141-A,LYBE,BW,84193.10147506387,,,641.6118224926217,completed,G:LYBE:BW:SYN2-141-A:P0002,F000233,85068.85022016268,85548.85022016268,85873.68604216268,86197.68604216268,,86197.68604216268,85488.85022016268,14.595812418313532,True,0.0,22.595812418313532,0.0,33.40974278498009,,aircraft_busy|battery_before_repositioning|departure_preparation|destination_tlof|group_formation|repositioning_flight,2026-07-31T23:23:13.101475+02:00,2026-07-31T23:37:48.850220+02:00,2026-07-31T23:44:48.850220+02:00,2026-07-31T23:45:48.850220+02:00,2026-07-31T23:51:13.686042+02:00,2026-07-31T23:56:37.686042+02:00,
SYN2-142-A:P0001,SYN2-142-A,LYBE,BW,84314.36507870296,,,617.5359127002522,completed,G:LYBE:BW:SYN2-141-A:P0002,F000233,85068.85022016268,85548.85022016268,85873.68604216268,86197.68604216268,,86197.68604216268,85488.85022016268,12.574752357662025,True,0.0,20.574752357662025,0.0,31.388682724328586,,aircraft_busy|battery_before_repositioning|departure_preparation|destination_tlof|group_formation|repositioning_flight,2026-07-31T23:25:14.365079+02:00,2026-07-31T23:37:48.850220+02:00,2026-07-31T23:44:48.850220+02:00,2026-07-31T23:45:48.850220+02:00,2026-07-31T23:51:13.686042+02:00,2026-07-31T23:56:37.686042+02:00,
SYN2-143-A:P0001,SYN2-143-A,LYBE,LYBV,84380.03206250377,,,646.9034954839148,completed,G:LYBE:LYBV:SYN2-143-A:P0001,F000235,85747.45371116388,86262.99696788916,86699.44515588916,86891.44515588916,,86891.44515588916,86017.45371116388,22.790360811001786,False,7.790360811001786,31.382748423089893,3.092387612088108,41.85688488975647,,aircraft_busy|departure_preparation|group_formation|repositioning_flight,2026-07-31T23:26:20.032063+02:00,2026-07-31T23:49:07.453711+02:00,2026-07-31T23:53:37.453711+02:00,2026-07-31T23:57:42.996968+02:00,2026-08-01T00:04:59.445156+02:00,2026-08-01T00:08:11.445156+02:00,
SYN2-140-A:P0002,SYN2-140-A,LYBE,BW,84442.04792788079,,,574.1216222785748,completed,G:LYBE:BW:SYN2-141-A:P0002,F000233,85068.85022016268,85548.85022016268,85873.68604216268,86197.68604216268,,86197.68604216268,85488.85022016268,10.44670487136488,True,0.0,18.44670487136488,0.0,29.26063523803144,,aircraft_busy|battery_before_repositioning|departure_preparation|destination_tlof|group_formation|repositioning_flight,2026-07-31T23:27:22.047928+02:00,2026-07-31T23:37:48.850220+02:00,2026-07-31T23:44:48.850220+02:00,2026-07-31T23:45:48.850220+02:00,2026-07-31T23:51:13.686042+02:00,2026-07-31T23:56:37.686042+02:00,
SYN2-147-A:P0001,SYN2-147-A,LYBE,BW,84927.57120678067,,,590.3346256063672,completed,G:LYBE:BW:SYN2-141-A:P0002,F000233,85068.85022016268,85548.85022016268,85873.68604216268,86197.68604216268,,86197.68604216268,85488.85022016268,2.354650223033483,True,0.0,10.354650223033483,0.0,21.168580589700046,,repositioning_flight,2026-07-31T23:35:27.571207+02:00,2026-07-31T23:37:48.850220+02:00,2026-07-31T23:44:48.850220+02:00,2026-07-31T23:45:48.850220+02:00,2026-07-31T23:51:13.686042+02:00,2026-07-31T23:56:37.686042+02:00,
SYN2-146-A:P0001,SYN2-146-A,LYBE,BW,84935.92826257873,,,584.1305392111007,completed,G:LYBE:BW:SYN2-146-A:P0001,F000238,86729.29169387063,87263.94058916693,87588.77641116692,87780.77641116692,,87780.77641116692,86999.29169387063,29.889390521531702,False,14.889390521531702,38.800205443136655,3.4108149216049544,47.41413580980322,,aircraft_busy|battery_before_repositioning|departure_preparation|group_formation|repositioning_flight,2026-07-31T23:35:35.928263+02:00,2026-08-01T00:05:29.291694+02:00,2026-08-01T00:09:59.291694+02:00,2026-08-01T00:14:23.940589+02:00,2026-08-01T00:19:48.776411+02:00,2026-08-01T00:23:00.776411+02:00,
SYN2-148-A:P0001,SYN2-148-A,LYBE,BW,85402.0288440427,,,614.2762902565073,completed,G:LYBE:BW:SYN2-146-A:P0001,F000238,86729.29169387063,87263.94058916693,87588.77641116692,87780.77641116692,,87780.77641116692,86999.29169387063,22.121047497132288,False,7.121047497132289,31.031862418737244,3.4108149216049544,39.645792785403806,,aircraft_busy|battery_before_repositioning|departure_preparation|group_formation|repositioning_flight,2026-07-31T23:43:22.028844+02:00,2026-08-01T00:05:29.291694+02:00,2026-08-01T00:09:59.291694+02:00,2026-08-01T00:14:23.940589+02:00,2026-08-01T00:19:48.776411+02:00,2026-08-01T00:23:00.776411+02:00,
SYN2-150-A:P0001,SYN2-150-A,LYBE,JUG,85458.14957175628,,,618.1262215150502,completed,G:LYBE:JUG:SYN2-150-A:P0001,F000240,86962.99696788916,87217.99696788916,87635.79927988916,87761.79927988916,,87761.79927988916,87157.99696788916,25.08078993554809,False,10.080789935548092,29.33078993554809,0.0,38.394161802214754,,aircraft_busy|battery_before_repositioning|cleaning|departure_preparation|destination_tlof|group_formation|repositioning_flight,2026-07-31T23:44:18.149572+02:00,2026-08-01T00:09:22.996968+02:00,2026-08-01T00:12:37.996968+02:00,2026-08-01T00:13:37.996968+02:00,2026-08-01T00:20:35.799280+02:00,2026-08-01T00:22:41.799280+02:00,
SYN2-147-A:P0002,SYN2-147-A,LYBE,LYBV,85581.20504766508,,,600.3354064404961,completed,G:LYBE:LYBV:SYN2-143-A:P0001,F000235,85747.45371116388,86262.99696788916,86699.44515588916,86891.44515588916,,86891.44515588916,86017.45371116388,2.7708110583133627,True,0.0,11.36319867040147,3.092387612088108,21.837335137068052,,repositioning_flight,2026-07-31T23:46:21.205048+02:00,2026-07-31T23:49:07.453711+02:00,2026-07-31T23:53:37.453711+02:00,2026-07-31T23:57:42.996968+02:00,2026-08-01T00:04:59.445156+02:00,2026-08-01T00:08:11.445156+02:00,
SYN2-187-A:P0001,SYN2-187-A,LYBE,BW,86851.02884909864,,,617.0193244236219,completed,G:LYBE:BW:SYN2-187-A:P0001,F000242,87751.02884909864,88156.02884909864,88480.86467109864,88738.86467109864,,88738.86467109864,88096.02884909864,15.0,True,0.0,21.75,0.0,31.46393036666656,,departure_preparation|destination_tlof|group_formation|repositioning_flight,2026-08-01T00:07:31.028849+02:00,2026-08-01T00:22:31.028849+02:00,2026-08-01T00:28:16.028849+02:00,2026-08-01T00:29:16.028849+02:00,2026-08-01T00:34:40.864671+02:00,2026-08-01T00:38:58.864671+02:00,
SYN2-151-A:P0001,SYN2-151-A,LYBE,BW,87328.23447252683,,,605.7234541518134,completed,G:LYBE:BW:SYN2-187-A:P0001,F000242,87751.02884909864,88156.02884909864,88480.86467109864,88738.86467109864,,88738.86467109864,88096.02884909864,7.046572942863471,True,0.0,13.79657294286347,0.0,23.51050330953003,,group_formation|repositioning_flight,2026-08-01T00:15:28.234473+02:00,2026-08-01T00:22:31.028849+02:00,2026-08-01T00:28:16.028849+02:00,2026-08-01T00:29:16.028849+02:00,2026-08-01T00:34:40.864671+02:00,2026-08-01T00:38:58.864671+02:00,
SYN2-152-A:P0002,SYN2-152-A,LYBE,JUG,87342.83308048033,,,667.4078177690592,completed,G:LYBE:JUG:SYN2-152-A:P0002,F000243,88242.83308048033,88497.83308048033,88915.63539248033,89041.63539248033,,89041.63539248033,88437.83308048033,15.0,True,0.0,19.25,0.0,28.313371866666664,,departure_preparation|group_formation|repositioning_flight,2026-08-01T00:15:42.833080+02:00,2026-08-01T00:30:42.833080+02:00,2026-08-01T00:33:57.833080+02:00,2026-08-01T00:34:57.833080+02:00,2026-08-01T00:41:55.635392+02:00,2026-08-01T00:44:01.635392+02:00,
SYN2-152-A:P0001,SYN2-152-A,LYBE,BW,87562.37136582255,,,611.5749065806884,completed,G:LYBE:BW:SYN2-187-A:P0001,F000242,87751.02884909864,88156.02884909864,88480.86467109864,88738.86467109864,,88738.86467109864,88096.02884909864,3.144291387934936,True,0.0,9.894291387934937,0.0,19.608221754601498,,group_formation,2026-08-01T00:19:22.371366+02:00,2026-08-01T00:22:31.028849+02:00,2026-08-01T00:28:16.028849+02:00,2026-08-01T00:29:16.028849+02:00,2026-08-01T00:34:40.864671+02:00,2026-08-01T00:38:58.864671+02:00,
